anon_record_id,anon_instance_id,routing_group,training_phase,source_subset
REC-0022476E57878C5A,TRN-71FD2FB833427C73,A,stratified_balanced_rl,initial_rl
REC-00367EB32B89E9EC,TRN-D117BF53733089F6,B,stratified_balanced_rl,initial_rl
REC-005701345AB4DE38,TRN-8B7EB1B7E8C80839,A,stratified_balanced_rl,initial_rl
REC-006DFF678E898F4D,TRN-6FAA766CEFDFA02C,A,stratified_balanced_rl,initial_rl
REC-0099BF289171F631,TRN-E61D965DE432E9FA,C,stratified_balanced_rl,initial_rl
REC-00E1706A63B1132A,TRN-EFC75F1B54D27CAC,B,stratified_balanced_rl,initial_rl
REC-017BA86A3F594EF2,TRN-FCAE87006B64CBF5,B,stratified_balanced_rl,initial_rl
REC-01858ACA93B91F1C,TRN-A475FDADDE8F1D24,B,stratified_balanced_rl,initial_rl
REC-01AAB067289CB116,TRN-42DC71B3FF4E34A2,C,stratified_balanced_rl,initial_rl
REC-021CF09858290EF9,TRN-25E03A6A8D30C3F0,B,stratified_balanced_rl,initial_rl
REC-0252767E4B707DE2,TRN-42B4B187E5BE19BA,B,stratified_balanced_rl,initial_rl
REC-025B18B98539E67C,TRN-55947DBA66852C1E,A,stratified_balanced_rl,initial_rl
REC-025EA40CA140BBD7,TRN-47DB03903303FB54,C,stratified_balanced_rl,initial_rl
REC-028C2E853337532C,TRN-EEA55BC5790C36F2,A,stratified_balanced_rl,initial_rl
REC-02A8BFFB6D6A327A,TRN-E0EE27C68DE1D9DC,A,stratified_balanced_rl,initial_rl
REC-02C40E79FADFCCD6,TRN-DB3306517B22FC70,A,stratified_balanced_rl,initial_rl
REC-02C83462C0BCCA26,TRN-D91FAD1F2722DEC9,A,stratified_balanced_rl,initial_rl
REC-02EEFA6054814898,TRN-1B17154315442681,C,stratified_balanced_rl,initial_rl
REC-032DFF0B23B10D7A,TRN-1D7ABD5AFC8BC8A3,A,stratified_balanced_rl,initial_rl
REC-035470FD5387431E,TRN-696530281FB442D8,C,stratified_balanced_rl,initial_rl
REC-0381B97EED35C311,TRN-671A1469C5D1B2D5,B,stratified_balanced_rl,initial_rl
REC-03E4D2C5F007B55D,TRN-A04FA3DD230BA726,A,stratified_balanced_rl,initial_rl
REC-040D6E8D695244BD,TRN-D599994BA7BF704B,B,stratified_balanced_rl,initial_rl
REC-041175D570BB26E5,TRN-8CEAF8FA81D44417,A,stratified_balanced_rl,initial_rl
REC-0431059C270E2EB3,TRN-A98C8574DF76E7F4,B,stratified_balanced_rl,initial_rl
REC-044136F4976F25E4,TRN-029E94667FBE2EB2,C,stratified_balanced_rl,initial_rl
REC-04484D5872F696F7,TRN-08B5D8CAB6860AAD,C,stratified_balanced_rl,initial_rl
REC-045E370A00E6C816,TRN-D210ADC5970EE350,C,stratified_balanced_rl,initial_rl
REC-04C132C3E6BE4C23,TRN-86AF9CAE4966B20D,B,stratified_balanced_rl,initial_rl
REC-056059F13F08E9A0,TRN-EE38D73BE6B3C35C,A,stratified_balanced_rl,initial_rl
REC-0560AB49E3651995,TRN-E98A69B77651AE72,B,stratified_balanced_rl,initial_rl
REC-0564BECCBAA1B7C5,TRN-C8EC506DA0D6151C,C,stratified_balanced_rl,initial_rl
REC-05670057CB19C0A6,TRN-D722BCEE8CF5C039,B,stratified_balanced_rl,initial_rl
REC-05AFFD2621899795,TRN-EF7FA47732E4AFBD,B,stratified_balanced_rl,initial_rl
REC-05BE943F7B081323,TRN-92CFFF442435FD04,A,stratified_balanced_rl,initial_rl
REC-06449D77496FB1FF,TRN-2A03E1CD11615F2D,B,stratified_balanced_rl,initial_rl
REC-06943C26521199C7,TRN-F3F2C88E9FA6FCA0,C,stratified_balanced_rl,initial_rl
REC-069886F546779432,TRN-9917F2620F504CDF,A,stratified_balanced_rl,initial_rl
REC-06ADA77EE5FB5275,TRN-F7D8AFC7387227DE,B,stratified_balanced_rl,initial_rl
REC-0706A726A7D82479,TRN-A80522A791FB6A36,C,stratified_balanced_rl,initial_rl
REC-07082358E4374D28,TRN-C173548910A21854,C,stratified_balanced_rl,initial_rl
REC-078F3A8F3E7C216D,TRN-7FFAD27F3C141639,B,stratified_balanced_rl,initial_rl
REC-078F919A3B68D5E6,TRN-AAD319A0AB8F8395,B,stratified_balanced_rl,initial_rl
REC-07AC73A0DD7A37C6,TRN-D9F419F248D8B109,C,stratified_balanced_rl,initial_rl
REC-0871F12765FFA490,TRN-7072933C745A224B,B,stratified_balanced_rl,initial_rl
REC-0873937598B5E863,TRN-512FEF63E5C439E4,A,stratified_balanced_rl,initial_rl
REC-08DBAD2B1F6C3F50,TRN-6363F0B34BEDB787,A,stratified_balanced_rl,initial_rl
REC-08EC0F238BB645CC,TRN-A8AF190B8987CC4D,A,stratified_balanced_rl,initial_rl
REC-08F793A5FEBD2FF7,TRN-DBB34031823E2AE7,B,stratified_balanced_rl,initial_rl
REC-08F9AB0CC8D843C4,TRN-22C006EDB9EFA248,A,stratified_balanced_rl,initial_rl
REC-090A590868CD7540,TRN-719987B760A259E1,C,stratified_balanced_rl,initial_rl
REC-094F1ECB8A6CDFEE,TRN-BAF36504DA7E5133,C,stratified_balanced_rl,initial_rl
REC-09752896497D2D64,TRN-ADDC2AEC706A6639,B,stratified_balanced_rl,initial_rl
REC-0A652EB6CCA7E9B1,TRN-EF96CE7CA8F17059,B,stratified_balanced_rl,initial_rl
REC-0A7FF06485F68A0A,TRN-3BBA5FA62E9324DB,A,stratified_balanced_rl,initial_rl
REC-0AD26F8BA9BCF132,TRN-34A9BFECAC96D253,B,stratified_balanced_rl,initial_rl
REC-0B908852D6EB35C7,TRN-9080C2079714CCE5,C,stratified_balanced_rl,initial_rl
REC-0B9AE699F4F2046A,TRN-7F6488EED1487FB1,B,stratified_balanced_rl,initial_rl
REC-0B9FE65B544D01B7,TRN-A8E9EFDBE05B4F45,B,stratified_balanced_rl,initial_rl
REC-0BC58FBDE7A9D9B9,TRN-28B7EAC536BBF8E2,C,stratified_balanced_rl,initial_rl
REC-0BEC8F9501E4B715,TRN-8F00C9944A9AA93C,C,stratified_balanced_rl,initial_rl
REC-0BF3C5569BB89AA6,TRN-B22524FE3BD68833,C,stratified_balanced_rl,initial_rl
REC-0C5993B129F1F241,TRN-65E567959B89126B,C,stratified_balanced_rl,initial_rl
REC-0CBEDD7B19E7BE2C,TRN-FAE143EA2D169985,A,stratified_balanced_rl,initial_rl
REC-0D0669C3CC70768B,TRN-E26FE7013E5DEDD0,A,stratified_balanced_rl,initial_rl
REC-0D6087FBAD41CC37,TRN-6FAC8EBDE808932D,C,stratified_balanced_rl,initial_rl
REC-0DAA5714575E6132,TRN-65594F711086EC82,B,stratified_balanced_rl,initial_rl
REC-0DAD361880DA5792,TRN-7A57A267BB932EB9,C,stratified_balanced_rl,initial_rl
REC-0E1CAE64A729556F,TRN-38B7A8ED83D2743F,C,stratified_balanced_rl,initial_rl
REC-0E1EC779B1C7C65C,TRN-D78F673429DFCBF0,B,stratified_balanced_rl,initial_rl
REC-0E21A0884961CEE4,TRN-931E0A1B7F1570BE,B,stratified_balanced_rl,initial_rl
REC-0E2A5000C3969C2C,TRN-9C60ACBFB7A960F5,B,stratified_balanced_rl,initial_rl
REC-0E3AB721BDA97AB8,TRN-03FA34A9FF48943E,A,stratified_balanced_rl,initial_rl
REC-0E826CB4D4A62307,TRN-E1FBFAED245D2AEC,C,stratified_balanced_rl,initial_rl
REC-0EA712E2756718D5,TRN-A3B4E0521D49EEEF,A,stratified_balanced_rl,initial_rl
REC-0EAC09C7898F9E14,TRN-DA37333AC968DF38,A,stratified_balanced_rl,initial_rl
REC-0EE5D1459E5E0C96,TRN-99903EA1117EA542,B,stratified_balanced_rl,initial_rl
REC-0F043C5B1D21E532,TRN-E77437683DA3B1BF,C,stratified_balanced_rl,initial_rl
REC-0F3422A310158CB8,TRN-C7BCB0DC25530517,B,stratified_balanced_rl,initial_rl
REC-0FBF83B70F47F944,TRN-C28B4721806C5FA7,C,stratified_balanced_rl,initial_rl
REC-0FF16F625F72B078,TRN-75025A9B666A2626,B,stratified_balanced_rl,initial_rl
REC-0FFBDAC3C8D9F3F4,TRN-1EF221714CF88754,C,stratified_balanced_rl,initial_rl
REC-1019664E02D16C16,TRN-7AF709F8A0FEBA15,A,stratified_balanced_rl,initial_rl
REC-1019A7D5FD78FF72,TRN-8302631B7EAE4198,B,stratified_balanced_rl,initial_rl
REC-102D7C7506E31407,TRN-8AF2642265C6EEFC,A,stratified_balanced_rl,initial_rl
REC-1040F13033B94FAC,TRN-ACAC63E0AA8E3C76,B,stratified_balanced_rl,initial_rl
REC-1060122D9EC61EB7,TRN-DDB3030BB206CF03,C,stratified_balanced_rl,initial_rl
REC-1072BF8825B8E971,TRN-33B66E9F49555DA4,C,stratified_balanced_rl,initial_rl
REC-1082E2582C7BB13F,TRN-9D5F3C7FA6F201C9,C,stratified_balanced_rl,initial_rl
REC-10AAC275442A89E6,TRN-4D234FEB987F2413,B,stratified_balanced_rl,initial_rl
REC-10C683C00463ACE8,TRN-F7439C101B4C6EB4,C,stratified_balanced_rl,initial_rl
REC-10CF1957FDD0FF75,TRN-C576E836C9307ECF,C,stratified_balanced_rl,initial_rl
REC-10F944E7A5C15AE2,TRN-A3D4C253CFA61FD4,B,stratified_balanced_rl,initial_rl
REC-1116B99D9EE1F3E0,TRN-02497F5F70CDEB8E,B,stratified_balanced_rl,initial_rl
REC-11194C0E7940919A,TRN-11E589CCB05725CB,A,stratified_balanced_rl,initial_rl
REC-113761EADD3C41C7,TRN-0B9062E4BE2A288A,A,stratified_balanced_rl,initial_rl
REC-113867CF35547188,TRN-241E1D33E2BCEB89,C,stratified_balanced_rl,initial_rl
REC-1143E66D1DDD67DD,TRN-E660095F800BDECA,C,stratified_balanced_rl,initial_rl
REC-119C25929B771294,TRN-663A3ADA75CB898E,B,stratified_balanced_rl,initial_rl
REC-120DA70BE237CD3D,TRN-618B5065FBE91EDA,A,stratified_balanced_rl,initial_rl
REC-1210C392DA252C84,TRN-E3AE07090DE999F8,B,stratified_balanced_rl,initial_rl
REC-122BC04EEE42EE93,TRN-51506C2C2C621B33,A,stratified_balanced_rl,initial_rl
REC-12399052BEAFBBF2,TRN-7D898D50F38A551A,B,stratified_balanced_rl,initial_rl
REC-12890D9C7760D28D,TRN-0B0B720D89F34201,B,stratified_balanced_rl,initial_rl
REC-129F1FC804175214,TRN-F7617521C0546C01,C,stratified_balanced_rl,initial_rl
REC-12D54B89A3CC0CF3,TRN-CDDD5BE430697193,A,stratified_balanced_rl,initial_rl
REC-12E01D588D1D110C,TRN-FE25E2D8E48B7125,A,stratified_balanced_rl,initial_rl
REC-1358C5993AE67FBE,TRN-A9EEB82F185F42F6,C,stratified_balanced_rl,initial_rl
REC-136E0D7B6FF64E34,TRN-DEE431459A7CF7FE,A,stratified_balanced_rl,initial_rl
REC-1390C53610AFB94B,TRN-F3FAE49C8D46F1B4,B,stratified_balanced_rl,initial_rl
REC-13A7EC02FB2588D3,TRN-43860F4317A50399,A,stratified_balanced_rl,initial_rl
REC-13BB0E6B44B89DEA,TRN-594441E797D69594,B,stratified_balanced_rl,initial_rl
REC-13C4050A2243A038,TRN-0A313803711E2C92,B,stratified_balanced_rl,initial_rl
REC-13D52BEBA5E7EACE,TRN-4652FF5D616F28E2,C,stratified_balanced_rl,initial_rl
REC-13EC63DD385DABCA,TRN-7C257B331293E00C,C,stratified_balanced_rl,initial_rl
REC-13F991CCDE8D7575,TRN-9C6C760E9A8FC9D9,B,stratified_balanced_rl,initial_rl
REC-155670BA1D13AA81,TRN-0028BDFFB81852A4,C,stratified_balanced_rl,initial_rl
REC-156A7B38293F2D45,TRN-E21FCA9BE36D77C3,B,stratified_balanced_rl,initial_rl
REC-1574AE6872DBC735,TRN-20E8FF0E5B65D890,A,stratified_balanced_rl,initial_rl
REC-157BAC59850749C2,TRN-BFF373573C26E05E,B,stratified_balanced_rl,initial_rl
REC-15A013D957198086,TRN-AA1AB52D30626F71,B,stratified_balanced_rl,initial_rl
REC-15E0563562AE3417,TRN-E75DC2DEC8F531F6,B,stratified_balanced_rl,initial_rl
REC-16415D1AE7873B21,TRN-5559CDE0028BC23C,B,stratified_balanced_rl,initial_rl
REC-16E81CC9064AE181,TRN-8DF0CBD5C44DF06B,A,stratified_balanced_rl,initial_rl
REC-170A31BF81A30DEA,TRN-61EA73522A12B00F,B,stratified_balanced_rl,initial_rl
REC-176489F4FFD6DCC3,TRN-16314D2BBFBE8CEC,C,stratified_balanced_rl,initial_rl
REC-1781FC44115D9312,TRN-3F883D1FE2AA1823,A,stratified_balanced_rl,initial_rl
REC-1784F4E78DE39C63,TRN-F7BFA312FA65E0E5,C,stratified_balanced_rl,initial_rl
REC-17A60AFBC146D409,TRN-BAB421F3CAB0C04D,A,stratified_balanced_rl,initial_rl
REC-17C88F082B967B4F,TRN-29CFC25137AFE473,B,stratified_balanced_rl,initial_rl
REC-17DF31868C0169D2,TRN-CCBC2C4165986071,B,stratified_balanced_rl,initial_rl
REC-17FD264C0AB3B24F,TRN-5C68EDDC6E0DA5C7,B,stratified_balanced_rl,initial_rl
REC-1816A64984AFE3E5,TRN-A0A553D9CBF9E7F5,B,stratified_balanced_rl,initial_rl
REC-182AFF4651DC1D15,TRN-216651349F274002,C,stratified_balanced_rl,initial_rl
REC-182DC3C70E9DEA3D,TRN-67414FA2399DD582,B,stratified_balanced_rl,initial_rl
REC-184BAB4328260435,TRN-4EE0323DD9383A91,C,stratified_balanced_rl,initial_rl
REC-1889B612803B212C,TRN-621E34941E2FF39A,B,stratified_balanced_rl,initial_rl
REC-18A10BCD30571366,TRN-AD5C89980D17A174,C,stratified_balanced_rl,initial_rl
REC-18D127DB3D55BA2A,TRN-BB7C578DBA792659,C,stratified_balanced_rl,initial_rl
REC-191F8DFBB19F7C45,TRN-05094B0D1C1F79E7,B,stratified_balanced_rl,initial_rl
REC-1935BEF1D16CAE09,TRN-509E2F10DCC5A61B,A,stratified_balanced_rl,initial_rl
REC-1936A1BDD6F2C48B,TRN-B16C100071CCF68F,B,stratified_balanced_rl,initial_rl
REC-194FEC5505E460E2,TRN-B985C4162999B555,C,stratified_balanced_rl,initial_rl
REC-196580B92D11F076,TRN-AB3B3E4C2E9FB425,B,stratified_balanced_rl,initial_rl
REC-19A33077BFF6FEAC,TRN-2F14F31693F52D97,A,stratified_balanced_rl,initial_rl
REC-19DC1E725048FB9A,TRN-C3E541022E703BB6,B,stratified_balanced_rl,initial_rl
REC-1A1C9A1889033507,TRN-414C03CB9F8520D1,C,stratified_balanced_rl,initial_rl
REC-1A4D7A530A07F5BD,TRN-E7A7EBF2D8F14850,C,stratified_balanced_rl,initial_rl
REC-1A7F7CEB77093942,TRN-D90603C30136051C,A,stratified_balanced_rl,initial_rl
REC-1ABA8AC9FAEE5418,TRN-0EDA5E9E810A70A4,B,stratified_balanced_rl,initial_rl
REC-1AD0B2C312F85F89,TRN-2BFB321BCA845E01,C,stratified_balanced_rl,initial_rl
REC-1AEC22EDD6A4CDC7,TRN-FA18F7E067038225,A,stratified_balanced_rl,initial_rl
REC-1AF64F2CDA1B00F6,TRN-983F3EB2A47C13FE,B,stratified_balanced_rl,initial_rl
REC-1B0EF9AAD87CB298,TRN-734B6DD7630CC447,B,stratified_balanced_rl,initial_rl
REC-1B7F4D0380864E52,TRN-24D3B9BE4F1C8160,C,stratified_balanced_rl,initial_rl
REC-1B8B4641B7F73630,TRN-63E8E0866B1752FA,B,stratified_balanced_rl,initial_rl
REC-1BEE8EF8B01B9F69,TRN-28345C76E81DD9CA,C,stratified_balanced_rl,initial_rl
REC-1BF86C928E579309,TRN-A908791C9A8F81B0,A,stratified_balanced_rl,initial_rl
REC-1C1A4E4E29F88D1E,TRN-2A6954C03396A53B,A,stratified_balanced_rl,initial_rl
REC-1C2F68B309B957BF,TRN-3975EDCD503E1237,C,stratified_balanced_rl,initial_rl
REC-1C3540D479445AC6,TRN-1EBE198514B0C329,C,stratified_balanced_rl,initial_rl
REC-1C3893BCC790B3E6,TRN-49C69412D34D51F1,C,stratified_balanced_rl,initial_rl
REC-1C4627362441D489,TRN-111E03803BECEF8E,C,stratified_balanced_rl,initial_rl
REC-1C69188F8C718EFD,TRN-68EA7A801C26D8B3,C,stratified_balanced_rl,initial_rl
REC-1C69621EE64FA99E,TRN-9F9510D3A4EEA727,B,stratified_balanced_rl,initial_rl
REC-1CC3068D19C62035,TRN-7809AEEBCF1E0AA3,C,stratified_balanced_rl,initial_rl
REC-1D00E650DCA7046F,TRN-EFB731837AE10FDE,A,stratified_balanced_rl,initial_rl
REC-1D0CBFB3D35D1766,TRN-0A98C3CFE7BEF32B,B,stratified_balanced_rl,initial_rl
REC-1D1157684C572C62,TRN-3C0C4991F9EEDF67,C,stratified_balanced_rl,initial_rl
REC-1D152A95BBE85F01,TRN-E63E3D4AAE50CA51,A,stratified_balanced_rl,initial_rl
REC-1D21AC82F25F97C9,TRN-F1FD519947E3FA33,C,stratified_balanced_rl,initial_rl
REC-1D457106AF690A3D,TRN-7B58EBB0613736A7,B,stratified_balanced_rl,initial_rl
REC-1D581C50ABF2618D,TRN-3DF4DABEF63BF33C,A,stratified_balanced_rl,initial_rl
REC-1D85D6A68CE24E28,TRN-E1495BC6D4551298,A,stratified_balanced_rl,initial_rl
REC-1D95C1D50BD0152E,TRN-00B8098A9CE4AEE9,B,stratified_balanced_rl,initial_rl
REC-1D96D6E988DE9500,TRN-5BF17F083743163D,B,stratified_balanced_rl,initial_rl
REC-1E4348A1ED41A18E,TRN-1ABAA35A312CFC97,C,stratified_balanced_rl,initial_rl
REC-1E74D952EB60A247,TRN-A9BFEDDAE868285E,B,stratified_balanced_rl,initial_rl
REC-1EBB8AEC6FB88A4C,TRN-1AC981DD6E28E1BC,A,stratified_balanced_rl,initial_rl
REC-1EC8D53A0508BEA3,TRN-007FF158D422FD8D,C,stratified_balanced_rl,initial_rl
REC-1ED021467450EE05,TRN-90FA588A8DDD8E76,A,stratified_balanced_rl,initial_rl
REC-1EF3214F2E4CB4BD,TRN-82CAFFC37D65A214,B,stratified_balanced_rl,initial_rl
REC-1EF8FB08DAD75D2F,TRN-5CB6D61104F1DA6D,A,stratified_balanced_rl,initial_rl
REC-1EFD392D629FB90C,TRN-1B0D1DA8E42416E2,B,stratified_balanced_rl,initial_rl
REC-1F162D57A0D846BF,TRN-9FE3DA9BCDA63D8A,C,stratified_balanced_rl,initial_rl
REC-1F23BB974928A87E,TRN-555CE53D09CE9C76,A,stratified_balanced_rl,initial_rl
REC-1F5BB543562354CE,TRN-36221B7BEC9C2C34,A,stratified_balanced_rl,initial_rl
REC-1F688E4910A39862,TRN-C7AB22B27DAA4DA9,A,stratified_balanced_rl,initial_rl
REC-201D951909E98947,TRN-2286B985DE0F1547,A,stratified_balanced_rl,initial_rl
REC-2021A426026BDE23,TRN-CB630BE84CD67CD0,B,stratified_balanced_rl,initial_rl
REC-20335496DEA39D68,TRN-724EA6045F79CD9B,A,stratified_balanced_rl,initial_rl
REC-2051ABAF05D079F6,TRN-93B9AD6CD890346D,A,stratified_balanced_rl,initial_rl
REC-20695065A470FF61,TRN-7010340C179CAF7D,A,stratified_balanced_rl,initial_rl
REC-20DD6909A0CB2D5C,TRN-1B3DCEA8E6663E44,A,stratified_balanced_rl,initial_rl
REC-2112F91894FF322B,TRN-5A28B15AAF8D50A8,C,stratified_balanced_rl,initial_rl
REC-2142602CC6FCA685,TRN-4E3E2CDCEFEE357C,A,stratified_balanced_rl,initial_rl
REC-21721BBCAAAC3A3A,TRN-D2B3C2A69C243B7D,C,stratified_balanced_rl,initial_rl
REC-21AD6B14FAB1E289,TRN-2A4B95A0BF5A12F7,C,stratified_balanced_rl,initial_rl
REC-21B4BD0E2FCF4E54,TRN-C1D1C8987D7AEDC7,C,stratified_balanced_rl,initial_rl
REC-21ECCFDFE85F7B65,TRN-5978963EB3ABD45D,B,stratified_balanced_rl,initial_rl
REC-2257260434BF2FB6,TRN-9F29533D73EE53B0,B,stratified_balanced_rl,initial_rl
REC-2281F7080F6259B3,TRN-2CC503BBD7B96FD6,A,stratified_balanced_rl,initial_rl
REC-229859B24877C032,TRN-5B1F8AA40990EE16,A,stratified_balanced_rl,initial_rl
REC-22BFFE0E53C485F7,TRN-EF9F937BC86230AD,A,stratified_balanced_rl,initial_rl
REC-23491B764AA9B401,TRN-6D5BFA5426CD0B38,B,stratified_balanced_rl,initial_rl
REC-2349D6A1AA41AFE2,TRN-B2CAD1D3F892FD3C,A,stratified_balanced_rl,initial_rl
REC-238231EED553C1B1,TRN-48A0399C58DC7951,A,stratified_balanced_rl,initial_rl
REC-238BE62A100A2A1E,TRN-E3E62973CC004D4F,B,stratified_balanced_rl,initial_rl
REC-23FC6116677C9A05,TRN-5B49A5E856A003FA,B,stratified_balanced_rl,initial_rl
REC-24494DA1C1E54CFA,TRN-1391D7404BAE3934,B,stratified_balanced_rl,initial_rl
REC-2470216517E3CF0A,TRN-A3E6D6670C34D921,B,stratified_balanced_rl,initial_rl
REC-24C31A763390A186,TRN-B52859AA92B16B65,A,stratified_balanced_rl,initial_rl
REC-24D683BFA5A11B68,TRN-4FC474A5C59E5273,B,stratified_balanced_rl,initial_rl
REC-256D815ACC208141,TRN-5399E41EF3BF4DF2,A,stratified_balanced_rl,initial_rl
REC-2596D787EE19E046,TRN-7A79619B5190D57C,C,stratified_balanced_rl,initial_rl
REC-25AF7C7A1D69CF26,TRN-5DDAADD0B7C2C8D5,A,stratified_balanced_rl,initial_rl
REC-25B3A6F24DA72060,TRN-CC9A2D378D6A85E2,A,stratified_balanced_rl,initial_rl
REC-25E8DAAA37DAC617,TRN-B3DE7C8968B7BE51,B,stratified_balanced_rl,initial_rl
REC-261C107596E6C6B3,TRN-687A3CD29B63683E,A,stratified_balanced_rl,initial_rl
REC-262C4BD57235E815,TRN-1E48B1DE996A67BB,B,stratified_balanced_rl,initial_rl
REC-2639916F5DD4615A,TRN-A4E8A9408B3FFBEC,C,stratified_balanced_rl,initial_rl
REC-267673E98EBAA640,TRN-C098E0B0F4327ADE,C,stratified_balanced_rl,initial_rl
REC-268091D80DD726F4,TRN-DEF0DA5DA9F98956,B,stratified_balanced_rl,initial_rl
REC-26A563C66FC33A5E,TRN-C23C76E9E8BD4010,C,stratified_balanced_rl,initial_rl
REC-26B8DCB8E6755146,TRN-9899AF6FAD4DC891,B,stratified_balanced_rl,initial_rl
REC-26F8ACBE444A92F4,TRN-B468984B027C0F4F,C,stratified_balanced_rl,initial_rl
REC-273299286E7F85B9,TRN-7A22BEFB83E71732,B,stratified_balanced_rl,initial_rl
REC-279860D6091E569C,TRN-827206087B28B12D,A,stratified_balanced_rl,initial_rl
REC-27C9076B5482EB53,TRN-976EC5F544D3CBA1,C,stratified_balanced_rl,initial_rl
REC-27E2B8B14D61A438,TRN-E3C979505FB7F6F3,A,stratified_balanced_rl,initial_rl
REC-2816C45325F783AE,TRN-E709BEB7F9BE0AEC,B,stratified_balanced_rl,initial_rl
REC-286E61691947D0E8,TRN-3A84A15C4714103B,B,stratified_balanced_rl,initial_rl
REC-287464846BA550AB,TRN-25114C633BEB93D5,A,stratified_balanced_rl,initial_rl
REC-287B167776272F2D,TRN-9F6E6E3C417FD114,C,stratified_balanced_rl,initial_rl
REC-28C0E1D393A43BBB,TRN-67F6A0120FDD1564,A,stratified_balanced_rl,initial_rl
REC-28D07247BFB942F8,TRN-46B3798B1CF7CC1C,C,stratified_balanced_rl,initial_rl
REC-28F390BC34531582,TRN-D4AE99F067D8F07E,A,stratified_balanced_rl,initial_rl
REC-28FEAAAE8A5F26D5,TRN-7CC9CC2CAC7ACC9D,B,stratified_balanced_rl,initial_rl
REC-29301E421F698A8F,TRN-86DD03C3FF6946C2,C,stratified_balanced_rl,initial_rl
REC-29A35E5FBDE5D95C,TRN-ED545CD8ED5A9BB3,A,stratified_balanced_rl,initial_rl
REC-29D714DD963AF7B9,TRN-F900F3F35268D70A,A,stratified_balanced_rl,initial_rl
REC-29FCC1431B583948,TRN-CEB0F66CC9EA5948,A,stratified_balanced_rl,initial_rl
REC-2A4F70F7C39CD215,TRN-AA818A55A0A61C0A,A,stratified_balanced_rl,initial_rl
REC-2A5580B2FFFC0F66,TRN-35EEB80E4314EDD2,B,stratified_balanced_rl,initial_rl
REC-2A5A99CAB5AD012E,TRN-4ABE6D271D5B454E,B,stratified_balanced_rl,initial_rl
REC-2A64396CB3104E34,TRN-79784431F02D9ECC,C,stratified_balanced_rl,initial_rl
REC-2A66ABEBF08A602B,TRN-EAEC85A136EA13FF,C,stratified_balanced_rl,initial_rl
REC-2A85FEF962CFFFC8,TRN-3152676F820705F1,C,stratified_balanced_rl,initial_rl
REC-2A8816712B60B6F7,TRN-DCC30C7598C4210C,C,stratified_balanced_rl,initial_rl
REC-2ADDF9C282A21AF5,TRN-AD07872ED17B9F97,A,stratified_balanced_rl,initial_rl
REC-2B1FA369DDB3132A,TRN-3E90001672DBA6ED,C,stratified_balanced_rl,initial_rl
REC-2B207283ECA273A4,TRN-24726D7B2F26F253,A,stratified_balanced_rl,initial_rl
REC-2B3DA9F855C51039,TRN-746D65631FE72C06,C,stratified_balanced_rl,initial_rl
REC-2B9AB3BB44104B85,TRN-33E983B672DCD72B,A,stratified_balanced_rl,initial_rl
REC-2BBB1503B4E8528B,TRN-495F999080DBB85D,B,stratified_balanced_rl,initial_rl
REC-2C0D0D44353E8C37,TRN-2A1A5B00DAE56878,B,stratified_balanced_rl,initial_rl
REC-2C153D1425CA8E94,TRN-13F5B14AFE4378D9,C,stratified_balanced_rl,initial_rl
REC-2C1CA563B0E64973,TRN-549881F46D3BECED,C,stratified_balanced_rl,initial_rl
REC-2C2F5A06708EE33F,TRN-FEBB480E052D6982,A,stratified_balanced_rl,initial_rl
REC-2C39B4E77DA3CB36,TRN-C9C8CD1049454F96,B,stratified_balanced_rl,initial_rl
REC-2C837EC3963F433C,TRN-AA545C296D3E058F,A,stratified_balanced_rl,initial_rl
REC-2D2ABA4C962F8A81,TRN-F5DC8AB11AA6CA83,C,stratified_balanced_rl,initial_rl
REC-2D4D283B82C33BE1,TRN-CBD60CF88370E75E,C,stratified_balanced_rl,initial_rl
REC-2DD11F0DB154132B,TRN-62A8B2393EBE5D1C,B,stratified_balanced_rl,initial_rl
REC-2DD6B26D99512182,TRN-DECF8EB42319431E,B,stratified_balanced_rl,initial_rl
REC-2E13BC73F750F87B,TRN-D40866EECA870DF7,A,stratified_balanced_rl,initial_rl
REC-2E30E9738A40B330,TRN-B829965633CEA38A,B,stratified_balanced_rl,initial_rl
REC-2E641F00576C3758,TRN-A1DF22DCF90E6486,B,stratified_balanced_rl,initial_rl
REC-2E995C8F8E74602F,TRN-350828417A66BADA,C,stratified_balanced_rl,initial_rl
REC-2ED394FD21940DC0,TRN-F449318A8B257EBF,B,stratified_balanced_rl,initial_rl
REC-2EDEF77BC5545C60,TRN-968153092A21D6BD,B,stratified_balanced_rl,initial_rl
REC-2EDFBFD90BE2B761,TRN-C454E3F3E6172B50,B,stratified_balanced_rl,initial_rl
REC-2F1D606ACDA1CA1B,TRN-DC90475814E043E8,A,stratified_balanced_rl,initial_rl
REC-2F2F8D70E7037F6F,TRN-ED57DEB00D329DBD,C,stratified_balanced_rl,initial_rl
REC-2F323474FD0A1E10,TRN-67B48930DEC4743D,B,stratified_balanced_rl,initial_rl
REC-2F4F4CEFFD5449CD,TRN-A79476B517C3CF44,C,stratified_balanced_rl,initial_rl
REC-3038D93CAE312D14,TRN-C8506A8419A46E8A,B,stratified_balanced_rl,initial_rl
REC-30403B9F6D0F9A1A,TRN-6F82872946752423,C,stratified_balanced_rl,initial_rl
REC-308B51820233B9CF,TRN-3BD94B266D78B7D8,C,stratified_balanced_rl,initial_rl
REC-30BB71705E4F5443,TRN-0A6311882239466D,A,stratified_balanced_rl,initial_rl
REC-30C5B83D40B2A523,TRN-1E062D458663D212,B,stratified_balanced_rl,initial_rl
REC-30E4F123C0AC9CCA,TRN-FD9A2FC9BBEED5DC,C,stratified_balanced_rl,initial_rl
REC-30E8B7B6FF0927FD,TRN-8E725FED4A5FBB35,C,stratified_balanced_rl,initial_rl
REC-313F2E3E74483779,TRN-907333981E4B0510,B,stratified_balanced_rl,initial_rl
REC-313FE9F89D5C78C1,TRN-E4CB5B9E9FD768B2,A,stratified_balanced_rl,initial_rl
REC-315D3801F8AFA302,TRN-D83CD1D8471B5F7A,C,stratified_balanced_rl,initial_rl
REC-3174F959A809A5E3,TRN-09EB8161DE0475EC,B,stratified_balanced_rl,initial_rl
REC-319CCAEF9D99237F,TRN-8C336A8F29BE7D86,A,stratified_balanced_rl,initial_rl
REC-31ABB7D0A4308E4E,TRN-8BB187365E5410EE,C,stratified_balanced_rl,initial_rl
REC-32398528572BA594,TRN-6885522589BE6F40,A,stratified_balanced_rl,initial_rl
REC-323ECD52A473CAD6,TRN-F5A561F82FBC33DB,A,stratified_balanced_rl,initial_rl
REC-326287F21BCF1395,TRN-76FD977C9F2A8781,B,stratified_balanced_rl,initial_rl
REC-326CEB87E237E9EB,TRN-756717FE36F65889,B,stratified_balanced_rl,initial_rl
REC-329B1E026F45FB3E,TRN-2A3006EE75435E66,B,stratified_balanced_rl,initial_rl
REC-32A49C4384C22688,TRN-2606FD9F7208E65F,B,stratified_balanced_rl,initial_rl
REC-32C47D93CAF2326E,TRN-AA1AE10788F846B1,A,stratified_balanced_rl,initial_rl
REC-32D33B2A266AB78A,TRN-123D7F27F302B653,B,stratified_balanced_rl,initial_rl
REC-32E2647378091267,TRN-A7294F17AD1465F8,C,stratified_balanced_rl,initial_rl
REC-330F217DC25E2F99,TRN-C1A4AD900FAE2E25,A,stratified_balanced_rl,initial_rl
REC-33855D53E3980B65,TRN-3E5C6EB2CC825D66,A,stratified_balanced_rl,initial_rl
REC-33B78479D29F0959,TRN-2A95EA48772B91BD,C,stratified_balanced_rl,initial_rl
REC-348FD094E94F344B,TRN-75D6609761D0E8CE,A,stratified_balanced_rl,initial_rl
REC-34AB85A562475C0B,TRN-A86642B789629A24,C,stratified_balanced_rl,initial_rl
REC-34D567163B60B5AA,TRN-47CBE510E46518DD,C,stratified_balanced_rl,initial_rl
REC-34E1C543F9B9B19C,TRN-E123055F8F26D4A7,A,stratified_balanced_rl,initial_rl
REC-351B76FCD274EBE9,TRN-CB04A27A0E6A4A54,B,stratified_balanced_rl,initial_rl
REC-35DD39B3B11C8C13,TRN-25D6081797DA18CB,C,stratified_balanced_rl,initial_rl
REC-3603AFC6F4B1F5C3,TRN-DFFE3FD6C6ABEF94,C,stratified_balanced_rl,initial_rl
REC-368FDBDD79F688C2,TRN-05F41A152137175D,C,stratified_balanced_rl,initial_rl
REC-369E56A161ACCD8F,TRN-F926956699868B79,A,stratified_balanced_rl,initial_rl
REC-36BF0E6D4538CDA3,TRN-9040B52FFA495EC0,C,stratified_balanced_rl,initial_rl
REC-36DD401D596D40AF,TRN-58600270F31AE8AA,B,stratified_balanced_rl,initial_rl
REC-36E327FF017DD773,TRN-A148746A25C404B3,A,stratified_balanced_rl,initial_rl
REC-371799BB4776F0FB,TRN-B72F0BA1CA4335C5,A,stratified_balanced_rl,initial_rl
REC-372C629F0E8E4088,TRN-189DF6EB5FEDBA7F,C,stratified_balanced_rl,initial_rl
REC-3740AC78A556F8C1,TRN-3C63B9524C79122E,A,stratified_balanced_rl,initial_rl
REC-378A4F66AF05DD02,TRN-537354BF8029EE6A,B,stratified_balanced_rl,initial_rl
REC-37A129A25DD2BD5B,TRN-BFE204B1151CA750,A,stratified_balanced_rl,initial_rl
REC-37D1E55B3CD048B2,TRN-4773EEC432B4687C,B,stratified_balanced_rl,initial_rl
REC-37EBE030F4315226,TRN-F66C97C65530B806,B,stratified_balanced_rl,initial_rl
REC-380509D01BF45C03,TRN-8DCCF1D70EC77F3D,C,stratified_balanced_rl,initial_rl
REC-385520A58388A50D,TRN-5ADC9BBEF0EDA71F,B,stratified_balanced_rl,initial_rl
REC-385AFE4C09666327,TRN-95F40F68A9882F10,B,stratified_balanced_rl,initial_rl
REC-388FA2FD9CCB41F5,TRN-EA599BE35B0E17F0,C,stratified_balanced_rl,initial_rl
REC-389C081027EA6230,TRN-D84C72D83BBABB94,C,stratified_balanced_rl,initial_rl
REC-38F6765525734701,TRN-06223677706F6605,C,stratified_balanced_rl,initial_rl
REC-38FC2D4CB020EFEE,TRN-7AF61310E60736E3,A,stratified_balanced_rl,initial_rl
REC-393D650DD8FB7517,TRN-90B776A133B47ED5,C,stratified_balanced_rl,initial_rl
REC-396D3F48923EBC72,TRN-7C8D032914508559,B,stratified_balanced_rl,initial_rl
REC-397705B728ABE7EF,TRN-9B336C22711040ED,B,stratified_balanced_rl,initial_rl
REC-397FE80D38288551,TRN-59BBA8FF646636BD,A,stratified_balanced_rl,initial_rl
REC-3991E9CF098E49BF,TRN-9176A22DA7342B81,C,stratified_balanced_rl,initial_rl
REC-39B56F472AC1E9A0,TRN-CED317885EE44546,A,stratified_balanced_rl,initial_rl
REC-39BD17533BB95786,TRN-17A4F9268BF0F261,B,stratified_balanced_rl,initial_rl
REC-3A05C5015F0779EF,TRN-043D6AAE0345E974,B,stratified_balanced_rl,initial_rl
REC-3A4862F3781AC3D2,TRN-E434B7AA14909610,C,stratified_balanced_rl,initial_rl
REC-3A5F6BDA24AA7AD6,TRN-02B4F104D975A6CC,C,stratified_balanced_rl,initial_rl
REC-3A7C6D78E6978065,TRN-A8C0DFD0878441B4,B,stratified_balanced_rl,initial_rl
REC-3A85A60F881A0820,TRN-8EB7FC43FCBFD29E,C,stratified_balanced_rl,initial_rl
REC-3B3938DFDCCBF249,TRN-A04C08AC4A882C68,A,stratified_balanced_rl,initial_rl
REC-3B4301A64EA9D5E8,TRN-07851DE09074DAE5,A,stratified_balanced_rl,initial_rl
REC-3BAB5173CEA20C6E,TRN-0BB012A2579CB880,B,stratified_balanced_rl,initial_rl
REC-3BCA65222F4B3127,TRN-8ECA0FA35F41B2C9,C,stratified_balanced_rl,initial_rl
REC-3BDC3CD111B96EF7,TRN-60E627128DB13ADA,A,stratified_balanced_rl,initial_rl
REC-3C127ED4CF11F046,TRN-6F45461F45EEEE4D,B,stratified_balanced_rl,initial_rl
REC-3C6A94763395E0B8,TRN-B67DBE6BCF1005FC,B,stratified_balanced_rl,initial_rl
REC-3C9FC2197B05428C,TRN-8CA2FD92D92C509C,B,stratified_balanced_rl,initial_rl
REC-3CA5A5C2C714E350,TRN-CED4419ECCF68376,A,stratified_balanced_rl,initial_rl
REC-3CAD176C49DD8402,TRN-B8DD4233BDD6D4F1,C,stratified_balanced_rl,initial_rl
REC-3D1598A1771BC94C,TRN-1F5BE0AF79E59639,A,stratified_balanced_rl,initial_rl
REC-3D1A479FD3B716E8,TRN-E5A72DE11656072B,B,stratified_balanced_rl,initial_rl
REC-3DB6118EE7A924B4,TRN-991236C7C78A20E2,A,stratified_balanced_rl,initial_rl
REC-3DE046A93A5CDD6D,TRN-58ED7E57CC11D0B9,B,stratified_balanced_rl,initial_rl
REC-3E497A00776748F6,TRN-4F560AA4CBD84708,C,stratified_balanced_rl,initial_rl
REC-3E5788D71851A3F8,TRN-608BB5393A53D209,B,stratified_balanced_rl,initial_rl
REC-3E5E39C868C23783,TRN-52209532020B2A8E,B,stratified_balanced_rl,initial_rl
REC-3E6CAA632EE2D6AC,TRN-569D2F130D41BBB9,A,stratified_balanced_rl,initial_rl
REC-3F1BDDF32F319EDC,TRN-F778BA2DEE20703D,A,stratified_balanced_rl,initial_rl
REC-3F26D1810A7A99E1,TRN-B29CB7F7A61EB3B0,B,stratified_balanced_rl,initial_rl
REC-3F958025F2E5A5C7,TRN-E54CDFA8C0B8F2CE,A,stratified_balanced_rl,initial_rl
REC-3FC3177A1C7CB81E,TRN-35204140A221ABB0,A,stratified_balanced_rl,initial_rl
REC-40124F294E294AA5,TRN-0899755D830DF34C,A,stratified_balanced_rl,initial_rl
REC-401C12FEE475D5EE,TRN-792181F3117EF7FA,C,stratified_balanced_rl,initial_rl
REC-404D3DC1C2F71B62,TRN-88351D9F82EF69A2,A,stratified_balanced_rl,initial_rl
REC-40656C00A7659491,TRN-913E024CB4A9453B,C,stratified_balanced_rl,initial_rl
REC-40DECB43236AF533,TRN-FEB42201C84D7914,A,stratified_balanced_rl,initial_rl
REC-4170CCF1FC70AF77,TRN-BF89229EC051008D,C,stratified_balanced_rl,initial_rl
REC-419CA737B9F7ABD3,TRN-A84041E7BEE2AAD6,B,stratified_balanced_rl,initial_rl
REC-41DF7C9603D7E729,TRN-E39FA775FD76346D,A,stratified_balanced_rl,initial_rl
REC-425496169AAE9138,TRN-34BEC79B61F8C1F8,A,stratified_balanced_rl,initial_rl
REC-42694668834FFB77,TRN-5DDD6B279462E984,C,stratified_balanced_rl,initial_rl
REC-42B3E437AFB2A89D,TRN-934C93F7B669D8CF,C,stratified_balanced_rl,initial_rl
REC-42ED3DBA35025E01,TRN-1120B3C98B9E4953,C,stratified_balanced_rl,initial_rl
REC-42F2D07004AFF1BE,TRN-419990AD31486C91,C,stratified_balanced_rl,initial_rl
REC-4315F37FD2A12449,TRN-A2EEDEA25E74D459,B,stratified_balanced_rl,initial_rl
REC-432792F125164EF8,TRN-B3C55D8DB0231133,C,stratified_balanced_rl,initial_rl
REC-43307E5547080CEC,TRN-7F0221A78A754DB2,C,stratified_balanced_rl,initial_rl
REC-4362FE7B6234C046,TRN-2A519A49ED4E5285,A,stratified_balanced_rl,initial_rl
REC-436839510C541225,TRN-ED776249A679A325,A,stratified_balanced_rl,initial_rl
REC-439BACFB1EAC7EF4,TRN-56B20139059736EE,C,stratified_balanced_rl,initial_rl
REC-43A9612AF738081C,TRN-45192E70F65E1120,A,stratified_balanced_rl,initial_rl
REC-43B640ED9127E79E,TRN-2340C335E04C0A57,B,stratified_balanced_rl,initial_rl
REC-43BB6B9D625BB41F,TRN-EAD13991C16C83D6,B,stratified_balanced_rl,initial_rl
REC-43CDE4B77F4F2B28,TRN-B89990820777FF0C,A,stratified_balanced_rl,initial_rl
REC-43E5D673C9C64078,TRN-1F1F399B2C65AC9A,A,stratified_balanced_rl,initial_rl
REC-43F9A8111065D035,TRN-0205DD004932A1B8,A,stratified_balanced_rl,initial_rl
REC-441D73B8ACE728B7,TRN-0EEAB24362E89292,A,stratified_balanced_rl,initial_rl
REC-44D90EB79C287AE1,TRN-C8A78DF08DF3AA2D,A,stratified_balanced_rl,initial_rl
REC-44D9EB26ECF82E56,TRN-C03907E4B90E6E2D,B,stratified_balanced_rl,initial_rl
REC-44EC43297C30CA0C,TRN-D095A6067FA63420,B,stratified_balanced_rl,initial_rl
REC-4505524800BABFD6,TRN-BB6798FEE54BD2E9,B,stratified_balanced_rl,initial_rl
REC-4548BCE9DC261983,TRN-E064AC154983B6C1,C,stratified_balanced_rl,initial_rl
REC-455F0A0E4ED4C4EB,TRN-0FC8D0F8F2CE0BEE,B,stratified_balanced_rl,initial_rl
REC-45EC69CE19492B3E,TRN-A6355D25CB6C82A5,B,stratified_balanced_rl,initial_rl
REC-45F1CB3656F431B6,TRN-B2ED1B6EC757B2DA,C,stratified_balanced_rl,initial_rl
REC-45F45F1D856695AA,TRN-10D84CC3567722A3,C,stratified_balanced_rl,initial_rl
REC-460EA131D9545C3F,TRN-065B9866E9E3B336,A,stratified_balanced_rl,initial_rl
REC-46404F479CB1FAE4,TRN-261BF8BE1CF05169,A,stratified_balanced_rl,initial_rl
REC-468F62BE2D6F3C75,TRN-73A1EF8AF1B48060,A,stratified_balanced_rl,initial_rl
REC-46A0581D0BE2FF6B,TRN-92D68104D1899059,A,stratified_balanced_rl,initial_rl
REC-46CDB6FD34240BE8,TRN-E23DAC64A1042EFB,A,stratified_balanced_rl,initial_rl
REC-475AF392B59FBABB,TRN-8A7C9D47E1019AF6,B,stratified_balanced_rl,initial_rl
REC-47B034F30DF35D32,TRN-51063D8B35947FC5,A,stratified_balanced_rl,initial_rl
REC-47C58F4AFA853381,TRN-EE714E6360FA87B0,C,stratified_balanced_rl,initial_rl
REC-47C9B47AB997468F,TRN-5E67CE6BF09CB45B,C,stratified_balanced_rl,initial_rl
REC-48676853C1EEA145,TRN-B385326B523BE71C,A,stratified_balanced_rl,initial_rl
REC-4868456027E64B37,TRN-B9849CF0F54616B1,A,stratified_balanced_rl,initial_rl
REC-487064179EEF47B2,TRN-1B00DF1DC6E577D8,B,stratified_balanced_rl,initial_rl
REC-4899E7276B192FFA,TRN-6ACDF7F711E60A25,A,stratified_balanced_rl,initial_rl
REC-48C0E5D2B2463E0A,TRN-862B35FF7992B6C3,B,stratified_balanced_rl,initial_rl
REC-4908549DAE395F7D,TRN-18DF01D17EB789A1,C,stratified_balanced_rl,initial_rl
REC-490FB880E162AEE1,TRN-D1F8F9FC3EDB3503,B,stratified_balanced_rl,initial_rl
REC-493BBAF0F0F153C0,TRN-AD84B925F8A722A0,B,stratified_balanced_rl,initial_rl
REC-49484FBAED1B8D3C,TRN-46F63082D3D21C9A,C,stratified_balanced_rl,initial_rl
REC-494A53AA12F4F020,TRN-9B4DA2EAC367A3AC,A,stratified_balanced_rl,initial_rl
REC-497C0299D48036A1,TRN-63FE7F30BB171711,C,stratified_balanced_rl,initial_rl
REC-49CE1CCD67856BFC,TRN-9CCBFA6DAB9ACECE,A,stratified_balanced_rl,initial_rl
REC-49D3C619E9AB7DC8,TRN-D00EF8AAF99997DA,C,stratified_balanced_rl,initial_rl
REC-49FC3B36F2956E26,TRN-D7D302227A8C67D5,A,stratified_balanced_rl,initial_rl
REC-4A02250196B6C8A1,TRN-4BAFAAB7316C6E83,C,stratified_balanced_rl,initial_rl
REC-4A2588EDC5DF1F4D,TRN-765FA506FDE081E1,A,stratified_balanced_rl,initial_rl
REC-4A68F825F5A9F9A2,TRN-E8828B6779F7FA7F,A,stratified_balanced_rl,initial_rl
REC-4A70EBFB54821365,TRN-7C6FDB6631101BFA,B,stratified_balanced_rl,initial_rl
REC-4ADF41D921E1AFE7,TRN-01D424C4172881C6,C,stratified_balanced_rl,initial_rl
REC-4B37709D9A2D7168,TRN-696B4832C7176A17,A,stratified_balanced_rl,initial_rl
REC-4B3808BDE702856E,TRN-B451117966A32AFD,C,stratified_balanced_rl,initial_rl
REC-4B61BF25CDF9943A,TRN-97F10F69B1B1BC72,C,stratified_balanced_rl,initial_rl
REC-4B655AE287947468,TRN-EDACB2C20270D69E,A,stratified_balanced_rl,initial_rl
REC-4B7A5C957EA04E14,TRN-C6739FC125CE50A0,C,stratified_balanced_rl,initial_rl
REC-4BA917BC1C34B1BE,TRN-5580553DF0EAB200,C,stratified_balanced_rl,initial_rl
REC-4BC316E2E7621B6F,TRN-332070BE625944E7,A,stratified_balanced_rl,initial_rl
REC-4BE6720F216FFD27,TRN-40A598E9C0EB1A3A,C,stratified_balanced_rl,initial_rl
REC-4C1EA73E9BD8797F,TRN-BBC1AB43EE920F3E,A,stratified_balanced_rl,initial_rl
REC-4C248BAF14E6E7EE,TRN-F5F4F8806228F3BC,A,stratified_balanced_rl,initial_rl
REC-4C388BD7307EFD6B,TRN-6115E0FF3FDF6633,C,stratified_balanced_rl,initial_rl
REC-4C744AB17C49E968,TRN-5B3A27630E24FCFF,A,stratified_balanced_rl,initial_rl
REC-4C787699EA9D4B75,TRN-B7A58406C2699487,C,stratified_balanced_rl,initial_rl
REC-4C8B0345595BA34B,TRN-9B36972BAAC0F4CC,A,stratified_balanced_rl,initial_rl
REC-4CC0ACC9D35A5FB4,TRN-7C9682D87D25FC2A,B,stratified_balanced_rl,initial_rl
REC-4CFFF4E779DA9004,TRN-30D0E87B64BD1662,A,stratified_balanced_rl,initial_rl
REC-4D10E49B2C2B8F9C,TRN-3FB4D6C0E2C4EAF4,A,stratified_balanced_rl,initial_rl
REC-4D1342AE3EA79271,TRN-45DF7DB7049FE3B7,B,stratified_balanced_rl,initial_rl
REC-4D834CBEC0D407CA,TRN-0CED7243A1D46BDB,B,stratified_balanced_rl,initial_rl
REC-4DF4137301BFAA4A,TRN-64FFC7A2F0C8DD82,B,stratified_balanced_rl,initial_rl
REC-4DF72A688C14DEEB,TRN-9F57DF48690C3B54,C,stratified_balanced_rl,initial_rl
REC-4E2CEAD49F76E4F0,TRN-FC7A93927885F99D,C,stratified_balanced_rl,initial_rl
REC-4E2FBA71BE97B629,TRN-2B0D9B2769395ED0,C,stratified_balanced_rl,initial_rl
REC-4E370CD6432AE043,TRN-2495235CA402A503,B,stratified_balanced_rl,initial_rl
REC-4E6F149708B3EDEA,TRN-3623EF94F1EDC173,A,stratified_balanced_rl,initial_rl
REC-4E757E4E31279908,TRN-60E35A500032C427,A,stratified_balanced_rl,initial_rl
REC-4E844101AC4F70B9,TRN-8D4F3395B2E9C499,C,stratified_balanced_rl,initial_rl
REC-4EB79427687D4552,TRN-4F1845EE4972DAE6,C,stratified_balanced_rl,initial_rl
REC-4EEF8DF0F1A4A329,TRN-2E39908090393B05,C,stratified_balanced_rl,initial_rl
REC-4EF027BD728024CA,TRN-088E89A8F4A56323,B,stratified_balanced_rl,initial_rl
REC-4F21B1202A7AC37F,TRN-DB233E34ACBDCBE5,B,stratified_balanced_rl,initial_rl
REC-4F8FE7B06E33EDC4,TRN-9A0D1993AA1B05BC,C,stratified_balanced_rl,initial_rl
REC-4F9F21BABC438642,TRN-CFC669B0DB39C310,C,stratified_balanced_rl,initial_rl
REC-5037215EFF497377,TRN-B003B640A697AEAD,B,stratified_balanced_rl,initial_rl
REC-504595051B234AB7,TRN-E0C080D7584B3554,C,stratified_balanced_rl,initial_rl
REC-506D87EA60D11B53,TRN-B911A651D0B03625,A,stratified_balanced_rl,initial_rl
REC-507055F66ED316E6,TRN-BA96FC8CC7746FF0,B,stratified_balanced_rl,initial_rl
REC-50709F1EA08F9425,TRN-BB3436FACBA3BFC7,B,stratified_balanced_rl,initial_rl
REC-50DC1EED3CA5BB45,TRN-E3ECAA718D008292,C,stratified_balanced_rl,initial_rl
REC-50FEE49A48B71939,TRN-3E033B2BBC7D4E36,A,stratified_balanced_rl,initial_rl
REC-514A71E1EC5ED538,TRN-57F473042C32D353,B,stratified_balanced_rl,initial_rl
REC-515848C205865719,TRN-6ACB8BB958ED6D15,B,stratified_balanced_rl,initial_rl
REC-5178FA8D9E1387C4,TRN-0931040AC4049D75,A,stratified_balanced_rl,initial_rl
REC-51DB7139AB38355E,TRN-BF44E4C23C980D45,C,stratified_balanced_rl,initial_rl
REC-51E450367563B258,TRN-76ABDF016785D4E3,A,stratified_balanced_rl,initial_rl
REC-51EDBF3C7D622C0E,TRN-3A97C2AA76BCDA42,A,stratified_balanced_rl,initial_rl
REC-52017524730A51EE,TRN-E47969678BA49ABD,B,stratified_balanced_rl,initial_rl
REC-520D44C08E36C4DD,TRN-72594FD5DA257D05,A,stratified_balanced_rl,initial_rl
REC-521D696CC84FCE0F,TRN-B2257B2204708DD3,A,stratified_balanced_rl,initial_rl
REC-521F292839220FE7,TRN-FC39B61A3667B65B,B,stratified_balanced_rl,initial_rl
REC-5283B13E6F8624FA,TRN-87BFEC337185A43B,B,stratified_balanced_rl,initial_rl
REC-52F79A22B8C022B1,TRN-D360A477B31212A9,A,stratified_balanced_rl,initial_rl
REC-530CC85CA696A6E6,TRN-A4B33D3C154A7D31,A,stratified_balanced_rl,initial_rl
REC-531952A2B827BFB3,TRN-6019F5643DA06001,B,stratified_balanced_rl,initial_rl
REC-5319D13C0E44D35F,TRN-F7A5331816DB75A0,A,stratified_balanced_rl,initial_rl
REC-5331362AF7A128A3,TRN-462E0871654D8E79,A,stratified_balanced_rl,initial_rl
REC-5338B782FC5C32E6,TRN-64EAC9A9263E624E,A,stratified_balanced_rl,initial_rl
REC-533A9475347D770C,TRN-7EF0A52DAF585A2A,A,stratified_balanced_rl,initial_rl
REC-5356DD6EA0C19BBF,TRN-C78D730FB19DB921,A,stratified_balanced_rl,initial_rl
REC-5383D8B14F5B200D,TRN-3E4385868968FDB7,C,stratified_balanced_rl,initial_rl
REC-5386CC8BDAA23593,TRN-62CD7A81E2F44F1C,C,stratified_balanced_rl,initial_rl
REC-53A0B6434A16B9AF,TRN-6CECE11302C194B4,B,stratified_balanced_rl,initial_rl
REC-53E994225865E4B9,TRN-43F8AFB4C8FBB0DC,B,stratified_balanced_rl,initial_rl
REC-540427FFFD3C49C3,TRN-2FCCA9C1ED0F1F4E,B,stratified_balanced_rl,initial_rl
REC-54350EC5763C57D3,TRN-190AA14AAF5FD0E7,B,stratified_balanced_rl,initial_rl
REC-54A043ACDDF55E4B,TRN-89BF476CC91A2F8C,B,stratified_balanced_rl,initial_rl
REC-54A59261B399235D,TRN-14F20B4E1FAF6819,A,stratified_balanced_rl,initial_rl
REC-54AD5760D5004317,TRN-7EDCC55E624D8E37,A,stratified_balanced_rl,initial_rl
REC-54BAE52E8AF58A4A,TRN-8004A797C0EAE67D,C,stratified_balanced_rl,initial_rl
REC-54DD5F95193E93AE,TRN-D57BF801AD2472C4,B,stratified_balanced_rl,initial_rl
REC-553434C4920F115A,TRN-432B705558387E2E,C,stratified_balanced_rl,initial_rl
REC-5571A48A9AB64A8B,TRN-9801284CA0627CB2,C,stratified_balanced_rl,initial_rl
REC-5593426DF9A67B8C,TRN-EDB3B8A409B4336E,A,stratified_balanced_rl,initial_rl
REC-559466B2BE43EC8C,TRN-F1373CBE330D6EFD,B,stratified_balanced_rl,initial_rl
REC-55B481D825A3F819,TRN-358EB7EAC6EB76FF,B,stratified_balanced_rl,initial_rl
REC-55BD95E20EDD6D20,TRN-892B85C5C3E5172C,A,stratified_balanced_rl,initial_rl
REC-55DDBE5352815DD9,TRN-BA254DD340CC88B3,B,stratified_balanced_rl,initial_rl
REC-55E06FFD745D4796,TRN-6361D41B103B9197,A,stratified_balanced_rl,initial_rl
REC-55EC43FC8BED42DE,TRN-5FD717A1D643EFCA,A,stratified_balanced_rl,initial_rl
REC-55FB25DAC40D8791,TRN-8475C3E52E202D86,C,stratified_balanced_rl,initial_rl
REC-566E0F58FA7ED661,TRN-FDFF918A255F03A1,A,stratified_balanced_rl,initial_rl
REC-56E9880AED5998FE,TRN-266913FFCAA1B48D,C,stratified_balanced_rl,initial_rl
REC-57107DF49EBEB789,TRN-9F2A28E7D4619BF1,C,stratified_balanced_rl,initial_rl
REC-575C9BE3F9E1ABF5,TRN-FD2A9D7375AE203F,B,stratified_balanced_rl,initial_rl
REC-5761DB657BAA9CE1,TRN-06BFA483A2457002,B,stratified_balanced_rl,initial_rl
REC-576762155656ED10,TRN-49DC81F993C6A74D,B,stratified_balanced_rl,initial_rl
REC-57859F753D6915C2,TRN-42EFDE4D90D30B6F,A,stratified_balanced_rl,initial_rl
REC-5794A5431AD90E2A,TRN-AD8F6446B59DA959,A,stratified_balanced_rl,initial_rl
REC-57FA94CCEBE152FC,TRN-6690FA199629FF9C,A,stratified_balanced_rl,initial_rl
REC-5815C8C471169B62,TRN-89BF729F458C5C2B,B,stratified_balanced_rl,initial_rl
REC-5826BE449F561E03,TRN-1A4CCBA95886AD24,A,stratified_balanced_rl,initial_rl
REC-5839B2F9EAE20338,TRN-934EB5BAB44B079D,B,stratified_balanced_rl,initial_rl
REC-58A4F48A6B7D63B0,TRN-C60797814E1A0232,B,stratified_balanced_rl,initial_rl
REC-58FF114D62506964,TRN-373B762ED3BA8AD1,C,stratified_balanced_rl,initial_rl
REC-5900A3BB34481581,TRN-44725D5E3D1CEC41,A,stratified_balanced_rl,initial_rl
REC-59078559CFAC6E7C,TRN-6D675F6E769B2D26,C,stratified_balanced_rl,initial_rl
REC-591157BC2AA25546,TRN-F4DF3807353D9A93,A,stratified_balanced_rl,initial_rl
REC-591600F942A5A966,TRN-828CF7D80E0ADB47,C,stratified_balanced_rl,initial_rl
REC-5922C44AE04FADBA,TRN-EFD47EC93E695E25,C,stratified_balanced_rl,initial_rl
REC-5935F9E1376B87F0,TRN-77A31533D6A6FEF3,C,stratified_balanced_rl,initial_rl
REC-593680C6319295A7,TRN-B9E4FEA4AD7ACF54,B,stratified_balanced_rl,initial_rl
REC-5937791A37D9398C,TRN-26EDCF5F9E369D98,C,stratified_balanced_rl,initial_rl
REC-596F1452FF766D0D,TRN-03A40B134B795BB5,C,stratified_balanced_rl,initial_rl
REC-59A4A8FD9C363CB6,TRN-8212018D8DCBE205,C,stratified_balanced_rl,initial_rl
REC-59B83129614C3FEF,TRN-659E8FFC70338B8E,C,stratified_balanced_rl,initial_rl
REC-59F01419D79EBB0A,TRN-159369C8989C4ACE,C,stratified_balanced_rl,initial_rl
REC-59FD22B0704AE17D,TRN-A915DFF428690870,B,stratified_balanced_rl,initial_rl
REC-5A12C10DD1E6C2A8,TRN-58581DEA8E18B33A,C,stratified_balanced_rl,initial_rl
REC-5A623C40D55118B1,TRN-65757554D07F458F,C,stratified_balanced_rl,initial_rl
REC-5A642F29495F6759,TRN-8A9DC12866DC6CD7,C,stratified_balanced_rl,initial_rl
REC-5A9351EBF0221BEA,TRN-FCDC8B50ABFE690D,C,stratified_balanced_rl,initial_rl
REC-5AA51D963FB2BA0D,TRN-4A9135581C9546C1,C,stratified_balanced_rl,initial_rl
REC-5ADF8D48C57DB7F3,TRN-3A50D961982854D9,C,stratified_balanced_rl,initial_rl
REC-5AF76F3BDB330B3F,TRN-5470D7149F53A430,C,stratified_balanced_rl,initial_rl
REC-5B0714C21C619D2B,TRN-A04EEAF13DCB3A03,B,stratified_balanced_rl,initial_rl
REC-5B1FB1DCAFC187C5,TRN-1DD9FA8E431F4928,B,stratified_balanced_rl,initial_rl
REC-5B3ACDF10258505F,TRN-29D8AFC7AD64EADE,C,stratified_balanced_rl,initial_rl
REC-5BB2DC49E4ECE95E,TRN-0F46C559D7CC748B,A,stratified_balanced_rl,initial_rl
REC-5BBBBAF81CCB183C,TRN-969D61CCA83856EB,A,stratified_balanced_rl,initial_rl
REC-5C5C0B13B2521957,TRN-21195DF8C0C1FC47,C,stratified_balanced_rl,initial_rl
REC-5C65F4C441191964,TRN-E49FB8CB2D0B6FAA,B,stratified_balanced_rl,initial_rl
REC-5CAFE6C78DF790F4,TRN-F8B802A4CEFE777F,C,stratified_balanced_rl,initial_rl
REC-5CB1812917F56B95,TRN-893F97694E7542D5,C,stratified_balanced_rl,initial_rl
REC-5CB95F44DD866007,TRN-AC54D518587B005D,C,stratified_balanced_rl,initial_rl
REC-5CF303617C1E2BF8,TRN-D188E7A41FDC94F9,A,stratified_balanced_rl,initial_rl
REC-5CF646E556D7933E,TRN-CC8DE3489B9F6046,A,stratified_balanced_rl,initial_rl
REC-5CF9FF918A665C1F,TRN-102247B14BD0505B,B,stratified_balanced_rl,initial_rl
REC-5D430078D9A1C6D6,TRN-E49C4CCA565C44B6,B,stratified_balanced_rl,initial_rl
REC-5D442F62AF08DDCB,TRN-786412DCEBC76672,B,stratified_balanced_rl,initial_rl
REC-5D5C7627B2888140,TRN-3EC8DD94CB72AA89,B,stratified_balanced_rl,initial_rl
REC-5D6C11A773F3AB6F,TRN-158F46491727C007,B,stratified_balanced_rl,initial_rl
REC-5D92B630E4AAB2F7,TRN-6252B6301F9959A3,B,stratified_balanced_rl,initial_rl
REC-5DBD2DB938FE127A,TRN-F50F2E0302E6578C,B,stratified_balanced_rl,initial_rl
REC-5DCFED2210157368,TRN-249C9534076F1560,A,stratified_balanced_rl,initial_rl
REC-5DE5AFF7D987327C,TRN-AC2E1587D0BB7634,A,stratified_balanced_rl,initial_rl
REC-5E25DC01BD282A5B,TRN-E6FAFBD7EFF7D1F7,B,stratified_balanced_rl,initial_rl
REC-5E589E4121BC9B51,TRN-61E8810E9160A7C7,A,stratified_balanced_rl,initial_rl
REC-5EC6CB03BAA40E4E,TRN-F12BBF24209C7A38,C,stratified_balanced_rl,initial_rl
REC-5F0C3A580573B71C,TRN-B5BF062E7280CC39,C,stratified_balanced_rl,initial_rl
REC-5F17064AC432009A,TRN-F805B170CEF6EF4D,C,stratified_balanced_rl,initial_rl
REC-5F2505ED7BAB1652,TRN-B70D566A0E19AF31,C,stratified_balanced_rl,initial_rl
REC-5F4A08F1E11D0665,TRN-45EB39CF307E9AF0,B,stratified_balanced_rl,initial_rl
REC-5F60D81A0BE042C2,TRN-533AB42E4F85F7C4,A,stratified_balanced_rl,initial_rl
REC-5F82375757ED7C57,TRN-5492BAB4956228A2,B,stratified_balanced_rl,initial_rl
REC-5F88E03EC7306CB0,TRN-AAB83EAE25117DC4,A,stratified_balanced_rl,initial_rl
REC-5FA40F565064BB41,TRN-E07BA44793E5D16B,B,stratified_balanced_rl,initial_rl
REC-5FABF737DB1C970B,TRN-1877FD3E1F4047B1,A,stratified_balanced_rl,initial_rl
REC-5FE6688157834C44,TRN-4DDDFCA0100FCA89,A,stratified_balanced_rl,initial_rl
REC-6018AA33D790E3AF,TRN-7FC7793B3CA63215,A,stratified_balanced_rl,initial_rl
REC-6047AB988B7634F7,TRN-34C943432F84B6E3,A,stratified_balanced_rl,initial_rl
REC-607A824205AFF0B6,TRN-4F9CB600F74F7312,B,stratified_balanced_rl,initial_rl
REC-60A04D968889FB15,TRN-F4A644402A01B633,B,stratified_balanced_rl,initial_rl
REC-60E694429A764093,TRN-538767E99097B153,C,stratified_balanced_rl,initial_rl
REC-611961E3471F07F6,TRN-9840295E45DCD740,C,stratified_balanced_rl,initial_rl
REC-61196DB9E49482A4,TRN-E25F8B4FD0993CA1,B,stratified_balanced_rl,initial_rl
REC-617A43A73B1DF751,TRN-B31A8AC5059B1CB4,A,stratified_balanced_rl,initial_rl
REC-61F5E522D0E809FE,TRN-148443C23274E13D,C,stratified_balanced_rl,initial_rl
REC-61F84D5CB6D05BFA,TRN-1B2EAB02B7D4B637,C,stratified_balanced_rl,initial_rl
REC-62058A8DAF99D767,TRN-222C70E711B8C061,B,stratified_balanced_rl,initial_rl
REC-628DC93288F25F33,TRN-CA843C7351A4CCE9,A,stratified_balanced_rl,initial_rl
REC-62A23C03FB5C4E29,TRN-578402F47517531E,C,stratified_balanced_rl,initial_rl
REC-62B997283811F2BA,TRN-5A5AF33211C48FAE,C,stratified_balanced_rl,initial_rl
REC-62FDB674FAEDC61A,TRN-3CFAE000B4BEF89B,A,stratified_balanced_rl,initial_rl
REC-6301848C428F18EA,TRN-8FB2DB35B5F4265B,C,stratified_balanced_rl,initial_rl
REC-6350D5B05E221DDA,TRN-A170657835FFEFB1,B,stratified_balanced_rl,initial_rl
REC-638F7F5925D900B7,TRN-2D970A7A9A503060,A,stratified_balanced_rl,initial_rl
REC-639109BF0E974296,TRN-27BBA37CC608A665,B,stratified_balanced_rl,initial_rl
REC-63A31A51E3A5DA0B,TRN-30F0B2CBB0E620F9,C,stratified_balanced_rl,initial_rl
REC-63AEB32272139625,TRN-633A00A9BE26A3ED,C,stratified_balanced_rl,initial_rl
REC-63D0301C6612A144,TRN-E419EE3C8FF5F200,B,stratified_balanced_rl,initial_rl
REC-6405F2E0D5354106,TRN-3A1B54CB4307FC83,C,stratified_balanced_rl,initial_rl
REC-6477CD533D1205D2,TRN-47362936D9C0D766,B,stratified_balanced_rl,initial_rl
REC-648A3742FD0BC343,TRN-01758F61A60F2530,C,stratified_balanced_rl,initial_rl
REC-64A57A98510A149A,TRN-EB760FB4B94AE0E9,A,stratified_balanced_rl,initial_rl
REC-64BCB0647CA5982A,TRN-25F47AD91189D3EC,C,stratified_balanced_rl,initial_rl
REC-64DD8E10647BD98A,TRN-E5C936CD231F4F40,C,stratified_balanced_rl,initial_rl
REC-64EB945B94DFD42E,TRN-B658692C1C11505F,B,stratified_balanced_rl,initial_rl
REC-650337E9F2B68C05,TRN-4546FC044661EC13,C,stratified_balanced_rl,initial_rl
REC-65C03680F3D530E5,TRN-8C14ABD94D812043,C,stratified_balanced_rl,initial_rl
REC-65F27C943C8D5AB7,TRN-E4DCD1BF06EC0F1C,A,stratified_balanced_rl,initial_rl
REC-65F82952AD1ACC48,TRN-D5C54EE87025F4CD,A,stratified_balanced_rl,initial_rl
REC-662D53308AAE2AF0,TRN-5C00528904E30B12,C,stratified_balanced_rl,initial_rl
REC-6653D4A1BE9186EF,TRN-07CE9A63CABB0E51,B,stratified_balanced_rl,initial_rl
REC-66917D380CEFF1B5,TRN-0917D1733E2F1F42,C,stratified_balanced_rl,initial_rl
REC-669491F34CCA0692,TRN-560EDD43BF060CFE,A,stratified_balanced_rl,initial_rl
REC-669C4965F8692803,TRN-4CBF62C2794CEA00,B,stratified_balanced_rl,initial_rl
REC-67059C09C281BD43,TRN-DC128B772041F1F8,A,stratified_balanced_rl,initial_rl
REC-67511B680932E0FB,TRN-659E710199041329,B,stratified_balanced_rl,initial_rl
REC-676F0387F7AE5E28,TRN-115BC482BA5DDDCC,B,stratified_balanced_rl,initial_rl
REC-67838E091C2EC067,TRN-ECE98CDEAE12A8D7,B,stratified_balanced_rl,initial_rl
REC-679115FD9F42D5C0,TRN-36D55BB367522E3A,A,stratified_balanced_rl,initial_rl
REC-67BD344B86F00BD0,TRN-1059D3C309E7582A,A,stratified_balanced_rl,initial_rl
REC-6822F6BDD4C0B675,TRN-9962E915E714D467,B,stratified_balanced_rl,initial_rl
REC-684F7F06BC6D7AB9,TRN-4DE8DDFD1BDBB283,C,stratified_balanced_rl,initial_rl
REC-687F2F63492E2DAB,TRN-2A003099702131DC,A,stratified_balanced_rl,initial_rl
REC-68E42A942E72DF27,TRN-A71C46AC2F8EE331,C,stratified_balanced_rl,initial_rl
REC-68EEE07221CCF80D,TRN-AB7F6D632656DE0F,A,stratified_balanced_rl,initial_rl
REC-694D21C95F5CA1F2,TRN-6E4C212C5E5C32F6,B,stratified_balanced_rl,initial_rl
REC-694DC47A6FF0C0A8,TRN-F4632E35F18FB9F8,C,stratified_balanced_rl,initial_rl
REC-6983113749518AA8,TRN-42AA7ED5D59DBBD0,B,stratified_balanced_rl,initial_rl
REC-698A91480416647E,TRN-8E5230ADA844A4FF,C,stratified_balanced_rl,initial_rl
REC-69B1EF4E1D433D27,TRN-5DE7FA78759E6A6C,A,stratified_balanced_rl,initial_rl
REC-6A26DAC0B645512E,TRN-8BC67D48BBB059E0,C,stratified_balanced_rl,initial_rl
REC-6A4AED06AE746A29,TRN-EE649843EDB1F4FD,B,stratified_balanced_rl,initial_rl
REC-6A5CD77604C60F27,TRN-557ED1B5027DC8AD,A,stratified_balanced_rl,initial_rl
REC-6A6FF2676DC9AF84,TRN-94245E2409B94899,B,stratified_balanced_rl,initial_rl
REC-6A6FF8DF45E6DD94,TRN-A148CB86F411D189,A,stratified_balanced_rl,initial_rl
REC-6A7CCF23F1B24C5B,TRN-A7B5799C89F3FFCF,B,stratified_balanced_rl,initial_rl
REC-6AAFB5A2C70F4376,TRN-46ADFFA9AB32E624,A,stratified_balanced_rl,initial_rl
REC-6ADE04EDCA5DFDFE,TRN-615551CCD64F3891,C,stratified_balanced_rl,initial_rl
REC-6AEFEA8CFB36452E,TRN-12CE96685E1CD76F,C,stratified_balanced_rl,initial_rl
REC-6B07B592FA0ED58F,TRN-6970598C13E4E3FE,A,stratified_balanced_rl,initial_rl
REC-6B105F0D1876E5CA,TRN-C0CACADEC13F5A6A,B,stratified_balanced_rl,initial_rl
REC-6B1931BE7B08DF14,TRN-E6A612FAAC763974,A,stratified_balanced_rl,initial_rl
REC-6B2A7D45E45E4B38,TRN-D183E4F29CD30B8E,A,stratified_balanced_rl,initial_rl
REC-6B2E5F4166155E94,TRN-0EF24C39B33FD30D,A,stratified_balanced_rl,initial_rl
REC-6B388F45F50CFA5A,TRN-3809824FBCFF5B90,C,stratified_balanced_rl,initial_rl
REC-6B64CFA1C76856B0,TRN-330810C5D45AB9D2,A,stratified_balanced_rl,initial_rl
REC-6B8B4E39E1C87140,TRN-D2DF6317E1A213E1,A,stratified_balanced_rl,initial_rl
REC-6BDE58E00530C95B,TRN-33DEBAB4296A28A4,C,stratified_balanced_rl,initial_rl
REC-6BF234E6FD5B22C9,TRN-7FA79DD43E9D9136,C,stratified_balanced_rl,initial_rl
REC-6BFB5005655162D3,TRN-5391D1329ECED335,C,stratified_balanced_rl,initial_rl
REC-6BFC2047A7A6A88E,TRN-041EF1FD28720A5E,B,stratified_balanced_rl,initial_rl
REC-6C0CAD2737434075,TRN-1D3FE50573EBA6A2,C,stratified_balanced_rl,initial_rl
REC-6C1DC379640278DE,TRN-F80F97C5FCB8BDA4,C,stratified_balanced_rl,initial_rl
REC-6C1E1D51EDF496A1,TRN-7C10A67A8E23CE77,A,stratified_balanced_rl,initial_rl
REC-6C2000B4B2D37F77,TRN-86854808D6F40BAE,A,stratified_balanced_rl,initial_rl
REC-6C37AD67FCA8F8EB,TRN-CB6B79D040B7CAFE,A,stratified_balanced_rl,initial_rl
REC-6C3EBAAE1F369F65,TRN-A257D3BBE0923CAE,A,stratified_balanced_rl,initial_rl
REC-6C580D288ABAD59C,TRN-596A2E87A8DEA819,A,stratified_balanced_rl,initial_rl
REC-6C704AD34C7D2A78,TRN-23A9994B58562BD8,B,stratified_balanced_rl,initial_rl
REC-6C787CBCFABC2D61,TRN-A21F4669D97E6590,C,stratified_balanced_rl,initial_rl
REC-6CD0CCAD67E06636,TRN-FBC3DB0C17042B23,A,stratified_balanced_rl,initial_rl
REC-6D0B2165B55E7D67,TRN-DA1207745D78807A,C,stratified_balanced_rl,initial_rl
REC-6D7DE3F5949D9A48,TRN-5D79F5FEC551E598,A,stratified_balanced_rl,initial_rl
REC-6DD1A81F4292ADFC,TRN-A26A2CF93676F77B,A,stratified_balanced_rl,initial_rl
REC-6E0A5EE00112342B,TRN-66C2EFE04836055F,A,stratified_balanced_rl,initial_rl
REC-6E9E8EED80CF959D,TRN-5A012E08739C5042,C,stratified_balanced_rl,initial_rl
REC-6EAB18A4FE22D51A,TRN-9E8109CD5B3682B0,C,stratified_balanced_rl,initial_rl
REC-6EECFB9AA230ADB1,TRN-43C455BC4AB02975,A,stratified_balanced_rl,initial_rl
REC-6F2D1513B582384C,TRN-BA18BCAFD79C5D99,C,stratified_balanced_rl,initial_rl
REC-6F318596A87591F9,TRN-2E089A32ADA02A88,A,stratified_balanced_rl,initial_rl
REC-6F5E9B969EAC9F3A,TRN-EE8ED7AB3E97854B,C,stratified_balanced_rl,initial_rl
REC-6F7A457B8F0ECF92,TRN-B163B689D56D0F07,B,stratified_balanced_rl,initial_rl
REC-6F86165B457EB561,TRN-A59B03D8C2A5F2B3,C,stratified_balanced_rl,initial_rl
REC-6F98D51B465E35B6,TRN-1B50829715A076C3,B,stratified_balanced_rl,initial_rl
REC-6FB768AEA731A72A,TRN-0CB3F34202D600C7,C,stratified_balanced_rl,initial_rl
REC-6FC90EEBD5FF4138,TRN-47D057257B51EC56,A,stratified_balanced_rl,initial_rl
REC-7024F52E29958A1A,TRN-7474499CF6FFD558,B,stratified_balanced_rl,initial_rl
REC-7099B29F0B13944A,TRN-5C0861529237DF3E,C,stratified_balanced_rl,initial_rl
REC-70CFE76C0069B40E,TRN-3312042D873F846B,A,stratified_balanced_rl,initial_rl
REC-7102761E9BCD88DE,TRN-075B647775B7FBA0,C,stratified_balanced_rl,initial_rl
REC-7127162EDE907BE0,TRN-F8B02CD09219C391,B,stratified_balanced_rl,initial_rl
REC-713721DCD4DBB9DF,TRN-D741A4E30BB5A828,C,stratified_balanced_rl,initial_rl
REC-715B79825A6CEFE6,TRN-A6F864D8970CAF41,B,stratified_balanced_rl,initial_rl
REC-7181AB2AF45704FA,TRN-CDA531E2E77044CB,A,stratified_balanced_rl,initial_rl
REC-71D72DC5661EBE0A,TRN-3B858BB0BC0C4F18,A,stratified_balanced_rl,initial_rl
REC-72497E932A6E2536,TRN-25F5E2DDA1371AA2,A,stratified_balanced_rl,initial_rl
REC-726B899E6D97C772,TRN-8F593D01B84F0902,B,stratified_balanced_rl,initial_rl
REC-729DC7288129EAFE,TRN-77B6A591B0A4DFC2,B,stratified_balanced_rl,initial_rl
REC-72BEBA10830E827F,TRN-F07C837CED801DF3,A,stratified_balanced_rl,initial_rl
REC-72CBC929110D89A5,TRN-DB73559EB7C22624,C,stratified_balanced_rl,initial_rl
REC-73568A754871D3E4,TRN-3D0579BADDA4DB16,A,stratified_balanced_rl,initial_rl
REC-73A0D99B9F59BC05,TRN-AD7C7DCA22A5318B,C,stratified_balanced_rl,initial_rl
REC-73A2543CC0B0FC4E,TRN-5A2FB31D5D51EAC4,B,stratified_balanced_rl,initial_rl
REC-73D9666A051D39CF,TRN-B92B2A502220F004,A,stratified_balanced_rl,initial_rl
REC-73F25D1B25989388,TRN-6F2C65855A13FBF2,B,stratified_balanced_rl,initial_rl
REC-744168566E3E61DC,TRN-76219B3958694835,B,stratified_balanced_rl,initial_rl
REC-746944AD5A34D28C,TRN-F5381F5C1BD91418,A,stratified_balanced_rl,initial_rl
REC-7500FC1A1CA1C302,TRN-A3592003608224E9,C,stratified_balanced_rl,initial_rl
REC-75221FB8EBB00D2D,TRN-111626B6F62AFDD9,B,stratified_balanced_rl,initial_rl
REC-7554860E2E7AD493,TRN-5DDA197CA515F40D,C,stratified_balanced_rl,initial_rl
REC-7578E5F394E4562A,TRN-6B079739E11258E2,B,stratified_balanced_rl,initial_rl
REC-757B31DD6E00F60A,TRN-5670A5044A648692,A,stratified_balanced_rl,initial_rl
REC-758E68F1324E1006,TRN-CC375883598DE3D9,C,stratified_balanced_rl,initial_rl
REC-7595E95690293D61,TRN-E73A220D86F3DFC2,B,stratified_balanced_rl,initial_rl
REC-75BA767F8434E8C8,TRN-F2CCCDB41DE51F7F,C,stratified_balanced_rl,initial_rl
REC-75C0BE42A77D912D,TRN-4FBB343ECD89882C,B,stratified_balanced_rl,initial_rl
REC-76128DCC82A8BC82,TRN-B493E2050EA615FF,A,stratified_balanced_rl,initial_rl
REC-7694C710D49C5AD1,TRN-0C1F7EADDC4B2546,C,stratified_balanced_rl,initial_rl
REC-76BDD88302B7F7D9,TRN-EC5D5E777C8F8A84,C,stratified_balanced_rl,initial_rl
REC-7724C710CD57E03A,TRN-390C200A428ADD3E,B,stratified_balanced_rl,initial_rl
REC-7782565D961C45FE,TRN-44444E8E02AD6E3A,A,stratified_balanced_rl,initial_rl
REC-778946198A0C49F3,TRN-2DB3E560A59A9C60,B,stratified_balanced_rl,initial_rl
REC-77897E668858235C,TRN-774899E210BA0256,C,stratified_balanced_rl,initial_rl
REC-778F753A5501C458,TRN-772F1B2E21E094BC,B,stratified_balanced_rl,initial_rl
REC-77B82C019733438C,TRN-BC1832F4F6747A22,C,stratified_balanced_rl,initial_rl
REC-77F79124B9C10545,TRN-11B32446569FE25C,C,stratified_balanced_rl,initial_rl
REC-7849841B2C5B1FAE,TRN-F45D8B5C0FA781BC,C,stratified_balanced_rl,initial_rl
REC-78597948BBA82E7A,TRN-3353EFE69F2C370D,A,stratified_balanced_rl,initial_rl
REC-7884AA225241219E,TRN-7816D496F8C2121C,A,stratified_balanced_rl,initial_rl
REC-78B1195042A5BE27,TRN-1174F8855C631339,B,stratified_balanced_rl,initial_rl
REC-794804574E477886,TRN-D729EA48455D4557,B,stratified_balanced_rl,initial_rl
REC-7949EF6B207B0D6A,TRN-1B541A3B2E81C5D3,A,stratified_balanced_rl,initial_rl
REC-796C28B712BB6AF4,TRN-70E200A7357E2F6E,C,stratified_balanced_rl,initial_rl
REC-7A4A8885F97929F9,TRN-1C702B5512F7FAA5,C,stratified_balanced_rl,initial_rl
REC-7A76434446D4742B,TRN-437271DE12B2DE05,A,stratified_balanced_rl,initial_rl
REC-7A8AEED8A2453323,TRN-0C5254CC39E94900,A,stratified_balanced_rl,initial_rl
REC-7A96EC7022B7D18B,TRN-DCE94747893DFAD7,C,stratified_balanced_rl,initial_rl
REC-7AD200151E1933DC,TRN-2245F5479ADFF48A,B,stratified_balanced_rl,initial_rl
REC-7B03DC551BD0D051,TRN-0AB34BA9C0AB08CC,A,stratified_balanced_rl,initial_rl
REC-7B3F999F6442FCF7,TRN-8DE60AA445B9DCEB,A,stratified_balanced_rl,initial_rl
REC-7B402B335362B523,TRN-8D039F56C9D5B57C,A,stratified_balanced_rl,initial_rl
REC-7B5140B637DFAB72,TRN-73FF8AD3367824AD,B,stratified_balanced_rl,initial_rl
REC-7BA1EA77E9BD155A,TRN-DD5FA49651CD1218,A,stratified_balanced_rl,initial_rl
REC-7BC7EB8FB3B2DBAE,TRN-ABB08771E5191F1B,B,stratified_balanced_rl,initial_rl
REC-7BD19A7AA68AF48A,TRN-AFB40D263C7B4CB1,A,stratified_balanced_rl,initial_rl
REC-7BD353DAD8E91463,TRN-3B81147E4D5FC3A3,A,stratified_balanced_rl,initial_rl
REC-7C01F34A7638F9C2,TRN-A86A24CA603FD100,C,stratified_balanced_rl,initial_rl
REC-7C2529C199863DF4,TRN-4A0B7855120FDBF0,C,stratified_balanced_rl,initial_rl
REC-7C5CE452D9E8F9A2,TRN-FBBE796FB03F7BA8,C,stratified_balanced_rl,initial_rl
REC-7C63E9BC67CEE92F,TRN-39E0FE8CAE8E8264,C,stratified_balanced_rl,initial_rl
REC-7C81DEC039AA403A,TRN-BB5B8BAB25747D5E,A,stratified_balanced_rl,initial_rl
REC-7C98747AD87D9FE9,TRN-072AA7E7EDF4EBCC,C,stratified_balanced_rl,initial_rl
REC-7C991FDC5AD582A7,TRN-CF93EC152A34AC7E,B,stratified_balanced_rl,initial_rl
REC-7CBCEAA86753A702,TRN-16576F820AED6D6A,C,stratified_balanced_rl,initial_rl
REC-7CED5419F3D6221C,TRN-91493567AD2B8792,B,stratified_balanced_rl,initial_rl
REC-7D0060E9A908228C,TRN-8688BD3284C07EAD,A,stratified_balanced_rl,initial_rl
REC-7D2F847067A79AD7,TRN-29E87D508A470842,C,stratified_balanced_rl,initial_rl
REC-7D3279B9B354BEFF,TRN-CEF30B1DD15DD0AE,A,stratified_balanced_rl,initial_rl
REC-7D459C9641BD5852,TRN-76602DEF6A31BE04,C,stratified_balanced_rl,initial_rl
REC-7D5C6EC1ED378EB0,TRN-1499BEE9F1187314,A,stratified_balanced_rl,initial_rl
REC-7D808C85FFD22DB9,TRN-798DB4EE02DA52C1,A,stratified_balanced_rl,initial_rl
REC-7D911E5CDB13583B,TRN-65FE073EEA0154AE,A,stratified_balanced_rl,initial_rl
REC-7D9B75FAC8F71A9D,TRN-2B97461DBC1C600B,A,stratified_balanced_rl,initial_rl
REC-7DC223D5D5FB93C1,TRN-AE6011613D0E3C99,C,stratified_balanced_rl,initial_rl
REC-7DD4C1C6FC3BCB48,TRN-3C6A3829EC03882B,A,stratified_balanced_rl,initial_rl
REC-7DEE9ABF29F2012D,TRN-A43B5A54BED55559,A,stratified_balanced_rl,initial_rl
REC-7E08B3F8A1721DA4,TRN-6E05ED7BEDA30E09,C,stratified_balanced_rl,initial_rl
REC-7E17422041767F81,TRN-DFBDE139FB742695,B,stratified_balanced_rl,initial_rl
REC-7E305BA1722A0456,TRN-09A63CAE8DE48EB1,B,stratified_balanced_rl,initial_rl
REC-7E4BBCE92A141D33,TRN-DD3CC134F49288E0,C,stratified_balanced_rl,initial_rl
REC-7E5336C1AB76AA2C,TRN-34ADFE99B4CA52B9,B,stratified_balanced_rl,initial_rl
REC-7EAA3E80581956F1,TRN-7696AFA2DD77CA5F,B,stratified_balanced_rl,initial_rl
REC-7F32DF006E42C438,TRN-D20A2E738BFE3EA2,B,stratified_balanced_rl,initial_rl
REC-7F4AC6ACD95CE11C,TRN-F730F88BA55B4747,A,stratified_balanced_rl,initial_rl
REC-7F84CEF9751DF1AB,TRN-B51365D4C85A4512,A,stratified_balanced_rl,initial_rl
REC-7F8A7197A7F98E22,TRN-E109061DD1715EA0,B,stratified_balanced_rl,initial_rl
REC-800766FD61F6A95C,TRN-07CF84199DD2A4B8,A,stratified_balanced_rl,initial_rl
REC-806971BF201B8E65,TRN-9623FDEECC0439BE,B,stratified_balanced_rl,initial_rl
REC-8072FDEA4DB433E1,TRN-598CC8BE96874398,B,stratified_balanced_rl,initial_rl
REC-807927647C96499E,TRN-F76973E2146F00EA,A,stratified_balanced_rl,initial_rl
REC-80B3D59261CBDBEB,TRN-69F75655E6C6D713,C,stratified_balanced_rl,initial_rl
REC-80F7702C351B5E49,TRN-4A150AEC8BEA7BCA,C,stratified_balanced_rl,initial_rl
REC-810D982FB34830CA,TRN-3E17D0EAA132F410,C,stratified_balanced_rl,initial_rl
REC-810F2B5A5784FFF7,TRN-82CC73D56818DCA8,B,stratified_balanced_rl,initial_rl
REC-812FC117680C71D7,TRN-40CAFB2C8E574FD1,C,stratified_balanced_rl,initial_rl
REC-819E4F8E34AFA05A,TRN-78A80299F86DCD2A,C,stratified_balanced_rl,initial_rl
REC-81A28017605280BE,TRN-9DA8D2C202A5BF34,A,stratified_balanced_rl,initial_rl
REC-81CA136C012EAA78,TRN-78C2CB2A3150A3DE,A,stratified_balanced_rl,initial_rl
REC-81D564F5CC393011,TRN-4624F7E540366C47,A,stratified_balanced_rl,initial_rl
REC-820BB213350BAB80,TRN-CAB0FF7B19DE8A85,C,stratified_balanced_rl,initial_rl
REC-8255B56EA32006BF,TRN-A25DE5A2C96A15C4,C,stratified_balanced_rl,initial_rl
REC-825C7794B6170CD4,TRN-9FE6ED77D8DB1F70,B,stratified_balanced_rl,initial_rl
REC-82E88B8E4BEEAC4D,TRN-9315D7147682092E,B,stratified_balanced_rl,initial_rl
REC-830DAA8A4EBD12C1,TRN-EC0C58C395DF4970,B,stratified_balanced_rl,initial_rl
REC-833492E956F7C567,TRN-51B110DD3813AEAD,C,stratified_balanced_rl,initial_rl
REC-83753E171AF67124,TRN-119D311037A23643,C,stratified_balanced_rl,initial_rl
REC-838E78E12A7F574E,TRN-F15E964B1EFFAD25,A,stratified_balanced_rl,initial_rl
REC-83B5086E8B1BDB77,TRN-38D56EA721DB7E94,B,stratified_balanced_rl,initial_rl
REC-83BB0227FF127E3A,TRN-D0C20391CB8235EB,C,stratified_balanced_rl,initial_rl
REC-83C5861E9C57E945,TRN-92C2B6B3C2741924,B,stratified_balanced_rl,initial_rl
REC-83CF5C0E7121E414,TRN-43A3489546D08E7A,A,stratified_balanced_rl,initial_rl
REC-840D7CF6659E4EC4,TRN-409152C69F48AC8B,B,stratified_balanced_rl,initial_rl
REC-8414745D10E96934,TRN-BBA7A90D6AB9AF9C,A,stratified_balanced_rl,initial_rl
REC-841D61D5A2F9A723,TRN-E5FCB70AF60EDE17,B,stratified_balanced_rl,initial_rl
REC-8434441A8868D368,TRN-CE5DA73A5531D1B8,B,stratified_balanced_rl,initial_rl
REC-844A8B3635BD4574,TRN-E28B1DB4143F53B8,B,stratified_balanced_rl,initial_rl
REC-84885F73069FABB5,TRN-F3ACCED737B0B42C,A,stratified_balanced_rl,initial_rl
REC-849ECC3F1CBB99A9,TRN-AA4AFA28F564C1CC,C,stratified_balanced_rl,initial_rl
REC-84BE84074CD0B524,TRN-FEA65789A6E1349D,B,stratified_balanced_rl,initial_rl
REC-84C5101407093F71,TRN-2D534FB548F7C581,A,stratified_balanced_rl,initial_rl
REC-84F1AA5CAE4B0B81,TRN-E33CEE4C9B5D03E8,B,stratified_balanced_rl,initial_rl
REC-84FA4342EA0DF705,TRN-D86947A7F7CF7A17,B,stratified_balanced_rl,initial_rl
REC-85794FAA1A612889,TRN-6D98C8BAAF9E5C9C,A,stratified_balanced_rl,initial_rl
REC-859316C12EFF5168,TRN-9BC721E9D86663F8,A,stratified_balanced_rl,initial_rl
REC-859859873907D49B,TRN-496B5677AFF6DA48,B,stratified_balanced_rl,initial_rl
REC-859A0FD1C253EC12,TRN-338F4C7E926EFD49,C,stratified_balanced_rl,initial_rl
REC-85A2BDC8797C5B2C,TRN-944C194A6211A194,C,stratified_balanced_rl,initial_rl
REC-85CF76E835488BBF,TRN-848988B9480EE293,A,stratified_balanced_rl,initial_rl
REC-8604C469AC34F648,TRN-F52B72FDB1FAD2EF,B,stratified_balanced_rl,initial_rl
REC-8650EDC651554F93,TRN-B51AE24F4E17C5DE,C,stratified_balanced_rl,initial_rl
REC-868B518EDF0C03EE,TRN-4B9B12D68EE8011F,C,stratified_balanced_rl,initial_rl
REC-868EAACFD13A61E6,TRN-E93B14AD6733E481,C,stratified_balanced_rl,initial_rl
REC-86D1599462B187DA,TRN-16DEBD756FF9CF71,A,stratified_balanced_rl,initial_rl
REC-86F46E736296913C,TRN-244304E33DCD804C,A,stratified_balanced_rl,initial_rl
REC-870D631762765697,TRN-20C9E81ED36D04C6,B,stratified_balanced_rl,initial_rl
REC-873DD274BE11F410,TRN-6873E9CE077E44EE,B,stratified_balanced_rl,initial_rl
REC-87E256186159EDAE,TRN-EE61D47B7CA4CA4D,A,stratified_balanced_rl,initial_rl
REC-87E453A5FCD05D4B,TRN-E38D071A166003CF,B,stratified_balanced_rl,initial_rl
REC-87F9C7912F2BC885,TRN-4EA901732289302F,B,stratified_balanced_rl,initial_rl
REC-880637118E62B8CA,TRN-9B6D569CD0DAC943,A,stratified_balanced_rl,initial_rl
REC-88066DAE0C957882,TRN-384FD4F6CF526341,C,stratified_balanced_rl,initial_rl
REC-8814669E202F5ED7,TRN-9A074CFEAAA0D128,C,stratified_balanced_rl,initial_rl
REC-8862179BC34842F2,TRN-6A85C834D3F033A7,C,stratified_balanced_rl,initial_rl
REC-88C49BC0D87E06F7,TRN-31D951385097101F,A,stratified_balanced_rl,initial_rl
REC-8917FD44EFAC1A8A,TRN-74888549B2347CB1,A,stratified_balanced_rl,initial_rl
REC-892748D46CF1BC45,TRN-3FC66525F2E45E78,C,stratified_balanced_rl,initial_rl
REC-8928C280573436DE,TRN-5EB9E27966FB1CF3,A,stratified_balanced_rl,initial_rl
REC-895926B9FF67F1C7,TRN-BA79C4A74A7B0250,C,stratified_balanced_rl,initial_rl
REC-89BB3108D81D4FF8,TRN-51DD57DD8980AAF1,A,stratified_balanced_rl,initial_rl
REC-8A43D6CCF67DA20D,TRN-66B5C532D7586BA2,B,stratified_balanced_rl,initial_rl
REC-8A746117D6E9524C,TRN-42C546BA037361CA,C,stratified_balanced_rl,initial_rl
REC-8ACE56E703AA3429,TRN-F4A942D7F8BC5EDA,A,stratified_balanced_rl,initial_rl
REC-8B0240D945A8D28A,TRN-8DEF6EB55D7FA904,C,stratified_balanced_rl,initial_rl
REC-8B0D8CE167B55EFE,TRN-58778702A590D183,B,stratified_balanced_rl,initial_rl
REC-8B152EF2730D96B9,TRN-E69AACA3F0DD35CC,B,stratified_balanced_rl,initial_rl
REC-8B379A571F1A879A,TRN-BE251DA5E44DE081,B,stratified_balanced_rl,initial_rl
REC-8B4103BA1248C42B,TRN-E1F5375630771831,B,stratified_balanced_rl,initial_rl
REC-8B9591E9C78D89B3,TRN-E5A0A44AE9221CDB,B,stratified_balanced_rl,initial_rl
REC-8BD9EE7EF5B607E2,TRN-1351690F083B8001,B,stratified_balanced_rl,initial_rl
REC-8BDCB3256F53A667,TRN-7FEBA6762C340A14,A,stratified_balanced_rl,initial_rl
REC-8BDFCD9313D2C3E7,TRN-1281D3158BB1A51E,C,stratified_balanced_rl,initial_rl
REC-8C11F1408A84F27E,TRN-AC383DAC4FC36056,A,stratified_balanced_rl,initial_rl
REC-8C186D3923505CFE,TRN-0EE4BF1185DF1CD6,C,stratified_balanced_rl,initial_rl
REC-8C35B793066AD7D8,TRN-E43FDFF8413CFA9F,B,stratified_balanced_rl,initial_rl
REC-8C3CB3E3F6BD9A16,TRN-BC7D70F1863144CC,C,stratified_balanced_rl,initial_rl
REC-8C4BA5952B374914,TRN-D4F4B090126AB7C6,A,stratified_balanced_rl,initial_rl
REC-8CD34EC3B93DA73B,TRN-EC75C78A74D89866,C,stratified_balanced_rl,initial_rl
REC-8CDF08B6F0954A6D,TRN-3ABF597F529161DE,C,stratified_balanced_rl,initial_rl
REC-8CE11D9745F75A16,TRN-4F106EA6AB6CBB38,B,stratified_balanced_rl,initial_rl
REC-8CF0049ECE212DF7,TRN-3A9D41BC3EF50A5F,A,stratified_balanced_rl,initial_rl
REC-8D2307633D9DFDB0,TRN-5FB35194BAC4F1A8,B,stratified_balanced_rl,initial_rl
REC-8D301FA804AE9D4D,TRN-36EFD3C5F011A8CC,A,stratified_balanced_rl,initial_rl
REC-8DA210383EC32A5E,TRN-3F14051A4E27F4D9,B,stratified_balanced_rl,initial_rl
REC-8DD2D1333ED903E2,TRN-9602EF679C6F2C81,B,stratified_balanced_rl,initial_rl
REC-8DEBAAB74DA9C67C,TRN-ACFCDB643EC34E7D,C,stratified_balanced_rl,initial_rl
REC-8E087014A87DCE06,TRN-D3F78C81837A48F1,A,stratified_balanced_rl,initial_rl
REC-8E42E1A301A21822,TRN-B2A47F7A2248852C,A,stratified_balanced_rl,initial_rl
REC-8E4F4A758390B375,TRN-353FDFE6D246CFCF,A,stratified_balanced_rl,initial_rl
REC-8EDFFA65E8555A8C,TRN-43D92ACB1660D6E2,A,stratified_balanced_rl,initial_rl
REC-8F10F8B419F7CE96,TRN-50FDAD354BE7CDA0,C,stratified_balanced_rl,initial_rl
REC-8F48380A41EB0075,TRN-4BF7C370EE8DC7AD,A,stratified_balanced_rl,initial_rl
REC-8F663969443FF017,TRN-58E619BA80924E58,C,stratified_balanced_rl,initial_rl
REC-8FABD2946B456A0B,TRN-306D51611F97D8F6,A,stratified_balanced_rl,initial_rl
REC-8FBE0126FC7B7C08,TRN-E52FBEA5BB12A544,A,stratified_balanced_rl,initial_rl
REC-8FC710E0F783FADF,TRN-E8AE01AFD1529168,C,stratified_balanced_rl,initial_rl
REC-9025EA2BD57D8AFF,TRN-30BC103C11BC9B91,A,stratified_balanced_rl,initial_rl
REC-904978947A070E09,TRN-63CB8F03D3D617F6,C,stratified_balanced_rl,initial_rl
REC-905FEE757A4BFFEC,TRN-2F9786AD1FBFD5FD,A,stratified_balanced_rl,initial_rl
REC-90A14C7FA79D6E96,TRN-A74360F250E6BA8C,B,stratified_balanced_rl,initial_rl
REC-90A85807BD59F3D6,TRN-787D3DD425C5D051,B,stratified_balanced_rl,initial_rl
REC-90AE77FD474D96BC,TRN-AEFDE77DCCB7607E,C,stratified_balanced_rl,initial_rl
REC-90D11C3DF152AB6F,TRN-377097C10D3398E8,A,stratified_balanced_rl,initial_rl
REC-90DCFC7628727C79,TRN-68D62F6467571EC5,C,stratified_balanced_rl,initial_rl
REC-911001323BDD0D32,TRN-402648E54CE1E862,B,stratified_balanced_rl,initial_rl
REC-91543CA638DFFC28,TRN-1D8ED87FC03F8031,B,stratified_balanced_rl,initial_rl
REC-9171094EFA74E5A0,TRN-64E0B4CB6716D088,C,stratified_balanced_rl,initial_rl
REC-918D4644677C75F5,TRN-7BE7266454A728BC,C,stratified_balanced_rl,initial_rl
REC-91AB866EC7420677,TRN-643ED6425DC0BCC4,B,stratified_balanced_rl,initial_rl
REC-91F096110F4D66A2,TRN-D88CBD8226AFCECF,B,stratified_balanced_rl,initial_rl
REC-91F27DF98D99FE24,TRN-8FC54F3C2B8CE4E6,A,stratified_balanced_rl,initial_rl
REC-92091A550775F84B,TRN-9DF2C38C6D0BF027,B,stratified_balanced_rl,initial_rl
REC-9217662080F9A276,TRN-9E171DADD496BFE9,C,stratified_balanced_rl,initial_rl
REC-921D2B147370A01A,TRN-D222663B5D5EFAE4,C,stratified_balanced_rl,initial_rl
REC-92A6985E9E2736F4,TRN-69707E3DE33CC455,A,stratified_balanced_rl,initial_rl
REC-92CA69DCDD80BEA8,TRN-D5D996E7F65EB02C,C,stratified_balanced_rl,initial_rl
REC-92D361B7E96FAF84,TRN-754FF6BD7E4A12F2,A,stratified_balanced_rl,initial_rl
REC-92E5406600FBB844,TRN-14AB9BCABD516FC9,B,stratified_balanced_rl,initial_rl
REC-92FCA753E7D6AE02,TRN-93119F212A80DA66,A,stratified_balanced_rl,initial_rl
REC-9340473459CB3B10,TRN-723B8E03F218BD29,C,stratified_balanced_rl,initial_rl
REC-937F63EE211CD15A,TRN-83C1E6C074C4274E,A,stratified_balanced_rl,initial_rl
REC-93B98337949A5483,TRN-6228109C327B37AB,C,stratified_balanced_rl,initial_rl
REC-93BDEE0F610E7D13,TRN-919FC16F66BC376C,B,stratified_balanced_rl,initial_rl
REC-93CEA376A7DC0AF1,TRN-47DA52A14E8FA658,C,stratified_balanced_rl,initial_rl
REC-9414E25041662E78,TRN-49B0087C76103DFF,B,stratified_balanced_rl,initial_rl
REC-943BECF9F10E3B01,TRN-6D964F3573E11773,A,stratified_balanced_rl,initial_rl
REC-9453E43E8EC83F9E,TRN-21A69286AC98B453,C,stratified_balanced_rl,initial_rl
REC-9491360DA179E37E,TRN-20925F4FAEA079B1,B,stratified_balanced_rl,initial_rl
REC-94E0346B2F34A0A0,TRN-F71B53157A76815A,B,stratified_balanced_rl,initial_rl
REC-952E74B9EE21D3F1,TRN-5AB4BE0A830DF143,C,stratified_balanced_rl,initial_rl
REC-953467815285C0E8,TRN-9494C892B2BBDDD8,B,stratified_balanced_rl,initial_rl
REC-9575E3F543B0A189,TRN-4A5AF906C763065B,A,stratified_balanced_rl,initial_rl
REC-9580A589A0FA0471,TRN-FDC6A3D9DF8A8A47,C,stratified_balanced_rl,initial_rl
REC-9581C2A621C7ACAA,TRN-9DE6B66E0B7B941D,C,stratified_balanced_rl,initial_rl
REC-9588F7C004EF255A,TRN-86B793FB0755FFE4,C,stratified_balanced_rl,initial_rl
REC-9596FBF90FAB4389,TRN-0DEFACB9D437EC5E,B,stratified_balanced_rl,initial_rl
REC-95D321AFCBF695AF,TRN-C539CA88E73AB1EC,B,stratified_balanced_rl,initial_rl
REC-962F25F8F029D86A,TRN-03A6156ADD94FEF6,A,stratified_balanced_rl,initial_rl
REC-9643D449466B645D,TRN-935E5771F1222055,A,stratified_balanced_rl,initial_rl
REC-968B25AC947284B3,TRN-FCD8128394E03B8B,B,stratified_balanced_rl,initial_rl
REC-96E66465ACA4A0AA,TRN-E6915EE6318661AB,A,stratified_balanced_rl,initial_rl
REC-9730726B5FAB8920,TRN-0B8FF9EB1C622D0E,B,stratified_balanced_rl,initial_rl
REC-974665EE99642921,TRN-5634E27D1EC99D4A,A,stratified_balanced_rl,initial_rl
REC-974834FA26F4F9F8,TRN-61869D3EE15AF625,A,stratified_balanced_rl,initial_rl
REC-974D0C6E4B7DA183,TRN-AF6E9C39C13CEA5C,A,stratified_balanced_rl,initial_rl
REC-9750B7EE7DC7DAED,TRN-E3234C251BAB9648,A,stratified_balanced_rl,initial_rl
REC-97FAC3035A586BA7,TRN-2A5802C13E525722,B,stratified_balanced_rl,initial_rl
REC-98000E2F27BD2D19,TRN-1B07826C05B27A13,C,stratified_balanced_rl,initial_rl
REC-9800C907BA15758F,TRN-24DB5C8994E97B0A,B,stratified_balanced_rl,initial_rl
REC-982B80967DA14EA8,TRN-9468C90DEC1B3A79,C,stratified_balanced_rl,initial_rl
REC-98681CB713066473,TRN-D5839A83C51F373F,C,stratified_balanced_rl,initial_rl
REC-98A307212ADD8B23,TRN-AA91AB4618DF833C,A,stratified_balanced_rl,initial_rl
REC-98B5866F79161945,TRN-6461AA6EF5996253,C,stratified_balanced_rl,initial_rl
REC-98CC88E4C396293A,TRN-8E29550881D16AB7,A,stratified_balanced_rl,initial_rl
REC-990DA9A86E333DC5,TRN-30463AA784C65FF6,B,stratified_balanced_rl,initial_rl
REC-99589B7532CEF10C,TRN-902917AF91636B39,B,stratified_balanced_rl,initial_rl
REC-9967A511E2DD4E20,TRN-17183D54BCD41B7F,C,stratified_balanced_rl,initial_rl
REC-998C3FF319A07947,TRN-953785BA44224707,A,stratified_balanced_rl,initial_rl
REC-99929FD4CB13912E,TRN-E59EBE7E3FF1AC16,B,stratified_balanced_rl,initial_rl
REC-9997C372DE7C891F,TRN-C94EB920C213DC55,A,stratified_balanced_rl,initial_rl
REC-99C017F5C6D22696,TRN-F47F3957251669E2,C,stratified_balanced_rl,initial_rl
REC-99CE45B30BE2741F,TRN-FC77B590F3306CC6,C,stratified_balanced_rl,initial_rl
REC-99F392E1E61C01C0,TRN-C92B63258DF41880,B,stratified_balanced_rl,initial_rl
REC-9A1C5CBE892309DD,TRN-58ED50B434E70E09,A,stratified_balanced_rl,initial_rl
REC-9ABD950B217B442F,TRN-FFBD1FB01525CB4D,B,stratified_balanced_rl,initial_rl
REC-9AC83BB3D7A26E6A,TRN-3F0E1D72DF2E873B,A,stratified_balanced_rl,initial_rl
REC-9B355CC715C66F9A,TRN-AB27A8B6DCA9D129,B,stratified_balanced_rl,initial_rl
REC-9B8DBCD08C6171C0,TRN-A4ADD8A42C3B45A7,A,stratified_balanced_rl,initial_rl
REC-9BA192C1B7C225D9,TRN-CA0E2C576FA78C85,B,stratified_balanced_rl,initial_rl
REC-9BC9718118AC368F,TRN-F17D57162C43CA3A,C,stratified_balanced_rl,initial_rl
REC-9BC99EAA19FCAF2F,TRN-C382C5AFAD537F6F,C,stratified_balanced_rl,initial_rl
REC-9BD1D6C7EC9C7988,TRN-419FC1E7933C6A24,A,stratified_balanced_rl,initial_rl
REC-9BE027D1433E2528,TRN-3C733FE5DBDF1849,C,stratified_balanced_rl,initial_rl
REC-9C05F1F4D34AD545,TRN-B45A4D74A1CB501C,C,stratified_balanced_rl,initial_rl
REC-9C100861C29B98B7,TRN-A71D0177568B5A06,A,stratified_balanced_rl,initial_rl
REC-9C4F78C8E17FD1A5,TRN-9F3ABD7603F1FDE1,C,stratified_balanced_rl,initial_rl
REC-9C5838C56015D112,TRN-DFBE3A48E49DD614,B,stratified_balanced_rl,initial_rl
REC-9C8BEC07FABC9F40,TRN-1E4F1BE45155B8A8,C,stratified_balanced_rl,initial_rl
REC-9C981E03D394EAE0,TRN-32D76F2B130543A8,C,stratified_balanced_rl,initial_rl
REC-9CC21DFE356C3322,TRN-214D6E0AF9A67AFE,B,stratified_balanced_rl,initial_rl
REC-9CEC2F81B8E1D0DB,TRN-9135C549E533339A,A,stratified_balanced_rl,initial_rl
REC-9D030B17EADF0DC1,TRN-A0661B44EABA49F7,A,stratified_balanced_rl,initial_rl
REC-9D17D039358477AD,TRN-50DFCFF78F47C4E7,C,stratified_balanced_rl,initial_rl
REC-9D408C7250516E2A,TRN-B39F95CE2A649CFB,A,stratified_balanced_rl,initial_rl
REC-9D45B0383C2D8B0A,TRN-14C88818C8533FE7,A,stratified_balanced_rl,initial_rl
REC-9D4E0DF45D17C899,TRN-F388075B62710901,A,stratified_balanced_rl,initial_rl
REC-9D4F2BEF3D9A9826,TRN-0186A33E9984F437,A,stratified_balanced_rl,initial_rl
REC-9D8CC61D2F6C9438,TRN-6792491473B606ED,A,stratified_balanced_rl,initial_rl
REC-9DD117F228E8E1C8,TRN-E7B9820C038939B6,B,stratified_balanced_rl,initial_rl
REC-9E30E3EB0FADB86B,TRN-6E45B1B302180767,B,stratified_balanced_rl,initial_rl
REC-9E5DA41E1A7F3185,TRN-E9C44A2DA7157236,C,stratified_balanced_rl,initial_rl
REC-9E5E6B5CC5D7F935,TRN-D2A61B21AFF9C638,A,stratified_balanced_rl,initial_rl
REC-9E738F818F446090,TRN-C05DBE3E893AB018,A,stratified_balanced_rl,initial_rl
REC-9E92270191EE7818,TRN-9D954620D0DCC918,A,stratified_balanced_rl,initial_rl
REC-9E931931ADFFC2FB,TRN-6E2E33F1F9C45D26,C,stratified_balanced_rl,initial_rl
REC-9E9F3A1C50D1E68C,TRN-529BD319C6AB702F,B,stratified_balanced_rl,initial_rl
REC-9EA32496A1143FD7,TRN-BC77B736006DF7A4,B,stratified_balanced_rl,initial_rl
REC-9EF77FC56653FD5B,TRN-D68F973063118F70,B,stratified_balanced_rl,initial_rl
REC-9EFDF4546825B59C,TRN-A4DF27133C630316,C,stratified_balanced_rl,initial_rl
REC-9F305714FFAC16B3,TRN-ECC5A80646398CDA,C,stratified_balanced_rl,initial_rl
REC-9F6691F74270F4FC,TRN-FA6B55433987F390,B,stratified_balanced_rl,initial_rl
REC-9F92D55E9A9DB6E8,TRN-7BCC1E2EBF59A0BF,A,stratified_balanced_rl,initial_rl
REC-9F9D4174E650E05D,TRN-FC3582F7D8C595DA,B,stratified_balanced_rl,initial_rl
REC-9FA4685E1DFE9659,TRN-47D746A47D6EDDB9,A,stratified_balanced_rl,initial_rl
REC-9FD52645610ADB2E,TRN-B0237D96ACA9BED1,A,stratified_balanced_rl,initial_rl
REC-9FEE9CFA53D9F4E9,TRN-E967AD35540F3E13,C,stratified_balanced_rl,initial_rl
REC-A03B5CB3969F8095,TRN-4E54FD5607DB5076,C,stratified_balanced_rl,initial_rl
REC-A045FF103A25F903,TRN-61EE647611FE5FB7,A,stratified_balanced_rl,initial_rl
REC-A055A6D64A059BB0,TRN-6A33F382A6BED8DE,A,stratified_balanced_rl,initial_rl
REC-A064ED217C7BDC2D,TRN-7113B25E91AD8853,B,stratified_balanced_rl,initial_rl
REC-A0725D593FC78F94,TRN-8134AE8F5F0357E3,B,stratified_balanced_rl,initial_rl
REC-A0AA197ECDE609C6,TRN-873407744AD77CE4,B,stratified_balanced_rl,initial_rl
REC-A0D82ECEDAB10507,TRN-4EDE17E3B4D77638,C,stratified_balanced_rl,initial_rl
REC-A0DB63B0D8D49310,TRN-BF06CE68B77E7CDA,A,stratified_balanced_rl,initial_rl
REC-A128200AEB00ADB2,TRN-4B9500176BDCE72A,C,stratified_balanced_rl,initial_rl
REC-A1CB331B59898646,TRN-8D813CFD9B04FE21,C,stratified_balanced_rl,initial_rl
REC-A1D51D3638439411,TRN-77E4017FB81FF6A7,A,stratified_balanced_rl,initial_rl
REC-A1F10A0D6A32042A,TRN-C5005A3835BF54EC,A,stratified_balanced_rl,initial_rl
REC-A21032AAF2A6995C,TRN-E6FD856D1EFDD736,B,stratified_balanced_rl,initial_rl
REC-A33824DB10858300,TRN-244E11737D9B24CF,A,stratified_balanced_rl,initial_rl
REC-A3811BCAEF9E8BE1,TRN-94C25DC096B92380,C,stratified_balanced_rl,initial_rl
REC-A3F00FDC7D45E224,TRN-AE459BCE242E8090,C,stratified_balanced_rl,initial_rl
REC-A48D0B6E51441BE1,TRN-04F514C1AA2EE7BE,B,stratified_balanced_rl,initial_rl
REC-A4BF491F75A95B70,TRN-D21B155D84968614,B,stratified_balanced_rl,initial_rl
REC-A4F8A9716D714D53,TRN-9DF627A03FC7AFE9,A,stratified_balanced_rl,initial_rl
REC-A53FD0D3C3B60016,TRN-30251699B579C1D0,C,stratified_balanced_rl,initial_rl
REC-A5565D5E244BBC4B,TRN-C0540F04A86C2364,A,stratified_balanced_rl,initial_rl
REC-A5A9281461262718,TRN-6D9DFB801AF94E43,B,stratified_balanced_rl,initial_rl
REC-A652ACF0239842B9,TRN-15EA0ABD6C18717E,C,stratified_balanced_rl,initial_rl
REC-A6909BF84AA36BF1,TRN-F1F86DA2F4561C7F,B,stratified_balanced_rl,initial_rl
REC-A69B70F7488E3F13,TRN-081B06256E404ABB,B,stratified_balanced_rl,initial_rl
REC-A6B466B42454EDB9,TRN-162328DF6313DD8D,B,stratified_balanced_rl,initial_rl
REC-A6D134A0579C4157,TRN-363443861BDE815F,A,stratified_balanced_rl,initial_rl
REC-A7161BE56696FE66,TRN-6F959917CB943C3F,C,stratified_balanced_rl,initial_rl
REC-A7762430774D6E95,TRN-BB3F69D34123AF41,B,stratified_balanced_rl,initial_rl
REC-A7798630E0974F0E,TRN-BB32A9A89AC9FFB8,A,stratified_balanced_rl,initial_rl
REC-A7CC137639358A76,TRN-7CC97B1B65359791,B,stratified_balanced_rl,initial_rl
REC-A7EF4CDA813E8FD5,TRN-0342CEB0B1DD7D6D,B,stratified_balanced_rl,initial_rl
REC-A7FC23444D1ADB18,TRN-EA8BC2BE1F67FAAA,B,stratified_balanced_rl,initial_rl
REC-A814F8803090BCB8,TRN-AA7F588DF0E41A3D,B,stratified_balanced_rl,initial_rl
REC-A81810D585703DCA,TRN-73E30CA3EA506D6A,B,stratified_balanced_rl,initial_rl
REC-A847DF35F6204012,TRN-5DED2ECEB3A550E4,B,stratified_balanced_rl,initial_rl
REC-A8CA3699B7E2FDA5,TRN-2F03B523DA233C1A,A,stratified_balanced_rl,initial_rl
REC-A8CABE4729AF7282,TRN-85B5F49A0A6456B3,B,stratified_balanced_rl,initial_rl
REC-A8E8FD0D2CE0B3E5,TRN-FFEDF482C8445057,A,stratified_balanced_rl,initial_rl
REC-A905A756D0589F90,TRN-B154E86EF58F841F,B,stratified_balanced_rl,initial_rl
REC-A9232E6456F71903,TRN-23AD702003B5AAA2,A,stratified_balanced_rl,initial_rl
REC-A94D9EE199BFA812,TRN-4FBDEA60E356AA10,B,stratified_balanced_rl,initial_rl
REC-A96CED70A5055C47,TRN-B0957F51B8BC62F0,A,stratified_balanced_rl,initial_rl
REC-A9A7A0DA395059B8,TRN-BAFAF985BCC0B207,A,stratified_balanced_rl,initial_rl
REC-AA104E67A0FD8CEA,TRN-391E81CD51BBBE12,B,stratified_balanced_rl,initial_rl
REC-AA26B1EBE4EBBCEA,TRN-2449ABA6FEE0AD30,B,stratified_balanced_rl,initial_rl
REC-AA4F36EFB2D843C8,TRN-27783F06CDAA7C43,A,stratified_balanced_rl,initial_rl
REC-AA75D607BEEB60EC,TRN-283AE1CDABA5B8C2,B,stratified_balanced_rl,initial_rl
REC-AA805C5976002882,TRN-486248BA2DEAD918,B,stratified_balanced_rl,initial_rl
REC-AAA094765F26701A,TRN-4AC88586D82CEDEB,B,stratified_balanced_rl,initial_rl
REC-AAC3DA768425BD4E,TRN-DA6516CD0AECA547,A,stratified_balanced_rl,initial_rl
REC-AACB272640C3474E,TRN-89171054E2F4225B,A,stratified_balanced_rl,initial_rl
REC-AB0E1417E33A95CF,TRN-77C9C106AB368809,A,stratified_balanced_rl,initial_rl
REC-AB1DEE48A598FB29,TRN-03C0140326CDD64F,B,stratified_balanced_rl,initial_rl
REC-ABC89C0B14A5DD77,TRN-5EB2B17AA6ACCA0D,B,stratified_balanced_rl,initial_rl
REC-ABCC7852D5D55D97,TRN-F0301D0FF91B2A50,C,stratified_balanced_rl,initial_rl
REC-AC0392F6967F4F41,TRN-CC9445A982F3942F,A,stratified_balanced_rl,initial_rl
REC-AC0D73443A76C848,TRN-B0D37BD62191D533,B,stratified_balanced_rl,initial_rl
REC-AC1C08A897D31E63,TRN-7D8E0064738DE773,C,stratified_balanced_rl,initial_rl
REC-AC39E02AF34B20F5,TRN-A5C051604B796798,C,stratified_balanced_rl,initial_rl
REC-ACBB13A7169027BD,TRN-2B8B15D19BD9C97D,B,stratified_balanced_rl,initial_rl
REC-ACC723105836E910,TRN-77C32857F0E8BE17,B,stratified_balanced_rl,initial_rl
REC-ACEB256461928E85,TRN-C218174ED270F9EA,A,stratified_balanced_rl,initial_rl
REC-AD48E4D43359CD65,TRN-EB4B1C03DA6F859B,C,stratified_balanced_rl,initial_rl
REC-AD696AC88D3B354C,TRN-8A905F59E376D4B6,A,stratified_balanced_rl,initial_rl
REC-AD7F388D7A07D90D,TRN-2D28F0C51E879CE5,A,stratified_balanced_rl,initial_rl
REC-ADD3166DD519BD00,TRN-2381D51A914ED3FC,A,stratified_balanced_rl,initial_rl
REC-AE3BA24E1087AF67,TRN-238AAC03225D18FE,C,stratified_balanced_rl,initial_rl
REC-AE3E36C53CB41371,TRN-81688AEE4BC43B9F,A,stratified_balanced_rl,initial_rl
REC-AEED8CFB2F0C1F9F,TRN-1EA1763299F1FA49,B,stratified_balanced_rl,initial_rl
REC-AF0401C4A9C1D708,TRN-A7592B5FFD38902A,C,stratified_balanced_rl,initial_rl
REC-AF172CD1C9B667EE,TRN-77B9EC11B7751252,C,stratified_balanced_rl,initial_rl
REC-AF44BB5D72650488,TRN-55F8777006BDB055,B,stratified_balanced_rl,initial_rl
REC-AFBF3E70C374A6E4,TRN-AD47D40DEAFDE980,C,stratified_balanced_rl,initial_rl
REC-B0092089B80AF22C,TRN-1C40F5F1BE7DC405,C,stratified_balanced_rl,initial_rl
REC-B0A1C992A94169AF,TRN-99C4230D1346A977,C,stratified_balanced_rl,initial_rl
REC-B0D3CD99CF808DFB,TRN-DA8E16C580C1B34F,A,stratified_balanced_rl,initial_rl
REC-B1077B5E8A142F6F,TRN-D9AB9254F0D72E5B,B,stratified_balanced_rl,initial_rl
REC-B12646D1B0DCC7B8,TRN-14D0320F8946D4D0,C,stratified_balanced_rl,initial_rl
REC-B13F0E9F6CC544FC,TRN-3D2DE2D798AC1BB1,C,stratified_balanced_rl,initial_rl
REC-B147C2FB987D7B9F,TRN-1B87B4984A37F670,C,stratified_balanced_rl,initial_rl
REC-B14D1323D5775E23,TRN-712186B6A613BB62,A,stratified_balanced_rl,initial_rl
REC-B1715318F01848E5,TRN-C6B968CC81EC6A32,C,stratified_balanced_rl,initial_rl
REC-B17F6E85C280EDB1,TRN-A28D3BDAC9B3F528,B,stratified_balanced_rl,initial_rl
REC-B18A39095E312BAD,TRN-4B62538C9A471848,B,stratified_balanced_rl,initial_rl
REC-B1B5307DCB23C6B6,TRN-F997660794CEF6C4,C,stratified_balanced_rl,initial_rl
REC-B20B1582E2F47587,TRN-F98FFA237ACF0DB4,B,stratified_balanced_rl,initial_rl
REC-B212680E87970C2D,TRN-7148E074B137CEC8,C,stratified_balanced_rl,initial_rl
REC-B2427ACDE3CF5F12,TRN-ABCCD8947464D0E1,C,stratified_balanced_rl,initial_rl
REC-B252DF562E72DFDB,TRN-0A7D17C6E6F730B6,A,stratified_balanced_rl,initial_rl
REC-B27426309EE37D99,TRN-B7CE03C33AB36215,C,stratified_balanced_rl,initial_rl
REC-B2825AAF374DE786,TRN-5835F7AA6E46997C,C,stratified_balanced_rl,initial_rl
REC-B29011DC8326C5A2,TRN-BE6028C32113507F,C,stratified_balanced_rl,initial_rl
REC-B2C614BFC8F33F89,TRN-0AABA3A201BCB0E5,B,stratified_balanced_rl,initial_rl
REC-B2D1ECD7109D7526,TRN-9DC2ECC5198D2890,B,stratified_balanced_rl,initial_rl
REC-B2D6962218924576,TRN-7EE1EF604FFC8DF0,A,stratified_balanced_rl,initial_rl
REC-B2E2106CE106A7CC,TRN-E13C858B86E6C0FA,A,stratified_balanced_rl,initial_rl
REC-B2EF43A18474D77D,TRN-AB122A6EC356BECD,A,stratified_balanced_rl,initial_rl
REC-B2F05F02D396E7A2,TRN-8DF07E19C05A8F28,C,stratified_balanced_rl,initial_rl
REC-B2FF66F359BF1B11,TRN-D68BDDD8AA9D938F,B,stratified_balanced_rl,initial_rl
REC-B3027AF78DBA51E8,TRN-7AEACB89647C8809,B,stratified_balanced_rl,initial_rl
REC-B3FC41B5F15CC86B,TRN-309DEA73A7BEF2EA,B,stratified_balanced_rl,initial_rl
REC-B41A09872E720ADB,TRN-FA862799FC864B55,C,stratified_balanced_rl,initial_rl
REC-B47BCF0997D3A31C,TRN-EA9A6E1DC1915349,C,stratified_balanced_rl,initial_rl
REC-B4CC00E2079ADB83,TRN-9D17E7323DFCB006,A,stratified_balanced_rl,initial_rl
REC-B58FE4E9B84A807A,TRN-61335761F502A3CB,B,stratified_balanced_rl,initial_rl
REC-B5BC6AD9E27F6BB4,TRN-F109502F0578DE6C,B,stratified_balanced_rl,initial_rl
REC-B5D8E1C059F05A31,TRN-381E531F9C9E0C2D,A,stratified_balanced_rl,initial_rl
REC-B5DA799798BDD8D4,TRN-7C67C108BC68B339,B,stratified_balanced_rl,initial_rl
REC-B5FB469E593CD21C,TRN-864EC010BB08DF03,B,stratified_balanced_rl,initial_rl
REC-B6596DA0466AD86E,TRN-F02C13243D7B83AF,A,stratified_balanced_rl,initial_rl
REC-B67B4DB1A1F6F74D,TRN-526E4197D3959B07,A,stratified_balanced_rl,initial_rl
REC-B681456F83734BE6,TRN-28A5693619C5BE4B,A,stratified_balanced_rl,initial_rl
REC-B696B876D3B17FB7,TRN-9617FB693FD61B5F,C,stratified_balanced_rl,initial_rl
REC-B6AACEA3A9FFF988,TRN-9909C4029D552886,B,stratified_balanced_rl,initial_rl
REC-B723FE2396C3A0C6,TRN-428E0702EB0B7A5B,C,stratified_balanced_rl,initial_rl
REC-B76D61667D149DF9,TRN-F6DEFB0973D36C40,A,stratified_balanced_rl,initial_rl
REC-B770F547FB67F984,TRN-2866913FCB978C16,B,stratified_balanced_rl,initial_rl
REC-B7B20D35034FEF29,TRN-F71DF3009848C94D,B,stratified_balanced_rl,initial_rl
REC-B7C991DC96232CE4,TRN-54B353554B52C2F1,B,stratified_balanced_rl,initial_rl
REC-B7D82A6F84D54D98,TRN-50FFA55227CBD027,A,stratified_balanced_rl,initial_rl
REC-B886E8BCF7EBCDFA,TRN-126A63EAD42BB71B,A,stratified_balanced_rl,initial_rl
REC-B88F6538AC35726F,TRN-4131A695CFF4697F,B,stratified_balanced_rl,initial_rl
REC-B893AD273EC456F6,TRN-A7CF1FF1D63DA911,B,stratified_balanced_rl,initial_rl
REC-B900AFB53272B02B,TRN-E0A8DA6204D25400,C,stratified_balanced_rl,initial_rl
REC-B933572FAAA34E8B,TRN-D9D12F1A0B61840B,C,stratified_balanced_rl,initial_rl
REC-B93CB64C7E2F63C0,TRN-1AB09B6EB29F5DEF,B,stratified_balanced_rl,initial_rl
REC-B993739F2E6E7151,TRN-9DC57F70963E8715,C,stratified_balanced_rl,initial_rl
REC-B9A4DE52E72B1677,TRN-C327F42E42A4E567,B,stratified_balanced_rl,initial_rl
REC-B9E47CCC209E7131,TRN-E217181692513D87,A,stratified_balanced_rl,initial_rl
REC-B9F561B91ACC8144,TRN-0322381F14B3EB2B,B,stratified_balanced_rl,initial_rl
REC-B9F7BECE9AA1D8BB,TRN-8315E7ECD26A8E6B,A,stratified_balanced_rl,initial_rl
REC-B9F98DA52A20AB68,TRN-F21368E6FCFAE06A,B,stratified_balanced_rl,initial_rl
REC-BA753D7C4035F16D,TRN-A9E8539F16097839,A,stratified_balanced_rl,initial_rl
REC-BAA2C41B448E5D22,TRN-31527E85B2DABBF2,A,stratified_balanced_rl,initial_rl
REC-BAADD2D8A363D562,TRN-D3903AFC0D976F20,A,stratified_balanced_rl,initial_rl
REC-BADA56F976203D61,TRN-CFB4A119929A8C15,B,stratified_balanced_rl,initial_rl
REC-BB6574BA59F8EECE,TRN-06A29195416183DD,C,stratified_balanced_rl,initial_rl
REC-BB79180FA5DDCBD9,TRN-DDF56B6AB26220EB,B,stratified_balanced_rl,initial_rl
REC-BB7F347037CF60EF,TRN-7D15E2CE35AC1A29,B,stratified_balanced_rl,initial_rl
REC-BB84C5771B18A5AD,TRN-00CEDB01262EA8CE,B,stratified_balanced_rl,initial_rl
REC-BB895C6920CFCA15,TRN-AC3E019D18C2035F,B,stratified_balanced_rl,initial_rl
REC-BBA33220875670EF,TRN-421959DCAD6A1E69,C,stratified_balanced_rl,initial_rl
REC-BBC733FDA6435045,TRN-86E12948710E2280,B,stratified_balanced_rl,initial_rl
REC-BBDD74BF4DB22865,TRN-52AFE822FB908AF8,C,stratified_balanced_rl,initial_rl
REC-BBE75BD187964284,TRN-1875C07E211E32AF,B,stratified_balanced_rl,initial_rl
REC-BBFDB961562ED15E,TRN-516F742099E944FC,C,stratified_balanced_rl,initial_rl
REC-BC1158EA8DADC2B9,TRN-ECC42A1BD6308758,C,stratified_balanced_rl,initial_rl
REC-BC2F9707B7EC1511,TRN-7AFE64F361FA7112,B,stratified_balanced_rl,initial_rl
REC-BC5409CB78E65BAE,TRN-F8146E23CE0C0DBE,B,stratified_balanced_rl,initial_rl
REC-BC5C34D15A86EB41,TRN-5A67E19A88C2B58A,A,stratified_balanced_rl,initial_rl
REC-BCAD4E5E354F01E2,TRN-B009D35F358466BF,B,stratified_balanced_rl,initial_rl
REC-BCBD05DD0F9F2574,TRN-84A6AEE5277123EC,B,stratified_balanced_rl,initial_rl
REC-BCE45337F01B9924,TRN-9B2A4142D3E75571,C,stratified_balanced_rl,initial_rl
REC-BCF29FDD050AB660,TRN-281D48D1DB819EDB,A,stratified_balanced_rl,initial_rl
REC-BD1896623FFD6C81,TRN-90EC114B1B107816,B,stratified_balanced_rl,initial_rl
REC-BD36266B856DC98D,TRN-CECFEF13438CB2A3,B,stratified_balanced_rl,initial_rl
REC-BD6DA1CB395C1178,TRN-F55543FE2629C7AA,A,stratified_balanced_rl,initial_rl
REC-BDC2A6F887CE6E48,TRN-B777C31208E7279A,A,stratified_balanced_rl,initial_rl
REC-BDDBCE0E1C168341,TRN-829D151E4DC4C658,A,stratified_balanced_rl,initial_rl
REC-BE287C3CC4901361,TRN-74915C8432A814A0,B,stratified_balanced_rl,initial_rl
REC-BE332BBF710372BB,TRN-3AE5A5A8F97FB4E7,C,stratified_balanced_rl,initial_rl
REC-BE60FD8377F50F4E,TRN-E379325C4C05699B,C,stratified_balanced_rl,initial_rl
REC-BE76DECD5B174264,TRN-2CB97BF0A78D7138,A,stratified_balanced_rl,initial_rl
REC-BEAE8FFE3FF67A2C,TRN-878C6D4FFFE393AD,A,stratified_balanced_rl,initial_rl
REC-BEC402A792657E2A,TRN-60DEAFE0C1A0F8AD,C,stratified_balanced_rl,initial_rl
REC-BF46BD152195B68F,TRN-5A39B58D2065973E,C,stratified_balanced_rl,initial_rl
REC-BF4DCBA4E86FA8A8,TRN-D3507510FE3A6BBE,A,stratified_balanced_rl,initial_rl
REC-BF585DF528F3DB4D,TRN-5E9A1F43EA204C9F,B,stratified_balanced_rl,initial_rl
REC-BF6065DDBBC0C044,TRN-60B4DD41D268D758,B,stratified_balanced_rl,initial_rl
REC-BF779408B25F8B60,TRN-56931068386DCD22,C,stratified_balanced_rl,initial_rl
REC-BF83952635CC2A50,TRN-33BCD757DAA6D29B,B,stratified_balanced_rl,initial_rl
REC-BF9187802A00E0A7,TRN-3BBC67E9785651FB,B,stratified_balanced_rl,initial_rl
REC-BF9E6DC94E3B119C,TRN-B68D5E6A5F416650,C,stratified_balanced_rl,initial_rl
REC-C0048BA2525375D8,TRN-90193FED8E501340,A,stratified_balanced_rl,initial_rl
REC-C035ABD0142FCD0B,TRN-EB98485F29FD6927,B,stratified_balanced_rl,initial_rl
REC-C0532ADA6D3D7D69,TRN-F5305F7C52C7EF3A,A,stratified_balanced_rl,initial_rl
REC-C0679EA997F2FD60,TRN-898B3A3F2799C973,B,stratified_balanced_rl,initial_rl
REC-C08958B2D9C8A402,TRN-3D50AB6D3600887B,B,stratified_balanced_rl,initial_rl
REC-C0945519C6322ECE,TRN-182346FB9AB05EA0,C,stratified_balanced_rl,initial_rl
REC-C09AAC7B75093C37,TRN-47853C989A4A2672,C,stratified_balanced_rl,initial_rl
REC-C0AEC0C508C8BFA7,TRN-7FC2656C728FE513,C,stratified_balanced_rl,initial_rl
REC-C0CFECA942A28239,TRN-8502549423474AEC,C,stratified_balanced_rl,initial_rl
REC-C0E368D512FD83FE,TRN-2D4D27B7D2774217,B,stratified_balanced_rl,initial_rl
REC-C0EE544AEA6FD751,TRN-F82EE47A629B64ED,A,stratified_balanced_rl,initial_rl
REC-C11920F3DBBF603F,TRN-F86940FE58677FD6,A,stratified_balanced_rl,initial_rl
REC-C160F1801486583F,TRN-5E59E28B1C3BB9CE,C,stratified_balanced_rl,initial_rl
REC-C16F0F86656B1ED0,TRN-6022292B0A2635A8,C,stratified_balanced_rl,initial_rl
REC-C1EBE3AC42AF1ECF,TRN-CDB0E6B28D7A24F7,A,stratified_balanced_rl,initial_rl
REC-C23FBE35EFFD77BC,TRN-E656BFA995D10497,A,stratified_balanced_rl,initial_rl
REC-C244453440DD2369,TRN-F2F799DA5795BC49,A,stratified_balanced_rl,initial_rl
REC-C260F42D67FF372D,TRN-379F936547F0046F,C,stratified_balanced_rl,initial_rl
REC-C2CE264666A6F0AA,TRN-E07837C4082E804A,B,stratified_balanced_rl,initial_rl
REC-C2DF0A4D8162F9EE,TRN-1EA82C3595530FE2,C,stratified_balanced_rl,initial_rl
REC-C2F007DB3DE953EA,TRN-960437A0AC91004A,B,stratified_balanced_rl,initial_rl
REC-C2FB0E420A0E3472,TRN-5234E7EF97CA46FB,A,stratified_balanced_rl,initial_rl
REC-C316AACF5EF55B9A,TRN-65FFE1FDB89ED306,A,stratified_balanced_rl,initial_rl
REC-C32328A0AE2CA48E,TRN-60BA4B6CC73B119D,C,stratified_balanced_rl,initial_rl
REC-C389C08E145E3676,TRN-013538F79DC7D105,A,stratified_balanced_rl,initial_rl
REC-C396A13EB5B5B68F,TRN-C2AB35C7AA262308,A,stratified_balanced_rl,initial_rl
REC-C3BFA63C9FCFD554,TRN-4B8E02C12D10CEA8,C,stratified_balanced_rl,initial_rl
REC-C3F442FFFC5B816F,TRN-D479F9DBD4262A14,A,stratified_balanced_rl,initial_rl
REC-C3F4BD89B8F30BE3,TRN-6D32243F764024A9,C,stratified_balanced_rl,initial_rl
REC-C3F68B42892AEC9F,TRN-24C8A71B38DDF1B5,A,stratified_balanced_rl,initial_rl
REC-C438B0E4718F06B7,TRN-ABFFC383465539BC,B,stratified_balanced_rl,initial_rl
REC-C4778EE49758A4F4,TRN-040F485CFDE95B4F,B,stratified_balanced_rl,initial_rl
REC-C4CA1168504DCD10,TRN-619D1C7179215890,B,stratified_balanced_rl,initial_rl
REC-C5115CD6500A63FD,TRN-22014EF936F0D889,C,stratified_balanced_rl,initial_rl
REC-C528B583720CDB7E,TRN-F3023ABBF26DF7E5,B,stratified_balanced_rl,initial_rl
REC-C52A93EEAD97E87F,TRN-783644D951E8DA91,C,stratified_balanced_rl,initial_rl
REC-C5477EDD1EC329AC,TRN-9900A6177ECF7A0C,C,stratified_balanced_rl,initial_rl
REC-C559C7F072B4F37F,TRN-D9D950D6428E3391,C,stratified_balanced_rl,initial_rl
REC-C579FBBE4A926A73,TRN-E050D1EEDBA4F8AB,B,stratified_balanced_rl,initial_rl
REC-C5899351914CD792,TRN-8E9F723CF5E86570,C,stratified_balanced_rl,initial_rl
REC-C58E22E13F13D3E0,TRN-3E33D34FEE9CF709,C,stratified_balanced_rl,initial_rl
REC-C5C4C530D71C1C04,TRN-F43591A27610AE57,C,stratified_balanced_rl,initial_rl
REC-C60A9FF870A636EE,TRN-ADEB888B5108BB74,A,stratified_balanced_rl,initial_rl
REC-C611B38775F3E996,TRN-744A8FCBDB17D15E,A,stratified_balanced_rl,initial_rl
REC-C65325BEB877AAEE,TRN-948A4E1D5BB8ADAF,C,stratified_balanced_rl,initial_rl
REC-C65FD9EDE785AC02,TRN-30A72C1C6A7AD63E,B,stratified_balanced_rl,initial_rl
REC-C69BB38945F47AB3,TRN-453DF0B0B784EA05,B,stratified_balanced_rl,initial_rl
REC-C6BEC07AB9A1132A,TRN-10A03C174AD64769,A,stratified_balanced_rl,initial_rl
REC-C700DD8619669A9E,TRN-C5E2588E8620F9AD,C,stratified_balanced_rl,initial_rl
REC-C7447DB705EBF39D,TRN-8301F6AF0A041F7B,C,stratified_balanced_rl,initial_rl
REC-C7488C6690FA7C46,TRN-65241B426375CE78,B,stratified_balanced_rl,initial_rl
REC-C7CEADE25F634850,TRN-622841FB337938DA,C,stratified_balanced_rl,initial_rl
REC-C7F0225C9908233F,TRN-8590FD3C9141BB58,A,stratified_balanced_rl,initial_rl
REC-C8567480A7CE4152,TRN-962D33D360144267,C,stratified_balanced_rl,initial_rl
REC-C858C5E510EA3816,TRN-7514973ED244EA96,B,stratified_balanced_rl,initial_rl
REC-C87B50A897131BBC,TRN-E491890534486ED4,B,stratified_balanced_rl,initial_rl
REC-C8B452EFD87B769E,TRN-11EF44801D7FAA48,B,stratified_balanced_rl,initial_rl
REC-C8BC5F32BB4A068B,TRN-4F413769E9AC2C2F,C,stratified_balanced_rl,initial_rl
REC-C8CCC1F30AED3BD3,TRN-5487CA47DB1BA6C6,A,stratified_balanced_rl,initial_rl
REC-C8F4D1FDCA9801E4,TRN-8722678E2C8BD539,C,stratified_balanced_rl,initial_rl
REC-C8FC10E48334B9BC,TRN-AD21520A2EC3E69E,A,stratified_balanced_rl,initial_rl
REC-C8FFDCBE60301113,TRN-FF8D82BE171567E2,A,stratified_balanced_rl,initial_rl
REC-C906D40CCC85752D,TRN-D34F8CEF80431108,B,stratified_balanced_rl,initial_rl
REC-C92346C83F04B822,TRN-05D2B2123B4F00F0,C,stratified_balanced_rl,initial_rl
REC-C92CD3575A765E96,TRN-1093295C1D194649,B,stratified_balanced_rl,initial_rl
REC-C934A9D9E42343D9,TRN-CBA37779F907FF30,C,stratified_balanced_rl,initial_rl
REC-C94C345D635761A6,TRN-A429AE461BF0F2D0,B,stratified_balanced_rl,initial_rl
REC-C953DD44B1442217,TRN-A4F040728070F5C3,A,stratified_balanced_rl,initial_rl
REC-C958CB0002E82672,TRN-201EFF58DBD210B7,A,stratified_balanced_rl,initial_rl
REC-C9599F6AE2A986EF,TRN-2F1CFE2B2993D936,C,stratified_balanced_rl,initial_rl
REC-C96805D17C577DB9,TRN-EF27FB7CE65C7B56,B,stratified_balanced_rl,initial_rl
REC-C99C8F9C70CA13C7,TRN-F1FA9640E40654B2,C,stratified_balanced_rl,initial_rl
REC-C9CD002E6E2312A9,TRN-6A271F2DDA95381D,A,stratified_balanced_rl,initial_rl
REC-C9CFF437C78C0BC2,TRN-915E54E116DFB471,B,stratified_balanced_rl,initial_rl
REC-C9EC9EFE23233508,TRN-393D9E09D093D2DD,C,stratified_balanced_rl,initial_rl
REC-C9EFC1B27B0CEB0A,TRN-EFE7A5CE0260DEE9,B,stratified_balanced_rl,initial_rl
REC-CA0C8F92B2CC65BC,TRN-2D36747443EF0845,C,stratified_balanced_rl,initial_rl
REC-CA36971A703BA06A,TRN-E429394BE8D4764C,C,stratified_balanced_rl,initial_rl
REC-CACA8EB71CA0D739,TRN-D6ABB8A6856317D9,A,stratified_balanced_rl,initial_rl
REC-CAE94BBEECCA433A,TRN-71BD74FD53A0D996,C,stratified_balanced_rl,initial_rl
REC-CB4818683DD4C484,TRN-EDAA8916102819E3,A,stratified_balanced_rl,initial_rl
REC-CB832B52BAA24AD2,TRN-50FE4A72C23F3F86,A,stratified_balanced_rl,initial_rl
REC-CBCFDF75AC33D29B,TRN-A757716E9EAF2BE6,A,stratified_balanced_rl,initial_rl
REC-CBDA9CBCFEDEA1E3,TRN-92EF237DF7ADE71A,A,stratified_balanced_rl,initial_rl
REC-CC3C2B8BFC9F27B1,TRN-04C0C6980086600D,C,stratified_balanced_rl,initial_rl
REC-CC6BB292E7C84606,TRN-1EB090E17B720963,A,stratified_balanced_rl,initial_rl
REC-CCBE2CD5265E8918,TRN-8E27C613DB483F36,C,stratified_balanced_rl,initial_rl
REC-CCFB722E303B5916,TRN-74B36ECA02DCD888,B,stratified_balanced_rl,initial_rl
REC-CD03705A749EC0D3,TRN-3B2AE34B2E8AD65C,C,stratified_balanced_rl,initial_rl
REC-CE08442227E15D1C,TRN-129BFCEC6FDD8E08,C,stratified_balanced_rl,initial_rl
REC-CE14215C009A05E2,TRN-6B32262B829F96C0,C,stratified_balanced_rl,initial_rl
REC-CE26D47C2C7B3EAE,TRN-BE89028D2C73AE72,C,stratified_balanced_rl,initial_rl
REC-CE2E8824B0531DC6,TRN-87C63AEB8FC5BDBA,C,stratified_balanced_rl,initial_rl
REC-CE32A408E2D16C7F,TRN-63E92EEA5E2F12AF,B,stratified_balanced_rl,initial_rl
REC-CE58D6B41328FA7B,TRN-12EE6C93AB6C1330,C,stratified_balanced_rl,initial_rl
REC-CE7E3F390133A846,TRN-F337A8053D244B4B,C,stratified_balanced_rl,initial_rl
REC-CF44D2E18E73A79D,TRN-DD78856C6E8D6A5A,A,stratified_balanced_rl,initial_rl
REC-CF49C923CD6CD67D,TRN-E6A538656EB573E8,C,stratified_balanced_rl,initial_rl
REC-CF5145DA27979A79,TRN-62D719D130A03F79,A,stratified_balanced_rl,initial_rl
REC-CF5A6E85F1D5D271,TRN-F7F8F2E25E1D5D14,A,stratified_balanced_rl,initial_rl
REC-CFB579CFE6A2C6F9,TRN-C2B20A5A7998C655,A,stratified_balanced_rl,initial_rl
REC-CFC10F71D0868F57,TRN-DB10BE73265ACE8B,A,stratified_balanced_rl,initial_rl
REC-CFC2C64B406ED30C,TRN-FA9891AEF78AFFC6,A,stratified_balanced_rl,initial_rl
REC-CFE1F8EE6E85BACC,TRN-0FDB9C7E9FEFF192,B,stratified_balanced_rl,initial_rl
REC-CFF5758CB6E463BD,TRN-0F0CC2CE7CB3F821,A,stratified_balanced_rl,initial_rl
REC-CFFD6D36432A82C9,TRN-75FCC497E170B528,A,stratified_balanced_rl,initial_rl
REC-D076108FA65807F6,TRN-B0B29440CE0F529B,A,stratified_balanced_rl,initial_rl
REC-D0C5CAF0149666C8,TRN-00BA5924FDCCE4C7,C,stratified_balanced_rl,initial_rl
REC-D1500803C8CE2D07,TRN-E0EA21EF2C6305F4,A,stratified_balanced_rl,initial_rl
REC-D175C739F7E9FF39,TRN-966122929FD8624E,A,stratified_balanced_rl,initial_rl
REC-D18B2B50F569375F,TRN-7C416602535246FC,C,stratified_balanced_rl,initial_rl
REC-D1C30BDFA3B34E8E,TRN-BBA2AB07E2342BDB,C,stratified_balanced_rl,initial_rl
REC-D201C152717506D4,TRN-AFA62337509745CE,C,stratified_balanced_rl,initial_rl
REC-D22D9D15304CF8D4,TRN-44A33FAF847990E1,A,stratified_balanced_rl,initial_rl
REC-D22E8D146927A8F6,TRN-F588A8200C762A7D,A,stratified_balanced_rl,initial_rl
REC-D24D59061CD64691,TRN-32276E506E56E286,B,stratified_balanced_rl,initial_rl
REC-D25849A95F0BE994,TRN-C2B191562990245B,C,stratified_balanced_rl,initial_rl
REC-D270B050CBC00F09,TRN-14E7604B1E48316B,A,stratified_balanced_rl,initial_rl
REC-D288322FDE8875B0,TRN-9B0C6A4EEA4DE7A6,C,stratified_balanced_rl,initial_rl
REC-D29A72DDAC60C491,TRN-016EE6F5D42B9F73,B,stratified_balanced_rl,initial_rl
REC-D2A968084E395E94,TRN-070863BCCBBDE47F,C,stratified_balanced_rl,initial_rl
REC-D4195C61F2F1526A,TRN-2629B62C244D6FB5,B,stratified_balanced_rl,initial_rl
REC-D43CAACFF7B16E30,TRN-3771B5228E454EAC,C,stratified_balanced_rl,initial_rl
REC-D4A3B87CD884F689,TRN-1EF6E85FDD66606D,A,stratified_balanced_rl,initial_rl
REC-D4AB65032B787E08,TRN-F42471CD3F5E176D,C,stratified_balanced_rl,initial_rl
REC-D4B2FB547C40F31B,TRN-9E13216AA8C4958C,C,stratified_balanced_rl,initial_rl
REC-D502E0FD07F8FF31,TRN-C901EEF07510B6F8,A,stratified_balanced_rl,initial_rl
REC-D5254EBEF2BF3626,TRN-BE15414604B69C8A,B,stratified_balanced_rl,initial_rl
REC-D537B72E1D0B2AAC,TRN-5B9A9A328E8CBDA8,A,stratified_balanced_rl,initial_rl
REC-D55D016FDBE87D58,TRN-54F2AB459ECC35C0,B,stratified_balanced_rl,initial_rl
REC-D573A63D6937EC27,TRN-7E068BB8C628F3FD,A,stratified_balanced_rl,initial_rl
REC-D580B71E3450C882,TRN-EBD907AE42ED9D6E,B,stratified_balanced_rl,initial_rl
REC-D5C77059D4576E94,TRN-4A9811E3D34C16C3,C,stratified_balanced_rl,initial_rl
REC-D5EAE07570651807,TRN-AD72FA45AA462504,B,stratified_balanced_rl,initial_rl
REC-D640F035D004C92F,TRN-004EF7EB2A58BCE2,A,stratified_balanced_rl,initial_rl
REC-D64E433C5960E65B,TRN-26280288D8D4CAA9,C,stratified_balanced_rl,initial_rl
REC-D669E484B683EFAB,TRN-8C0726A63B7B7C11,C,stratified_balanced_rl,initial_rl
REC-D66BA08037E4C6F1,TRN-71D1FB8992BE82AB,C,stratified_balanced_rl,initial_rl
REC-D694424665365BED,TRN-1204F7D38F44B51E,B,stratified_balanced_rl,initial_rl
REC-D695E980679EFC9C,TRN-335C8CF59E16871A,A,stratified_balanced_rl,initial_rl
REC-D6DA61DEAF6CA02A,TRN-A26A46BBD9D2BCDA,A,stratified_balanced_rl,initial_rl
REC-D6F232E69BD04E12,TRN-19DD2F6E4EE12C95,B,stratified_balanced_rl,initial_rl
REC-D70A520ED940A3A3,TRN-AA1E634CD4B525D5,B,stratified_balanced_rl,initial_rl
REC-D70C907AADEDC7F3,TRN-7C844CC2ADEF3E3B,A,stratified_balanced_rl,initial_rl
REC-D7245F416E8544BB,TRN-A1CD6869297B06D8,C,stratified_balanced_rl,initial_rl
REC-D7410B12B5EACE32,TRN-A95D1A3B30C05499,B,stratified_balanced_rl,initial_rl
REC-D74BFFF204A22613,TRN-553C94CDDF2C6DD8,B,stratified_balanced_rl,initial_rl
REC-D7ABE9684B7014BD,TRN-04E8B261D741A822,A,stratified_balanced_rl,initial_rl
REC-D7B267DDF2EF1B98,TRN-FDAECE2A234A3EFC,B,stratified_balanced_rl,initial_rl
REC-D86CADC7944F2933,TRN-EC4C65F7357AAD83,A,stratified_balanced_rl,initial_rl
REC-D8728DB6C4982D0C,TRN-1770CA321E85BB13,B,stratified_balanced_rl,initial_rl
REC-D8B6F3D82EAAFBB9,TRN-87524296AAC820F7,B,stratified_balanced_rl,initial_rl
REC-D91784592F7CACDD,TRN-9989D9AF46AE7536,C,stratified_balanced_rl,initial_rl
REC-D979374FBC6BC456,TRN-453072C91AD45116,B,stratified_balanced_rl,initial_rl
REC-D993EBDF6949D6DA,TRN-FBDE6680F36D4F08,C,stratified_balanced_rl,initial_rl
REC-D9940D08D9BB6D3A,TRN-2B982023F4AE79D2,A,stratified_balanced_rl,initial_rl
REC-D9EFA24EDFBE0D77,TRN-821E802C14117AE4,C,stratified_balanced_rl,initial_rl
REC-D9F2BD23DF9581F0,TRN-45E6AB0A9E5DFE3A,C,stratified_balanced_rl,initial_rl
REC-DA0A793104A4D7FD,TRN-59E8DA8EB232F373,C,stratified_balanced_rl,initial_rl
REC-DA42443C7D378F14,TRN-234BDE137C084205,B,stratified_balanced_rl,initial_rl
REC-DA9310FA4A1E1F48,TRN-155E76DFA395F72C,C,stratified_balanced_rl,initial_rl
REC-DA984FEA84E02ECE,TRN-9BAE0A244FD84532,B,stratified_balanced_rl,initial_rl
REC-DABBB3A7FDC0A828,TRN-70C5F7157939531D,A,stratified_balanced_rl,initial_rl
REC-DABF2228EA7802B0,TRN-AC527C334113F520,A,stratified_balanced_rl,initial_rl
REC-DAC03E3B0C875107,TRN-5B200692BC10AC57,C,stratified_balanced_rl,initial_rl
REC-DACC1FD99C139F63,TRN-3C0F1A1C1695AB68,A,stratified_balanced_rl,initial_rl
REC-DACD46785DF82CDB,TRN-D755867E19CF2C5E,B,stratified_balanced_rl,initial_rl
REC-DAF6B2EFDA7FAB73,TRN-F91A2EB032182A64,A,stratified_balanced_rl,initial_rl
REC-DB8DF5246BB15FFD,TRN-9069AB445069E3A2,B,stratified_balanced_rl,initial_rl
REC-DBC58EB392A9AEA7,TRN-C34C9BD7896C4343,B,stratified_balanced_rl,initial_rl
REC-DBD47F3CA73DE615,TRN-D9AF5E15A820DE45,C,stratified_balanced_rl,initial_rl
REC-DBF4BAD6CA57880C,TRN-8BA4FBD7F0CCB26F,B,stratified_balanced_rl,initial_rl
REC-DC131071A06F15CE,TRN-8D46B580026E2502,C,stratified_balanced_rl,initial_rl
REC-DC2E678E7861AE20,TRN-C678C4AA21820C75,C,stratified_balanced_rl,initial_rl
REC-DC49EB7974D053A2,TRN-F961B4B7CB1EC760,A,stratified_balanced_rl,initial_rl
REC-DC4DA752FAAB88B6,TRN-F175580D0805ECBA,A,stratified_balanced_rl,initial_rl
REC-DC5331FEE0E88D77,TRN-42D5AE72A1EF29F8,C,stratified_balanced_rl,initial_rl
REC-DC9F5BFB8BB75880,TRN-87BA2AE54AF153B2,C,stratified_balanced_rl,initial_rl
REC-DCB64AFE545AFB4C,TRN-F50C3B2788432DB9,C,stratified_balanced_rl,initial_rl
REC-DCCAF55FB66E44D1,TRN-0FA1363721F26E70,C,stratified_balanced_rl,initial_rl
REC-DCDBA8D827273B99,TRN-85293217959882F7,B,stratified_balanced_rl,initial_rl
REC-DCFEA1123AFB78CA,TRN-F1441D0491DC7E05,A,stratified_balanced_rl,initial_rl
REC-DD3FE9ECA2B074BE,TRN-2E60037F5EEAA8B5,B,stratified_balanced_rl,initial_rl
REC-DD7C74CE67638697,TRN-AC0E3A9C7439DD7E,A,stratified_balanced_rl,initial_rl
REC-DE3F2CAA38EAD31D,TRN-C5EBA6281101CD3E,C,stratified_balanced_rl,initial_rl
REC-DE523DE32B10DF3A,TRN-1160ECFC51A79ABF,B,stratified_balanced_rl,initial_rl
REC-DE548224FBD4F840,TRN-D966FA3E608ACC41,A,stratified_balanced_rl,initial_rl
REC-DE87F8077C06D3D5,TRN-37B65D327A627591,B,stratified_balanced_rl,initial_rl
REC-DEA32C8FFCCE4B11,TRN-BBBEED5AEC0179E9,B,stratified_balanced_rl,initial_rl
REC-DEAC5CF0F5023051,TRN-F72DBDA5B55962B4,A,stratified_balanced_rl,initial_rl
REC-DEC5C5CBCCD5BF29,TRN-4558521C5FD7C145,C,stratified_balanced_rl,initial_rl
REC-DECBAA294524CC64,TRN-899B76EAA24F29EA,A,stratified_balanced_rl,initial_rl
REC-DEDEFF74F8241803,TRN-0750343EB1F5D44F,C,stratified_balanced_rl,initial_rl
REC-DF565C4F1E60A12A,TRN-3CF5E8E69A8BFADD,B,stratified_balanced_rl,initial_rl
REC-DF7D48B04CE85236,TRN-9511E2C2137A4915,C,stratified_balanced_rl,initial_rl
REC-DF825877415847BB,TRN-6E42AFBE528E250B,C,stratified_balanced_rl,initial_rl
REC-DF840A47A153AA1A,TRN-195EAA5B78BD0BD7,B,stratified_balanced_rl,initial_rl
REC-DFA28DA6D2809E17,TRN-B50741A4F5DEAE83,B,stratified_balanced_rl,initial_rl
REC-DFE25F68D51AE9E4,TRN-3E321FEF84B14FB9,B,stratified_balanced_rl,initial_rl
REC-DFFC82E249EF3E82,TRN-F8B4302DA3947DE8,B,stratified_balanced_rl,initial_rl
REC-E030FA221B63CB7A,TRN-582B84FF371DD36D,A,stratified_balanced_rl,initial_rl
REC-E048AF3CFAB4A21C,TRN-CD97A276640BFF71,A,stratified_balanced_rl,initial_rl
REC-E07109A5CAD92017,TRN-BE32EBA8FBE1D10F,A,stratified_balanced_rl,initial_rl
REC-E082ABEDFB12E756,TRN-23A3276AE34357E7,C,stratified_balanced_rl,initial_rl
REC-E086FE85E1439D21,TRN-4325DED72BA2432C,A,stratified_balanced_rl,initial_rl
REC-E0AFA557DEC15D4A,TRN-803FA6273F160426,A,stratified_balanced_rl,initial_rl
REC-E0B082D5555B2749,TRN-8E0C383CE692294B,A,stratified_balanced_rl,initial_rl
REC-E0B7A4FD5EF0D31C,TRN-F06868FCABC16C0C,C,stratified_balanced_rl,initial_rl
REC-E0D0C6FB89EBCC2F,TRN-AF63911B4475F8FE,C,stratified_balanced_rl,initial_rl
REC-E0E9D283C84B0CA6,TRN-00718408537EBB93,C,stratified_balanced_rl,initial_rl
REC-E0ED4081282AD135,TRN-22159B32AD16D41E,B,stratified_balanced_rl,initial_rl
REC-E121A41508C87B56,TRN-852B0BD813B1CA48,B,stratified_balanced_rl,initial_rl
REC-E12F8078A07C4CC2,TRN-83D3F7A50263E9B7,B,stratified_balanced_rl,initial_rl
REC-E1601027CFCAE209,TRN-B084A02FD770CE65,B,stratified_balanced_rl,initial_rl
REC-E16834648235B26B,TRN-AB25FF7982807B48,A,stratified_balanced_rl,initial_rl
REC-E17EE0587B008466,TRN-C1682F288DFD5B5D,C,stratified_balanced_rl,initial_rl
REC-E184CFE617C7A4B5,TRN-87B9204BDCBBDFBD,B,stratified_balanced_rl,initial_rl
REC-E19A3DF4D4EC1F9F,TRN-6A46C849D9D95637,C,stratified_balanced_rl,initial_rl
REC-E1A697ED2D6BC005,TRN-2F35EC4D9A97330B,A,stratified_balanced_rl,initial_rl
REC-E1FA3DFD90DBA5E3,TRN-73D9BEA1DD45F896,A,stratified_balanced_rl,initial_rl
REC-E1FF7E7DB67245C1,TRN-5B33A45007B52CC0,C,stratified_balanced_rl,initial_rl
REC-E205BBB174B3CAA5,TRN-C198C1D919ABFE48,B,stratified_balanced_rl,initial_rl
REC-E220452967A76EEB,TRN-0CFF5D2A5ACAA7D4,A,stratified_balanced_rl,initial_rl
REC-E2267E2170C44883,TRN-37BFAEF492D54652,A,stratified_balanced_rl,initial_rl
REC-E227713EB645CE2D,TRN-141C1BB26CC28E75,A,stratified_balanced_rl,initial_rl
REC-E23FF61B157B7317,TRN-D1B32E310EE285AD,B,stratified_balanced_rl,initial_rl
REC-E249177FE37808AE,TRN-98BD598E60EA77DF,A,stratified_balanced_rl,initial_rl
REC-E29621090CDA1DCB,TRN-94244C479D374C68,A,stratified_balanced_rl,initial_rl
REC-E2A64E7461DFA822,TRN-4D08EC403CA1F4DC,C,stratified_balanced_rl,initial_rl
REC-E30A115F0A0BFE27,TRN-EFF797EAF7CE3467,A,stratified_balanced_rl,initial_rl
REC-E30CA8A16027836B,TRN-65DD4414E72A0C69,A,stratified_balanced_rl,initial_rl
REC-E30DDE789D979795,TRN-325FB0F392E6D51F,B,stratified_balanced_rl,initial_rl
REC-E31F1A803373996C,TRN-427A8BE1A3D8C468,B,stratified_balanced_rl,initial_rl
REC-E336697FE199DCAB,TRN-284B9D662BC1E176,A,stratified_balanced_rl,initial_rl
REC-E355AE28D91271E4,TRN-466BB9D8C198A9BB,A,stratified_balanced_rl,initial_rl
REC-E35C88B51DD3AB6F,TRN-CC05F760D9E594CB,A,stratified_balanced_rl,initial_rl
REC-E37BBB51783728E9,TRN-F7B6F4CB50EABD2C,C,stratified_balanced_rl,initial_rl
REC-E3A1064BF1094A9F,TRN-68EA183B71B509C8,A,stratified_balanced_rl,initial_rl
REC-E3BFE5496EE2A404,TRN-4B34528DE6C021C7,B,stratified_balanced_rl,initial_rl
REC-E3E5C3B18A1D12C0,TRN-BC98A68D40312279,B,stratified_balanced_rl,initial_rl
REC-E3E61BCF0768F30C,TRN-33A879EC30E4B401,A,stratified_balanced_rl,initial_rl
REC-E4027DCEFFB2ADA5,TRN-774266EFD4187791,C,stratified_balanced_rl,initial_rl
REC-E437CA38E332D2EF,TRN-275E15B41BF210B0,C,stratified_balanced_rl,initial_rl
REC-E441F69FA54AE066,TRN-4F7432CE63732524,C,stratified_balanced_rl,initial_rl
REC-E4AAE70024920F11,TRN-0BD28B7B581DE959,C,stratified_balanced_rl,initial_rl
REC-E4EF3D442273514B,TRN-14DBF901E04D575A,A,stratified_balanced_rl,initial_rl
REC-E51B1B03C849BE8C,TRN-B4E6CB3C0041D41C,B,stratified_balanced_rl,initial_rl
REC-E5A851B471DDE436,TRN-FEB716C229CC1C0D,C,stratified_balanced_rl,initial_rl
REC-E5BC2C9B6E43ABCA,TRN-6485CB17F711D26F,A,stratified_balanced_rl,initial_rl
REC-E5BDE2EC3F0BFDF1,TRN-DC715D94B2B6C64F,C,stratified_balanced_rl,initial_rl
REC-E5E10E489614B93F,TRN-D92DFAAE47B8BB43,A,stratified_balanced_rl,initial_rl
REC-E5E8D6C1552D5129,TRN-6F565BA599B135B7,A,stratified_balanced_rl,initial_rl
REC-E61AFC1658776DCC,TRN-5FEC7911F92F0D9F,C,stratified_balanced_rl,initial_rl
REC-E643A20530731B51,TRN-D10AA1E1B7932A5D,A,stratified_balanced_rl,initial_rl
REC-E653C73377639208,TRN-8A5E66352049B7FB,C,stratified_balanced_rl,initial_rl
REC-E6DEB7750472E23B,TRN-FADA856E233F939F,C,stratified_balanced_rl,initial_rl
REC-E6ED61C8069462B2,TRN-610FAE222E77197B,B,stratified_balanced_rl,initial_rl
REC-E7233DC282588AE1,TRN-D5952D4D41B0138F,A,stratified_balanced_rl,initial_rl
REC-E7ADD4D8FCD4FB8F,TRN-34D9B1E0CE8AA379,A,stratified_balanced_rl,initial_rl
REC-E7BEA4012E1CA4A0,TRN-3AA7A668E741C859,B,stratified_balanced_rl,initial_rl
REC-E7C3F4DCD9804610,TRN-2AB1E31972BB75FA,C,stratified_balanced_rl,initial_rl
REC-E7FA2177FB63B84B,TRN-C03C8607D9885DAF,A,stratified_balanced_rl,initial_rl
REC-E8030F84E466A81A,TRN-844A45D0BC6BCB31,B,stratified_balanced_rl,initial_rl
REC-E8034CE95F090AC4,TRN-E616CF50180BE78E,C,stratified_balanced_rl,initial_rl
REC-E80D3FEB43C4C7D6,TRN-E537689D73752319,A,stratified_balanced_rl,initial_rl
REC-E85EE518EC26430A,TRN-6CC3A576CCCA6753,B,stratified_balanced_rl,initial_rl
REC-E8E023BC608D87C6,TRN-032E3A6D0AE42E57,B,stratified_balanced_rl,initial_rl
REC-E8F4EF63AC1AE3B2,TRN-3A6E768847347A2A,B,stratified_balanced_rl,initial_rl
REC-E8F9362BF7CF410E,TRN-E768B6270E615F91,A,stratified_balanced_rl,initial_rl
REC-E91C789441718212,TRN-7F4558BB3EFF39CC,B,stratified_balanced_rl,initial_rl
REC-E961DDC660D716DD,TRN-AC505A4750A31EEF,B,stratified_balanced_rl,initial_rl
REC-E964A13BBF1034F9,TRN-EA34F93B9B6A1A5B,A,stratified_balanced_rl,initial_rl
REC-E9C11E21C1629374,TRN-76C173560A9B5A54,C,stratified_balanced_rl,initial_rl
REC-E9DD0312BEF835A2,TRN-831E67E452C7D8DB,A,stratified_balanced_rl,initial_rl
REC-E9E6E4882EE0C4B3,TRN-949D46CE09003909,C,stratified_balanced_rl,initial_rl
REC-EA006FDEA40FC73D,TRN-D8871D7CBE460119,C,stratified_balanced_rl,initial_rl
REC-EA10D7FE86D97488,TRN-6D03784345CFF000,B,stratified_balanced_rl,initial_rl
REC-EA1E3530F245572C,TRN-ACA16F4511A398C8,C,stratified_balanced_rl,initial_rl
REC-EA5E59A4F8207194,TRN-2240BF09EF66D3AB,A,stratified_balanced_rl,initial_rl
REC-EA7BD62B4B22376B,TRN-ABCF843E60B06ABF,B,stratified_balanced_rl,initial_rl
REC-EAC564525C4809AF,TRN-BA834D87E9A6330C,B,stratified_balanced_rl,initial_rl
REC-EAF29CF2C32EF3D4,TRN-BE7EF01A29540EF7,C,stratified_balanced_rl,initial_rl
REC-EB0A436D370265F0,TRN-8ECA9505885B8806,C,stratified_balanced_rl,initial_rl
REC-EB1F680E7889339F,TRN-4E1B4F175A08F6C0,C,stratified_balanced_rl,initial_rl
REC-EB2477117A22690B,TRN-6B1D973E15D5202B,C,stratified_balanced_rl,initial_rl
REC-EB3D079CB92388DF,TRN-0ABB44EB410F9BE4,B,stratified_balanced_rl,initial_rl
REC-EB916AEFEF480AAD,TRN-DE26D1611E75A514,C,stratified_balanced_rl,initial_rl
REC-ED0C743F9B72EA22,TRN-106E2DD044E0F28A,B,stratified_balanced_rl,initial_rl
REC-ED303A0D5CD1ABF8,TRN-B2B783E03DCEAD09,B,stratified_balanced_rl,initial_rl
REC-ED60431A13ECF8A4,TRN-AFDEBCA86421A716,C,stratified_balanced_rl,initial_rl
REC-EDBC2F03F2AAAA19,TRN-4DB52D62A20405AF,A,stratified_balanced_rl,initial_rl
REC-EDC27B843DF207A5,TRN-7D4C149E5C67C375,A,stratified_balanced_rl,initial_rl
REC-EDE2032B939B6F01,TRN-AECB386F50F57241,B,stratified_balanced_rl,initial_rl
REC-EDEF394F6BA3C838,TRN-44F154A7841967E4,A,stratified_balanced_rl,initial_rl
REC-EDF8DF59B7F97A74,TRN-03D700713A9952AB,C,stratified_balanced_rl,initial_rl
REC-EE26D43E238B79FD,TRN-DC19E60A123F5EAC,B,stratified_balanced_rl,initial_rl
REC-EE3BBC60060DE989,TRN-01564B7C4CA9DC8C,B,stratified_balanced_rl,initial_rl
REC-EE7B8A8E8FB16536,TRN-8B050158F6E61993,C,stratified_balanced_rl,initial_rl
REC-EE7F5B44577C2CB8,TRN-26D89C787775A532,A,stratified_balanced_rl,initial_rl
REC-EEBAAA197976F691,TRN-ECFE613E82A3B3AD,C,stratified_balanced_rl,initial_rl
REC-EEC31783BDACBE10,TRN-55C4E945D8DAC5FE,B,stratified_balanced_rl,initial_rl
REC-EEC8EC3905B50FD9,TRN-DB648035FB050E07,C,stratified_balanced_rl,initial_rl
REC-EEE535EB05D224CF,TRN-C7D792707328DEB0,B,stratified_balanced_rl,initial_rl
REC-EF25CEDDE66B622F,TRN-25427B7CE64A87D0,B,stratified_balanced_rl,initial_rl
REC-EFBB370EEBA31D8A,TRN-7B0A262D917D4310,C,stratified_balanced_rl,initial_rl
REC-EFBF27A908E003B8,TRN-C73573D9732C08AB,B,stratified_balanced_rl,initial_rl
REC-EFF6B4C80E9FE99E,TRN-6F141FC9A6B355AC,A,stratified_balanced_rl,initial_rl
REC-F0086A708746ED29,TRN-19C3104FEAF76C38,C,stratified_balanced_rl,initial_rl
REC-F01D9C76BB71809E,TRN-41E8D1959C002EF2,B,stratified_balanced_rl,initial_rl
REC-F02CF6EB04018EAB,TRN-069B342EB5EBFA78,A,stratified_balanced_rl,initial_rl
REC-F074C811F0000115,TRN-D875638D8C0F9B24,C,stratified_balanced_rl,initial_rl
REC-F075CD848625DAB2,TRN-8C1C7B9D9CF25DE8,C,stratified_balanced_rl,initial_rl
REC-F078C14131A721E8,TRN-225F84879E74B746,B,stratified_balanced_rl,initial_rl
REC-F124773F0488E987,TRN-D3238C4891A71A63,C,stratified_balanced_rl,initial_rl
REC-F198CCC14D63D883,TRN-BE9DF58201E6F4A6,B,stratified_balanced_rl,initial_rl
REC-F1A714435753C217,TRN-78048878B82562B7,C,stratified_balanced_rl,initial_rl
REC-F1AFDC57D87633EC,TRN-017CFE2E01527FE9,A,stratified_balanced_rl,initial_rl
REC-F1C12AF451F8E838,TRN-97679D6A964C539D,B,stratified_balanced_rl,initial_rl
REC-F28DBE3410219422,TRN-E4ABB76BA5070033,C,stratified_balanced_rl,initial_rl
REC-F2BFF438C1FCF3E7,TRN-F531AAA6776EC3BA,B,stratified_balanced_rl,initial_rl
REC-F2F46CCF36D987B7,TRN-0250E27DF0AB5F61,A,stratified_balanced_rl,initial_rl
REC-F2FDC8A576E60D6A,TRN-A81340919AE2CA0A,C,stratified_balanced_rl,initial_rl
REC-F334C639FDB10CBE,TRN-4642F13C20134FA3,B,stratified_balanced_rl,initial_rl
REC-F37FD0718E88C417,TRN-88075FB8B2046BB0,C,stratified_balanced_rl,initial_rl
REC-F3912DD0D24047B9,TRN-1C8FFE8BC5674F78,A,stratified_balanced_rl,initial_rl
REC-F410BF2AB821C5FA,TRN-3E7524E66FF9DEC3,A,stratified_balanced_rl,initial_rl
REC-F44B1388E327D3FD,TRN-BC87FA2AC9F40382,B,stratified_balanced_rl,initial_rl
REC-F452914B9E534503,TRN-9014EC4FA6CB630D,A,stratified_balanced_rl,initial_rl
REC-F45B8394D9F72AB4,TRN-5DDA66FFE9C54A88,C,stratified_balanced_rl,initial_rl
REC-F468FC3082FA0C40,TRN-B1A1BB225690049B,C,stratified_balanced_rl,initial_rl
REC-F4BE081B4E28387F,TRN-7B2B5CC8F1756F72,B,stratified_balanced_rl,initial_rl
REC-F4D93B1A3B63C736,TRN-49A6A7C85BED30BF,B,stratified_balanced_rl,initial_rl
REC-F5128134D3FCAFBB,TRN-E7D8348220874151,B,stratified_balanced_rl,initial_rl
REC-F522C8C6E9152A88,TRN-FB609770694B89A6,C,stratified_balanced_rl,initial_rl
REC-F525A3419386AC0D,TRN-91737DD180EA4002,B,stratified_balanced_rl,initial_rl
REC-F52BD04A04E26494,TRN-B3C0998495D73FAD,B,stratified_balanced_rl,initial_rl
REC-F5415ECAC2DE634E,TRN-A880CC5478B77C50,C,stratified_balanced_rl,initial_rl
REC-F55E161FC52B6776,TRN-005B2EC41F89680B,B,stratified_balanced_rl,initial_rl
REC-F5DD184589FC10AD,TRN-1E6196F97C387D07,A,stratified_balanced_rl,initial_rl
REC-F6036BF85673836D,TRN-97B0EC29C8D52192,A,stratified_balanced_rl,initial_rl
REC-F6216B5517686ACF,TRN-E6BFF85D92BC2490,C,stratified_balanced_rl,initial_rl
REC-F6A6BA93A73209DE,TRN-71BBD34E365FAA56,A,stratified_balanced_rl,initial_rl
REC-F6B5EAEECB51D89B,TRN-9F2F2FD128C16BE2,B,stratified_balanced_rl,initial_rl
REC-F6DA8DB1D7102662,TRN-B367F2F3E812C3A2,C,stratified_balanced_rl,initial_rl
REC-F704A975F9A99CEC,TRN-3D599F36D245B844,A,stratified_balanced_rl,initial_rl
REC-F7969E778C2BF7FA,TRN-94B0F9B6FBD86E8F,B,stratified_balanced_rl,initial_rl
REC-F7998C627E66EBCD,TRN-F073FC7494475A37,C,stratified_balanced_rl,initial_rl
REC-F7A6A0FD74B0F5AC,TRN-F6D398F5C7669A35,C,stratified_balanced_rl,initial_rl
REC-F88A4AC0E20DDEFF,TRN-6E24FEF9B71F1323,A,stratified_balanced_rl,initial_rl
REC-F8BE7DDF4A2588C7,TRN-1C9F9326241B169A,C,stratified_balanced_rl,initial_rl
REC-F8BEDE26C12808D1,TRN-E6E795F36D1B07F1,B,stratified_balanced_rl,initial_rl
REC-F8D0053ECA561734,TRN-CBC2F17702669E16,A,stratified_balanced_rl,initial_rl
REC-F8E05B6CE5FFCAC5,TRN-6CEF477C7FCBC4C0,A,stratified_balanced_rl,initial_rl
REC-F967A132D1C07897,TRN-57AD4525B27FA288,A,stratified_balanced_rl,initial_rl
REC-F97218886605527D,TRN-387717FB2132D26B,A,stratified_balanced_rl,initial_rl
REC-F9845FD96859C711,TRN-9A8A4223D9F32DBF,C,stratified_balanced_rl,initial_rl
REC-F98EEEB7AAAE4158,TRN-D85C81B61AFFBB39,B,stratified_balanced_rl,initial_rl
REC-F99C601A3E43295F,TRN-85382D4625AFF779,B,stratified_balanced_rl,initial_rl
REC-F9A644CA8198773A,TRN-15D89BE3BA663673,A,stratified_balanced_rl,initial_rl
REC-F9B0AA9BF0839325,TRN-C56FFB4DFCF45E79,A,stratified_balanced_rl,initial_rl
REC-F9BA58842FDC9B40,TRN-E7807BED1BEC596D,A,stratified_balanced_rl,initial_rl
REC-F9CECFD180CE7DF9,TRN-94CE31CBC9E8B34F,C,stratified_balanced_rl,initial_rl
REC-FA04B55AD9E0BCAE,TRN-313B881695FA14F8,B,stratified_balanced_rl,initial_rl
REC-FA08E0D80B491451,TRN-48CECCC43C1B9E9D,B,stratified_balanced_rl,initial_rl
REC-FA383334F6A47F81,TRN-766B6F816880EE3D,B,stratified_balanced_rl,initial_rl
REC-FA412A85A0F7044E,TRN-70A45F18438D4D26,B,stratified_balanced_rl,initial_rl
REC-FA642AD9B3DE2421,TRN-DAC96C5F827DB93D,B,stratified_balanced_rl,initial_rl
REC-FA64BC514D1083A9,TRN-80466A6E32088094,B,stratified_balanced_rl,initial_rl
REC-FA8203C52BE2D9BA,TRN-55BD463FE04F95E5,A,stratified_balanced_rl,initial_rl
REC-FAB7EA7C9E80482F,TRN-9D2B67E0B24B049B,C,stratified_balanced_rl,initial_rl
REC-FB057C926E733B36,TRN-B392C4C3D2635F42,A,stratified_balanced_rl,initial_rl
REC-FB0F543DE4498D9F,TRN-C75D7B26D29B2347,C,stratified_balanced_rl,initial_rl
REC-FB161FD788DE82B9,TRN-048F98AE5C342C33,A,stratified_balanced_rl,initial_rl
REC-FB1F0F51C0A18D00,TRN-E1CB1F35DAC58DF8,C,stratified_balanced_rl,initial_rl
REC-FB2CAEFA6F3E1E40,TRN-5C8D62151068C670,A,stratified_balanced_rl,initial_rl
REC-FB2F16CFBE7A7824,TRN-8C267E6EFD94A08F,B,stratified_balanced_rl,initial_rl
REC-FB595B02A4D6D3F1,TRN-E3B9D34723555DF0,B,stratified_balanced_rl,initial_rl
REC-FB65F923A0FC46E4,TRN-06118FA13DEB2FC4,B,stratified_balanced_rl,initial_rl
REC-FB6F99A6587520D5,TRN-40705F5E1C47B50C,B,stratified_balanced_rl,initial_rl
REC-FBC42329A0EDB8C0,TRN-85CB405E738AB7A7,B,stratified_balanced_rl,initial_rl
REC-FBEE808CE2AD13DA,TRN-B98157A7E011E8D9,B,stratified_balanced_rl,initial_rl
REC-FC0C902312EB8FB2,TRN-34E2B6DBDB7FF9E3,B,stratified_balanced_rl,initial_rl
REC-FC22A18E79090D99,TRN-6D706B28A06301C0,C,stratified_balanced_rl,initial_rl
REC-FC83998B4FAD5984,TRN-95EE8B644237EA06,A,stratified_balanced_rl,initial_rl
REC-FD0DC3B43EB02BDA,TRN-D52EB8A61D848ED6,B,stratified_balanced_rl,initial_rl
REC-FD21FC59CB59AD56,TRN-58ED8AEE3772EC44,C,stratified_balanced_rl,initial_rl
REC-FD223062FFBF18DA,TRN-6BB0A767E79E2B9B,A,stratified_balanced_rl,initial_rl
REC-FD7B6DDA526324F9,TRN-E401D5C40515CE91,B,stratified_balanced_rl,initial_rl
REC-FD8C16005701CD54,TRN-4F1686861AC44437,C,stratified_balanced_rl,initial_rl
REC-FDA1FC44C48B721C,TRN-4E289D2B0CC21991,B,stratified_balanced_rl,initial_rl
REC-FDA2957B371DF52E,TRN-EFC7A0108BDBED58,B,stratified_balanced_rl,initial_rl
REC-FE0EED574E4F90C3,TRN-D8DC3ECF393C52A9,C,stratified_balanced_rl,initial_rl
REC-FE2FCCD513E575D2,TRN-F82E5B0F94EC6EE3,C,stratified_balanced_rl,initial_rl
REC-FE417EE4A86B22E6,TRN-7FA5E283B16F594A,A,stratified_balanced_rl,initial_rl
REC-FE594E942C18454A,TRN-01B83BE4940B9409,C,stratified_balanced_rl,initial_rl
REC-FEB116158B53BB32,TRN-E503524B98FC59BD,A,stratified_balanced_rl,initial_rl
REC-FED7033B463676FD,TRN-126E9D1A9D5ACBBC,C,stratified_balanced_rl,initial_rl
REC-FED7481BF207C96D,TRN-8E935916079B4A3E,B,stratified_balanced_rl,initial_rl
REC-FEFD2C82984DC712,TRN-9218256F691481B2,C,stratified_balanced_rl,initial_rl
REC-FF0622FBFFC2D4AD,TRN-CD8772F38045FA4E,B,stratified_balanced_rl,initial_rl
REC-FF34B4BF7E1FC129,TRN-04160BD026F9C833,C,stratified_balanced_rl,initial_rl
REC-FF8870653FB09605,TRN-B44DD0471C870B43,C,stratified_balanced_rl,initial_rl
REC-FFD19584E0650DB7,TRN-6CA99CA66B0ABC01,A,stratified_balanced_rl,initial_rl
