anon_record_id,anon_instance_id,category,training_phase,record_occurrence
REC-000DCAA90B37430F,TRN-ACAEF9146825296B,C,initial_expert_rl,1
REC-001A0F1410CF3EF4,TRN-60E746B3EE44B65F,C,initial_expert_rl,1
REC-0022476E57878C5A,TRN-71FD2FB833427C73,A,initial_expert_rl,1
REC-0030A4CE1AD1F9E3,TRN-E7A656D65427FCFF,C,initial_expert_rl,1
REC-00367EB32B89E9EC,TRN-D117BF53733089F6,B,initial_expert_rl,1
REC-004010E38D0B29E1,TRN-F9F715F67A68E532,C,initial_expert_rl,1
REC-005701345AB4DE38,TRN-8B7EB1B7E8C80839,A,initial_expert_rl,1
REC-0059BFDFE78F83BA,TRN-3D12529DA7F5935A,C,initial_expert_rl,1
REC-006DFF678E898F4D,TRN-6FAA766CEFDFA02C,A,initial_expert_rl,1
REC-007A7A57005BD494,TRN-FFA8D747DD6AC03A,C,initial_expert_rl,1
REC-00830D12EBA9C213,TRN-3D3551211D5C6B59,C,initial_expert_rl,1
REC-0099BF289171F631,TRN-E61D965DE432E9FA,C,initial_expert_rl,1
REC-00DF6290E30D8FDB,TRN-27D125019698B4AA,C,initial_expert_rl,1
REC-00E1706A63B1132A,TRN-EFC75F1B54D27CAC,B,initial_expert_rl,1
REC-01332E8FF2DC4F43,TRN-C0B72496EAA6F928,C,initial_expert_rl,1
REC-014ABD5F6534D8D5,TRN-9D73B73FC5E38D7E,C,initial_expert_rl,1
REC-0163130DD07F44F7,TRN-2E62C10D14BFA947,C,initial_expert_rl,1
REC-017BA86A3F594EF2,TRN-FCAE87006B64CBF5,B,initial_expert_rl,1
REC-01858ACA93B91F1C,TRN-A475FDADDE8F1D24,B,initial_expert_rl,1
REC-01AAB067289CB116,TRN-42DC71B3FF4E34A2,C,initial_expert_rl,1
REC-01AC5CAF14149363,TRN-578E43369DCFEC8E,C,initial_expert_rl,1
REC-01B88AEE4850729F,TRN-7F3205801ADC4147,C,initial_expert_rl,1
REC-01DDBF0E54728350,TRN-1DD6D6941AFEA89F,C,initial_expert_rl,1
REC-020D711C47221EBB,TRN-952FE7BBBABF9BF1,C,initial_expert_rl,1
REC-021CF09858290EF9,TRN-25E03A6A8D30C3F0,B,initial_expert_rl,1
REC-022CF828D3249EA1,TRN-20AD8C3F40C6D4B5,C,initial_expert_rl,1
REC-024964B977169B77,TRN-41118EFF99D4B189,C,initial_expert_rl,1
REC-0252767E4B707DE2,TRN-42B4B187E5BE19BA,B,initial_expert_rl,1
REC-025B18B98539E67C,TRN-55947DBA66852C1E,A,initial_expert_rl,1
REC-025EA40CA140BBD7,TRN-47DB03903303FB54,C,initial_expert_rl,1
REC-027ED0F847AAC32A,TRN-A10B380BFDBB09CF,C,initial_expert_rl,1
REC-028C2E853337532C,TRN-EEA55BC5790C36F2,A,initial_expert_rl,1
REC-0291D5C5E141E5AA,TRN-EDD70B0F27246A86,C,initial_expert_rl,1
REC-02A8BFFB6D6A327A,TRN-E0EE27C68DE1D9DC,A,initial_expert_rl,1
REC-02C40E79FADFCCD6,TRN-DB3306517B22FC70,A,initial_expert_rl,1
REC-02C83462C0BCCA26,TRN-D91FAD1F2722DEC9,A,initial_expert_rl,1
REC-02EEFA6054814898,TRN-1B17154315442681,C,initial_expert_rl,1
REC-0318CF1A3985A6EA,TRN-F07F92F2ADACECE2,C,initial_expert_rl,1
REC-032DFF0B23B10D7A,TRN-1D7ABD5AFC8BC8A3,A,initial_expert_rl,1
REC-0346C8AF79811D09,TRN-2AF5747BDB487921,C,initial_expert_rl,1
REC-035470FD5387431E,TRN-696530281FB442D8,C,initial_expert_rl,1
REC-036EAE3B2AC1619F,TRN-6042057F25783928,C,initial_expert_rl,1
REC-037E2896E633C572,TRN-FD3730CE8163B290,C,initial_expert_rl,1
REC-0381B97EED35C311,TRN-671A1469C5D1B2D5,B,initial_expert_rl,1
REC-03918070F53E5848,TRN-BEBCE01331D0BABD,C,initial_expert_rl,1
REC-03A1B002B0DC6E2C,TRN-D04515FF3F1F38C1,C,initial_expert_rl,1
REC-03E4A2A9EE86C901,TRN-F392D7074CADD8BA,C,initial_expert_rl,1
REC-03E4D2C5F007B55D,TRN-A04FA3DD230BA726,A,initial_expert_rl,1
REC-040D6E8D695244BD,TRN-D599994BA7BF704B,B,initial_expert_rl,1
REC-041175D570BB26E5,TRN-8CEAF8FA81D44417,A,initial_expert_rl,1
REC-0431059C270E2EB3,TRN-A98C8574DF76E7F4,B,initial_expert_rl,1
REC-044136F4976F25E4,TRN-029E94667FBE2EB2,C,initial_expert_rl,1
REC-044185F7C5436C14,TRN-2A828B33494B51FF,C,initial_expert_rl,1
REC-04484D5872F696F7,TRN-08B5D8CAB6860AAD,C,initial_expert_rl,1
REC-045E370A00E6C816,TRN-D210ADC5970EE350,C,initial_expert_rl,1
REC-04882E6F7F2C446E,TRN-EE2E0B9F711C0F9C,C,initial_expert_rl,1
REC-04AAED489B95F7B9,TRN-05DCE6099C8158CD,C,initial_expert_rl,1
REC-04B1856C00CB1BE8,TRN-7B75432D370F5459,C,initial_expert_rl,1
REC-04BB175E33EB3A3E,TRN-B9A92DA46CF8ABDF,C,initial_expert_rl,1
REC-04BDB023001398B5,TRN-CD753B18A906E545,C,initial_expert_rl,1
REC-04C132C3E6BE4C23,TRN-86AF9CAE4966B20D,B,initial_expert_rl,1
REC-050870C2099F1DA6,TRN-50C4EE3DFACFDBCD,C,initial_expert_rl,1
REC-0529B47D8C679253,TRN-F6C08C6A4A48876A,A,initial_expert_rl,1
REC-053D2F550CAD841E,TRN-7BC0BB3990F5B60F,C,initial_expert_rl,1
REC-0549BFF4305FF17C,TRN-C2978C01494D94E9,C,initial_expert_rl,1
REC-056059F13F08E9A0,TRN-EE38D73BE6B3C35C,A,initial_expert_rl,1
REC-0560AB49E3651995,TRN-E98A69B77651AE72,B,initial_expert_rl,1
REC-0564BECCBAA1B7C5,TRN-C8EC506DA0D6151C,C,initial_expert_rl,1
REC-05670057CB19C0A6,TRN-D722BCEE8CF5C039,B,initial_expert_rl,1
REC-05930E0F451DD85D,TRN-2D93706ABFB1ECFC,C,initial_expert_rl,1
REC-05AA7CC9BE780D45,TRN-F353EE8AEFC8699F,C,initial_expert_rl,1
REC-05AFFD2621899795,TRN-EF7FA47732E4AFBD,B,initial_expert_rl,1
REC-05BE943F7B081323,TRN-92CFFF442435FD04,A,initial_expert_rl,1
REC-05E94D47F80C8FB6,TRN-7337BA74EE16AB4E,C,initial_expert_rl,1
REC-06005CB06CCBD65F,TRN-B7C6272A20855914,C,initial_expert_rl,1
REC-0631F965B57C9039,TRN-D4396F48CB4BABC9,C,initial_expert_rl,1
REC-063E71599BD0A894,TRN-368412DFE9BD0B4A,C,initial_expert_rl,1
REC-06449D77496FB1FF,TRN-2A03E1CD11615F2D,B,initial_expert_rl,1
REC-0667494BDDADBEEF,TRN-E74A0609F493B491,C,initial_expert_rl,1
REC-068789A956055F9D,TRN-670008B5ADA5C3CF,C,initial_expert_rl,1
REC-06943C26521199C7,TRN-F3F2C88E9FA6FCA0,C,initial_expert_rl,1
REC-069886F546779432,TRN-9917F2620F504CDF,A,initial_expert_rl,1
REC-069A60C54EA7A17F,TRN-604239D692D2E8B2,C,initial_expert_rl,1
REC-06A15566124A7206,TRN-8BACDFFD7B1D2D33,C,initial_expert_rl,1
REC-06ADA77EE5FB5275,TRN-F7D8AFC7387227DE,B,initial_expert_rl,1
REC-06F1E4DFABEF0D4C,TRN-3831829205A7E1AB,C,initial_expert_rl,1
REC-0706A726A7D82479,TRN-A80522A791FB6A36,C,initial_expert_rl,1
REC-07082358E4374D28,TRN-C173548910A21854,C,initial_expert_rl,1
REC-073589DCA3EF06C6,TRN-93F379D232AA0A41,C,initial_expert_rl,1
REC-073CD32046C323CD,TRN-E4FBF3DCEABA412B,C,initial_expert_rl,1
REC-0749A7A8FB3D47FA,TRN-09A965C9196C8C30,C,initial_expert_rl,1
REC-0752AE253ADEDA54,TRN-4EA67432B6F653FB,C,initial_expert_rl,1
REC-078F3A8F3E7C216D,TRN-7FFAD27F3C141639,B,initial_expert_rl,1
REC-078F919A3B68D5E6,TRN-AAD319A0AB8F8395,B,initial_expert_rl,1
REC-07AA86CA8621F852,TRN-E5CC73B5D9F99524,C,initial_expert_rl,1
REC-07AC73A0DD7A37C6,TRN-D9F419F248D8B109,C,initial_expert_rl,1
REC-07B9D3ECF89C3347,TRN-64B73BEAA64F6FBB,C,initial_expert_rl,1
REC-07C8A32D1535BFE9,TRN-C2A528595C2CC90D,C,initial_expert_rl,1
REC-07D63013660D3AA4,TRN-C549D7DD40C2CE75,C,initial_expert_rl,1
REC-082B7BE9027B9B36,TRN-C23A91119B19DA98,C,initial_expert_rl,1
REC-083DEE340DF66AAB,TRN-0E98898FA3053800,C,initial_expert_rl,1
REC-0871F12765FFA490,TRN-7072933C745A224B,B,initial_expert_rl,1
REC-0873937598B5E863,TRN-512FEF63E5C439E4,A,initial_expert_rl,1
REC-08B360D1C46B20EB,TRN-E85CDC7F43AB9F27,C,initial_expert_rl,1
REC-08B76F929D13D63B,TRN-E8AA9A5CBF2D6CD4,C,initial_expert_rl,1
REC-08B9963088137868,TRN-27602C9A121C0363,C,initial_expert_rl,1
REC-08DBAD2B1F6C3F50,TRN-6363F0B34BEDB787,A,initial_expert_rl,1
REC-08EC0F238BB645CC,TRN-A8AF190B8987CC4D,A,initial_expert_rl,1
REC-08F793A5FEBD2FF7,TRN-DBB34031823E2AE7,B,initial_expert_rl,1
REC-08F9AB0CC8D843C4,TRN-22C006EDB9EFA248,A,initial_expert_rl,1
REC-090A590868CD7540,TRN-719987B760A259E1,C,initial_expert_rl,1
REC-09271BDACBE9A08D,TRN-C2377AD7C7ACFF50,C,initial_expert_rl,1
REC-094F1ECB8A6CDFEE,TRN-BAF36504DA7E5133,C,initial_expert_rl,1
REC-095E8FA852C4BE5E,TRN-09B501833185B382,C,initial_expert_rl,1
REC-09752896497D2D64,TRN-ADDC2AEC706A6639,B,initial_expert_rl,1
REC-09AD8EAB00E608B6,TRN-A3D2ED221F26816B,C,initial_expert_rl,1
REC-09B1F7173DEA3B89,TRN-39E9055F8B3A0060,C,initial_expert_rl,1
REC-0A0BA4CB3A38DB35,TRN-5D561C28D1E28E60,C,initial_expert_rl,1
REC-0A2E92F05285AA0A,TRN-C50D8077CC77895C,C,initial_expert_rl,1
REC-0A652EB6CCA7E9B1,TRN-EF96CE7CA8F17059,B,initial_expert_rl,1
REC-0A7FF06485F68A0A,TRN-3BBA5FA62E9324DB,A,initial_expert_rl,1
REC-0AAB29F440A520C7,TRN-B17C7236FEFA095D,A,initial_expert_rl,1
REC-0ABBF29E5624B95F,TRN-18E0E1A0137BAEC5,C,initial_expert_rl,1
REC-0AD26F8BA9BCF132,TRN-34A9BFECAC96D253,B,initial_expert_rl,1
REC-0AFABFAB7EC85B23,TRN-5B04B52E4E15D0BF,C,initial_expert_rl,1
REC-0B5E3B21E0E0D896,TRN-CB3D90ADE0A30E88,C,initial_expert_rl,1
REC-0B908852D6EB35C7,TRN-9080C2079714CCE5,C,initial_expert_rl,1
REC-0B9AE699F4F2046A,TRN-7F6488EED1487FB1,B,initial_expert_rl,1
REC-0B9FE65B544D01B7,TRN-A8E9EFDBE05B4F45,B,initial_expert_rl,1
REC-0BC58FBDE7A9D9B9,TRN-28B7EAC536BBF8E2,C,initial_expert_rl,1
REC-0BEC8F9501E4B715,TRN-8F00C9944A9AA93C,C,initial_expert_rl,1
REC-0BF3C5569BB89AA6,TRN-B22524FE3BD68833,C,initial_expert_rl,1
REC-0C5993B129F1F241,TRN-65E567959B89126B,C,initial_expert_rl,1
REC-0CBEDD7B19E7BE2C,TRN-FAE143EA2D169985,A,initial_expert_rl,1
REC-0CCA727E3E3BF678,TRN-8F38291755BC53E7,A,initial_expert_rl,1
REC-0CFDD09430619A19,TRN-87CEFEF94C70E0A1,C,initial_expert_rl,1
REC-0D0669C3CC70768B,TRN-E26FE7013E5DEDD0,A,initial_expert_rl,1
REC-0D2F1AD04D293F29,TRN-39924DE32C4372F8,C,initial_expert_rl,1
REC-0D6087FBAD41CC37,TRN-6FAC8EBDE808932D,C,initial_expert_rl,1
REC-0DA2A4FD498A9401,TRN-BD170F0C11BF576C,C,initial_expert_rl,1
REC-0DAA5714575E6132,TRN-65594F711086EC82,B,initial_expert_rl,1
REC-0DAD361880DA5792,TRN-7A57A267BB932EB9,C,initial_expert_rl,1
REC-0DCE18C88EBC9FF7,TRN-CC8F21FB4C5C6875,C,initial_expert_rl,1
REC-0DD5F4BBEA23BC60,TRN-A0A7387D7D386527,C,initial_expert_rl,1
REC-0E1CAE64A729556F,TRN-38B7A8ED83D2743F,C,initial_expert_rl,1
REC-0E1EC779B1C7C65C,TRN-D78F673429DFCBF0,B,initial_expert_rl,1
REC-0E21A0884961CEE4,TRN-931E0A1B7F1570BE,B,initial_expert_rl,1
REC-0E2A5000C3969C2C,TRN-9C60ACBFB7A960F5,B,initial_expert_rl,1
REC-0E3AB721BDA97AB8,TRN-03FA34A9FF48943E,A,initial_expert_rl,1
REC-0E826CB4D4A62307,TRN-E1FBFAED245D2AEC,C,initial_expert_rl,1
REC-0E95AE4CB31042FD,TRN-2B3C9E653F8D4102,C,initial_expert_rl,1
REC-0EA33A3CD79ABE96,TRN-A08AFE63D5FD6E73,C,initial_expert_rl,1
REC-0EA712E2756718D5,TRN-A3B4E0521D49EEEF,A,initial_expert_rl,1
REC-0EAC09C7898F9E14,TRN-DA37333AC968DF38,A,initial_expert_rl,1
REC-0EBA4D49874F4E4E,TRN-9B4EF961DE2EB8C2,C,initial_expert_rl,1
REC-0EDB1CE436D0B1FF,TRN-EBF10134EC253171,C,initial_expert_rl,1
REC-0EE5D1459E5E0C96,TRN-99903EA1117EA542,B,initial_expert_rl,1
REC-0F043C5B1D21E532,TRN-E77437683DA3B1BF,C,initial_expert_rl,1
REC-0F259196E7CD7353,TRN-46AAD94CD990B5CE,C,initial_expert_rl,1
REC-0F3422A310158CB8,TRN-C7BCB0DC25530517,B,initial_expert_rl,1
REC-0F59A5F1883BC40A,TRN-45805A02BC45EAAF,C,initial_expert_rl,1
REC-0FBF83B70F47F944,TRN-C28B4721806C5FA7,C,initial_expert_rl,1
REC-0FBFEBB1DE9047F8,TRN-B17DD65334F06D34,C,initial_expert_rl,1
REC-0FF16F625F72B078,TRN-75025A9B666A2626,B,initial_expert_rl,1
REC-0FFBDAC3C8D9F3F4,TRN-1EF221714CF88754,C,initial_expert_rl,1
REC-10166F8779A31FD1,TRN-8B745F871187D576,C,initial_expert_rl,1
REC-1019664E02D16C16,TRN-7AF709F8A0FEBA15,A,initial_expert_rl,1
REC-1019A7D5FD78FF72,TRN-8302631B7EAE4198,B,initial_expert_rl,1
REC-102D7C7506E31407,TRN-8AF2642265C6EEFC,A,initial_expert_rl,1
REC-10351B6685548194,TRN-22285F9A1370AA6C,C,initial_expert_rl,1
REC-1040F13033B94FAC,TRN-ACAC63E0AA8E3C76,B,initial_expert_rl,1
REC-105ED6DD0FEF9910,TRN-7D43438864E70963,A,initial_expert_rl,1
REC-1060122D9EC61EB7,TRN-DDB3030BB206CF03,C,initial_expert_rl,1
REC-1072BF8825B8E971,TRN-33B66E9F49555DA4,C,initial_expert_rl,1
REC-1082E2582C7BB13F,TRN-9D5F3C7FA6F201C9,C,initial_expert_rl,1
REC-10AAC275442A89E6,TRN-4D234FEB987F2413,B,initial_expert_rl,1
REC-10B3507DE547A7E2,TRN-3797FA8BA25276B0,C,initial_expert_rl,1
REC-10C683C00463ACE8,TRN-F7439C101B4C6EB4,C,initial_expert_rl,1
REC-10CF1957FDD0FF75,TRN-C576E836C9307ECF,C,initial_expert_rl,1
REC-10CF7DF264245544,TRN-389DBB76D5D20112,C,initial_expert_rl,1
REC-10EE063BF2048A37,TRN-B28DCB80284E983C,A,initial_expert_rl,1
REC-10F17AA8354B2718,TRN-45F4BC9AB388EE27,A,initial_expert_rl,1
REC-10F944E7A5C15AE2,TRN-A3D4C253CFA61FD4,B,initial_expert_rl,1
REC-1116B99D9EE1F3E0,TRN-02497F5F70CDEB8E,B,initial_expert_rl,1
REC-11194C0E7940919A,TRN-11E589CCB05725CB,A,initial_expert_rl,1
REC-112B0D4EE7DE65A9,TRN-D8C23CCCA0B5496E,C,initial_expert_rl,1
REC-113761EADD3C41C7,TRN-0B9062E4BE2A288A,A,initial_expert_rl,1
REC-113867CF35547188,TRN-241E1D33E2BCEB89,C,initial_expert_rl,1
REC-1143E66D1DDD67DD,TRN-E660095F800BDECA,C,initial_expert_rl,1
REC-117430BAE84FF07A,TRN-88A69BE4EAE5176B,C,initial_expert_rl,1
REC-119C25929B771294,TRN-663A3ADA75CB898E,B,initial_expert_rl,1
REC-11BFC841FF50AC78,TRN-060C3C7491D6F43E,C,initial_expert_rl,1
REC-11D14BB4755552F5,TRN-9F7540BB005F63AD,C,initial_expert_rl,1
REC-11FE7337D94FA66F,TRN-9E5062C1223BE981,C,initial_expert_rl,1
REC-120DA70BE237CD3D,TRN-618B5065FBE91EDA,A,initial_expert_rl,1
REC-1210C392DA252C84,TRN-E3AE07090DE999F8,B,initial_expert_rl,1
REC-122BC04EEE42EE93,TRN-51506C2C2C621B33,A,initial_expert_rl,1
REC-12399052BEAFBBF2,TRN-7D898D50F38A551A,B,initial_expert_rl,1
REC-1263A6D46DE6319F,TRN-6FE7D762C68CF411,C,initial_expert_rl,1
REC-126CFA11C809C6F3,TRN-1A3ACFAFD1E36686,C,initial_expert_rl,1
REC-12890D9C7760D28D,TRN-0B0B720D89F34201,B,initial_expert_rl,1
REC-129E4BF060B3756E,TRN-34FF4ECD6D09D45C,C,initial_expert_rl,1
REC-129F1FC804175214,TRN-F7617521C0546C01,C,initial_expert_rl,1
REC-12D54B89A3CC0CF3,TRN-CDDD5BE430697193,A,initial_expert_rl,1
REC-12DA0971F5E008A6,TRN-E5A7C0ED8C61430A,C,initial_expert_rl,1
REC-12DD4CD346F7E457,TRN-159369C8989C4ACE,C,initial_expert_rl,2
REC-12E01D588D1D110C,TRN-FE25E2D8E48B7125,A,initial_expert_rl,1
REC-130B5090C508B20D,TRN-3081B4FACDF01576,C,initial_expert_rl,1
REC-134BD3BB979941FF,TRN-4FA665CD78EAC93E,C,initial_expert_rl,1
REC-1358C5993AE67FBE,TRN-A9EEB82F185F42F6,C,initial_expert_rl,1
REC-136E0D7B6FF64E34,TRN-DEE431459A7CF7FE,A,initial_expert_rl,1
REC-136E4D6FE313B239,TRN-72691FD14F0A2F1E,A,initial_expert_rl,1
REC-1390C53610AFB94B,TRN-F3FAE49C8D46F1B4,B,initial_expert_rl,1
REC-1397B472A9A98B52,TRN-C44A54EA24906FC9,C,initial_expert_rl,1
REC-13A7EC02FB2588D3,TRN-43860F4317A50399,A,initial_expert_rl,1
REC-13BB0E6B44B89DEA,TRN-594441E797D69594,B,initial_expert_rl,1
REC-13C4050A2243A038,TRN-0A313803711E2C92,B,initial_expert_rl,1
REC-13D52BEBA5E7EACE,TRN-4652FF5D616F28E2,C,initial_expert_rl,1
REC-13EC63DD385DABCA,TRN-7C257B331293E00C,C,initial_expert_rl,1
REC-13F991CCDE8D7575,TRN-9C6C760E9A8FC9D9,B,initial_expert_rl,1
REC-14160E37ACA0C30C,TRN-4A657A949D8AFD34,C,initial_expert_rl,1
REC-14B96F468EDF3226,TRN-7BCC25A3B35351D2,C,initial_expert_rl,1
REC-14C78F5C5A3711E5,TRN-7D3447C4ACCC0B75,A,initial_expert_rl,1
REC-151DBDB08835B82E,TRN-A568CA2237DA5AD9,C,initial_expert_rl,1
REC-1548AF0F3D0D45D7,TRN-3F08917CB82E0527,C,initial_expert_rl,1
REC-155670BA1D13AA81,TRN-0028BDFFB81852A4,C,initial_expert_rl,1
REC-155867ABD865F516,TRN-EDA7F0C70113FB86,C,initial_expert_rl,1
REC-156A7B38293F2D45,TRN-E21FCA9BE36D77C3,B,initial_expert_rl,1
REC-1574AE6872DBC735,TRN-20E8FF0E5B65D890,A,initial_expert_rl,1
REC-157BAC59850749C2,TRN-BFF373573C26E05E,B,initial_expert_rl,1
REC-15A013D957198086,TRN-AA1AB52D30626F71,B,initial_expert_rl,1
REC-15CE252207CDD75F,TRN-F79DD1DFBFF790E4,C,initial_expert_rl,1
REC-15E0563562AE3417,TRN-E75DC2DEC8F531F6,B,initial_expert_rl,1
REC-162A5BDB2FF4A84A,TRN-9FD71A6EDB6C7EBF,C,initial_expert_rl,1
REC-163462C240444770,TRN-B1984C2DA1747917,C,initial_expert_rl,1
REC-16415D1AE7873B21,TRN-5559CDE0028BC23C,B,initial_expert_rl,1
REC-16B5A00E23663927,TRN-13B413B02526BB6F,C,initial_expert_rl,1
REC-16CCE4D22D251F14,TRN-9083A9041AFDD341,C,initial_expert_rl,1
REC-16E297E1068B9CD0,TRN-485BB43569C29F57,C,initial_expert_rl,1
REC-16E81CC9064AE181,TRN-8DF0CBD5C44DF06B,A,initial_expert_rl,1
REC-16F7D93A265A867E,TRN-6B0EB872015DBE5C,C,initial_expert_rl,1
REC-170A31BF81A30DEA,TRN-61EA73522A12B00F,B,initial_expert_rl,1
REC-174704449AEB3E6B,TRN-4F5F8DA34F88E38F,C,initial_expert_rl,1
REC-176489F4FFD6DCC3,TRN-16314D2BBFBE8CEC,C,initial_expert_rl,1
REC-1781FC44115D9312,TRN-3F883D1FE2AA1823,A,initial_expert_rl,1
REC-1784F4E78DE39C63,TRN-F7BFA312FA65E0E5,C,initial_expert_rl,1
REC-17A60AFBC146D409,TRN-BAB421F3CAB0C04D,A,initial_expert_rl,1
REC-17B9125AF67268AA,TRN-0A944D032A6D918F,C,initial_expert_rl,1
REC-17C4483B4FFCF0CF,TRN-D7E47B64DC2AB657,C,initial_expert_rl,1
REC-17C88F082B967B4F,TRN-29CFC25137AFE473,B,initial_expert_rl,1
REC-17C9DE15C730AA19,TRN-B86D718AFA353130,A,initial_expert_rl,1
REC-17DF31868C0169D2,TRN-CCBC2C4165986071,B,initial_expert_rl,1
REC-17FD264C0AB3B24F,TRN-5C68EDDC6E0DA5C7,B,initial_expert_rl,1
REC-1800284D66246427,TRN-B89993162ABC13C4,C,initial_expert_rl,1
REC-1816A64984AFE3E5,TRN-A0A553D9CBF9E7F5,B,initial_expert_rl,1
REC-182AFF4651DC1D15,TRN-216651349F274002,C,initial_expert_rl,1
REC-182DC3C70E9DEA3D,TRN-67414FA2399DD582,B,initial_expert_rl,1
REC-1831D4DBF93C47E7,TRN-233ED8A618B2DCB8,C,initial_expert_rl,1
REC-1832EE5477EC061E,TRN-C28CBDE53FFDCDD6,C,initial_expert_rl,1
REC-183BD42E39E38282,TRN-F1571EECE72CA16A,C,initial_expert_rl,1
REC-184BAB4328260435,TRN-4EE0323DD9383A91,C,initial_expert_rl,1
REC-1888C2AA04F6DE77,TRN-4CD568B85BCAA3C3,C,initial_expert_rl,1
REC-1889B612803B212C,TRN-621E34941E2FF39A,B,initial_expert_rl,1
REC-18A10BCD30571366,TRN-AD5C89980D17A174,C,initial_expert_rl,1
REC-18B25197480BF476,TRN-CBC2128F777CB68C,C,initial_expert_rl,1
REC-18D127DB3D55BA2A,TRN-BB7C578DBA792659,C,initial_expert_rl,1
REC-18D38447E691CBA4,TRN-0E503D26E33C8DD3,C,initial_expert_rl,1
REC-18DD17A5B733AAB2,TRN-526C15768767484D,C,initial_expert_rl,1
REC-190764328AFA19D3,TRN-D8943984BC49C3D0,C,initial_expert_rl,1
REC-191F8DFBB19F7C45,TRN-05094B0D1C1F79E7,B,initial_expert_rl,1
REC-1935BEF1D16CAE09,TRN-509E2F10DCC5A61B,A,initial_expert_rl,1
REC-1936A1BDD6F2C48B,TRN-B16C100071CCF68F,B,initial_expert_rl,1
REC-1949106631241385,TRN-D894188844AD58C2,C,initial_expert_rl,1
REC-194FEC5505E460E2,TRN-B985C4162999B555,C,initial_expert_rl,1
REC-1954891A32BDCC59,TRN-8C4415904EFB1ECD,C,initial_expert_rl,1
REC-1957E49F9A025AC4,TRN-5C4DAE83DABA3B2B,C,initial_expert_rl,1
REC-195CD307B266B5C1,TRN-F5DCF1D435D98717,C,initial_expert_rl,1
REC-1964A6785536088A,TRN-CA0AC5E1A6AD6473,C,initial_expert_rl,1
REC-196580B92D11F076,TRN-AB3B3E4C2E9FB425,B,initial_expert_rl,1
REC-19A33077BFF6FEAC,TRN-2F14F31693F52D97,A,initial_expert_rl,1
REC-19B0217E12591B82,TRN-C48218ED9854620B,C,initial_expert_rl,1
REC-19C9124CEA2F8ACC,TRN-8B13F21EE531A5A4,C,initial_expert_rl,1
REC-19DC1E725048FB9A,TRN-C3E541022E703BB6,B,initial_expert_rl,1
REC-1A1C9A1889033507,TRN-414C03CB9F8520D1,C,initial_expert_rl,1
REC-1A1E2B7E272EF855,TRN-5FB3E15519356DB2,A,initial_expert_rl,1
REC-1A4D7A530A07F5BD,TRN-E7A7EBF2D8F14850,C,initial_expert_rl,1
REC-1A7F7CEB77093942,TRN-D90603C30136051C,A,initial_expert_rl,1
REC-1ABA8AC9FAEE5418,TRN-0EDA5E9E810A70A4,B,initial_expert_rl,1
REC-1AC1728AF5E9288D,TRN-A0CFF6FFFB45434C,A,initial_expert_rl,1
REC-1AD0B2C312F85F89,TRN-2BFB321BCA845E01,C,initial_expert_rl,1
REC-1AEC22EDD6A4CDC7,TRN-FA18F7E067038225,A,initial_expert_rl,1
REC-1AF64F2CDA1B00F6,TRN-983F3EB2A47C13FE,B,initial_expert_rl,1
REC-1B0EF9AAD87CB298,TRN-734B6DD7630CC447,B,initial_expert_rl,1
REC-1B291DE60B8947AE,TRN-D925116BEA4A48AA,C,initial_expert_rl,1
REC-1B2BEFD45E418D6B,TRN-D54C9F92884C1D91,C,initial_expert_rl,1
REC-1B5A8949AB9D09DD,TRN-39E9A9D411064687,C,initial_expert_rl,1
REC-1B6703FBD6F75165,TRN-79C42A1132D9775E,C,initial_expert_rl,1
REC-1B7F01DFC1098CC3,TRN-AEC2C9E1BBE1B278,C,initial_expert_rl,1
REC-1B7F4D0380864E52,TRN-24D3B9BE4F1C8160,C,initial_expert_rl,1
REC-1B8B4641B7F73630,TRN-63E8E0866B1752FA,B,initial_expert_rl,1
REC-1BEE8EF8B01B9F69,TRN-28345C76E81DD9CA,C,initial_expert_rl,1
REC-1BF86C928E579309,TRN-A908791C9A8F81B0,A,initial_expert_rl,1
REC-1C1A4E4E29F88D1E,TRN-2A6954C03396A53B,A,initial_expert_rl,1
REC-1C2885D53E74C46B,TRN-036F6128D1CE9D6B,C,initial_expert_rl,1
REC-1C2B0876182AE4E3,TRN-4B7369F9EF3D04AA,C,initial_expert_rl,1
REC-1C2F68B309B957BF,TRN-3975EDCD503E1237,C,initial_expert_rl,1
REC-1C3540D479445AC6,TRN-1EBE198514B0C329,C,initial_expert_rl,1
REC-1C3893BCC790B3E6,TRN-49C69412D34D51F1,C,initial_expert_rl,1
REC-1C4627362441D489,TRN-111E03803BECEF8E,C,initial_expert_rl,1
REC-1C58AA5234487606,TRN-341A476B7104C4B6,C,initial_expert_rl,1
REC-1C653C4A953D07C8,TRN-EF665A6C834CF0B6,C,initial_expert_rl,1
REC-1C69188F8C718EFD,TRN-68EA7A801C26D8B3,C,initial_expert_rl,1
REC-1C69621EE64FA99E,TRN-9F9510D3A4EEA727,B,initial_expert_rl,1
REC-1C825C0D811A83E4,TRN-417F9AD27A357E63,C,initial_expert_rl,1
REC-1CB3D9E12E91BAA3,TRN-AF33DAD54CA44F4C,C,initial_expert_rl,1
REC-1CC3068D19C62035,TRN-7809AEEBCF1E0AA3,C,initial_expert_rl,1
REC-1CD44DD72AD59342,TRN-0D3CA0438F8875BD,C,initial_expert_rl,1
REC-1CDF7773C1572C98,TRN-8F66F23A247AEED4,C,initial_expert_rl,1
REC-1D00E650DCA7046F,TRN-EFB731837AE10FDE,A,initial_expert_rl,1
REC-1D0645E30259021C,TRN-70E862F57E588087,C,initial_expert_rl,1
REC-1D0CBFB3D35D1766,TRN-0A98C3CFE7BEF32B,B,initial_expert_rl,1
REC-1D1157684C572C62,TRN-3C0C4991F9EEDF67,C,initial_expert_rl,1
REC-1D152A95BBE85F01,TRN-E63E3D4AAE50CA51,A,initial_expert_rl,1
REC-1D1ECDA75B066921,TRN-6D97E7D8C0EF95E4,C,initial_expert_rl,1
REC-1D21AC82F25F97C9,TRN-F1FD519947E3FA33,C,initial_expert_rl,1
REC-1D3510019393B7FA,TRN-19789970275ECD26,C,initial_expert_rl,1
REC-1D457106AF690A3D,TRN-7B58EBB0613736A7,B,initial_expert_rl,1
REC-1D581C50ABF2618D,TRN-3DF4DABEF63BF33C,A,initial_expert_rl,1
REC-1D85D6A68CE24E28,TRN-E1495BC6D4551298,A,initial_expert_rl,1
REC-1D95B5F5B42723D3,TRN-B6F39447C781B05D,C,initial_expert_rl,1
REC-1D95C1D50BD0152E,TRN-00B8098A9CE4AEE9,B,initial_expert_rl,1
REC-1D96D6E988DE9500,TRN-5BF17F083743163D,B,initial_expert_rl,1
REC-1DAEF3E4370886D6,TRN-2201171670D0E79D,C,initial_expert_rl,1
REC-1E2AC6247A1814F5,TRN-95C3FCD290C725D6,C,initial_expert_rl,1
REC-1E4348A1ED41A18E,TRN-1ABAA35A312CFC97,C,initial_expert_rl,1
REC-1E481F7963D46E90,TRN-2031B8ADA3954970,C,initial_expert_rl,1
REC-1E63B864825384D1,TRN-6DEB4537B400BF99,C,initial_expert_rl,1
REC-1E74D952EB60A247,TRN-A9BFEDDAE868285E,B,initial_expert_rl,1
REC-1EBB8AEC6FB88A4C,TRN-1AC981DD6E28E1BC,A,initial_expert_rl,1
REC-1EC8D53A0508BEA3,TRN-007FF158D422FD8D,C,initial_expert_rl,1
REC-1ED021467450EE05,TRN-90FA588A8DDD8E76,A,initial_expert_rl,1
REC-1ED3C5CC7011F56B,TRN-7FA33180991889F3,C,initial_expert_rl,1
REC-1EF3214F2E4CB4BD,TRN-82CAFFC37D65A214,B,initial_expert_rl,1
REC-1EF8FB08DAD75D2F,TRN-5CB6D61104F1DA6D,A,initial_expert_rl,1
REC-1EFD392D629FB90C,TRN-1B0D1DA8E42416E2,B,initial_expert_rl,1
REC-1F162D57A0D846BF,TRN-9FE3DA9BCDA63D8A,C,initial_expert_rl,1
REC-1F23BB974928A87E,TRN-555CE53D09CE9C76,A,initial_expert_rl,1
REC-1F4BEFAF203AAF3A,TRN-7B87C5A93379DC3A,C,initial_expert_rl,1
REC-1F5BB543562354CE,TRN-36221B7BEC9C2C34,A,initial_expert_rl,1
REC-1F688E4910A39862,TRN-C7AB22B27DAA4DA9,A,initial_expert_rl,1
REC-1F8F141E91D0AC75,TRN-B84422165AF2200D,A,initial_expert_rl,1
REC-1FEE28F10F79C7F8,TRN-81E6BFFE18CAF93B,C,initial_expert_rl,1
REC-201D951909E98947,TRN-2286B985DE0F1547,A,initial_expert_rl,1
REC-2021A426026BDE23,TRN-CB630BE84CD67CD0,B,initial_expert_rl,1
REC-20335496DEA39D68,TRN-724EA6045F79CD9B,A,initial_expert_rl,1
REC-2051ABAF05D079F6,TRN-93B9AD6CD890346D,A,initial_expert_rl,1
REC-20695065A470FF61,TRN-7010340C179CAF7D,A,initial_expert_rl,1
REC-20727D07DBC05581,TRN-2A409A4018F50148,C,initial_expert_rl,1
REC-208289A886D1FC41,TRN-4DB797206DAB2D50,C,initial_expert_rl,1
REC-20AE54827422FB6F,TRN-90B4AE1A915020DD,C,initial_expert_rl,1
REC-20C7E0B0A61F06FE,TRN-5E8F0DA93C231EC0,C,initial_expert_rl,1
REC-20DC620D0D8FA86C,TRN-BC00A8DEAAA2550A,C,initial_expert_rl,1
REC-20DD6909A0CB2D5C,TRN-1B3DCEA8E6663E44,A,initial_expert_rl,1
REC-20E1FC5DD44C83DE,TRN-C29DAD3E897ED275,C,initial_expert_rl,1
REC-20F6771C40BA64E4,TRN-349B78041165F5A9,C,initial_expert_rl,1
REC-2112F91894FF322B,TRN-5A28B15AAF8D50A8,C,initial_expert_rl,1
REC-2142602CC6FCA685,TRN-4E3E2CDCEFEE357C,A,initial_expert_rl,1
REC-216B0B20C34E2546,TRN-C1F256A7F94E901D,C,initial_expert_rl,1
REC-21721BBCAAAC3A3A,TRN-D2B3C2A69C243B7D,C,initial_expert_rl,1
REC-217F1DB80D508E6D,TRN-09377B1053F4B9EC,C,initial_expert_rl,1
REC-218BD7B2F4BED03E,TRN-FCA196788C11EAC7,C,initial_expert_rl,1
REC-21959733F5A857B1,TRN-EF09E751F64FBA23,C,initial_expert_rl,1
REC-21A4F8053A3EE4B6,TRN-5236C8E86CBAB351,C,initial_expert_rl,1
REC-21AD6B14FAB1E289,TRN-2A4B95A0BF5A12F7,C,initial_expert_rl,1
REC-21B4BD0E2FCF4E54,TRN-C1D1C8987D7AEDC7,C,initial_expert_rl,1
REC-21BE786B3394057D,TRN-61B8E562C1B8818A,C,initial_expert_rl,1
REC-21ECCFDFE85F7B65,TRN-5978963EB3ABD45D,B,initial_expert_rl,1
REC-223779DA10E78D23,TRN-EBEB5D559B9AA5A5,C,initial_expert_rl,1
REC-223F23D739B637A5,TRN-19B2F6CE13FB10CC,C,initial_expert_rl,1
REC-2257260434BF2FB6,TRN-9F29533D73EE53B0,B,initial_expert_rl,1
REC-225EE8462D1CA7B9,TRN-9C4F4F1E5DA6DF79,C,initial_expert_rl,1
REC-2281F7080F6259B3,TRN-2CC503BBD7B96FD6,A,initial_expert_rl,1
REC-229859B24877C032,TRN-5B1F8AA40990EE16,A,initial_expert_rl,1
REC-2298BB3435F12DE4,TRN-F392CCBE0F057D03,A,initial_expert_rl,1
REC-229A7F2974B538A1,TRN-0C71AB0A2612E503,C,initial_expert_rl,1
REC-22BFFE0E53C485F7,TRN-EF9F937BC86230AD,A,initial_expert_rl,1
REC-23396E3F0DC4667D,TRN-BDBACFEE5743A6AF,C,initial_expert_rl,1
REC-23491B764AA9B401,TRN-6D5BFA5426CD0B38,B,initial_expert_rl,1
REC-2349D6A1AA41AFE2,TRN-B2CAD1D3F892FD3C,A,initial_expert_rl,1
REC-238231EED553C1B1,TRN-48A0399C58DC7951,A,initial_expert_rl,1
REC-238BE62A100A2A1E,TRN-E3E62973CC004D4F,B,initial_expert_rl,1
REC-23A05D1E5EC64047,TRN-61576D67857E3FFD,C,initial_expert_rl,1
REC-23A36F91141587F5,TRN-BAF420FEF9BCF182,C,initial_expert_rl,1
REC-23A9C38B0A9D9553,TRN-8A863DB31A804554,C,initial_expert_rl,1
REC-23F64464A41F6D01,TRN-B24BFA9EFBC6AE32,C,initial_expert_rl,1
REC-23FC6116677C9A05,TRN-5B49A5E856A003FA,B,initial_expert_rl,1
REC-241A3E93E17F1561,TRN-72A507BF965C5668,C,initial_expert_rl,1
REC-241F1CEE62886125,TRN-3EFBC2321692E1AC,C,initial_expert_rl,1
REC-243388F6C704C946,TRN-B7D562CDD4D5FAF4,C,initial_expert_rl,1
REC-2447AFBF5BDABF09,TRN-58316325BD5616FC,C,initial_expert_rl,1
REC-24494DA1C1E54CFA,TRN-1391D7404BAE3934,B,initial_expert_rl,1
REC-244DF565F544FF6F,TRN-AD63A38AE986DEE6,C,initial_expert_rl,1
REC-2470216517E3CF0A,TRN-A3E6D6670C34D921,B,initial_expert_rl,1
REC-24A0CEF8E5313728,TRN-44196D2C657E606C,C,initial_expert_rl,1
REC-24A13A7A32FDC4AA,TRN-453EBC07D51894BC,C,initial_expert_rl,1
REC-24A4B39A1CD85876,TRN-D18EE59E3F730271,C,initial_expert_rl,1
REC-24C31A763390A186,TRN-B52859AA92B16B65,A,initial_expert_rl,1
REC-24D679BBFB644FB6,TRN-99588F03F9A38AC0,C,initial_expert_rl,1
REC-24D683BFA5A11B68,TRN-4FC474A5C59E5273,B,initial_expert_rl,1
REC-24FD3B0967B8CDDF,TRN-3D4DDE0588642DA3,C,initial_expert_rl,1
REC-256D815ACC208141,TRN-5399E41EF3BF4DF2,A,initial_expert_rl,1
REC-2596D787EE19E046,TRN-7A79619B5190D57C,C,initial_expert_rl,1
REC-25AF7C7A1D69CF26,TRN-5DDAADD0B7C2C8D5,A,initial_expert_rl,1
REC-25B3A6F24DA72060,TRN-CC9A2D378D6A85E2,A,initial_expert_rl,1
REC-25B8C4C4DEBC79F8,TRN-3FB641583E1B1F1A,C,initial_expert_rl,1
REC-25E8DAAA37DAC617,TRN-B3DE7C8968B7BE51,B,initial_expert_rl,1
REC-2618BEC009E3504D,TRN-A5796660A441CCC0,C,initial_expert_rl,1
REC-261C107596E6C6B3,TRN-687A3CD29B63683E,A,initial_expert_rl,1
REC-262C4BD57235E815,TRN-1E48B1DE996A67BB,B,initial_expert_rl,1
REC-262FE3B87B21EAEE,TRN-061D5FA69CECE1E3,C,initial_expert_rl,1
REC-2639916F5DD4615A,TRN-A4E8A9408B3FFBEC,C,initial_expert_rl,1
REC-267673E98EBAA640,TRN-C098E0B0F4327ADE,C,initial_expert_rl,1
REC-268091D80DD726F4,TRN-DEF0DA5DA9F98956,B,initial_expert_rl,1
REC-26A563C66FC33A5E,TRN-C23C76E9E8BD4010,C,initial_expert_rl,1
REC-26B8DCB8E6755146,TRN-9899AF6FAD4DC891,B,initial_expert_rl,1
REC-26CFA3D7A16209E5,TRN-A5088AFE4CAF7BDF,C,initial_expert_rl,1
REC-26D7EFE5F4B4CE54,TRN-4A82A04CEAB1C52A,C,initial_expert_rl,1
REC-26DB7954C8BB9709,TRN-6AEE3E628BB9A196,C,initial_expert_rl,1
REC-26F8ACBE444A92F4,TRN-B468984B027C0F4F,C,initial_expert_rl,1
REC-27058DFBF8928141,TRN-58D55015CCF1CD70,C,initial_expert_rl,1
REC-271D184BF71EF089,TRN-6FE6F173382FB10E,C,initial_expert_rl,1
REC-273299286E7F85B9,TRN-7A22BEFB83E71732,B,initial_expert_rl,1
REC-2790C1DB50FE6F0A,TRN-184FBF3262F11E46,C,initial_expert_rl,1
REC-279860D6091E569C,TRN-827206087B28B12D,A,initial_expert_rl,1
REC-27C9076B5482EB53,TRN-976EC5F544D3CBA1,C,initial_expert_rl,1
REC-27E2B8B14D61A438,TRN-E3C979505FB7F6F3,A,initial_expert_rl,1
REC-2816C45325F783AE,TRN-E709BEB7F9BE0AEC,B,initial_expert_rl,1
REC-2820A5734C2BE25E,TRN-8F99C0A7426E9B3D,C,initial_expert_rl,1
REC-28247546B43E3F6E,TRN-C5F23F9602C5B9B6,C,initial_expert_rl,1
REC-28438E240DFB2983,TRN-065E9743E2D37BA2,C,initial_expert_rl,1
REC-2849EC67B1B35927,TRN-3C64970696B305C0,A,initial_expert_rl,1
REC-2863237C82D1CCCD,TRN-749A8FABE187D4B1,C,initial_expert_rl,1
REC-286E61691947D0E8,TRN-3A84A15C4714103B,B,initial_expert_rl,1
REC-287464846BA550AB,TRN-25114C633BEB93D5,A,initial_expert_rl,1
REC-287B167776272F2D,TRN-9F6E6E3C417FD114,C,initial_expert_rl,1
REC-28C0E1D393A43BBB,TRN-67F6A0120FDD1564,A,initial_expert_rl,1
REC-28C6A72AB1C8E2DB,TRN-A9A60F6867BB55B5,C,initial_expert_rl,1
REC-28D07247BFB942F8,TRN-46B3798B1CF7CC1C,C,initial_expert_rl,1
REC-28F390BC34531582,TRN-D4AE99F067D8F07E,A,initial_expert_rl,1
REC-28FEAAAE8A5F26D5,TRN-7CC9CC2CAC7ACC9D,B,initial_expert_rl,1
REC-2900CCC94E306C5B,TRN-D639E9033742C4B5,C,initial_expert_rl,1
REC-29301E421F698A8F,TRN-86DD03C3FF6946C2,C,initial_expert_rl,1
REC-2954B5AC846B8E5C,TRN-EA0D3C28E60D1046,C,initial_expert_rl,1
REC-297A30F462F15689,TRN-1B72A11A7D2D3F6E,C,initial_expert_rl,1
REC-29A35E5FBDE5D95C,TRN-ED545CD8ED5A9BB3,A,initial_expert_rl,1
REC-29D714DD963AF7B9,TRN-F900F3F35268D70A,A,initial_expert_rl,1
REC-29FCC1431B583948,TRN-CEB0F66CC9EA5948,A,initial_expert_rl,1
REC-2A232E6483335608,TRN-D0038A39E6ED3609,C,initial_expert_rl,1
REC-2A49F556C5E626C2,TRN-F6083703318AC62F,C,initial_expert_rl,1
REC-2A4F70F7C39CD215,TRN-AA818A55A0A61C0A,A,initial_expert_rl,1
REC-2A5580B2FFFC0F66,TRN-35EEB80E4314EDD2,B,initial_expert_rl,1
REC-2A5A99CAB5AD012E,TRN-4ABE6D271D5B454E,B,initial_expert_rl,1
REC-2A64396CB3104E34,TRN-79784431F02D9ECC,C,initial_expert_rl,1
REC-2A66ABEBF08A602B,TRN-EAEC85A136EA13FF,C,initial_expert_rl,1
REC-2A85FEF962CFFFC8,TRN-3152676F820705F1,C,initial_expert_rl,1
REC-2A8816712B60B6F7,TRN-DCC30C7598C4210C,C,initial_expert_rl,1
REC-2ABE891F590E33EC,TRN-C3107FC1855C143C,C,initial_expert_rl,1
REC-2AC425CC51BF286B,TRN-8FFDFDDF4D8A833E,C,initial_expert_rl,1
REC-2ADDF9C282A21AF5,TRN-AD07872ED17B9F97,A,initial_expert_rl,1
REC-2B05B27D70BC5C42,TRN-56435A54537EF22A,C,initial_expert_rl,1
REC-2B0BB5CD15242DE8,TRN-3E2706F14686F5EE,C,initial_expert_rl,1
REC-2B1007D28AAFA34C,TRN-FD3DEA46CBFEE8C4,C,initial_expert_rl,1
REC-2B1FA369DDB3132A,TRN-3E90001672DBA6ED,C,initial_expert_rl,1
REC-2B207283ECA273A4,TRN-24726D7B2F26F253,A,initial_expert_rl,1
REC-2B3DA9F855C51039,TRN-746D65631FE72C06,C,initial_expert_rl,1
REC-2B5660E6075F746C,TRN-30D7D306F6B25E51,C,initial_expert_rl,1
REC-2B8155AA4F0000D0,TRN-999E8990B5CA3454,C,initial_expert_rl,1
REC-2B827010F078C8D9,TRN-269F4AF6341FD8EF,A,initial_expert_rl,1
REC-2B9AB3BB44104B85,TRN-33E983B672DCD72B,A,initial_expert_rl,1
REC-2BBB1503B4E8528B,TRN-495F999080DBB85D,B,initial_expert_rl,1
REC-2BCCEA611C3ED919,TRN-B1EAE1CB85886097,C,initial_expert_rl,1
REC-2BDA2963DA7E5EDF,TRN-1916B31E442EFDDD,C,initial_expert_rl,1
REC-2C0D0D44353E8C37,TRN-2A1A5B00DAE56878,B,initial_expert_rl,1
REC-2C153D1425CA8E94,TRN-13F5B14AFE4378D9,C,initial_expert_rl,1
REC-2C1652C9BD144681,TRN-0851A8C7250267EF,C,initial_expert_rl,1
REC-2C1CA563B0E64973,TRN-549881F46D3BECED,C,initial_expert_rl,1
REC-2C2F5A06708EE33F,TRN-FEBB480E052D6982,A,initial_expert_rl,1
REC-2C31A63AF5A8FAAB,TRN-10CF14E7DBC8C243,C,initial_expert_rl,1
REC-2C39B4E77DA3CB36,TRN-C9C8CD1049454F96,B,initial_expert_rl,1
REC-2C3AF90CED49E456,TRN-154E40EB1B9051B2,C,initial_expert_rl,1
REC-2C65FD12FD6EA1D5,TRN-43910A01B497A9C9,C,initial_expert_rl,1
REC-2C837EC3963F433C,TRN-AA545C296D3E058F,A,initial_expert_rl,1
REC-2CF0501C070B346D,TRN-38816213364B0EAA,C,initial_expert_rl,1
REC-2D14E9A781260753,TRN-8F12F5FA8F9BABEC,C,initial_expert_rl,1
REC-2D2ABA4C962F8A81,TRN-F5DC8AB11AA6CA83,C,initial_expert_rl,1
REC-2D487F61498ED251,TRN-0C56F488A781077C,C,initial_expert_rl,1
REC-2D4D283B82C33BE1,TRN-CBD60CF88370E75E,C,initial_expert_rl,1
REC-2D7404F0D80488DA,TRN-73652BD66DB3653D,C,initial_expert_rl,1
REC-2DD11F0DB154132B,TRN-62A8B2393EBE5D1C,B,initial_expert_rl,1
REC-2DD6B26D99512182,TRN-DECF8EB42319431E,B,initial_expert_rl,1
REC-2DF61004BCCBB385,TRN-810CAE38D0534407,C,initial_expert_rl,1
REC-2E13BC73F750F87B,TRN-D40866EECA870DF7,A,initial_expert_rl,1
REC-2E30E9738A40B330,TRN-B829965633CEA38A,B,initial_expert_rl,1
REC-2E43137278A17670,TRN-FCB5155CFBD40F52,C,initial_expert_rl,1
REC-2E471259F0B3FA9D,TRN-CB389C32A00377B3,C,initial_expert_rl,1
REC-2E641F00576C3758,TRN-A1DF22DCF90E6486,B,initial_expert_rl,1
REC-2E7F114F89A8CB4C,TRN-A89B3686D81C6D62,A,initial_expert_rl,1
REC-2E8D8090D19A4DBE,TRN-D07F0846C400F739,C,initial_expert_rl,1
REC-2E995C8F8E74602F,TRN-350828417A66BADA,C,initial_expert_rl,1
REC-2EB00F3F5E57A15B,TRN-47965EB1A171A322,C,initial_expert_rl,1
REC-2EC1DF6D325F41C7,TRN-92C2BAD546A9714D,C,initial_expert_rl,1
REC-2ED394FD21940DC0,TRN-F449318A8B257EBF,B,initial_expert_rl,1
REC-2EDEF77BC5545C60,TRN-968153092A21D6BD,B,initial_expert_rl,1
REC-2EDFBFD90BE2B761,TRN-C454E3F3E6172B50,B,initial_expert_rl,1
REC-2F161DE49780DB33,TRN-2856717292C1073C,C,initial_expert_rl,1
REC-2F18C83B190F4000,TRN-AF853C3105CC5B97,C,initial_expert_rl,1
REC-2F1D606ACDA1CA1B,TRN-DC90475814E043E8,A,initial_expert_rl,1
REC-2F2E72CC4884B655,TRN-53038F69DF0E4A53,C,initial_expert_rl,1
REC-2F2F8D70E7037F6F,TRN-ED57DEB00D329DBD,C,initial_expert_rl,1
REC-2F323474FD0A1E10,TRN-67B48930DEC4743D,B,initial_expert_rl,1
REC-2F3D68A7B1E67B04,TRN-B9231EC654800737,C,initial_expert_rl,1
REC-2F4F4CEFFD5449CD,TRN-A79476B517C3CF44,C,initial_expert_rl,1
REC-2F8CDAF838A8EA5D,TRN-A9A57D8B302A849C,C,initial_expert_rl,1
REC-2FA28A6A4C5EB039,TRN-35EB58372181B02B,C,initial_expert_rl,1
REC-3000D76A581F295A,TRN-8B533E6CE50EF032,C,initial_expert_rl,1
REC-30196FE0C65A18FD,TRN-FB8950E98373222A,C,initial_expert_rl,1
REC-302872D893D5F2E8,TRN-6603FC3A35F137BF,C,initial_expert_rl,1
REC-302D8D06BE39870D,TRN-A287004341238AED,C,initial_expert_rl,1
REC-3038D93CAE312D14,TRN-C8506A8419A46E8A,B,initial_expert_rl,1
REC-30403B9F6D0F9A1A,TRN-6F82872946752423,C,initial_expert_rl,1
REC-3043F0880FC9D4F4,TRN-BC608398A499E9A6,C,initial_expert_rl,1
REC-308B51820233B9CF,TRN-3BD94B266D78B7D8,C,initial_expert_rl,1
REC-30BB71705E4F5443,TRN-0A6311882239466D,A,initial_expert_rl,1
REC-30BDDA93F0F0BB2A,TRN-D50986189E944B6E,C,initial_expert_rl,1
REC-30C5B83D40B2A523,TRN-1E062D458663D212,B,initial_expert_rl,1
REC-30E4F123C0AC9CCA,TRN-FD9A2FC9BBEED5DC,C,initial_expert_rl,1
REC-30E8B7B6FF0927FD,TRN-8E725FED4A5FBB35,C,initial_expert_rl,1
REC-310E751646727D72,TRN-B5247A7B71A2A30C,C,initial_expert_rl,1
REC-313F2E3E74483779,TRN-907333981E4B0510,B,initial_expert_rl,1
REC-313FE9F89D5C78C1,TRN-E4CB5B9E9FD768B2,A,initial_expert_rl,1
REC-3146279E8AFA9E27,TRN-760D310C99777E91,C,initial_expert_rl,1
REC-315A865313761216,TRN-9A989D117F2C4049,A,initial_expert_rl,1
REC-315D3801F8AFA302,TRN-D83CD1D8471B5F7A,C,initial_expert_rl,1
REC-3174F959A809A5E3,TRN-09EB8161DE0475EC,B,initial_expert_rl,1
REC-319CCAEF9D99237F,TRN-8C336A8F29BE7D86,A,initial_expert_rl,1
REC-31ABB7D0A4308E4E,TRN-8BB187365E5410EE,C,initial_expert_rl,1
REC-31B40F316819A95E,TRN-3DBAA63F01B66CB4,C,initial_expert_rl,1
REC-31DE3B2E7891178E,TRN-B654D118B62E1B8A,C,initial_expert_rl,1
REC-32398528572BA594,TRN-6885522589BE6F40,A,initial_expert_rl,1
REC-323ECD52A473CAD6,TRN-F5A561F82FBC33DB,A,initial_expert_rl,1
REC-323F86DB3D4D2182,TRN-32109B9E82D45C8C,C,initial_expert_rl,1
REC-326287F21BCF1395,TRN-76FD977C9F2A8781,B,initial_expert_rl,1
REC-326CEB87E237E9EB,TRN-756717FE36F65889,B,initial_expert_rl,1
REC-327457548F92BA8B,TRN-8152219DBE680ACA,C,initial_expert_rl,1
REC-329B1E026F45FB3E,TRN-2A3006EE75435E66,B,initial_expert_rl,1
REC-32A49C4384C22688,TRN-2606FD9F7208E65F,B,initial_expert_rl,1
REC-32AE7B8277D3B7B2,TRN-A960F11794E52B3B,C,initial_expert_rl,1
REC-32C47D93CAF2326E,TRN-AA1AE10788F846B1,A,initial_expert_rl,1
REC-32D33B2A266AB78A,TRN-123D7F27F302B653,B,initial_expert_rl,1
REC-32D8AE8BBDB645F3,TRN-D7D6C4DC302CB3CB,C,initial_expert_rl,1
REC-32E2647378091267,TRN-A7294F17AD1465F8,C,initial_expert_rl,1
REC-330F217DC25E2F99,TRN-C1A4AD900FAE2E25,A,initial_expert_rl,1
REC-331A48E6D98B7861,TRN-6E936E958CE308DB,C,initial_expert_rl,1
REC-335D73EE7BD21D88,TRN-9C40F1D2B8F0ECF4,C,initial_expert_rl,1
REC-3375191E7D4DE39C,TRN-60381DE91E2F0192,C,initial_expert_rl,1
REC-33855D53E3980B65,TRN-3E5C6EB2CC825D66,A,initial_expert_rl,1
REC-33B40FE8F1267FFA,TRN-A66B655EF62A1B21,C,initial_expert_rl,1
REC-33B78479D29F0959,TRN-2A95EA48772B91BD,C,initial_expert_rl,1
REC-33E88FFE07D419E5,TRN-D41CC9B2746C0256,A,initial_expert_rl,1
REC-33F988D94FFBC5AA,TRN-724957405868C8A5,C,initial_expert_rl,1
REC-34551F186CAB70B5,TRN-717E867AEE862E54,C,initial_expert_rl,1
REC-34828871B34A2756,TRN-91ACCC89BF65F768,C,initial_expert_rl,1
REC-348FD094E94F344B,TRN-75D6609761D0E8CE,A,initial_expert_rl,1
REC-34AB85A562475C0B,TRN-A86642B789629A24,C,initial_expert_rl,1
REC-34BBC992BEC14520,TRN-EE5E19CFB9DB96D1,A,initial_expert_rl,1
REC-34D567163B60B5AA,TRN-47CBE510E46518DD,C,initial_expert_rl,1
REC-34E1C543F9B9B19C,TRN-E123055F8F26D4A7,A,initial_expert_rl,1
REC-351B76FCD274EBE9,TRN-CB04A27A0E6A4A54,B,initial_expert_rl,1
REC-35588CD7B5346172,TRN-D5C92E1BBC76E41B,C,initial_expert_rl,1
REC-3586BD04571863E5,TRN-1EBB70275777C11E,C,initial_expert_rl,1
REC-35A670A35BBE0067,TRN-53C59D76C9A8FD0D,C,initial_expert_rl,1
REC-35B4C6B97BE145FB,TRN-AAB083A94B49B18D,C,initial_expert_rl,1
REC-35C6044B23E89B22,TRN-D1C06EABFBB7ACDC,C,initial_expert_rl,1
REC-35DD39B3B11C8C13,TRN-25D6081797DA18CB,C,initial_expert_rl,1
REC-3603AFC6F4B1F5C3,TRN-DFFE3FD6C6ABEF94,C,initial_expert_rl,1
REC-363F8FF39DCB90BB,TRN-7C8F11E4D539076D,C,initial_expert_rl,1
REC-3649A65A98AF8EE9,TRN-A6E8CC36049FE63B,C,initial_expert_rl,1
REC-364DA4DDBEF0CC57,TRN-96A17591F49C9EA1,C,initial_expert_rl,1
REC-368FDBDD79F688C2,TRN-05F41A152137175D,C,initial_expert_rl,1
REC-369E56A161ACCD8F,TRN-F926956699868B79,A,initial_expert_rl,1
REC-36BF0E6D4538CDA3,TRN-9040B52FFA495EC0,C,initial_expert_rl,1
REC-36CA6BFEAB751C8C,TRN-FB275022E0CC75E2,A,initial_expert_rl,1
REC-36DD401D596D40AF,TRN-58600270F31AE8AA,B,initial_expert_rl,1
REC-36E327FF017DD773,TRN-A148746A25C404B3,A,initial_expert_rl,1
REC-36FFBED5C01B8A04,TRN-90B6F4DAE35A1246,C,initial_expert_rl,1
REC-371799BB4776F0FB,TRN-B72F0BA1CA4335C5,A,initial_expert_rl,1
REC-372C629F0E8E4088,TRN-189DF6EB5FEDBA7F,C,initial_expert_rl,1
REC-3740AC78A556F8C1,TRN-3C63B9524C79122E,A,initial_expert_rl,1
REC-378A4F66AF05DD02,TRN-537354BF8029EE6A,B,initial_expert_rl,1
REC-379686E6FA8F2C8B,TRN-7A09A4E02E9304B7,C,initial_expert_rl,1
REC-37A129A25DD2BD5B,TRN-BFE204B1151CA750,A,initial_expert_rl,1
REC-37BB2A7C167F6A7D,TRN-7A09BB0528E03899,C,initial_expert_rl,1
REC-37D1E55B3CD048B2,TRN-4773EEC432B4687C,B,initial_expert_rl,1
REC-37DE553EF8563420,TRN-B8B2C52775B171D7,C,initial_expert_rl,1
REC-37EBE030F4315226,TRN-F66C97C65530B806,B,initial_expert_rl,1
REC-380029EDFFECC38D,TRN-7587EC6ED711C6B5,A,initial_expert_rl,1
REC-380509D01BF45C03,TRN-8DCCF1D70EC77F3D,C,initial_expert_rl,1
REC-3821B30C8032A3F3,TRN-D47ED735B6A2C350,C,initial_expert_rl,1
REC-385366D2F90AEB8B,TRN-C21F6DAA8A86C0B2,C,initial_expert_rl,1
REC-385520A58388A50D,TRN-5ADC9BBEF0EDA71F,B,initial_expert_rl,1
REC-385AFE4C09666327,TRN-95F40F68A9882F10,B,initial_expert_rl,1
REC-38647F6DA1FABF80,TRN-B8F1558F49A011C7,C,initial_expert_rl,1
REC-3879E97A0AF919E2,TRN-51AD740491DF2B0C,C,initial_expert_rl,1
REC-388FA2FD9CCB41F5,TRN-EA599BE35B0E17F0,C,initial_expert_rl,1
REC-389C081027EA6230,TRN-D84C72D83BBABB94,C,initial_expert_rl,1
REC-38A441CA3AB0BD7A,TRN-93BE998C2FF7FE1A,C,initial_expert_rl,1
REC-38DBB5554F6D5110,TRN-2257D1FD71B0AF37,C,initial_expert_rl,1
REC-38F6765525734701,TRN-06223677706F6605,C,initial_expert_rl,1
REC-38FC2D4CB020EFEE,TRN-7AF61310E60736E3,A,initial_expert_rl,1
REC-393D650DD8FB7517,TRN-90B776A133B47ED5,C,initial_expert_rl,1
REC-393E56BD2792A779,TRN-325C4377EEF68A21,A,initial_expert_rl,1
REC-394065DC1D468964,TRN-8A57F2FF5744A39A,C,initial_expert_rl,1
REC-396D3F48923EBC72,TRN-7C8D032914508559,B,initial_expert_rl,1
REC-397705B728ABE7EF,TRN-9B336C22711040ED,B,initial_expert_rl,1
REC-397FE80D38288551,TRN-59BBA8FF646636BD,A,initial_expert_rl,1
REC-3984E58280F0A097,TRN-9FF0B59B967A7532,C,initial_expert_rl,1
REC-3989742BD4AF296C,TRN-E979ACC89206B6DA,C,initial_expert_rl,1
REC-398E9E73AE5CB464,TRN-C5E96001A5C0C26B,C,initial_expert_rl,1
REC-3991484FB18CDAB8,TRN-727113C3AE6E1A4C,C,initial_expert_rl,1
REC-3991E9CF098E49BF,TRN-9176A22DA7342B81,C,initial_expert_rl,1
REC-39AB56D390D314B0,TRN-63BB419F58B2BE4C,C,initial_expert_rl,1
REC-39B56F472AC1E9A0,TRN-CED317885EE44546,A,initial_expert_rl,1
REC-39B75D48950E5795,TRN-1841FCB77C14042D,C,initial_expert_rl,1
REC-39BD17533BB95786,TRN-17A4F9268BF0F261,B,initial_expert_rl,1
REC-39CC587C444B397F,TRN-840533AF1CEB16E4,C,initial_expert_rl,1
REC-39FBE7F4E008336A,TRN-65E614AB89AEA481,C,initial_expert_rl,1
REC-3A05C5015F0779EF,TRN-043D6AAE0345E974,B,initial_expert_rl,1
REC-3A0F776E08D722C9,TRN-2E3DD4D945D3ABD4,C,initial_expert_rl,1
REC-3A1C5DD43A910D9C,TRN-6E17E4A24F2FA62D,C,initial_expert_rl,1
REC-3A2D1DC1B04A8728,TRN-24AAB8E32915E168,C,initial_expert_rl,1
REC-3A4862F3781AC3D2,TRN-E434B7AA14909610,C,initial_expert_rl,1
REC-3A5F6BDA24AA7AD6,TRN-02B4F104D975A6CC,C,initial_expert_rl,1
REC-3A7C6D78E6978065,TRN-A8C0DFD0878441B4,B,initial_expert_rl,1
REC-3A85A60F881A0820,TRN-8EB7FC43FCBFD29E,C,initial_expert_rl,1
REC-3A9D8E44F19108BF,TRN-9AE4EAB8602DDF65,C,initial_expert_rl,1
REC-3AADBE48FF4B731E,TRN-265731114D0E6BDF,C,initial_expert_rl,1
REC-3ABB3270D65BC5D9,TRN-506867E14EB5BD58,C,initial_expert_rl,1
REC-3AE273751D365DFB,TRN-F79BDE6F00D91DED,C,initial_expert_rl,1
REC-3AEE3DF16D525531,TRN-FE4FDABB89698E9F,C,initial_expert_rl,1
REC-3B3938DFDCCBF249,TRN-A04C08AC4A882C68,A,initial_expert_rl,1
REC-3B4301A64EA9D5E8,TRN-07851DE09074DAE5,A,initial_expert_rl,1
REC-3B4FBBAB75B772FF,TRN-0E34D137BB8E2386,C,initial_expert_rl,1
REC-3BAB5173CEA20C6E,TRN-0BB012A2579CB880,B,initial_expert_rl,1
REC-3BB50C4C09EF951F,TRN-B5EB49CC4DFE01B7,C,initial_expert_rl,1
REC-3BCA65222F4B3127,TRN-8ECA0FA35F41B2C9,C,initial_expert_rl,1
REC-3BDC3CD111B96EF7,TRN-60E627128DB13ADA,A,initial_expert_rl,1
REC-3C127ED4CF11F046,TRN-6F45461F45EEEE4D,B,initial_expert_rl,1
REC-3C6587FF3960F2D8,TRN-528A4D6D39E54A00,C,initial_expert_rl,1
REC-3C6A94763395E0B8,TRN-B67DBE6BCF1005FC,B,initial_expert_rl,1
REC-3C9FC2197B05428C,TRN-8CA2FD92D92C509C,B,initial_expert_rl,1
REC-3CA5A5C2C714E350,TRN-CED4419ECCF68376,A,initial_expert_rl,1
REC-3CAD176C49DD8402,TRN-B8DD4233BDD6D4F1,C,initial_expert_rl,1
REC-3CCA28FDA7BDB5D7,TRN-D3A69DCE922F8A4B,C,initial_expert_rl,1
REC-3CE9F2828B03AC2D,TRN-385D6555F0A58987,C,initial_expert_rl,1
REC-3D1598A1771BC94C,TRN-1F5BE0AF79E59639,A,initial_expert_rl,1
REC-3D1A479FD3B716E8,TRN-E5A72DE11656072B,B,initial_expert_rl,1
REC-3D6380220ED2FCB7,TRN-37A6E0BACEC22531,C,initial_expert_rl,1
REC-3D93312897D46088,TRN-D0EC2F58AA85170C,C,initial_expert_rl,1
REC-3D953FFB9B21FBFC,TRN-0D1BC7D342B84EC6,C,initial_expert_rl,1
REC-3DB6118EE7A924B4,TRN-991236C7C78A20E2,A,initial_expert_rl,1
REC-3DE046A93A5CDD6D,TRN-58ED7E57CC11D0B9,B,initial_expert_rl,1
REC-3DE12B609024B1C0,TRN-61DDF24B3904E35C,C,initial_expert_rl,1
REC-3E497A00776748F6,TRN-4F560AA4CBD84708,C,initial_expert_rl,1
REC-3E5788D71851A3F8,TRN-608BB5393A53D209,B,initial_expert_rl,1
REC-3E5E39C868C23783,TRN-52209532020B2A8E,B,initial_expert_rl,1
REC-3E6CAA632EE2D6AC,TRN-569D2F130D41BBB9,A,initial_expert_rl,1
REC-3E815ADFC7E5524C,TRN-D4E9785E67954FB5,C,initial_expert_rl,1
REC-3EF4FADB6D204C6D,TRN-71F7906758EE6DCA,C,initial_expert_rl,1
REC-3F1BDDF32F319EDC,TRN-F778BA2DEE20703D,A,initial_expert_rl,1
REC-3F26D1810A7A99E1,TRN-B29CB7F7A61EB3B0,B,initial_expert_rl,1
REC-3F3E390508D253BE,TRN-10309C8F15C4C9B6,C,initial_expert_rl,1
REC-3F9009DA4AD0D65D,TRN-FF35CAD87E1D655C,C,initial_expert_rl,1
REC-3F958025F2E5A5C7,TRN-E54CDFA8C0B8F2CE,A,initial_expert_rl,1
REC-3FA89931AACC36E8,TRN-B4365D5C98CCF413,C,initial_expert_rl,1
REC-3FC3177A1C7CB81E,TRN-35204140A221ABB0,A,initial_expert_rl,1
REC-3FC82C00F404103B,TRN-2572C6F2C426912F,C,initial_expert_rl,1
REC-3FE764F5B3C852CF,TRN-F6D7A0BE9E1BA83A,C,initial_expert_rl,1
REC-40124F294E294AA5,TRN-0899755D830DF34C,A,initial_expert_rl,1
REC-401C12FEE475D5EE,TRN-792181F3117EF7FA,C,initial_expert_rl,1
REC-404D3DC1C2F71B62,TRN-88351D9F82EF69A2,A,initial_expert_rl,1
REC-4057E9FFE15F52E0,TRN-96E65E2B021BC722,C,initial_expert_rl,1
REC-40656C00A7659491,TRN-913E024CB4A9453B,C,initial_expert_rl,1
REC-40DDE09360CB881D,TRN-D78800914638D0DB,C,initial_expert_rl,1
REC-40DECB43236AF533,TRN-FEB42201C84D7914,A,initial_expert_rl,1
REC-40E4FED615D80F79,TRN-3969BA7C0C3110C4,C,initial_expert_rl,1
REC-4116C8DF98772E43,TRN-C44B75D22F93B30C,C,initial_expert_rl,1
REC-412108981B5C2578,TRN-E9FBED7587447CE0,C,initial_expert_rl,1
REC-4170CCF1FC70AF77,TRN-BF89229EC051008D,C,initial_expert_rl,1
REC-419CA737B9F7ABD3,TRN-A84041E7BEE2AAD6,B,initial_expert_rl,1
REC-41CB3522C2146CA8,TRN-123E2F5A3717558F,C,initial_expert_rl,1
REC-41DF7C9603D7E729,TRN-E39FA775FD76346D,A,initial_expert_rl,1
REC-423560153BB974D2,TRN-91D27DD4F5ABFCA2,C,initial_expert_rl,1
REC-424447A4FC9E7EA0,TRN-39C85774148D8C52,C,initial_expert_rl,1
REC-425496169AAE9138,TRN-34BEC79B61F8C1F8,A,initial_expert_rl,1
REC-42694668834FFB77,TRN-5DDD6B279462E984,C,initial_expert_rl,1
REC-4290D3A73CEECE3A,TRN-545B4ACCB2D530C9,C,initial_expert_rl,1
REC-42B3E437AFB2A89D,TRN-934C93F7B669D8CF,C,initial_expert_rl,1
REC-42BFD2E6917C691A,TRN-E1CE4A5C8C2EC405,C,initial_expert_rl,1
REC-42CAE4C966E4A52C,TRN-BF3DF0AD219C5386,C,initial_expert_rl,1
REC-42ED3DBA35025E01,TRN-1120B3C98B9E4953,C,initial_expert_rl,1
REC-42F2D07004AFF1BE,TRN-419990AD31486C91,C,initial_expert_rl,1
REC-4315F37FD2A12449,TRN-A2EEDEA25E74D459,B,initial_expert_rl,1
REC-432792F125164EF8,TRN-B3C55D8DB0231133,C,initial_expert_rl,1
REC-43307E5547080CEC,TRN-7F0221A78A754DB2,C,initial_expert_rl,1
REC-4362FE7B6234C046,TRN-2A519A49ED4E5285,A,initial_expert_rl,1
REC-436839510C541225,TRN-ED776249A679A325,A,initial_expert_rl,1
REC-4390E91DC112AF64,TRN-EFC20B0CE9EB733F,C,initial_expert_rl,1
REC-439BACFB1EAC7EF4,TRN-56B20139059736EE,C,initial_expert_rl,1
REC-43A9612AF738081C,TRN-45192E70F65E1120,A,initial_expert_rl,1
REC-43B640ED9127E79E,TRN-2340C335E04C0A57,B,initial_expert_rl,1
REC-43BB6B9D625BB41F,TRN-EAD13991C16C83D6,B,initial_expert_rl,1
REC-43CDE4B77F4F2B28,TRN-B89990820777FF0C,A,initial_expert_rl,1
REC-43D761D32059ED28,TRN-E9D34BD808A40193,C,initial_expert_rl,1
REC-43E5D673C9C64078,TRN-1F1F399B2C65AC9A,A,initial_expert_rl,1
REC-43F9A8111065D035,TRN-0205DD004932A1B8,A,initial_expert_rl,1
REC-441D73B8ACE728B7,TRN-0EEAB24362E89292,A,initial_expert_rl,1
REC-445BD6A55BBC40ED,TRN-1E8FA20195040964,C,initial_expert_rl,1
REC-4464BE3CA066354F,TRN-59B15D7BFB3FD135,C,initial_expert_rl,1
REC-4498179B04E54D91,TRN-1DF47BDF644E8D3A,C,initial_expert_rl,1
REC-449A3DAFFD397754,TRN-E7686A9C760FB355,C,initial_expert_rl,1
REC-44B5588FF5C77335,TRN-E36D57FBA03CF276,C,initial_expert_rl,1
REC-44BBE015270DBA7E,TRN-0149504B59C606F3,C,initial_expert_rl,1
REC-44D90EB79C287AE1,TRN-C8A78DF08DF3AA2D,A,initial_expert_rl,1
REC-44D9EB26ECF82E56,TRN-C03907E4B90E6E2D,B,initial_expert_rl,1
REC-44DD0196076E3F10,TRN-61A5E34FB10C9E49,C,initial_expert_rl,1
REC-44EC43297C30CA0C,TRN-D095A6067FA63420,B,initial_expert_rl,1
REC-44F189CBB6599B48,TRN-468AE4AB3B769291,C,initial_expert_rl,1
REC-4505524800BABFD6,TRN-BB6798FEE54BD2E9,B,initial_expert_rl,1
REC-45487DBF5DF2D40C,TRN-3313193DA515ED56,A,initial_expert_rl,1
REC-4548BCE9DC261983,TRN-E064AC154983B6C1,C,initial_expert_rl,1
REC-455F0A0E4ED4C4EB,TRN-0FC8D0F8F2CE0BEE,B,initial_expert_rl,1
REC-4560F4002D2B7C6F,TRN-821C2DA29E0E8C64,C,initial_expert_rl,1
REC-456E63702A3CFAC4,TRN-DBD06BF9DE009F45,C,initial_expert_rl,1
REC-45B4606DA2887A6A,TRN-28674004999A9A79,C,initial_expert_rl,1
REC-45EC69CE19492B3E,TRN-A6355D25CB6C82A5,B,initial_expert_rl,1
REC-45EFC9973436C350,TRN-B01C76AF01ADF2AF,A,initial_expert_rl,1
REC-45F1CB3656F431B6,TRN-B2ED1B6EC757B2DA,C,initial_expert_rl,1
REC-45F45F1D856695AA,TRN-10D84CC3567722A3,C,initial_expert_rl,1
REC-45F6A0DCFFA2BBFC,TRN-FB55116F4C299D95,C,initial_expert_rl,1
REC-46094AA115DCF95B,TRN-AB2197329319D491,C,initial_expert_rl,1
REC-460EA131D9545C3F,TRN-065B9866E9E3B336,A,initial_expert_rl,1
REC-4618B8E01564D05A,TRN-665C6AED8B81BBB3,C,initial_expert_rl,1
REC-46404F479CB1FAE4,TRN-261BF8BE1CF05169,A,initial_expert_rl,1
REC-468F62BE2D6F3C75,TRN-73A1EF8AF1B48060,A,initial_expert_rl,1
REC-46A0581D0BE2FF6B,TRN-92D68104D1899059,A,initial_expert_rl,1
REC-46CDB6FD34240BE8,TRN-E23DAC64A1042EFB,A,initial_expert_rl,1
REC-472DBA41A698A6F7,TRN-36170068D0203AF1,C,initial_expert_rl,1
REC-475AF392B59FBABB,TRN-8A7C9D47E1019AF6,B,initial_expert_rl,1
REC-47A524F3116FF82F,TRN-268FE26505E85AA0,C,initial_expert_rl,1
REC-47B034F30DF35D32,TRN-51063D8B35947FC5,A,initial_expert_rl,1
REC-47B2B122B8FDF3E6,TRN-EF69F8DC8431D3B5,C,initial_expert_rl,1
REC-47C58F4AFA853381,TRN-EE714E6360FA87B0,C,initial_expert_rl,1
REC-47C9B47AB997468F,TRN-5E67CE6BF09CB45B,C,initial_expert_rl,1
REC-48676853C1EEA145,TRN-B385326B523BE71C,A,initial_expert_rl,1
REC-4868456027E64B37,TRN-B9849CF0F54616B1,A,initial_expert_rl,1
REC-487064179EEF47B2,TRN-1B00DF1DC6E577D8,B,initial_expert_rl,1
REC-4899E7276B192FFA,TRN-6ACDF7F711E60A25,A,initial_expert_rl,1
REC-489B27ABACEB8F58,TRN-8C1E22CF514356E0,C,initial_expert_rl,1
REC-48A19A4A950A8DED,TRN-E07EB2136FDB8DF1,A,initial_expert_rl,1
REC-48AB5BA74DEC8E57,TRN-F5965ABD9D7A135F,C,initial_expert_rl,1
REC-48C0E5D2B2463E0A,TRN-862B35FF7992B6C3,B,initial_expert_rl,1
REC-4908549DAE395F7D,TRN-18DF01D17EB789A1,C,initial_expert_rl,1
REC-490FB880E162AEE1,TRN-D1F8F9FC3EDB3503,B,initial_expert_rl,1
REC-4931FBA5636F7196,TRN-66AD9EBB4EC69446,C,initial_expert_rl,1
REC-493BBAF0F0F153C0,TRN-AD84B925F8A722A0,B,initial_expert_rl,1
REC-493CC2B4B58F477D,TRN-C196ED06FF492F21,C,initial_expert_rl,1
REC-49484FBAED1B8D3C,TRN-46F63082D3D21C9A,C,initial_expert_rl,1
REC-494A53AA12F4F020,TRN-9B4DA2EAC367A3AC,A,initial_expert_rl,1
REC-497C0299D48036A1,TRN-63FE7F30BB171711,C,initial_expert_rl,1
REC-49824A193EA84622,TRN-1ECDBABD095340C1,A,initial_expert_rl,1
REC-49CE1CCD67856BFC,TRN-9CCBFA6DAB9ACECE,A,initial_expert_rl,1
REC-49D3C619E9AB7DC8,TRN-D00EF8AAF99997DA,C,initial_expert_rl,1
REC-49FC3B36F2956E26,TRN-D7D302227A8C67D5,A,initial_expert_rl,1
REC-4A02250196B6C8A1,TRN-4BAFAAB7316C6E83,C,initial_expert_rl,1
REC-4A11B88820D8331E,TRN-FA0C5F817C83AC3B,C,initial_expert_rl,1
REC-4A2588EDC5DF1F4D,TRN-765FA506FDE081E1,A,initial_expert_rl,1
REC-4A261331F99FB914,TRN-24A5C7F4EB3ADC2E,A,initial_expert_rl,1
REC-4A421D669AD299D2,TRN-88FC2842A2F3B390,C,initial_expert_rl,1
REC-4A68F825F5A9F9A2,TRN-E8828B6779F7FA7F,A,initial_expert_rl,1
REC-4A70EBFB54821365,TRN-7C6FDB6631101BFA,B,initial_expert_rl,1
REC-4A7534788744C7DB,TRN-DC051760549482EA,C,initial_expert_rl,1
REC-4AA27E8B3C746F23,TRN-2CA8A05D43F9FAE0,C,initial_expert_rl,1
REC-4ADCDACD67355A19,TRN-EAAB45BBBA830EA3,C,initial_expert_rl,1
REC-4ADF41D921E1AFE7,TRN-01D424C4172881C6,C,initial_expert_rl,1
REC-4AE6FA900E0D74C1,TRN-7749943D3CD8E455,A,initial_expert_rl,1
REC-4B181B7F7DA19886,TRN-11C32B5FBB182E8F,C,initial_expert_rl,1
REC-4B25878FB2802C27,TRN-B6F34928832C06EE,C,initial_expert_rl,1
REC-4B37709D9A2D7168,TRN-696B4832C7176A17,A,initial_expert_rl,1
REC-4B3808BDE702856E,TRN-B451117966A32AFD,C,initial_expert_rl,1
REC-4B48410A8A6B96FB,TRN-C54122660AB00E12,C,initial_expert_rl,1
REC-4B61BF25CDF9943A,TRN-97F10F69B1B1BC72,C,initial_expert_rl,1
REC-4B655AE287947468,TRN-EDACB2C20270D69E,A,initial_expert_rl,1
REC-4B7A5C957EA04E14,TRN-C6739FC125CE50A0,C,initial_expert_rl,1
REC-4BA27D3C991D1663,TRN-A6951496E6D0285A,C,initial_expert_rl,1
REC-4BA917BC1C34B1BE,TRN-5580553DF0EAB200,C,initial_expert_rl,1
REC-4BA9E2A7538CE1BB,TRN-D3EAFF2BDADCED77,C,initial_expert_rl,1
REC-4BC316E2E7621B6F,TRN-332070BE625944E7,A,initial_expert_rl,1
REC-4BE6720F216FFD27,TRN-40A598E9C0EB1A3A,C,initial_expert_rl,1
REC-4C1EA73E9BD8797F,TRN-BBC1AB43EE920F3E,A,initial_expert_rl,1
REC-4C248BAF14E6E7EE,TRN-F5F4F8806228F3BC,A,initial_expert_rl,1
REC-4C3474937E375415,TRN-7D2BAEFA60F1C1F2,C,initial_expert_rl,1
REC-4C388BD7307EFD6B,TRN-6115E0FF3FDF6633,C,initial_expert_rl,1
REC-4C55D30E87646BA7,TRN-BBC85521C158D6FC,C,initial_expert_rl,1
REC-4C679D6461A0A8B4,TRN-DDC06326C46DFDE2,C,initial_expert_rl,1
REC-4C744AB17C49E968,TRN-5B3A27630E24FCFF,A,initial_expert_rl,1
REC-4C787699EA9D4B75,TRN-B7A58406C2699487,C,initial_expert_rl,1
REC-4C8B0345595BA34B,TRN-9B36972BAAC0F4CC,A,initial_expert_rl,1
REC-4CC0ACC9D35A5FB4,TRN-7C9682D87D25FC2A,B,initial_expert_rl,1
REC-4CCFFD8A53043EAC,TRN-71E345F36F834FFF,C,initial_expert_rl,1
REC-4CEB2467D2ED0BB9,TRN-59D059D324CB4B83,C,initial_expert_rl,1
REC-4CEC6A69D8E3D304,TRN-8C8B795AD04EEE30,C,initial_expert_rl,1
REC-4CFFF4E779DA9004,TRN-30D0E87B64BD1662,A,initial_expert_rl,1
REC-4D10E49B2C2B8F9C,TRN-3FB4D6C0E2C4EAF4,A,initial_expert_rl,1
REC-4D1342AE3EA79271,TRN-45DF7DB7049FE3B7,B,initial_expert_rl,1
REC-4D221821265ECCEC,TRN-783451FE10FF6156,C,initial_expert_rl,1
REC-4D36A16C6F37E089,TRN-C0FB7C1E5F0DCCD3,C,initial_expert_rl,1
REC-4D3C78D4C6C9CFEE,TRN-519D3A34A03ACDBB,C,initial_expert_rl,1
REC-4D834CBEC0D407CA,TRN-0CED7243A1D46BDB,B,initial_expert_rl,1
REC-4D9C1B631825ACCD,TRN-C57272AEE55BD063,C,initial_expert_rl,1
REC-4DC23A30F9D4F5F4,TRN-6CF5CD5B85A729C4,C,initial_expert_rl,1
REC-4DF1AB5552DDBB09,TRN-4DB53CCF5B4C9579,C,initial_expert_rl,1
REC-4DF4137301BFAA4A,TRN-64FFC7A2F0C8DD82,B,initial_expert_rl,1
REC-4DF72A688C14DEEB,TRN-9F57DF48690C3B54,C,initial_expert_rl,1
REC-4DFA89E84E78F04E,TRN-1EA30C4382EEA151,C,initial_expert_rl,1
REC-4E01BE616B86245C,TRN-D12616A9952C7804,C,initial_expert_rl,1
REC-4E2CEAD49F76E4F0,TRN-FC7A93927885F99D,C,initial_expert_rl,1
REC-4E2FBA71BE97B629,TRN-2B0D9B2769395ED0,C,initial_expert_rl,1
REC-4E342986CBAB6C57,TRN-B23DD06C37887709,A,initial_expert_rl,1
REC-4E370CD6432AE043,TRN-2495235CA402A503,B,initial_expert_rl,1
REC-4E5D44AD4F8CF103,TRN-9270E3E90155268A,C,initial_expert_rl,1
REC-4E6F149708B3EDEA,TRN-3623EF94F1EDC173,A,initial_expert_rl,1
REC-4E757E4E31279908,TRN-60E35A500032C427,A,initial_expert_rl,1
REC-4E844101AC4F70B9,TRN-8D4F3395B2E9C499,C,initial_expert_rl,1
REC-4E87F992203E4F17,TRN-13B2430867F02D56,C,initial_expert_rl,1
REC-4EB34D51BE711B17,TRN-D4601328E9E348C7,C,initial_expert_rl,1
REC-4EB63E3827414F21,TRN-432C3DCC8085DA1F,C,initial_expert_rl,1
REC-4EB79427687D4552,TRN-4F1845EE4972DAE6,C,initial_expert_rl,1
REC-4EDE3351C59572EB,TRN-C53BF2C3E117E333,C,initial_expert_rl,1
REC-4EEF8DF0F1A4A329,TRN-2E39908090393B05,C,initial_expert_rl,1
REC-4EF027BD728024CA,TRN-088E89A8F4A56323,B,initial_expert_rl,1
REC-4F21B1202A7AC37F,TRN-DB233E34ACBDCBE5,B,initial_expert_rl,1
REC-4F6C9142065A00D6,TRN-F9C46625EE973CF8,C,initial_expert_rl,1
REC-4F736ADFCCB546A4,TRN-F81F6186A0888CA4,C,initial_expert_rl,1
REC-4F88C6FF64F4FA9D,TRN-40C0BCB71889DE7D,C,initial_expert_rl,1
REC-4F8FE7B06E33EDC4,TRN-9A0D1993AA1B05BC,C,initial_expert_rl,1
REC-4F99EF24432DB5C8,TRN-B7A2E24A2BCA3E42,C,initial_expert_rl,1
REC-4F9F21BABC438642,TRN-CFC669B0DB39C310,C,initial_expert_rl,1
REC-4FCC705A9386D252,TRN-495D2E988A7EAAC9,C,initial_expert_rl,1
REC-4FE5AEF8762BF70F,TRN-CA9086DC4983F5BF,A,initial_expert_rl,1
REC-5037215EFF497377,TRN-B003B640A697AEAD,B,initial_expert_rl,1
REC-504595051B234AB7,TRN-E0C080D7584B3554,C,initial_expert_rl,1
REC-5060758ACABD4DFB,TRN-8C810D35830AB7CD,A,initial_expert_rl,1
REC-506D87EA60D11B53,TRN-B911A651D0B03625,A,initial_expert_rl,1
REC-507055F66ED316E6,TRN-BA96FC8CC7746FF0,B,initial_expert_rl,1
REC-50709F1EA08F9425,TRN-BB3436FACBA3BFC7,B,initial_expert_rl,1
REC-50DC1EED3CA5BB45,TRN-E3ECAA718D008292,C,initial_expert_rl,1
REC-50FEE49A48B71939,TRN-3E033B2BBC7D4E36,A,initial_expert_rl,1
REC-514A71E1EC5ED538,TRN-57F473042C32D353,B,initial_expert_rl,1
REC-515848C205865719,TRN-6ACB8BB958ED6D15,B,initial_expert_rl,1
REC-5178FA8D9E1387C4,TRN-0931040AC4049D75,A,initial_expert_rl,1
REC-518C2EF528BCE110,TRN-7B1A7017FA9618B0,C,initial_expert_rl,1
REC-51A295760319CE08,TRN-F555A76BAC718E45,C,initial_expert_rl,1
REC-51DB7139AB38355E,TRN-BF44E4C23C980D45,C,initial_expert_rl,1
REC-51E450367563B258,TRN-76ABDF016785D4E3,A,initial_expert_rl,1
REC-51EDBF3C7D622C0E,TRN-3A97C2AA76BCDA42,A,initial_expert_rl,1
REC-52017524730A51EE,TRN-E47969678BA49ABD,B,initial_expert_rl,1
REC-52048228BE4DFFC3,TRN-DD8FE7895C70C859,C,initial_expert_rl,1
REC-520D44C08E36C4DD,TRN-72594FD5DA257D05,A,initial_expert_rl,1
REC-521553D26F11168E,TRN-79F1CD983F0166B3,C,initial_expert_rl,1
REC-521D696CC84FCE0F,TRN-B2257B2204708DD3,A,initial_expert_rl,1
REC-521F292839220FE7,TRN-FC39B61A3667B65B,B,initial_expert_rl,1
REC-52292336AE094D60,TRN-C279C07ABF91FEFE,C,initial_expert_rl,1
REC-5255301090FF6DFF,TRN-047904192E013882,A,initial_expert_rl,1
REC-5283B13E6F8624FA,TRN-87BFEC337185A43B,B,initial_expert_rl,1
REC-52A5E2F064B518D3,TRN-D63360BB09FCBBAA,C,initial_expert_rl,1
REC-52C5F73980924261,TRN-6D2A33D96063431F,C,initial_expert_rl,1
REC-52CD39161F0FFFA3,TRN-AC2520B9744B77D0,C,initial_expert_rl,1
REC-52E798122FA30BF8,TRN-4075F13F5293DFA8,C,initial_expert_rl,1
REC-52F79A22B8C022B1,TRN-D360A477B31212A9,A,initial_expert_rl,1
REC-530CC85CA696A6E6,TRN-A4B33D3C154A7D31,A,initial_expert_rl,1
REC-531952A2B827BFB3,TRN-6019F5643DA06001,B,initial_expert_rl,1
REC-5319D13C0E44D35F,TRN-F7A5331816DB75A0,A,initial_expert_rl,1
REC-5331362AF7A128A3,TRN-462E0871654D8E79,A,initial_expert_rl,1
REC-5338B782FC5C32E6,TRN-64EAC9A9263E624E,A,initial_expert_rl,1
REC-533A9475347D770C,TRN-7EF0A52DAF585A2A,A,initial_expert_rl,1
REC-5356DD6EA0C19BBF,TRN-C78D730FB19DB921,A,initial_expert_rl,1
REC-5383D8B14F5B200D,TRN-3E4385868968FDB7,C,initial_expert_rl,1
REC-5386CC8BDAA23593,TRN-62CD7A81E2F44F1C,C,initial_expert_rl,1
REC-53A0B6434A16B9AF,TRN-6CECE11302C194B4,B,initial_expert_rl,1
REC-53E994225865E4B9,TRN-43F8AFB4C8FBB0DC,B,initial_expert_rl,1
REC-540427FFFD3C49C3,TRN-2FCCA9C1ED0F1F4E,B,initial_expert_rl,1
REC-541D885529A18687,TRN-47638725E89CEC2F,C,initial_expert_rl,1
REC-5431B9EFDE9B080D,TRN-07051A6AD643C7A8,C,initial_expert_rl,1
REC-54350EC5763C57D3,TRN-190AA14AAF5FD0E7,B,initial_expert_rl,1
REC-543DE0CD6D23F1F7,TRN-3747C53E3FAC9BF4,C,initial_expert_rl,1
REC-543F24B90E78C795,TRN-4B4D1D8A55CE530B,C,initial_expert_rl,1
REC-5442B7921FDC083C,TRN-E8C74442EAA8D5FC,C,initial_expert_rl,1
REC-545B5D536306729F,TRN-0875B2723B0EF210,C,initial_expert_rl,1
REC-545D5FC9F73FE1AF,TRN-D878DF547A4C169F,C,initial_expert_rl,1
REC-54A043ACDDF55E4B,TRN-89BF476CC91A2F8C,B,initial_expert_rl,1
REC-54A59261B399235D,TRN-14F20B4E1FAF6819,A,initial_expert_rl,1
REC-54AD5760D5004317,TRN-7EDCC55E624D8E37,A,initial_expert_rl,1
REC-54BAE52E8AF58A4A,TRN-8004A797C0EAE67D,C,initial_expert_rl,1
REC-54DD5F95193E93AE,TRN-D57BF801AD2472C4,B,initial_expert_rl,1
REC-54FD8AAFE000E344,TRN-A5400E65B2686BAA,C,initial_expert_rl,1
REC-55024E09BC42BFC2,TRN-8A70B94561570626,A,initial_expert_rl,1
REC-553434C4920F115A,TRN-432B705558387E2E,C,initial_expert_rl,1
REC-5571A48A9AB64A8B,TRN-9801284CA0627CB2,C,initial_expert_rl,1
REC-5574FB2BEC011DAE,TRN-637B95CB22E2DEE9,C,initial_expert_rl,1
REC-5591385B29A853B0,TRN-1CB34F9AFB2BC6AC,C,initial_expert_rl,1
REC-5593426DF9A67B8C,TRN-EDB3B8A409B4336E,A,initial_expert_rl,1
REC-559466B2BE43EC8C,TRN-F1373CBE330D6EFD,B,initial_expert_rl,1
REC-559984AD1F5790A2,TRN-A1F2B4B56564E7C1,C,initial_expert_rl,1
REC-559BC77ED06AFA41,TRN-B68D2A437C048875,C,initial_expert_rl,1
REC-55B481D825A3F819,TRN-358EB7EAC6EB76FF,B,initial_expert_rl,1
REC-55BD95E20EDD6D20,TRN-892B85C5C3E5172C,A,initial_expert_rl,1
REC-55DDBE5352815DD9,TRN-BA254DD340CC88B3,B,initial_expert_rl,1
REC-55E06FFD745D4796,TRN-6361D41B103B9197,A,initial_expert_rl,1
REC-55EC43FC8BED42DE,TRN-5FD717A1D643EFCA,A,initial_expert_rl,1
REC-55FB25DAC40D8791,TRN-8475C3E52E202D86,C,initial_expert_rl,1
REC-5606AD4D2F5FF65A,TRN-7F90DAE727711CFA,C,initial_expert_rl,1
REC-561B600FA04957F4,TRN-B58F9AB1E01EFA67,C,initial_expert_rl,1
REC-564007AF191D2DE8,TRN-4E27EE81D566E57C,C,initial_expert_rl,1
REC-566E0F58FA7ED661,TRN-FDFF918A255F03A1,A,initial_expert_rl,1
REC-56B7C4C7F2DBE709,TRN-5EE7AF859175C774,C,initial_expert_rl,1
REC-56E9880AED5998FE,TRN-266913FFCAA1B48D,C,initial_expert_rl,1
REC-57107DF49EBEB789,TRN-9F2A28E7D4619BF1,C,initial_expert_rl,1
REC-571A5CA9C11FBE74,TRN-C28C3A6C2D41B0DE,C,initial_expert_rl,1
REC-572CD192224B7A40,TRN-967F16D8631E1FF0,C,initial_expert_rl,1
REC-573130020EBC132C,TRN-3A15685AAEA152CF,C,initial_expert_rl,1
REC-575C9BE3F9E1ABF5,TRN-FD2A9D7375AE203F,B,initial_expert_rl,1
REC-5761DB657BAA9CE1,TRN-06BFA483A2457002,B,initial_expert_rl,1
REC-576762155656ED10,TRN-49DC81F993C6A74D,B,initial_expert_rl,1
REC-576C59B448E3D138,TRN-72BC2C166EF1694F,C,initial_expert_rl,1
REC-577BE66DF346575E,TRN-53A4151B4F494028,C,initial_expert_rl,1
REC-57848D868683CD49,TRN-26B4141431C14238,C,initial_expert_rl,1
REC-57859F753D6915C2,TRN-42EFDE4D90D30B6F,A,initial_expert_rl,1
REC-5794A5431AD90E2A,TRN-AD8F6446B59DA959,A,initial_expert_rl,1
REC-57FA94CCEBE152FC,TRN-6690FA199629FF9C,A,initial_expert_rl,1
REC-5815C8C471169B62,TRN-89BF729F458C5C2B,B,initial_expert_rl,1
REC-5826BE449F561E03,TRN-1A4CCBA95886AD24,A,initial_expert_rl,1
REC-5839B2F9EAE20338,TRN-934EB5BAB44B079D,B,initial_expert_rl,1
REC-58A4F48A6B7D63B0,TRN-C60797814E1A0232,B,initial_expert_rl,1
REC-58C216F3F38ACEB9,TRN-12E63A7FFAC6D33B,C,initial_expert_rl,1
REC-58FF114D62506964,TRN-373B762ED3BA8AD1,C,initial_expert_rl,1
REC-5900A3BB34481581,TRN-44725D5E3D1CEC41,A,initial_expert_rl,1
REC-59078559CFAC6E7C,TRN-6D675F6E769B2D26,C,initial_expert_rl,1
REC-591157BC2AA25546,TRN-F4DF3807353D9A93,A,initial_expert_rl,1
REC-591600F942A5A966,TRN-828CF7D80E0ADB47,C,initial_expert_rl,1
REC-5922C44AE04FADBA,TRN-EFD47EC93E695E25,C,initial_expert_rl,1
REC-5924ED4BF5F4BD65,TRN-2D50D9C9DD40294F,C,initial_expert_rl,1
REC-5935F9E1376B87F0,TRN-77A31533D6A6FEF3,C,initial_expert_rl,1
REC-593680C6319295A7,TRN-B9E4FEA4AD7ACF54,B,initial_expert_rl,1
REC-5937791A37D9398C,TRN-26EDCF5F9E369D98,C,initial_expert_rl,1
REC-594717173C80CF3C,TRN-2070BCED0F5A8AC3,C,initial_expert_rl,1
REC-596F1452FF766D0D,TRN-03A40B134B795BB5,C,initial_expert_rl,1
REC-59A4A8FD9C363CB6,TRN-8212018D8DCBE205,C,initial_expert_rl,1
REC-59B83129614C3FEF,TRN-659E8FFC70338B8E,C,initial_expert_rl,1
REC-59F01419D79EBB0A,TRN-159369C8989C4ACE,C,initial_expert_rl,1
REC-59FD22B0704AE17D,TRN-A915DFF428690870,B,initial_expert_rl,1
REC-5A12C10DD1E6C2A8,TRN-58581DEA8E18B33A,C,initial_expert_rl,1
REC-5A623C40D55118B1,TRN-65757554D07F458F,C,initial_expert_rl,1
REC-5A642F29495F6759,TRN-8A9DC12866DC6CD7,C,initial_expert_rl,1
REC-5A6847D1D00DA6C7,TRN-4DA4FEDA516D5E00,C,initial_expert_rl,1
REC-5A83D3D64F72002E,TRN-9DE1070487DBF5D3,C,initial_expert_rl,1
REC-5A9351EBF0221BEA,TRN-FCDC8B50ABFE690D,C,initial_expert_rl,1
REC-5A9C45D97D2CE13E,TRN-8E209D9C5F28D2F4,C,initial_expert_rl,1
REC-5AA51D963FB2BA0D,TRN-4A9135581C9546C1,C,initial_expert_rl,1
REC-5ADF8D48C57DB7F3,TRN-3A50D961982854D9,C,initial_expert_rl,1
REC-5AF76F3BDB330B3F,TRN-5470D7149F53A430,C,initial_expert_rl,1
REC-5AFDE9D8E7393A7E,TRN-D841A38E4C5C9A20,C,initial_expert_rl,1
REC-5B0714C21C619D2B,TRN-A04EEAF13DCB3A03,B,initial_expert_rl,1
REC-5B1D207AE8E338AC,TRN-9BF6B6184B719683,C,initial_expert_rl,1
REC-5B1FB1DCAFC187C5,TRN-1DD9FA8E431F4928,B,initial_expert_rl,1
REC-5B3ACDF10258505F,TRN-29D8AFC7AD64EADE,C,initial_expert_rl,1
REC-5B45B1C3810E3C32,TRN-A49AEC4436043947,C,initial_expert_rl,1
REC-5B4BF2B6F6EE2BF7,TRN-AE1A012DF4D22CAB,C,initial_expert_rl,1
REC-5B4EB62CFC775E3C,TRN-C21AC329C0D3BDB3,C,initial_expert_rl,1
REC-5B53AA1E43789C8C,TRN-25629FAC64145A0D,C,initial_expert_rl,1
REC-5B5BBAC0A1B6BC40,TRN-00E4E876B2CC48A9,A,initial_expert_rl,1
REC-5BA872C5828870EE,TRN-EB8936594703C2EB,C,initial_expert_rl,1
REC-5BB2DC49E4ECE95E,TRN-0F46C559D7CC748B,A,initial_expert_rl,1
REC-5BBBBAF81CCB183C,TRN-969D61CCA83856EB,A,initial_expert_rl,1
REC-5BDE6C0CE89719C3,TRN-3A772F47452A6FAD,C,initial_expert_rl,1
REC-5BFF6B07D31E3C81,TRN-50F693F547606FB3,C,initial_expert_rl,1
REC-5C19D638C6DD100F,TRN-C4F64B7CED80445E,C,initial_expert_rl,1
REC-5C29CE45427A90C8,TRN-F1D01CC188925C83,C,initial_expert_rl,1
REC-5C5C0B13B2521957,TRN-21195DF8C0C1FC47,C,initial_expert_rl,1
REC-5C65F4C441191964,TRN-E49FB8CB2D0B6FAA,B,initial_expert_rl,1
REC-5CAF2F3F1F1B8F87,TRN-B451BC2A6EB511D4,C,initial_expert_rl,1
REC-5CAFE6C78DF790F4,TRN-F8B802A4CEFE777F,C,initial_expert_rl,1
REC-5CB1812917F56B95,TRN-893F97694E7542D5,C,initial_expert_rl,1
REC-5CB746B97FF6EFED,TRN-5D03986104EBF3F1,C,initial_expert_rl,1
REC-5CB8C8ECBFF0044A,TRN-039B4CC941C6561D,C,initial_expert_rl,1
REC-5CB95F44DD866007,TRN-AC54D518587B005D,C,initial_expert_rl,1
REC-5CEE2791AD3ADD11,TRN-11035CB6A670BA9F,C,initial_expert_rl,1
REC-5CF303617C1E2BF8,TRN-D188E7A41FDC94F9,A,initial_expert_rl,1
REC-5CF646E556D7933E,TRN-CC8DE3489B9F6046,A,initial_expert_rl,1
REC-5CF9FF918A665C1F,TRN-102247B14BD0505B,B,initial_expert_rl,1
REC-5D430078D9A1C6D6,TRN-E49C4CCA565C44B6,B,initial_expert_rl,1
REC-5D442F62AF08DDCB,TRN-786412DCEBC76672,B,initial_expert_rl,1
REC-5D5A8167F04002CA,TRN-E7F123980988C073,C,initial_expert_rl,1
REC-5D5C7627B2888140,TRN-3EC8DD94CB72AA89,B,initial_expert_rl,1
REC-5D6C11A773F3AB6F,TRN-158F46491727C007,B,initial_expert_rl,1
REC-5D82AF901C94AC15,TRN-6F4CD0BBF4E0A1B5,C,initial_expert_rl,1
REC-5D8A5438BD454230,TRN-6A2D797DC0CF54CA,A,initial_expert_rl,1
REC-5D8E4FFA5A489F27,TRN-1546676887A65165,C,initial_expert_rl,1
REC-5D92B630E4AAB2F7,TRN-6252B6301F9959A3,B,initial_expert_rl,1
REC-5DB1B2454E85D3BC,TRN-C2FDAB2FB946946A,C,initial_expert_rl,1
REC-5DB6E84F87F57536,TRN-96CAE5F10F9809D3,C,initial_expert_rl,1
REC-5DBD2DB938FE127A,TRN-F50F2E0302E6578C,B,initial_expert_rl,1
REC-5DCFED2210157368,TRN-249C9534076F1560,A,initial_expert_rl,1
REC-5DE5AFF7D987327C,TRN-AC2E1587D0BB7634,A,initial_expert_rl,1
REC-5E25DC01BD282A5B,TRN-E6FAFBD7EFF7D1F7,B,initial_expert_rl,1
REC-5E589E4121BC9B51,TRN-61E8810E9160A7C7,A,initial_expert_rl,1
REC-5EC6CB03BAA40E4E,TRN-F12BBF24209C7A38,C,initial_expert_rl,1
REC-5F0C3A580573B71C,TRN-B5BF062E7280CC39,C,initial_expert_rl,1
REC-5F17064AC432009A,TRN-F805B170CEF6EF4D,C,initial_expert_rl,1
REC-5F2505ED7BAB1652,TRN-B70D566A0E19AF31,C,initial_expert_rl,1
REC-5F4A08F1E11D0665,TRN-45EB39CF307E9AF0,B,initial_expert_rl,1
REC-5F60D81A0BE042C2,TRN-533AB42E4F85F7C4,A,initial_expert_rl,1
REC-5F63C00BC1DEA0EE,TRN-00609AE00BF09232,C,initial_expert_rl,1
REC-5F82375757ED7C57,TRN-5492BAB4956228A2,B,initial_expert_rl,1
REC-5F88E03EC7306CB0,TRN-AAB83EAE25117DC4,A,initial_expert_rl,1
REC-5FA40F565064BB41,TRN-E07BA44793E5D16B,B,initial_expert_rl,1
REC-5FABF737DB1C970B,TRN-1877FD3E1F4047B1,A,initial_expert_rl,1
REC-5FE02DAE2785CF61,TRN-5DBE3C3FC36495AA,C,initial_expert_rl,1
REC-5FE6688157834C44,TRN-4DDDFCA0100FCA89,A,initial_expert_rl,1
REC-6018AA33D790E3AF,TRN-7FC7793B3CA63215,A,initial_expert_rl,1
REC-6047AB988B7634F7,TRN-34C943432F84B6E3,A,initial_expert_rl,1
REC-607A824205AFF0B6,TRN-4F9CB600F74F7312,B,initial_expert_rl,1
REC-60A04D968889FB15,TRN-F4A644402A01B633,B,initial_expert_rl,1
REC-60AC921E5532C787,TRN-8760A7BE6B809CC4,C,initial_expert_rl,1
REC-60D302416AEEC6B9,TRN-6580F088D8CFCBEA,C,initial_expert_rl,1
REC-60E694429A764093,TRN-538767E99097B153,C,initial_expert_rl,1
REC-611961E3471F07F6,TRN-9840295E45DCD740,C,initial_expert_rl,1
REC-61196DB9E49482A4,TRN-E25F8B4FD0993CA1,B,initial_expert_rl,1
REC-6143BF4F01835516,TRN-2D74C11F6556B4AE,C,initial_expert_rl,1
REC-6144A899DBB68458,TRN-0805A45895AA6BC0,C,initial_expert_rl,1
REC-6164486DDBCC73A3,TRN-20C612DCA7D03A9D,C,initial_expert_rl,1
REC-617A43A73B1DF751,TRN-B31A8AC5059B1CB4,A,initial_expert_rl,1
REC-61BDDECBB113BBC0,TRN-A89E2D4D381BF0BE,C,initial_expert_rl,1
REC-61F5E522D0E809FE,TRN-148443C23274E13D,C,initial_expert_rl,1
REC-61F84D5CB6D05BFA,TRN-1B2EAB02B7D4B637,C,initial_expert_rl,1
REC-62058A8DAF99D767,TRN-222C70E711B8C061,B,initial_expert_rl,1
REC-624363A7FA7E5B13,TRN-7F9A8F93AC8FE022,C,initial_expert_rl,1
REC-62635103A5797C0C,TRN-0545A17FDCB4554C,A,initial_expert_rl,1
REC-628DC93288F25F33,TRN-CA843C7351A4CCE9,A,initial_expert_rl,1
REC-62A23C03FB5C4E29,TRN-578402F47517531E,C,initial_expert_rl,1
REC-62B997283811F2BA,TRN-5A5AF33211C48FAE,C,initial_expert_rl,1
REC-62EE8A4279350A0D,TRN-145D128153C8CB10,A,initial_expert_rl,1
REC-62F3F3026A2E327B,TRN-9E0D370D2FAAB563,C,initial_expert_rl,1
REC-62FDB674FAEDC61A,TRN-3CFAE000B4BEF89B,A,initial_expert_rl,1
REC-6301848C428F18EA,TRN-8FB2DB35B5F4265B,C,initial_expert_rl,1
REC-631D63CFDA50DAFB,TRN-99D6708683DC46AF,C,initial_expert_rl,1
REC-63307F17ED7A459F,TRN-94644628D29770B3,C,initial_expert_rl,1
REC-6350D5B05E221DDA,TRN-A170657835FFEFB1,B,initial_expert_rl,1
REC-638F7F5925D900B7,TRN-2D970A7A9A503060,A,initial_expert_rl,1
REC-639109BF0E974296,TRN-27BBA37CC608A665,B,initial_expert_rl,1
REC-63A31A51E3A5DA0B,TRN-30F0B2CBB0E620F9,C,initial_expert_rl,1
REC-63AEB32272139625,TRN-633A00A9BE26A3ED,C,initial_expert_rl,1
REC-63D0301C6612A144,TRN-E419EE3C8FF5F200,B,initial_expert_rl,1
REC-6405F2E0D5354106,TRN-3A1B54CB4307FC83,C,initial_expert_rl,1
REC-6436E2DAA8733643,TRN-B9A13F2B4FFCF9F3,C,initial_expert_rl,1
REC-644243B62B1647DC,TRN-96778B334FFB554B,C,initial_expert_rl,1
REC-64598C59BDF6EDE5,TRN-6B534639581CF0E2,C,initial_expert_rl,1
REC-6477CD533D1205D2,TRN-47362936D9C0D766,B,initial_expert_rl,1
REC-648A3742FD0BC343,TRN-01758F61A60F2530,C,initial_expert_rl,1
REC-64923AFC02E92DC5,TRN-6DC8E77EF6FBA296,C,initial_expert_rl,1
REC-64988CBCFF7ADB12,TRN-FB581D01481D4EF2,C,initial_expert_rl,1
REC-64A57A98510A149A,TRN-EB760FB4B94AE0E9,A,initial_expert_rl,1
REC-64AFFC07FCAC9C80,TRN-AD181662F65165D2,C,initial_expert_rl,1
REC-64BCB0647CA5982A,TRN-25F47AD91189D3EC,C,initial_expert_rl,1
REC-64C4E495E495DF68,TRN-05F4F8AFAC0D75A9,C,initial_expert_rl,1
REC-64DBDDC06A3768FD,TRN-7240A1CC9E4DA600,C,initial_expert_rl,1
REC-64DD8E10647BD98A,TRN-E5C936CD231F4F40,C,initial_expert_rl,1
REC-64EB945B94DFD42E,TRN-B658692C1C11505F,B,initial_expert_rl,1
REC-650337E9F2B68C05,TRN-4546FC044661EC13,C,initial_expert_rl,1
REC-6517F853D5945AEA,TRN-5FEE33917FB24005,C,initial_expert_rl,1
REC-655F9E4229D262CB,TRN-5540DA5FE6329CD7,C,initial_expert_rl,1
REC-65C03680F3D530E5,TRN-8C14ABD94D812043,C,initial_expert_rl,1
REC-65C40661BF7B6B85,TRN-258B4451F1F72BDD,C,initial_expert_rl,1
REC-65F27C943C8D5AB7,TRN-E4DCD1BF06EC0F1C,A,initial_expert_rl,1
REC-65F82952AD1ACC48,TRN-D5C54EE87025F4CD,A,initial_expert_rl,1
REC-661CB744FBD48B9C,TRN-B1D1416AAA0B6ECE,C,initial_expert_rl,1
REC-662D53308AAE2AF0,TRN-5C00528904E30B12,C,initial_expert_rl,1
REC-6653D4A1BE9186EF,TRN-07CE9A63CABB0E51,B,initial_expert_rl,1
REC-666F4397C57D9D2D,TRN-7A21DBF5553673FE,C,initial_expert_rl,1
REC-668D832635686AD7,TRN-038D79469F6FBF39,C,initial_expert_rl,1
REC-66917D380CEFF1B5,TRN-0917D1733E2F1F42,C,initial_expert_rl,1
REC-669491F34CCA0692,TRN-560EDD43BF060CFE,A,initial_expert_rl,1
REC-669C4965F8692803,TRN-4CBF62C2794CEA00,B,initial_expert_rl,1
REC-66A9537747206261,TRN-5A33D33F719682C3,C,initial_expert_rl,1
REC-66BF195444A7CDBF,TRN-07C7A0EDF0517A75,C,initial_expert_rl,1
REC-66C5724A05E63234,TRN-EDD8FD5DD4191801,A,initial_expert_rl,1
REC-67059C09C281BD43,TRN-DC128B772041F1F8,A,initial_expert_rl,1
REC-67511B680932E0FB,TRN-659E710199041329,B,initial_expert_rl,1
REC-676F0387F7AE5E28,TRN-115BC482BA5DDDCC,B,initial_expert_rl,1
REC-677309111F438F2E,TRN-23602E3E2F6493B2,C,initial_expert_rl,1
REC-67741EB478DC95C3,TRN-9118082FFAC55C79,C,initial_expert_rl,1
REC-677C0D2639C98FFA,TRN-F63C2CD8FF21B2C7,C,initial_expert_rl,1
REC-67838E091C2EC067,TRN-ECE98CDEAE12A8D7,B,initial_expert_rl,1
REC-6787A916C64DFEB9,TRN-85D9F972E547C666,C,initial_expert_rl,1
REC-679115FD9F42D5C0,TRN-36D55BB367522E3A,A,initial_expert_rl,1
REC-67BD344B86F00BD0,TRN-1059D3C309E7582A,A,initial_expert_rl,1
REC-680616092F538C72,TRN-178E68CBB972D903,C,initial_expert_rl,1
REC-6820445444F2B016,TRN-7C633F8F57D48B58,C,initial_expert_rl,1
REC-68212C3CEF737E08,TRN-A20D2FB9D0094796,C,initial_expert_rl,1
REC-6822E805F148CBD9,TRN-CCAF994DD6BF8AEE,C,initial_expert_rl,1
REC-6822F6BDD4C0B675,TRN-9962E915E714D467,B,initial_expert_rl,1
REC-683737C2EB923F83,TRN-6870C597DEEFC463,C,initial_expert_rl,1
REC-684F7F06BC6D7AB9,TRN-4DE8DDFD1BDBB283,C,initial_expert_rl,1
REC-687F2F63492E2DAB,TRN-2A003099702131DC,A,initial_expert_rl,1
REC-688591CE2FE0D8B8,TRN-434E154D822BF1D6,C,initial_expert_rl,1
REC-68AD8EA0D181C3B5,TRN-5316502D93C1A5EA,A,initial_expert_rl,1
REC-68CE461DBD6801DE,TRN-E85E4849EA2AB779,C,initial_expert_rl,1
REC-68E42A942E72DF27,TRN-A71C46AC2F8EE331,C,initial_expert_rl,1
REC-68EEE07221CCF80D,TRN-AB7F6D632656DE0F,A,initial_expert_rl,1
REC-694D21C95F5CA1F2,TRN-6E4C212C5E5C32F6,B,initial_expert_rl,1
REC-694DC47A6FF0C0A8,TRN-F4632E35F18FB9F8,C,initial_expert_rl,1
REC-697009C896304BB7,TRN-95BEF1A5B2F331EC,C,initial_expert_rl,1
REC-6983113749518AA8,TRN-42AA7ED5D59DBBD0,B,initial_expert_rl,1
REC-698A91480416647E,TRN-8E5230ADA844A4FF,C,initial_expert_rl,1
REC-69B1EF4E1D433D27,TRN-5DE7FA78759E6A6C,A,initial_expert_rl,1
REC-69D2D53F84311CDC,TRN-5AE05B80DDAD83A5,C,initial_expert_rl,1
REC-69EA4203CA3D35C9,TRN-583507EE4F30EF32,C,initial_expert_rl,1
REC-6A26DAC0B645512E,TRN-8BC67D48BBB059E0,C,initial_expert_rl,1
REC-6A29F922948919C0,TRN-61B99789598F9D0E,C,initial_expert_rl,1
REC-6A4051529EE5203C,TRN-D45472179450215F,A,initial_expert_rl,1
REC-6A4AED06AE746A29,TRN-EE649843EDB1F4FD,B,initial_expert_rl,1
REC-6A5CD77604C60F27,TRN-557ED1B5027DC8AD,A,initial_expert_rl,1
REC-6A6560F787242493,TRN-4B9DCC1879851B47,C,initial_expert_rl,1
REC-6A6FF2676DC9AF84,TRN-94245E2409B94899,B,initial_expert_rl,1
REC-6A6FF8DF45E6DD94,TRN-A148CB86F411D189,A,initial_expert_rl,1
REC-6A7CCF23F1B24C5B,TRN-A7B5799C89F3FFCF,B,initial_expert_rl,1
REC-6A963F5B5F1F50AD,TRN-8DAFA81AA38591E4,C,initial_expert_rl,1
REC-6AAFB5A2C70F4376,TRN-46ADFFA9AB32E624,A,initial_expert_rl,1
REC-6ACD3BF77E891143,TRN-076AEE618353605C,C,initial_expert_rl,1
REC-6AD834D3995ABF27,TRN-E40B9B76823144C2,C,initial_expert_rl,1
REC-6ADE04EDCA5DFDFE,TRN-615551CCD64F3891,C,initial_expert_rl,1
REC-6AEFEA8CFB36452E,TRN-12CE96685E1CD76F,C,initial_expert_rl,1
REC-6B07B592FA0ED58F,TRN-6970598C13E4E3FE,A,initial_expert_rl,1
REC-6B105F0D1876E5CA,TRN-C0CACADEC13F5A6A,B,initial_expert_rl,1
REC-6B1931BE7B08DF14,TRN-E6A612FAAC763974,A,initial_expert_rl,1
REC-6B2A7D45E45E4B38,TRN-D183E4F29CD30B8E,A,initial_expert_rl,1
REC-6B2E5F4166155E94,TRN-0EF24C39B33FD30D,A,initial_expert_rl,1
REC-6B30CB2664C2948C,TRN-70CDC746C026AB99,A,initial_expert_rl,1
REC-6B388F45F50CFA5A,TRN-3809824FBCFF5B90,C,initial_expert_rl,1
REC-6B42CB9F861D58A0,TRN-A546EF280D22E1F1,C,initial_expert_rl,1
REC-6B4C56FE6F9D71B6,TRN-68537895598D477E,C,initial_expert_rl,1
REC-6B64CFA1C76856B0,TRN-330810C5D45AB9D2,A,initial_expert_rl,1
REC-6B7B0CA96EE5F466,TRN-14A6B1B9F6FCF38A,C,initial_expert_rl,1
REC-6B8B4E39E1C87140,TRN-D2DF6317E1A213E1,A,initial_expert_rl,1
REC-6BDE58E00530C95B,TRN-33DEBAB4296A28A4,C,initial_expert_rl,1
REC-6BF234E6FD5B22C9,TRN-7FA79DD43E9D9136,C,initial_expert_rl,1
REC-6BFB5005655162D3,TRN-5391D1329ECED335,C,initial_expert_rl,1
REC-6BFC2047A7A6A88E,TRN-041EF1FD28720A5E,B,initial_expert_rl,1
REC-6C0B9E1A92D04026,TRN-5CF67C89BA2DC870,A,initial_expert_rl,1
REC-6C0CAD2737434075,TRN-1D3FE50573EBA6A2,C,initial_expert_rl,1
REC-6C1DC379640278DE,TRN-F80F97C5FCB8BDA4,C,initial_expert_rl,1
REC-6C1E1D51EDF496A1,TRN-7C10A67A8E23CE77,A,initial_expert_rl,1
REC-6C2000B4B2D37F77,TRN-86854808D6F40BAE,A,initial_expert_rl,1
REC-6C2AA61109149B9C,TRN-902FC55679D0ACC6,C,initial_expert_rl,1
REC-6C32B4EE107EED14,TRN-1152D0F7365C02F1,C,initial_expert_rl,1
REC-6C37AD67FCA8F8EB,TRN-CB6B79D040B7CAFE,A,initial_expert_rl,1
REC-6C3EBAAE1F369F65,TRN-A257D3BBE0923CAE,A,initial_expert_rl,1
REC-6C580D288ABAD59C,TRN-596A2E87A8DEA819,A,initial_expert_rl,1
REC-6C704AD34C7D2A78,TRN-23A9994B58562BD8,B,initial_expert_rl,1
REC-6C787CBCFABC2D61,TRN-A21F4669D97E6590,C,initial_expert_rl,1
REC-6CD0CCAD67E06636,TRN-FBC3DB0C17042B23,A,initial_expert_rl,1
REC-6D0B2165B55E7D67,TRN-DA1207745D78807A,C,initial_expert_rl,1
REC-6D234C343DC883C6,TRN-BB9466CCB286F345,C,initial_expert_rl,1
REC-6D37AD57A5354E96,TRN-98C2757FBDF1EE65,C,initial_expert_rl,1
REC-6D4A7F298BF6D124,TRN-A4A5EFB8DA9620CB,C,initial_expert_rl,1
REC-6D57EBDC117F54D3,TRN-1E7E2F552BFC4A8A,C,initial_expert_rl,1
REC-6D63E8BAC9F4F57F,TRN-66A4C9D192517DB8,C,initial_expert_rl,1
REC-6D7DE3F5949D9A48,TRN-5D79F5FEC551E598,A,initial_expert_rl,1
REC-6D8C7A2D5C199DC1,TRN-97FBB7DE43F1155D,C,initial_expert_rl,1
REC-6D9FF4CC28F9D2D3,TRN-8D50885B61C95E7F,C,initial_expert_rl,1
REC-6DA67081EE8A72A5,TRN-1E4BA474AA91C168,C,initial_expert_rl,1
REC-6DBF3DDA8835357E,TRN-A8CEF623B9BF2675,C,initial_expert_rl,1
REC-6DD1A81F4292ADFC,TRN-A26A2CF93676F77B,A,initial_expert_rl,1
REC-6DE8D0B656226F6F,TRN-EBFC80E8A91F3D29,A,initial_expert_rl,1
REC-6DF43B85F099E4FE,TRN-E4C6B1795B6FF1CE,C,initial_expert_rl,1
REC-6E0A5EE00112342B,TRN-66C2EFE04836055F,A,initial_expert_rl,1
REC-6E6A7EF61635F3BF,TRN-F15617BF40FA6D60,C,initial_expert_rl,1
REC-6E86BC4D725024C6,TRN-B848BD299EE213A1,A,initial_expert_rl,1
REC-6E9E8EED80CF959D,TRN-5A012E08739C5042,C,initial_expert_rl,1
REC-6EA92C49C34776D6,TRN-E01E9706D02982AC,C,initial_expert_rl,1
REC-6EAB18A4FE22D51A,TRN-9E8109CD5B3682B0,C,initial_expert_rl,1
REC-6EECFB9AA230ADB1,TRN-43C455BC4AB02975,A,initial_expert_rl,1
REC-6F2D1513B582384C,TRN-BA18BCAFD79C5D99,C,initial_expert_rl,1
REC-6F318596A87591F9,TRN-2E089A32ADA02A88,A,initial_expert_rl,1
REC-6F5E9B969EAC9F3A,TRN-EE8ED7AB3E97854B,C,initial_expert_rl,1
REC-6F6A59E1E61F7BC3,TRN-C0E1DEBB818B6BBA,C,initial_expert_rl,1
REC-6F6E91DDB4C473F8,TRN-F8CFA4FA9A231F83,C,initial_expert_rl,1
REC-6F7A457B8F0ECF92,TRN-B163B689D56D0F07,B,initial_expert_rl,1
REC-6F86165B457EB561,TRN-A59B03D8C2A5F2B3,C,initial_expert_rl,1
REC-6F98D51B465E35B6,TRN-1B50829715A076C3,B,initial_expert_rl,1
REC-6FB768AEA731A72A,TRN-0CB3F34202D600C7,C,initial_expert_rl,1
REC-6FC90EEBD5FF4138,TRN-47D057257B51EC56,A,initial_expert_rl,1
REC-6FDE6D3A03F5D3E6,TRN-75F160A7B6DFB096,C,initial_expert_rl,1
REC-7024F52E29958A1A,TRN-7474499CF6FFD558,B,initial_expert_rl,1
REC-706A20698E6819D0,TRN-7B0B2873B62434B8,C,initial_expert_rl,1
REC-706CE8244F8F659C,TRN-AE10FE68A1D66445,C,initial_expert_rl,1
REC-7099B29F0B13944A,TRN-5C0861529237DF3E,C,initial_expert_rl,1
REC-70CFE76C0069B40E,TRN-3312042D873F846B,A,initial_expert_rl,1
REC-70EC1CC0EC338C8A,TRN-0F844742DD1BAE64,C,initial_expert_rl,1
REC-7102761E9BCD88DE,TRN-075B647775B7FBA0,C,initial_expert_rl,1
REC-710A0B8141B5DBF7,TRN-0F2973D73D81CB45,C,initial_expert_rl,1
REC-710C98BF93595001,TRN-2B7FA6C19C6F842E,C,initial_expert_rl,1
REC-7127162EDE907BE0,TRN-F8B02CD09219C391,B,initial_expert_rl,1
REC-71288EA1DB360B15,TRN-51E466A388C70C9E,C,initial_expert_rl,1
REC-713721DCD4DBB9DF,TRN-D741A4E30BB5A828,C,initial_expert_rl,1
REC-7138DD87882F1D34,TRN-707458714B8F7C71,C,initial_expert_rl,1
REC-7144D424130359C5,TRN-4B53C2790E84B7A3,C,initial_expert_rl,1
REC-715B79825A6CEFE6,TRN-A6F864D8970CAF41,B,initial_expert_rl,1
REC-7162BEEDF446EE38,TRN-73819D87010401AB,C,initial_expert_rl,1
REC-716304449242D401,TRN-7189370A7664BFD8,C,initial_expert_rl,1
REC-717C3D9543EE668B,TRN-D2B4BBE37738E9C9,C,initial_expert_rl,1
REC-717C84C58B23B6D7,TRN-45D64110096836EE,C,initial_expert_rl,1
REC-7181AB2AF45704FA,TRN-CDA531E2E77044CB,A,initial_expert_rl,1
REC-718D41CE01C2F39C,TRN-F96D39D86529D361,C,initial_expert_rl,1
REC-71A1CF1EB408C57D,TRN-52FF0296B178890D,C,initial_expert_rl,1
REC-71D72DC5661EBE0A,TRN-3B858BB0BC0C4F18,A,initial_expert_rl,1
REC-71E4F4A36A8310BD,TRN-2070522276D8FEF5,C,initial_expert_rl,1
REC-7220B0A8B12D8CC1,TRN-87C2C832FD3C4395,C,initial_expert_rl,1
REC-72497E932A6E2536,TRN-25F5E2DDA1371AA2,A,initial_expert_rl,1
REC-7251EBD7ECF5D501,TRN-88FD0C9F83764CA3,C,initial_expert_rl,1
REC-726B899E6D97C772,TRN-8F593D01B84F0902,B,initial_expert_rl,1
REC-729B7B7D0133FDFC,TRN-0676A3E655B08B1B,C,initial_expert_rl,1
REC-729DC7288129EAFE,TRN-77B6A591B0A4DFC2,B,initial_expert_rl,1
REC-72BEBA10830E827F,TRN-F07C837CED801DF3,A,initial_expert_rl,1
REC-72CBC929110D89A5,TRN-DB73559EB7C22624,C,initial_expert_rl,1
REC-731A8EFB41F658ED,TRN-9234C3B39F456913,A,initial_expert_rl,1
REC-7331B20CA6233700,TRN-1EA8275B7F253B5C,C,initial_expert_rl,1
REC-73568A754871D3E4,TRN-3D0579BADDA4DB16,A,initial_expert_rl,1
REC-735B92F63566EE4C,TRN-7FB1E97BAFCAB0DC,C,initial_expert_rl,1
REC-73748819A0FF3C38,TRN-10860A3C056D4F26,C,initial_expert_rl,1
REC-73861065F640D2E3,TRN-E1433E360700FC40,A,initial_expert_rl,1
REC-73A0D99B9F59BC05,TRN-AD7C7DCA22A5318B,C,initial_expert_rl,1
REC-73A2543CC0B0FC4E,TRN-5A2FB31D5D51EAC4,B,initial_expert_rl,1
REC-73D046BF94088733,TRN-E0B977CF68D18DF0,C,initial_expert_rl,1
REC-73D9666A051D39CF,TRN-B92B2A502220F004,A,initial_expert_rl,1
REC-73F25D1B25989388,TRN-6F2C65855A13FBF2,B,initial_expert_rl,1
REC-73FAB5FCE4015A25,TRN-0378B814F24440C5,C,initial_expert_rl,1
REC-7429197403A06EBE,TRN-A0A2768EFF496A88,C,initial_expert_rl,1
REC-744168566E3E61DC,TRN-76219B3958694835,B,initial_expert_rl,1
REC-746944AD5A34D28C,TRN-F5381F5C1BD91418,A,initial_expert_rl,1
REC-748A83E15EDA9738,TRN-B711F9AA4356A22D,C,initial_expert_rl,1
REC-74B019C2FC2BE898,TRN-D68316F07AB7B3EF,C,initial_expert_rl,1
REC-74BBD5C6ADBD20BC,TRN-72EDD9B698D78D5F,C,initial_expert_rl,1
REC-74C0C2A16BD9598C,TRN-5EA2760DC771BB0F,C,initial_expert_rl,1
REC-74EE4FBDCB4990BE,TRN-89F54514B381B53E,C,initial_expert_rl,1
REC-7500FC1A1CA1C302,TRN-A3592003608224E9,C,initial_expert_rl,1
REC-75221FB8EBB00D2D,TRN-111626B6F62AFDD9,B,initial_expert_rl,1
REC-7554860E2E7AD493,TRN-5DDA197CA515F40D,C,initial_expert_rl,1
REC-7578E5F394E4562A,TRN-6B079739E11258E2,B,initial_expert_rl,1
REC-757B31DD6E00F60A,TRN-5670A5044A648692,A,initial_expert_rl,1
REC-758E68F1324E1006,TRN-CC375883598DE3D9,C,initial_expert_rl,1
REC-7595E95690293D61,TRN-E73A220D86F3DFC2,B,initial_expert_rl,1
REC-75BA767F8434E8C8,TRN-F2CCCDB41DE51F7F,C,initial_expert_rl,1
REC-75C0BE42A77D912D,TRN-4FBB343ECD89882C,B,initial_expert_rl,1
REC-75C481E116168ACE,TRN-7052508BA7494BD8,C,initial_expert_rl,1
REC-75CE088052EB91D2,TRN-A7CD41C6138949E3,C,initial_expert_rl,1
REC-75CF8AF56D40FA3B,TRN-35998C8B627C10B1,C,initial_expert_rl,1
REC-75E6C61273AE2C06,TRN-5084412AFECC2D65,A,initial_expert_rl,1
REC-76128DCC82A8BC82,TRN-B493E2050EA615FF,A,initial_expert_rl,1
REC-7694C710D49C5AD1,TRN-0C1F7EADDC4B2546,C,initial_expert_rl,1
REC-76ABCA91BD9C0AF4,TRN-48AA0490D9DBAC44,C,initial_expert_rl,1
REC-76B5033263DF6801,TRN-E1660BF58FF99CD1,C,initial_expert_rl,1
REC-76BDD88302B7F7D9,TRN-EC5D5E777C8F8A84,C,initial_expert_rl,1
REC-76C2C526E522779F,TRN-4902D6D34D19D1B0,C,initial_expert_rl,1
REC-76E70FC0F66CBCBF,TRN-8D7A04200A548177,C,initial_expert_rl,1
REC-76F2114428BDA19C,TRN-A8FB0426DE1ADC86,C,initial_expert_rl,1
REC-76FDC6D3E4E4E4AF,TRN-25F22772A3871DB2,C,initial_expert_rl,1
REC-7724C710CD57E03A,TRN-390C200A428ADD3E,B,initial_expert_rl,1
REC-77256ACFB9C7567A,TRN-A75C12E2137A8216,C,initial_expert_rl,1
REC-774E77A9148D4FA9,TRN-D412D38F359B853F,C,initial_expert_rl,1
REC-7760C74119B68312,TRN-9C2359987AB441AE,C,initial_expert_rl,1
REC-7782565D961C45FE,TRN-44444E8E02AD6E3A,A,initial_expert_rl,1
REC-778946198A0C49F3,TRN-2DB3E560A59A9C60,B,initial_expert_rl,1
REC-77897E668858235C,TRN-774899E210BA0256,C,initial_expert_rl,1
REC-778F753A5501C458,TRN-772F1B2E21E094BC,B,initial_expert_rl,1
REC-77B82C019733438C,TRN-BC1832F4F6747A22,C,initial_expert_rl,1
REC-77F79124B9C10545,TRN-11B32446569FE25C,C,initial_expert_rl,1
REC-782BE98058C93745,TRN-F897B8F9312E8500,C,initial_expert_rl,1
REC-7849841B2C5B1FAE,TRN-F45D8B5C0FA781BC,C,initial_expert_rl,1
REC-78597948BBA82E7A,TRN-3353EFE69F2C370D,A,initial_expert_rl,1
REC-78629EE9BBD28491,TRN-33087060E3BC9A2E,C,initial_expert_rl,1
REC-7884AA225241219E,TRN-7816D496F8C2121C,A,initial_expert_rl,1
REC-788F772520E35719,TRN-4565828DF85B86F3,C,initial_expert_rl,1
REC-78B1195042A5BE27,TRN-1174F8855C631339,B,initial_expert_rl,1
REC-78BAA45F3C19C8C0,TRN-137E1FB618DF9398,C,initial_expert_rl,1
REC-78C7DB65F4BBFCB9,TRN-890927CAA11334E3,C,initial_expert_rl,1
REC-79039D438241EDD7,TRN-8FF1354462345D39,A,initial_expert_rl,1
REC-790F8E900151CD42,TRN-EDBAC4AA76614E6E,C,initial_expert_rl,1
REC-792FB526C2748209,TRN-317A220864523E19,C,initial_expert_rl,1
REC-794804574E477886,TRN-D729EA48455D4557,B,initial_expert_rl,1
REC-7949EF6B207B0D6A,TRN-1B541A3B2E81C5D3,A,initial_expert_rl,1
REC-796495E538EDA0C0,TRN-56A56BFF5C53DE59,C,initial_expert_rl,1
REC-796C28B712BB6AF4,TRN-70E200A7357E2F6E,C,initial_expert_rl,1
REC-79D8632C50DCA125,TRN-4E676D5D7E932F5D,C,initial_expert_rl,1
REC-7A0D085C81F8525B,TRN-0BDB784F1627ECDE,C,initial_expert_rl,1
REC-7A22868F1A91A6F9,TRN-555D91AF86F11013,C,initial_expert_rl,1
REC-7A4A8885F97929F9,TRN-1C702B5512F7FAA5,C,initial_expert_rl,1
REC-7A76434446D4742B,TRN-437271DE12B2DE05,A,initial_expert_rl,1
REC-7A8AEED8A2453323,TRN-0C5254CC39E94900,A,initial_expert_rl,1
REC-7A96EC7022B7D18B,TRN-DCE94747893DFAD7,C,initial_expert_rl,1
REC-7AA0AC35BCE7B99F,TRN-CEDC169F65C960D0,C,initial_expert_rl,1
REC-7AD200151E1933DC,TRN-2245F5479ADFF48A,B,initial_expert_rl,1
REC-7ADE99F5501213AB,TRN-E070FB480A433CC5,C,initial_expert_rl,1
REC-7AE0FF81EB3EAF11,TRN-62251A580017CC48,C,initial_expert_rl,1
REC-7B03DC551BD0D051,TRN-0AB34BA9C0AB08CC,A,initial_expert_rl,1
REC-7B14FCFA883751BD,TRN-B6974FF9FE6756F4,C,initial_expert_rl,1
REC-7B3F999F6442FCF7,TRN-8DE60AA445B9DCEB,A,initial_expert_rl,1
REC-7B402B335362B523,TRN-8D039F56C9D5B57C,A,initial_expert_rl,1
REC-7B5140B637DFAB72,TRN-73FF8AD3367824AD,B,initial_expert_rl,1
REC-7B678E21CE59351C,TRN-C00F0822059A199A,C,initial_expert_rl,1
REC-7BA1EA77E9BD155A,TRN-DD5FA49651CD1218,A,initial_expert_rl,1
REC-7BB400F052504939,TRN-D2CCDE6D1F9BFD8A,C,initial_expert_rl,1
REC-7BC7EB8FB3B2DBAE,TRN-ABB08771E5191F1B,B,initial_expert_rl,1
REC-7BD19A7AA68AF48A,TRN-AFB40D263C7B4CB1,A,initial_expert_rl,1
REC-7BD353DAD8E91463,TRN-3B81147E4D5FC3A3,A,initial_expert_rl,1
REC-7BD55FDAFE3AD240,TRN-F4F634C7DEF50AB8,C,initial_expert_rl,1
REC-7BED2CBC1370497A,TRN-6DDB16040AE5454E,A,initial_expert_rl,1
REC-7C01F34A7638F9C2,TRN-A86A24CA603FD100,C,initial_expert_rl,1
REC-7C2529C199863DF4,TRN-4A0B7855120FDBF0,C,initial_expert_rl,1
REC-7C4802CC8595982A,TRN-FC329691338307F6,C,initial_expert_rl,1
REC-7C5CE452D9E8F9A2,TRN-FBBE796FB03F7BA8,C,initial_expert_rl,1
REC-7C63E9BC67CEE92F,TRN-39E0FE8CAE8E8264,C,initial_expert_rl,1
REC-7C81DEC039AA403A,TRN-BB5B8BAB25747D5E,A,initial_expert_rl,1
REC-7C98747AD87D9FE9,TRN-072AA7E7EDF4EBCC,C,initial_expert_rl,1
REC-7C991FDC5AD582A7,TRN-CF93EC152A34AC7E,B,initial_expert_rl,1
REC-7C9F7BFD27305DCE,TRN-BF3F305E00F39F90,C,initial_expert_rl,1
REC-7CBCEAA86753A702,TRN-16576F820AED6D6A,C,initial_expert_rl,1
REC-7CED5419F3D6221C,TRN-91493567AD2B8792,B,initial_expert_rl,1
REC-7D0060E9A908228C,TRN-8688BD3284C07EAD,A,initial_expert_rl,1
REC-7D0C9AD283F080DD,TRN-8AF6081A7F1F8F81,C,initial_expert_rl,1
REC-7D2F847067A79AD7,TRN-29E87D508A470842,C,initial_expert_rl,1
REC-7D2FBF4320C3A023,TRN-8E099ED7609BE9BB,C,initial_expert_rl,1
REC-7D3279B9B354BEFF,TRN-CEF30B1DD15DD0AE,A,initial_expert_rl,1
REC-7D459C9641BD5852,TRN-76602DEF6A31BE04,C,initial_expert_rl,1
REC-7D5C6EC1ED378EB0,TRN-1499BEE9F1187314,A,initial_expert_rl,1
REC-7D7AE9B22914F25F,TRN-722FEE10E75CC1B7,C,initial_expert_rl,1
REC-7D808C85FFD22DB9,TRN-798DB4EE02DA52C1,A,initial_expert_rl,1
REC-7D911E5CDB13583B,TRN-65FE073EEA0154AE,A,initial_expert_rl,1
REC-7D9B75FAC8F71A9D,TRN-2B97461DBC1C600B,A,initial_expert_rl,1
REC-7DAE171154BDC205,TRN-92DDBCE0D27F403F,C,initial_expert_rl,1
REC-7DC223D5D5FB93C1,TRN-AE6011613D0E3C99,C,initial_expert_rl,1
REC-7DD4C1C6FC3BCB48,TRN-3C6A3829EC03882B,A,initial_expert_rl,1
REC-7DEE9ABF29F2012D,TRN-A43B5A54BED55559,A,initial_expert_rl,1
REC-7E08B3F8A1721DA4,TRN-6E05ED7BEDA30E09,C,initial_expert_rl,1
REC-7E17422041767F81,TRN-DFBDE139FB742695,B,initial_expert_rl,1
REC-7E305BA1722A0456,TRN-09A63CAE8DE48EB1,B,initial_expert_rl,1
REC-7E3582F05C962F6A,TRN-BC8B1ED29B2C0032,C,initial_expert_rl,1
REC-7E4BBCE92A141D33,TRN-DD3CC134F49288E0,C,initial_expert_rl,1
REC-7E5336C1AB76AA2C,TRN-34ADFE99B4CA52B9,B,initial_expert_rl,1
REC-7E708653309B48FE,TRN-A0DE21F9805FCA6D,C,initial_expert_rl,1
REC-7EAA3E80581956F1,TRN-7696AFA2DD77CA5F,B,initial_expert_rl,1
REC-7ED75C6CE4A40830,TRN-39DF5CB03E9E5B00,C,initial_expert_rl,1
REC-7F00D221CDE36C79,TRN-58C41262D4FE143C,C,initial_expert_rl,1
REC-7F32DF006E42C438,TRN-D20A2E738BFE3EA2,B,initial_expert_rl,1
REC-7F4AC6ACD95CE11C,TRN-F730F88BA55B4747,A,initial_expert_rl,1
REC-7F4E3C7C931B786B,TRN-C5669B077F4048E9,C,initial_expert_rl,1
REC-7F84CEF9751DF1AB,TRN-B51365D4C85A4512,A,initial_expert_rl,1
REC-7F8A7197A7F98E22,TRN-E109061DD1715EA0,B,initial_expert_rl,1
REC-7F8E4AEA87A8DE2B,TRN-72A36DF4FA66303D,C,initial_expert_rl,1
REC-7FFDC027F6EE4B6E,TRN-2B5F2E78D1247128,C,initial_expert_rl,1
REC-800766FD61F6A95C,TRN-07CF84199DD2A4B8,A,initial_expert_rl,1
REC-80234A15ED7201DD,TRN-8DA4D766B403CDF9,C,initial_expert_rl,1
REC-804BA2A23C10A9AB,TRN-50284E679ED29AB0,C,initial_expert_rl,1
REC-806971BF201B8E65,TRN-9623FDEECC0439BE,B,initial_expert_rl,1
REC-8072FDEA4DB433E1,TRN-598CC8BE96874398,B,initial_expert_rl,1
REC-807927647C96499E,TRN-F76973E2146F00EA,A,initial_expert_rl,1
REC-808A1FE8930D2A92,TRN-0C31A9BAEF8E9D14,C,initial_expert_rl,1
REC-80B3D59261CBDBEB,TRN-69F75655E6C6D713,C,initial_expert_rl,1
REC-80E16BAFF48310F9,TRN-AAA19EC41FE0D98F,C,initial_expert_rl,1
REC-80F7702C351B5E49,TRN-4A150AEC8BEA7BCA,C,initial_expert_rl,1
REC-810D982FB34830CA,TRN-3E17D0EAA132F410,C,initial_expert_rl,1
REC-810F2B5A5784FFF7,TRN-82CC73D56818DCA8,B,initial_expert_rl,1
REC-81250EFC47C43362,TRN-F48DDC9DA0E094B5,C,initial_expert_rl,1
REC-812FC117680C71D7,TRN-40CAFB2C8E574FD1,C,initial_expert_rl,1
REC-819E4F8E34AFA05A,TRN-78A80299F86DCD2A,C,initial_expert_rl,1
REC-81A28017605280BE,TRN-9DA8D2C202A5BF34,A,initial_expert_rl,1
REC-81AC3CF71A93910A,TRN-9F225FFFA5440443,C,initial_expert_rl,1
REC-81CA136C012EAA78,TRN-78C2CB2A3150A3DE,A,initial_expert_rl,1
REC-81D564F5CC393011,TRN-4624F7E540366C47,A,initial_expert_rl,1
REC-81D8CC488031A129,TRN-EAB9351CB03992A3,C,initial_expert_rl,1
REC-81DBEFBA067CC98D,TRN-2A6BC1D7512DE704,C,initial_expert_rl,1
REC-8209CD2B7BF1DCDD,TRN-61B72CE4377FD8F4,C,initial_expert_rl,1
REC-820BB213350BAB80,TRN-CAB0FF7B19DE8A85,C,initial_expert_rl,1
REC-821BA0951CAB8DF1,TRN-D92528E0FF4D7F8C,C,initial_expert_rl,1
REC-822C34C24B578B58,TRN-126D85ACA7B9C9CD,C,initial_expert_rl,1
REC-8255B56EA32006BF,TRN-A25DE5A2C96A15C4,C,initial_expert_rl,1
REC-825C7794B6170CD4,TRN-9FE6ED77D8DB1F70,B,initial_expert_rl,1
REC-829944F849EA849D,TRN-B8C9B79426FF56F9,C,initial_expert_rl,1
REC-82A76250D0398FCB,TRN-B2343DEEAAA38F85,C,initial_expert_rl,1
REC-82DFF7077F7A0E68,TRN-015CF12182869E6B,A,initial_expert_rl,1
REC-82E839D2D6916DD9,TRN-395FF07F745C5C44,C,initial_expert_rl,1
REC-82E88B8E4BEEAC4D,TRN-9315D7147682092E,B,initial_expert_rl,1
REC-82F31569B138C22F,TRN-6C3CEE74717AB272,C,initial_expert_rl,1
REC-830DAA8A4EBD12C1,TRN-EC0C58C395DF4970,B,initial_expert_rl,1
REC-83281791E193CAC5,TRN-A108948C1BA60A18,C,initial_expert_rl,1
REC-833492E956F7C567,TRN-51B110DD3813AEAD,C,initial_expert_rl,1
REC-8341D9E0D7C7BB22,TRN-EDD5E80B137FFA84,C,initial_expert_rl,1
REC-836B3EDDF5AD50EE,TRN-A02A03A2BD1F5899,C,initial_expert_rl,1
REC-83753E171AF67124,TRN-119D311037A23643,C,initial_expert_rl,1
REC-838168C195AF6FE4,TRN-1FF37F8A2E8CDB6F,C,initial_expert_rl,1
REC-838E78E12A7F574E,TRN-F15E964B1EFFAD25,A,initial_expert_rl,1
REC-8395F10735A46310,TRN-1BDFEE838E4F2DA9,C,initial_expert_rl,1
REC-83B5086E8B1BDB77,TRN-38D56EA721DB7E94,B,initial_expert_rl,1
REC-83BB0227FF127E3A,TRN-D0C20391CB8235EB,C,initial_expert_rl,1
REC-83C5861E9C57E945,TRN-92C2B6B3C2741924,B,initial_expert_rl,1
REC-83CF5C0E7121E414,TRN-43A3489546D08E7A,A,initial_expert_rl,1
REC-83E52BCBEF622CD9,TRN-6B11ED56C9FA1317,C,initial_expert_rl,1
REC-84084E6533228E7F,TRN-931627702190EF3D,C,initial_expert_rl,1
REC-840D7CF6659E4EC4,TRN-409152C69F48AC8B,B,initial_expert_rl,1
REC-8414745D10E96934,TRN-BBA7A90D6AB9AF9C,A,initial_expert_rl,1
REC-841D61D5A2F9A723,TRN-E5FCB70AF60EDE17,B,initial_expert_rl,1
REC-8434441A8868D368,TRN-CE5DA73A5531D1B8,B,initial_expert_rl,1
REC-844A272A7812C87C,TRN-63DABD1568D76364,C,initial_expert_rl,1
REC-844A8B3635BD4574,TRN-E28B1DB4143F53B8,B,initial_expert_rl,1
REC-845F5E9A12756FE3,TRN-7AAE493C6BFE8FA4,C,initial_expert_rl,1
REC-848745EA1058673C,TRN-3FFBF4BED7991A6C,C,initial_expert_rl,1
REC-84885F73069FABB5,TRN-F3ACCED737B0B42C,A,initial_expert_rl,1
REC-849ECC3F1CBB99A9,TRN-AA4AFA28F564C1CC,C,initial_expert_rl,1
REC-84BE84074CD0B524,TRN-FEA65789A6E1349D,B,initial_expert_rl,1
REC-84C5101407093F71,TRN-2D534FB548F7C581,A,initial_expert_rl,1
REC-84D8053A1575B61F,TRN-6B9B1CBC13D77312,C,initial_expert_rl,1
REC-84E890105B0BC9D3,TRN-17A787666F326A93,C,initial_expert_rl,1
REC-84F1AA5CAE4B0B81,TRN-E33CEE4C9B5D03E8,B,initial_expert_rl,1
REC-84FA4342EA0DF705,TRN-D86947A7F7CF7A17,B,initial_expert_rl,1
REC-856B10385C87D491,TRN-019D0094C9A24CF6,C,initial_expert_rl,1
REC-85794FAA1A612889,TRN-6D98C8BAAF9E5C9C,A,initial_expert_rl,1
REC-859316C12EFF5168,TRN-9BC721E9D86663F8,A,initial_expert_rl,1
REC-859859873907D49B,TRN-496B5677AFF6DA48,B,initial_expert_rl,1
REC-859A0FD1C253EC12,TRN-338F4C7E926EFD49,C,initial_expert_rl,1
REC-85A2BDC8797C5B2C,TRN-944C194A6211A194,C,initial_expert_rl,1
REC-85CF76E835488BBF,TRN-848988B9480EE293,A,initial_expert_rl,1
REC-85DA754983A4C0C1,TRN-C48082073FDBBCD4,C,initial_expert_rl,1
REC-8604C469AC34F648,TRN-F52B72FDB1FAD2EF,B,initial_expert_rl,1
REC-8650EDC651554F93,TRN-B51AE24F4E17C5DE,C,initial_expert_rl,1
REC-868B518EDF0C03EE,TRN-4B9B12D68EE8011F,C,initial_expert_rl,1
REC-868EAACFD13A61E6,TRN-E93B14AD6733E481,C,initial_expert_rl,1
REC-86990F272ADBB672,TRN-AABA16933EABF96F,C,initial_expert_rl,1
REC-869DD1E01579A2E0,TRN-ED65646BD1B34BF2,C,initial_expert_rl,1
REC-86D1599462B187DA,TRN-16DEBD756FF9CF71,A,initial_expert_rl,1
REC-86D1CB7E4421BB8B,TRN-3EDB74A7AA3B9BF2,C,initial_expert_rl,1
REC-86E3034CD1F70819,TRN-A42C9EA7C7A8987B,C,initial_expert_rl,1
REC-86F46E736296913C,TRN-244304E33DCD804C,A,initial_expert_rl,1
REC-86FD651672F805F2,TRN-992B879D89E2446D,C,initial_expert_rl,1
REC-870D631762765697,TRN-20C9E81ED36D04C6,B,initial_expert_rl,1
REC-8722664CE3470D4F,TRN-95AEFCDCD5D61C4D,A,initial_expert_rl,1
REC-873DD274BE11F410,TRN-6873E9CE077E44EE,B,initial_expert_rl,1
REC-875139A2DF22D4DA,TRN-37DC360E3B9A5990,C,initial_expert_rl,1
REC-8789C93CDF8CB123,TRN-C3AD5E9D09AF88E8,C,initial_expert_rl,1
REC-87E256186159EDAE,TRN-EE61D47B7CA4CA4D,A,initial_expert_rl,1
REC-87E453A5FCD05D4B,TRN-E38D071A166003CF,B,initial_expert_rl,1
REC-87F9C7912F2BC885,TRN-4EA901732289302F,B,initial_expert_rl,1
REC-8803896627644ED0,TRN-7F39B9458FAA5C32,C,initial_expert_rl,1
REC-880637118E62B8CA,TRN-9B6D569CD0DAC943,A,initial_expert_rl,1
REC-88066DAE0C957882,TRN-384FD4F6CF526341,C,initial_expert_rl,1
REC-8814669E202F5ED7,TRN-9A074CFEAAA0D128,C,initial_expert_rl,1
REC-88426A458886B992,TRN-C54303AA0A2CCE5A,C,initial_expert_rl,1
REC-8862179BC34842F2,TRN-6A85C834D3F033A7,C,initial_expert_rl,1
REC-88B1F4A9189924CA,TRN-158004DE7E1CA3AC,A,initial_expert_rl,1
REC-88B7C546A3703BDC,TRN-95C2D9B925CAE077,C,initial_expert_rl,1
REC-88C49BC0D87E06F7,TRN-31D951385097101F,A,initial_expert_rl,1
REC-88CEB7F82AD6552A,TRN-ABD917ADEDEBF352,A,initial_expert_rl,1
REC-8917FD44EFAC1A8A,TRN-74888549B2347CB1,A,initial_expert_rl,1
REC-892748D46CF1BC45,TRN-3FC66525F2E45E78,C,initial_expert_rl,1
REC-8928C280573436DE,TRN-5EB9E27966FB1CF3,A,initial_expert_rl,1
REC-895926B9FF67F1C7,TRN-BA79C4A74A7B0250,C,initial_expert_rl,1
REC-89704502B16E51BC,TRN-4ADCF0687F42F59A,C,initial_expert_rl,1
REC-8980062F778DA2BF,TRN-C70DC68EF6D50403,C,initial_expert_rl,1
REC-8980671CDD8C5B49,TRN-F1DAFD52BC404190,C,initial_expert_rl,1
REC-89BB3108D81D4FF8,TRN-51DD57DD8980AAF1,A,initial_expert_rl,1
REC-89CBEB6085EB813F,TRN-4F84F2ADB68A0B83,C,initial_expert_rl,1
REC-8A01D2D833CB9A60,TRN-A7B6C69A1589C553,C,initial_expert_rl,1
REC-8A116336B83A7352,TRN-4AA3095887EDD5E8,C,initial_expert_rl,1
REC-8A43D6CCF67DA20D,TRN-66B5C532D7586BA2,B,initial_expert_rl,1
REC-8A6CB40A7B3702B4,TRN-736CBEB8BF921E9D,C,initial_expert_rl,1
REC-8A746117D6E9524C,TRN-42C546BA037361CA,C,initial_expert_rl,1
REC-8AC622006F9108F3,TRN-3B692A8025951E76,C,initial_expert_rl,1
REC-8ACE56E703AA3429,TRN-F4A942D7F8BC5EDA,A,initial_expert_rl,1
REC-8AEC6C3AFA3BFE7F,TRN-B48D09312D5526E3,C,initial_expert_rl,1
REC-8B0240D945A8D28A,TRN-8DEF6EB55D7FA904,C,initial_expert_rl,1
REC-8B0D8CE167B55EFE,TRN-58778702A590D183,B,initial_expert_rl,1
REC-8B152EF2730D96B9,TRN-E69AACA3F0DD35CC,B,initial_expert_rl,1
REC-8B379A571F1A879A,TRN-BE251DA5E44DE081,B,initial_expert_rl,1
REC-8B4103BA1248C42B,TRN-E1F5375630771831,B,initial_expert_rl,1
REC-8B6268EE0748AA78,TRN-813A2608070E0BB3,A,initial_expert_rl,1
REC-8B9591E9C78D89B3,TRN-E5A0A44AE9221CDB,B,initial_expert_rl,1
REC-8B96AD394F018DD7,TRN-F597C5449385DE85,C,initial_expert_rl,1
REC-8BA8685D6B158552,TRN-E1F80584C8344F29,C,initial_expert_rl,1
REC-8BCFCA37DDF3C067,TRN-3DED2EB3C532B914,C,initial_expert_rl,1
REC-8BD2E56931479E1C,TRN-0BBC87CA753D8244,C,initial_expert_rl,1
REC-8BD9EE7EF5B607E2,TRN-1351690F083B8001,B,initial_expert_rl,1
REC-8BDCB3256F53A667,TRN-7FEBA6762C340A14,A,initial_expert_rl,1
REC-8BDFCD9313D2C3E7,TRN-1281D3158BB1A51E,C,initial_expert_rl,1
REC-8BE33B3C0A4591B3,TRN-4915D9150BD833DB,C,initial_expert_rl,1
REC-8C0F11B36F7C4C82,TRN-27BFBF3946606437,C,initial_expert_rl,1
REC-8C11F1408A84F27E,TRN-AC383DAC4FC36056,A,initial_expert_rl,1
REC-8C186D3923505CFE,TRN-0EE4BF1185DF1CD6,C,initial_expert_rl,1
REC-8C35B793066AD7D8,TRN-E43FDFF8413CFA9F,B,initial_expert_rl,1
REC-8C381AA3FD2DE2EB,TRN-E8510667FF28C4D2,C,initial_expert_rl,1
REC-8C3CB3E3F6BD9A16,TRN-BC7D70F1863144CC,C,initial_expert_rl,1
REC-8C4BA5952B374914,TRN-D4F4B090126AB7C6,A,initial_expert_rl,1
REC-8C504BE0291BE26C,TRN-A7BA1EDDD5EE71E3,A,initial_expert_rl,1
REC-8CAFA035A3C5E1E9,TRN-6CED83D81D8905E0,C,initial_expert_rl,1
REC-8CD34EC3B93DA73B,TRN-EC75C78A74D89866,C,initial_expert_rl,1
REC-8CDF08B6F0954A6D,TRN-3ABF597F529161DE,C,initial_expert_rl,1
REC-8CE11D9745F75A16,TRN-4F106EA6AB6CBB38,B,initial_expert_rl,1
REC-8CF0049ECE212DF7,TRN-3A9D41BC3EF50A5F,A,initial_expert_rl,1
REC-8D0387D777CC7D7C,TRN-AD1C4031EC8836C5,C,initial_expert_rl,1
REC-8D05C1AB1DC78704,TRN-1AAD19BB1A5857B9,C,initial_expert_rl,1
REC-8D2307633D9DFDB0,TRN-5FB35194BAC4F1A8,B,initial_expert_rl,1
REC-8D301FA804AE9D4D,TRN-36EFD3C5F011A8CC,A,initial_expert_rl,1
REC-8D765C6C55E026D7,TRN-C8FE4C0B1B53B10F,A,initial_expert_rl,1
REC-8DA210383EC32A5E,TRN-3F14051A4E27F4D9,B,initial_expert_rl,1
REC-8DD2D1333ED903E2,TRN-9602EF679C6F2C81,B,initial_expert_rl,1
REC-8DDA228E1922B927,TRN-AD0298D418A48D43,C,initial_expert_rl,1
REC-8DEBAAB74DA9C67C,TRN-ACFCDB643EC34E7D,C,initial_expert_rl,1
REC-8DF48CCBD5A252EC,TRN-7C7B552B967F88A6,C,initial_expert_rl,1
REC-8E087014A87DCE06,TRN-D3F78C81837A48F1,A,initial_expert_rl,1
REC-8E42E1A301A21822,TRN-B2A47F7A2248852C,A,initial_expert_rl,1
REC-8E4F4A758390B375,TRN-353FDFE6D246CFCF,A,initial_expert_rl,1
REC-8E81E70BD834F723,TRN-363ACD8957E1B673,A,initial_expert_rl,1
REC-8E9786BAF4FD3FEF,TRN-F3E0EDAF08075664,C,initial_expert_rl,1
REC-8EBD2A90C5C208D7,TRN-02AB76E7D510B3DB,A,initial_expert_rl,1
REC-8EDFFA65E8555A8C,TRN-43D92ACB1660D6E2,A,initial_expert_rl,1
REC-8F10F8B419F7CE96,TRN-50FDAD354BE7CDA0,C,initial_expert_rl,1
REC-8F2EED035EC9F437,TRN-4E75E7A81E0628A7,C,initial_expert_rl,1
REC-8F48380A41EB0075,TRN-4BF7C370EE8DC7AD,A,initial_expert_rl,1
REC-8F5DBD5F6361E572,TRN-0C344A77F9439644,C,initial_expert_rl,1
REC-8F60E94EE5DD455F,TRN-D554436C31FA1BEB,C,initial_expert_rl,1
REC-8F663969443FF017,TRN-58E619BA80924E58,C,initial_expert_rl,1
REC-8FABD2946B456A0B,TRN-306D51611F97D8F6,A,initial_expert_rl,1
REC-8FBE0126FC7B7C08,TRN-E52FBEA5BB12A544,A,initial_expert_rl,1
REC-8FC710E0F783FADF,TRN-E8AE01AFD1529168,C,initial_expert_rl,1
REC-9014DC7A4972DDCE,TRN-62BFAD80F548DE83,C,initial_expert_rl,1
REC-9025EA2BD57D8AFF,TRN-30BC103C11BC9B91,A,initial_expert_rl,1
REC-904978947A070E09,TRN-63CB8F03D3D617F6,C,initial_expert_rl,1
REC-905FEE757A4BFFEC,TRN-2F9786AD1FBFD5FD,A,initial_expert_rl,1
REC-906F2324EFB7F010,TRN-962665FFB50AE7A4,C,initial_expert_rl,1
REC-90A14C7FA79D6E96,TRN-A74360F250E6BA8C,B,initial_expert_rl,1
REC-90A2B6D96D65D982,TRN-D9F5940E25AFA8E2,C,initial_expert_rl,1
REC-90A85807BD59F3D6,TRN-787D3DD425C5D051,B,initial_expert_rl,1
REC-90AE77FD474D96BC,TRN-AEFDE77DCCB7607E,C,initial_expert_rl,1
REC-90C6E6F9AAF9EA71,TRN-9697F5FA2C1A0DF4,C,initial_expert_rl,1
REC-90D11C3DF152AB6F,TRN-377097C10D3398E8,A,initial_expert_rl,1
REC-90DCFC7628727C79,TRN-68D62F6467571EC5,C,initial_expert_rl,1
REC-911001323BDD0D32,TRN-402648E54CE1E862,B,initial_expert_rl,1
REC-915181B2AE77C0B9,TRN-1017D1840E8B652E,C,initial_expert_rl,1
REC-91543CA638DFFC28,TRN-1D8ED87FC03F8031,B,initial_expert_rl,1
REC-9171094EFA74E5A0,TRN-64E0B4CB6716D088,C,initial_expert_rl,1
REC-918D4644677C75F5,TRN-7BE7266454A728BC,C,initial_expert_rl,1
REC-919F8A9F90CBBFE6,TRN-83F6E8C969FC2DD8,C,initial_expert_rl,1
REC-91AB866EC7420677,TRN-643ED6425DC0BCC4,B,initial_expert_rl,1
REC-91DE265CB5221D40,TRN-674C867398AB29C7,C,initial_expert_rl,1
REC-91F096110F4D66A2,TRN-D88CBD8226AFCECF,B,initial_expert_rl,1
REC-91F27DF98D99FE24,TRN-8FC54F3C2B8CE4E6,A,initial_expert_rl,1
REC-92091A550775F84B,TRN-9DF2C38C6D0BF027,B,initial_expert_rl,1
REC-9217662080F9A276,TRN-9E171DADD496BFE9,C,initial_expert_rl,1
REC-921D2B147370A01A,TRN-D222663B5D5EFAE4,C,initial_expert_rl,1
REC-921DD118436E883B,TRN-0F0F17499DF0F513,C,initial_expert_rl,1
REC-922F000010297110,TRN-9F3A6938C3B71246,C,initial_expert_rl,1
REC-9247073E2FE9F3CF,TRN-2C55847CD521080D,C,initial_expert_rl,1
REC-9248AE8E22CD91E2,TRN-FB24A585E9013386,C,initial_expert_rl,1
REC-928EE14218E8D7B0,TRN-FAB7B08CE62CB161,C,initial_expert_rl,1
REC-92A6985E9E2736F4,TRN-69707E3DE33CC455,A,initial_expert_rl,1
REC-92BCD11CFDE09B60,TRN-A7D1856B51EA97C5,C,initial_expert_rl,1
REC-92BE96D470779904,TRN-B30A880AEDFD0853,C,initial_expert_rl,1
REC-92CA69DCDD80BEA8,TRN-D5D996E7F65EB02C,C,initial_expert_rl,1
REC-92D361B7E96FAF84,TRN-754FF6BD7E4A12F2,A,initial_expert_rl,1
REC-92E5406600FBB844,TRN-14AB9BCABD516FC9,B,initial_expert_rl,1
REC-92EED82203E3B3A3,TRN-33BF0D7CED2D275B,C,initial_expert_rl,1
REC-92F46C5A57ABA26F,TRN-67E915519BAAA8BB,C,initial_expert_rl,1
REC-92FCA753E7D6AE02,TRN-93119F212A80DA66,A,initial_expert_rl,1
REC-930BC09F2D506655,TRN-302FE3094031970C,C,initial_expert_rl,1
REC-9340473459CB3B10,TRN-723B8E03F218BD29,C,initial_expert_rl,1
REC-934830C4242E5689,TRN-871C1A412BA6E49A,C,initial_expert_rl,1
REC-9368334D753D3430,TRN-EDB9F6D41A2C7941,C,initial_expert_rl,1
REC-93793636011833CC,TRN-B004296BA231EFE4,C,initial_expert_rl,1
REC-937F63EE211CD15A,TRN-83C1E6C074C4274E,A,initial_expert_rl,1
REC-9383D19CB3A2FB18,TRN-6B82FBB49DE7876F,C,initial_expert_rl,1
REC-93A6A2CC86660BF5,TRN-A104F8663D0765E8,C,initial_expert_rl,1
REC-93B98337949A5483,TRN-6228109C327B37AB,C,initial_expert_rl,1
REC-93BDEE0F610E7D13,TRN-919FC16F66BC376C,B,initial_expert_rl,1
REC-93CEA376A7DC0AF1,TRN-47DA52A14E8FA658,C,initial_expert_rl,1
REC-9414E25041662E78,TRN-49B0087C76103DFF,B,initial_expert_rl,1
REC-941A50B4EE221633,TRN-A440A9057FB040A3,C,initial_expert_rl,1
REC-943BECF9F10E3B01,TRN-6D964F3573E11773,A,initial_expert_rl,1
REC-9446DD45B045C01A,TRN-761425ED02043E1E,C,initial_expert_rl,1
REC-944A2045EEFE90A2,TRN-0D3B777FC342E6D0,C,initial_expert_rl,1
REC-9453E43E8EC83F9E,TRN-21A69286AC98B453,C,initial_expert_rl,1
REC-9461DDCD75156721,TRN-F37A3808745C80CD,C,initial_expert_rl,1
REC-947A4D05EE9A8DCE,TRN-A235B263A4B41ED5,C,initial_expert_rl,1
REC-9491360DA179E37E,TRN-20925F4FAEA079B1,B,initial_expert_rl,1
REC-94A2FC76BB7440B1,TRN-1563E214450FA380,C,initial_expert_rl,1
REC-94E0346B2F34A0A0,TRN-F71B53157A76815A,B,initial_expert_rl,1
REC-94F5C910D4D9FB10,TRN-0AAC118DC1F0AA08,C,initial_expert_rl,1
REC-952E74B9EE21D3F1,TRN-5AB4BE0A830DF143,C,initial_expert_rl,1
REC-953467815285C0E8,TRN-9494C892B2BBDDD8,B,initial_expert_rl,1
REC-95591C4C8504527F,TRN-3D2923D695A00B4E,C,initial_expert_rl,1
REC-9575E3F543B0A189,TRN-4A5AF906C763065B,A,initial_expert_rl,1
REC-957ADEF500EAD2B7,TRN-520656D21ED526DF,C,initial_expert_rl,1
REC-9580A589A0FA0471,TRN-FDC6A3D9DF8A8A47,C,initial_expert_rl,1
REC-9581C2A621C7ACAA,TRN-9DE6B66E0B7B941D,C,initial_expert_rl,1
REC-9588F7C004EF255A,TRN-86B793FB0755FFE4,C,initial_expert_rl,1
REC-9591597BC3F24EAB,TRN-8777C0D3A8D2335F,C,initial_expert_rl,1
REC-9596FBF90FAB4389,TRN-0DEFACB9D437EC5E,B,initial_expert_rl,1
REC-95D321AFCBF695AF,TRN-C539CA88E73AB1EC,B,initial_expert_rl,1
REC-95EFC5166BEA77E2,TRN-A6BF04353C8EC8D8,C,initial_expert_rl,1
REC-9614CDC6F5D18A26,TRN-81A5681F83659B32,C,initial_expert_rl,1
REC-96210246C42FBCF8,TRN-9EA6650E68A557F3,C,initial_expert_rl,1
REC-962F25F8F029D86A,TRN-03A6156ADD94FEF6,A,initial_expert_rl,1
REC-9643D449466B645D,TRN-935E5771F1222055,A,initial_expert_rl,1
REC-968B25AC947284B3,TRN-FCD8128394E03B8B,B,initial_expert_rl,1
REC-968D7C66E93F53E8,TRN-2FB99F168A3EFCD6,C,initial_expert_rl,1
REC-9697A962008CB595,TRN-D74C5B62FCB7AA91,C,initial_expert_rl,1
REC-96A37944AEFEB843,TRN-09C4B3DB32CA4996,C,initial_expert_rl,1
REC-96E66465ACA4A0AA,TRN-E6915EE6318661AB,A,initial_expert_rl,1
REC-96F86BA9EBF4FEFB,TRN-63A48610E3C69810,C,initial_expert_rl,1
REC-96FD8B23C2751265,TRN-70D4D55E4BC7CFDA,C,initial_expert_rl,1
REC-9730726B5FAB8920,TRN-0B8FF9EB1C622D0E,B,initial_expert_rl,1
REC-974665EE99642921,TRN-5634E27D1EC99D4A,A,initial_expert_rl,1
REC-974834FA26F4F9F8,TRN-61869D3EE15AF625,A,initial_expert_rl,1
REC-974D0C6E4B7DA183,TRN-AF6E9C39C13CEA5C,A,initial_expert_rl,1
REC-9750B7EE7DC7DAED,TRN-E3234C251BAB9648,A,initial_expert_rl,1
REC-97A052432B140AAA,TRN-55B465BACEDF1729,C,initial_expert_rl,1
REC-97AFA57EAE0E327F,TRN-B0438D505366B6C7,C,initial_expert_rl,1
REC-97C9A25E6D167C27,TRN-4C211F2212B17B53,C,initial_expert_rl,1
REC-97FAC3035A586BA7,TRN-2A5802C13E525722,B,initial_expert_rl,1
REC-98000E2F27BD2D19,TRN-1B07826C05B27A13,C,initial_expert_rl,1
REC-9800C907BA15758F,TRN-24DB5C8994E97B0A,B,initial_expert_rl,1
REC-9815C9A2D61F1733,TRN-9B00B51BB35A8239,C,initial_expert_rl,1
REC-9823BAE5A2921393,TRN-B77FDC44695D1DF8,C,initial_expert_rl,1
REC-982B80967DA14EA8,TRN-9468C90DEC1B3A79,C,initial_expert_rl,1
REC-98450F88FD93F2CE,TRN-664610F74A4AA0F6,C,initial_expert_rl,1
REC-98681CB713066473,TRN-D5839A83C51F373F,C,initial_expert_rl,1
REC-986C7633CE898270,TRN-C4BF0773E5BD2315,C,initial_expert_rl,1
REC-986CD9D4CC436DD2,TRN-207681A55ABE87CE,C,initial_expert_rl,1
REC-988B60CD07F7E3A6,TRN-63FAE6946ECCD491,C,initial_expert_rl,1
REC-98A307212ADD8B23,TRN-AA91AB4618DF833C,A,initial_expert_rl,1
REC-98A9E9FC9C74C7DE,TRN-3032D7390A0D6700,C,initial_expert_rl,1
REC-98B5866F79161945,TRN-6461AA6EF5996253,C,initial_expert_rl,1
REC-98CC88E4C396293A,TRN-8E29550881D16AB7,A,initial_expert_rl,1
REC-98D6D4FE99B47494,TRN-7A25F1120F34935A,C,initial_expert_rl,1
REC-98DDB5798DE28B3D,TRN-A0DEC1E52CBDD6D2,C,initial_expert_rl,1
REC-98ED356B9D3CF0FE,TRN-4A2BC27162050F3C,C,initial_expert_rl,1
REC-990DA9A86E333DC5,TRN-30463AA784C65FF6,B,initial_expert_rl,1
REC-9923CF1B66E823CB,TRN-A1E0A9B8F0AF73A3,C,initial_expert_rl,1
REC-994A9824E972BA4F,TRN-8A8BFD358D187CC3,C,initial_expert_rl,1
REC-99589B7532CEF10C,TRN-902917AF91636B39,B,initial_expert_rl,1
REC-9967A511E2DD4E20,TRN-17183D54BCD41B7F,C,initial_expert_rl,1
REC-998C3FF319A07947,TRN-953785BA44224707,A,initial_expert_rl,1
REC-99929FD4CB13912E,TRN-E59EBE7E3FF1AC16,B,initial_expert_rl,1
REC-9997C372DE7C891F,TRN-C94EB920C213DC55,A,initial_expert_rl,1
REC-99A730436733F2B8,TRN-B588E99BD9A6C0CF,C,initial_expert_rl,1
REC-99C017F5C6D22696,TRN-F47F3957251669E2,C,initial_expert_rl,1
REC-99CE45B30BE2741F,TRN-FC77B590F3306CC6,C,initial_expert_rl,1
REC-99F392E1E61C01C0,TRN-C92B63258DF41880,B,initial_expert_rl,1
REC-9A0D023BE6BC54AC,TRN-575A4D1635801A48,C,initial_expert_rl,1
REC-9A1C5CBE892309DD,TRN-58ED50B434E70E09,A,initial_expert_rl,1
REC-9A8E794385CC3655,TRN-78A43B8B0CD6CE6A,C,initial_expert_rl,1
REC-9A8EA90BE3BA1244,TRN-F27ED0E33BA97E9D,C,initial_expert_rl,1
REC-9ABBA6A19CC419CA,TRN-B846B1B28DDF99A5,C,initial_expert_rl,1
REC-9ABD950B217B442F,TRN-FFBD1FB01525CB4D,B,initial_expert_rl,1
REC-9AC4EB15E86C2FC7,TRN-50701E64CAD88FFB,C,initial_expert_rl,1
REC-9AC83BB3D7A26E6A,TRN-3F0E1D72DF2E873B,A,initial_expert_rl,1
REC-9AF29CB5DF77D9C1,TRN-9243E3642862F6C3,C,initial_expert_rl,1
REC-9AFCD666FA200CE3,TRN-7020FBAA75017B7F,C,initial_expert_rl,1
REC-9B07DDD0B7D1ECE2,TRN-289FC662F27BEDA0,C,initial_expert_rl,1
REC-9B355CC715C66F9A,TRN-AB27A8B6DCA9D129,B,initial_expert_rl,1
REC-9B8DBCD08C6171C0,TRN-A4ADD8A42C3B45A7,A,initial_expert_rl,1
REC-9BA192C1B7C225D9,TRN-CA0E2C576FA78C85,B,initial_expert_rl,1
REC-9BC9718118AC368F,TRN-F17D57162C43CA3A,C,initial_expert_rl,1
REC-9BC99EAA19FCAF2F,TRN-C382C5AFAD537F6F,C,initial_expert_rl,1
REC-9BD1D6C7EC9C7988,TRN-419FC1E7933C6A24,A,initial_expert_rl,1
REC-9BE027D1433E2528,TRN-3C733FE5DBDF1849,C,initial_expert_rl,1
REC-9BE1852D845EBA7F,TRN-29FDA14377880CB1,A,initial_expert_rl,1
REC-9C05F1F4D34AD545,TRN-B45A4D74A1CB501C,C,initial_expert_rl,1
REC-9C100861C29B98B7,TRN-A71D0177568B5A06,A,initial_expert_rl,1
REC-9C34C4A290704B44,TRN-FDCD042979AF6E13,C,initial_expert_rl,1
REC-9C4F78C8E17FD1A5,TRN-9F3ABD7603F1FDE1,C,initial_expert_rl,1
REC-9C5838C56015D112,TRN-DFBE3A48E49DD614,B,initial_expert_rl,1
REC-9C6D03E4756FB2A2,TRN-9EA8A495A0F22540,C,initial_expert_rl,1
REC-9C6E7F151DCB272E,TRN-1B3D8EB36BEE4AB4,C,initial_expert_rl,1
REC-9C7B500BA8EBA90E,TRN-2B4614762B80CA0E,C,initial_expert_rl,1
REC-9C8BEC07FABC9F40,TRN-1E4F1BE45155B8A8,C,initial_expert_rl,1
REC-9C981E03D394EAE0,TRN-32D76F2B130543A8,C,initial_expert_rl,1
REC-9CC21DFE356C3322,TRN-214D6E0AF9A67AFE,B,initial_expert_rl,1
REC-9CCFCCE95EFCFCE4,TRN-8029221B551BACA0,C,initial_expert_rl,1
REC-9CEC2F81B8E1D0DB,TRN-9135C549E533339A,A,initial_expert_rl,1
REC-9D030B17EADF0DC1,TRN-A0661B44EABA49F7,A,initial_expert_rl,1
REC-9D1294675CB0F371,TRN-EE925236863045B4,C,initial_expert_rl,1
REC-9D17D039358477AD,TRN-50DFCFF78F47C4E7,C,initial_expert_rl,1
REC-9D1819B105B96663,TRN-7B4BC7FD88055E7C,C,initial_expert_rl,1
REC-9D408C7250516E2A,TRN-B39F95CE2A649CFB,A,initial_expert_rl,1
REC-9D45B0383C2D8B0A,TRN-14C88818C8533FE7,A,initial_expert_rl,1
REC-9D4E0DF45D17C899,TRN-F388075B62710901,A,initial_expert_rl,1
REC-9D4F2BEF3D9A9826,TRN-0186A33E9984F437,A,initial_expert_rl,1
REC-9D85B6B475509D3C,TRN-6BD644B57D0CB426,C,initial_expert_rl,1
REC-9D8CC61D2F6C9438,TRN-6792491473B606ED,A,initial_expert_rl,1
REC-9DD117F228E8E1C8,TRN-E7B9820C038939B6,B,initial_expert_rl,1
REC-9DD4C5F6E9F93047,TRN-5660084269995B9A,C,initial_expert_rl,1
REC-9E105515E5628CA3,TRN-26047A7AFAC2455D,C,initial_expert_rl,1
REC-9E30E3EB0FADB86B,TRN-6E45B1B302180767,B,initial_expert_rl,1
REC-9E315074F9D7E580,TRN-21FF51706FC59F52,C,initial_expert_rl,1
REC-9E33AE872808F175,TRN-9A2D84FA663C5A19,C,initial_expert_rl,1
REC-9E5DA41E1A7F3185,TRN-E9C44A2DA7157236,C,initial_expert_rl,1
REC-9E5E6B5CC5D7F935,TRN-D2A61B21AFF9C638,A,initial_expert_rl,1
REC-9E738F818F446090,TRN-C05DBE3E893AB018,A,initial_expert_rl,1
REC-9E80CDDFEABDEFCE,TRN-01710183D9A6C696,C,initial_expert_rl,1
REC-9E92270191EE7818,TRN-9D954620D0DCC918,A,initial_expert_rl,1
REC-9E931931ADFFC2FB,TRN-6E2E33F1F9C45D26,C,initial_expert_rl,1
REC-9E9F3A1C50D1E68C,TRN-529BD319C6AB702F,B,initial_expert_rl,1
REC-9EA32496A1143FD7,TRN-BC77B736006DF7A4,B,initial_expert_rl,1
REC-9EA52BCAE5839CC1,TRN-E2F8B577371942D6,C,initial_expert_rl,1
REC-9EABCA28CF473004,TRN-8926D51FB818DF20,C,initial_expert_rl,1
REC-9EE5F8E458E8B484,TRN-25A3B9D42D68EEBD,C,initial_expert_rl,1
REC-9EF77FC56653FD5B,TRN-D68F973063118F70,B,initial_expert_rl,1
REC-9EFDF4546825B59C,TRN-A4DF27133C630316,C,initial_expert_rl,1
REC-9F305714FFAC16B3,TRN-ECC5A80646398CDA,C,initial_expert_rl,1
REC-9F3075996F307BA4,TRN-125C866CE00525F4,C,initial_expert_rl,1
REC-9F57811B263DDA76,TRN-7928F8F0345E5632,C,initial_expert_rl,1
REC-9F6691F74270F4FC,TRN-FA6B55433987F390,B,initial_expert_rl,1
REC-9F7873DCF6F366CA,TRN-8485A87A8DF8F8CC,C,initial_expert_rl,1
REC-9F92D55E9A9DB6E8,TRN-7BCC1E2EBF59A0BF,A,initial_expert_rl,1
REC-9F9D4174E650E05D,TRN-FC3582F7D8C595DA,B,initial_expert_rl,1
REC-9FA4685E1DFE9659,TRN-47D746A47D6EDDB9,A,initial_expert_rl,1
REC-9FB5E5494C78448A,TRN-AD27014273998E48,C,initial_expert_rl,1
REC-9FCE05E15C5C7659,TRN-D395ECAA98A138D0,C,initial_expert_rl,1
REC-9FD52645610ADB2E,TRN-B0237D96ACA9BED1,A,initial_expert_rl,1
REC-9FEB3C3A739CD04D,TRN-603F0B5802CE1B51,C,initial_expert_rl,1
REC-9FEE9CFA53D9F4E9,TRN-E967AD35540F3E13,C,initial_expert_rl,1
REC-9FFEE5D05696652F,TRN-7A1A2E77357890FE,C,initial_expert_rl,1
REC-A03B5CB3969F8095,TRN-4E54FD5607DB5076,C,initial_expert_rl,1
REC-A045FF103A25F903,TRN-61EE647611FE5FB7,A,initial_expert_rl,1
REC-A049530A6A9CC4B6,TRN-2274AB20147A2D91,C,initial_expert_rl,1
REC-A055A6D64A059BB0,TRN-6A33F382A6BED8DE,A,initial_expert_rl,1
REC-A064ED217C7BDC2D,TRN-7113B25E91AD8853,B,initial_expert_rl,1
REC-A0725D593FC78F94,TRN-8134AE8F5F0357E3,B,initial_expert_rl,1
REC-A0AA197ECDE609C6,TRN-873407744AD77CE4,B,initial_expert_rl,1
REC-A0C90D116F707E35,TRN-56837F18579EF4FD,C,initial_expert_rl,1
REC-A0CC5E17A0F11186,TRN-F7D0FAAC0E87E81F,C,initial_expert_rl,1
REC-A0D82ECEDAB10507,TRN-4EDE17E3B4D77638,C,initial_expert_rl,1
REC-A0DB63B0D8D49310,TRN-BF06CE68B77E7CDA,A,initial_expert_rl,1
REC-A0EED4F0170667BD,TRN-4A2424EE06764719,C,initial_expert_rl,1
REC-A0F7AA3F6653E392,TRN-BCB1B910947BD9C6,C,initial_expert_rl,1
REC-A10427BD714848F0,TRN-8B6537A779ABCDB6,C,initial_expert_rl,1
REC-A128200AEB00ADB2,TRN-4B9500176BDCE72A,C,initial_expert_rl,1
REC-A17A85032BF17CCF,TRN-CA5D60E64F1875AD,C,initial_expert_rl,1
REC-A19C6C220C93F739,TRN-9EF7B54C72074B22,C,initial_expert_rl,1
REC-A1BC88FEE486579C,TRN-80F3BCDF8C08A510,C,initial_expert_rl,1
REC-A1CB331B59898646,TRN-8D813CFD9B04FE21,C,initial_expert_rl,1
REC-A1D51D3638439411,TRN-77E4017FB81FF6A7,A,initial_expert_rl,1
REC-A1F045B07DB9044D,TRN-F09C23158967A530,C,initial_expert_rl,1
REC-A1F10A0D6A32042A,TRN-C5005A3835BF54EC,A,initial_expert_rl,1
REC-A1F16A9DE96BE7FA,TRN-FF1DE358FE4ECFB1,C,initial_expert_rl,1
REC-A1F75E3D4A4E3634,TRN-57B858F2EB5D4998,C,initial_expert_rl,1
REC-A21032AAF2A6995C,TRN-E6FD856D1EFDD736,B,initial_expert_rl,1
REC-A28E10BEE253AD65,TRN-962628B09B7814F4,C,initial_expert_rl,1
REC-A29E78324148E908,TRN-842F925B111287D4,C,initial_expert_rl,1
REC-A2E97453B420FFCB,TRN-57A81AD0242BD993,C,initial_expert_rl,1
REC-A2F627E21EDB0E81,TRN-A0B90FFEBD4241CB,C,initial_expert_rl,1
REC-A3148091FBA15D77,TRN-F72BD487A1475650,C,initial_expert_rl,1
REC-A31F5D4F5140F393,TRN-50BFDED018A48E6B,C,initial_expert_rl,1
REC-A33225F80BB952DB,TRN-80A216570B950104,C,initial_expert_rl,1
REC-A33824DB10858300,TRN-244E11737D9B24CF,A,initial_expert_rl,1
REC-A346C2C06794D62C,TRN-4A733FDD63CF8548,A,initial_expert_rl,1
REC-A360199249CFDC90,TRN-6477C1E28D057150,C,initial_expert_rl,1
REC-A3799A69F08ADADA,TRN-C8D1E0FD0896ABCB,C,initial_expert_rl,1
REC-A3811BCAEF9E8BE1,TRN-94C25DC096B92380,C,initial_expert_rl,1
REC-A3C4213E624B53C3,TRN-8006FA7CF1AB635A,C,initial_expert_rl,1
REC-A3E16220A58AA3F0,TRN-6FC2B41A1EFA4F9D,C,initial_expert_rl,1
REC-A3F00FDC7D45E224,TRN-AE459BCE242E8090,C,initial_expert_rl,1
REC-A4119B5B70232297,TRN-656057EDA359DD0A,C,initial_expert_rl,1
REC-A415C371E7F4DDD4,TRN-1249DF41837AE6CE,C,initial_expert_rl,1
REC-A41F031CCDC2F594,TRN-17781E9DACD4F275,C,initial_expert_rl,1
REC-A4364ADC370C8360,TRN-8D0D5CEDD9E58F9D,C,initial_expert_rl,1
REC-A4801D17CD4F7D1A,TRN-94FE2A7968D57BDC,C,initial_expert_rl,1
REC-A48D0B6E51441BE1,TRN-04F514C1AA2EE7BE,B,initial_expert_rl,1
REC-A498F1E5584B0179,TRN-617438F79AE17EB4,C,initial_expert_rl,1
REC-A4A8BC4994A6BC74,TRN-3C493E37721B5EE5,C,initial_expert_rl,1
REC-A4BF491F75A95B70,TRN-D21B155D84968614,B,initial_expert_rl,1
REC-A4DE0B86B1753530,TRN-1839BB9CF31B9435,C,initial_expert_rl,1
REC-A4F8A9716D714D53,TRN-9DF627A03FC7AFE9,A,initial_expert_rl,1
REC-A53FD0D3C3B60016,TRN-30251699B579C1D0,C,initial_expert_rl,1
REC-A5565D5E244BBC4B,TRN-C0540F04A86C2364,A,initial_expert_rl,1
REC-A5A9281461262718,TRN-6D9DFB801AF94E43,B,initial_expert_rl,1
REC-A5D90521389B1285,TRN-47024C71B9D6C765,C,initial_expert_rl,1
REC-A613B8550E1696FD,TRN-0D190D2C6F79AA91,C,initial_expert_rl,1
REC-A652ACF0239842B9,TRN-15EA0ABD6C18717E,C,initial_expert_rl,1
REC-A67EE393BC0881A5,TRN-D6E2134103BABDB2,C,initial_expert_rl,1
REC-A6880C4175486B3D,TRN-DF3540CA58F66E72,C,initial_expert_rl,1
REC-A6909BF84AA36BF1,TRN-F1F86DA2F4561C7F,B,initial_expert_rl,1
REC-A69916F30148FC6E,TRN-4EA09BE5486792D8,C,initial_expert_rl,1
REC-A69B70F7488E3F13,TRN-081B06256E404ABB,B,initial_expert_rl,1
REC-A6B466B42454EDB9,TRN-162328DF6313DD8D,B,initial_expert_rl,1
REC-A6D134A0579C4157,TRN-363443861BDE815F,A,initial_expert_rl,1
REC-A6F9E578ECC8D86C,TRN-0156DF4FFEA84FC5,C,initial_expert_rl,1
REC-A70FD94BEC605B0F,TRN-D52167C86E4EA39E,C,initial_expert_rl,1
REC-A7161BE56696FE66,TRN-6F959917CB943C3F,C,initial_expert_rl,1
REC-A72A529F9FB88B28,TRN-29788E86081EDB28,C,initial_expert_rl,1
REC-A7404E6590CB8DEB,TRN-CC26CD7565DA856A,A,initial_expert_rl,1
REC-A751B85D1D273420,TRN-9411DD943CA31ABB,C,initial_expert_rl,1
REC-A770621B3639220D,TRN-9328B45104C50693,C,initial_expert_rl,1
REC-A7762430774D6E95,TRN-BB3F69D34123AF41,B,initial_expert_rl,1
REC-A7798630E0974F0E,TRN-BB32A9A89AC9FFB8,A,initial_expert_rl,1
REC-A79BDDC31D7AA239,TRN-0C67434751A84FE3,C,initial_expert_rl,1
REC-A7ABA8E4222DEDB0,TRN-16AD3565D424C15D,C,initial_expert_rl,1
REC-A7CC137639358A76,TRN-7CC97B1B65359791,B,initial_expert_rl,1
REC-A7EF4CDA813E8FD5,TRN-0342CEB0B1DD7D6D,B,initial_expert_rl,1
REC-A7FC23444D1ADB18,TRN-EA8BC2BE1F67FAAA,B,initial_expert_rl,1
REC-A7FCAE45CF52EC95,TRN-4D3DD25E8E38BC8C,C,initial_expert_rl,1
REC-A8109B7318352733,TRN-928733197C2DC8A4,C,initial_expert_rl,1
REC-A814F8803090BCB8,TRN-AA7F588DF0E41A3D,B,initial_expert_rl,1
REC-A81810D585703DCA,TRN-73E30CA3EA506D6A,B,initial_expert_rl,1
REC-A81F54F00A498E07,TRN-943B1F66C91CA52A,C,initial_expert_rl,1
REC-A847DF35F6204012,TRN-5DED2ECEB3A550E4,B,initial_expert_rl,1
REC-A879AB37CBB31D1C,TRN-F1B644A283C4812C,C,initial_expert_rl,1
REC-A87A000A1480389F,TRN-3F5998E87E4AAC44,C,initial_expert_rl,1
REC-A88E141550337C87,TRN-FE513DE42D285CED,C,initial_expert_rl,1
REC-A8943422ACF1D6F6,TRN-8E5890E6B1196111,C,initial_expert_rl,1
REC-A8B1936FD4FBF299,TRN-E07FFC1446A47717,C,initial_expert_rl,1
REC-A8C2CE6BC55D38C9,TRN-3674CE4E04FA705D,C,initial_expert_rl,1
REC-A8CA3699B7E2FDA5,TRN-2F03B523DA233C1A,A,initial_expert_rl,1
REC-A8CABE4729AF7282,TRN-85B5F49A0A6456B3,B,initial_expert_rl,1
REC-A8CC1FDC0E4E19AD,TRN-B151D1D0162E5839,C,initial_expert_rl,1
REC-A8CF4A4DDB44711E,TRN-101EB3CF1474F6A9,C,initial_expert_rl,1
REC-A8E8FD0D2CE0B3E5,TRN-FFEDF482C8445057,A,initial_expert_rl,1
REC-A905A756D0589F90,TRN-B154E86EF58F841F,B,initial_expert_rl,1
REC-A9232E6456F71903,TRN-23AD702003B5AAA2,A,initial_expert_rl,1
REC-A92B7F1423B21B68,TRN-DBCAF6CB18E461E1,C,initial_expert_rl,1
REC-A936783589B9F283,TRN-F79A6CDB8E1AC08F,C,initial_expert_rl,1
REC-A94D9EE199BFA812,TRN-4FBDEA60E356AA10,B,initial_expert_rl,1
REC-A94EE0F39B267EE1,TRN-86103873151642ED,C,initial_expert_rl,1
REC-A96A361268144B26,TRN-6B5148D701253811,C,initial_expert_rl,1
REC-A96CED70A5055C47,TRN-B0957F51B8BC62F0,A,initial_expert_rl,1
REC-A983945C835B551A,TRN-A630EC0E2D37D59C,C,initial_expert_rl,1
REC-A998275C6182539C,TRN-5C39828714305DF0,C,initial_expert_rl,1
REC-A99B32EC3F13F3C5,TRN-FF24E8512D862D30,C,initial_expert_rl,1
REC-A9A7A0DA395059B8,TRN-BAFAF985BCC0B207,A,initial_expert_rl,1
REC-AA104E67A0FD8CEA,TRN-391E81CD51BBBE12,B,initial_expert_rl,1
REC-AA22760B36D16717,TRN-D6C6219C8F39C548,C,initial_expert_rl,1
REC-AA26B1EBE4EBBCEA,TRN-2449ABA6FEE0AD30,B,initial_expert_rl,1
REC-AA4A09531937E015,TRN-7A08C0D84B8A6DBB,C,initial_expert_rl,1
REC-AA4A266D0952DF0C,TRN-92D6F5E897595EDC,C,initial_expert_rl,1
REC-AA4F36EFB2D843C8,TRN-27783F06CDAA7C43,A,initial_expert_rl,1
REC-AA58077FF1D845BC,TRN-26A5017D8C53DBAB,C,initial_expert_rl,1
REC-AA75D607BEEB60EC,TRN-283AE1CDABA5B8C2,B,initial_expert_rl,1
REC-AA805C5976002882,TRN-486248BA2DEAD918,B,initial_expert_rl,1
REC-AA9BE7DF16B58B08,TRN-B01636449D216381,C,initial_expert_rl,1
REC-AAA094765F26701A,TRN-4AC88586D82CEDEB,B,initial_expert_rl,1
REC-AAC3DA768425BD4E,TRN-DA6516CD0AECA547,A,initial_expert_rl,1
REC-AACB272640C3474E,TRN-89171054E2F4225B,A,initial_expert_rl,1
REC-AAD1F5CD412CABF4,TRN-7EF054D6A5759AAE,C,initial_expert_rl,1
REC-AB0E1417E33A95CF,TRN-77C9C106AB368809,A,initial_expert_rl,1
REC-AB1DEE48A598FB29,TRN-03C0140326CDD64F,B,initial_expert_rl,1
REC-AB46834F3A0327B7,TRN-7D35BEBE8E7C0A61,C,initial_expert_rl,1
REC-AB472901DD36DBC9,TRN-68BCF67E4ABF8A5D,C,initial_expert_rl,1
REC-AB7F410891864A43,TRN-54A5EE58993ECFCF,C,initial_expert_rl,1
REC-AB924AF056230F52,TRN-779C1A8E9D11BC78,C,initial_expert_rl,1
REC-ABA9068D88C5512D,TRN-C2EB112F1002187B,C,initial_expert_rl,1
REC-ABC11D6E4661C90E,TRN-509457DB3DC3FE5A,C,initial_expert_rl,1
REC-ABC89C0B14A5DD77,TRN-5EB2B17AA6ACCA0D,B,initial_expert_rl,1
REC-ABCC7852D5D55D97,TRN-F0301D0FF91B2A50,C,initial_expert_rl,1
REC-ABD16225D313ADAC,TRN-AA44148EF36F7C64,A,initial_expert_rl,1
REC-AC0392F6967F4F41,TRN-CC9445A982F3942F,A,initial_expert_rl,1
REC-AC0D73443A76C848,TRN-B0D37BD62191D533,B,initial_expert_rl,1
REC-AC1C08A897D31E63,TRN-7D8E0064738DE773,C,initial_expert_rl,1
REC-AC2FEDBD611FAF54,TRN-6AAE84984D6EF2CE,A,initial_expert_rl,1
REC-AC3727A403CB8B89,TRN-B1410D739D6B6C81,C,initial_expert_rl,1
REC-AC39E02AF34B20F5,TRN-A5C051604B796798,C,initial_expert_rl,1
REC-AC7BAC8903FDD5CA,TRN-46A197B52805BAF2,C,initial_expert_rl,1
REC-ACBB13A7169027BD,TRN-2B8B15D19BD9C97D,B,initial_expert_rl,1
REC-ACC723105836E910,TRN-77C32857F0E8BE17,B,initial_expert_rl,1
REC-ACE5B426BC419BBE,TRN-346E57E08997C9B7,C,initial_expert_rl,1
REC-ACEB256461928E85,TRN-C218174ED270F9EA,A,initial_expert_rl,1
REC-AD2A6C26FEF04080,TRN-D5FC1FBBDBE1D6BE,C,initial_expert_rl,1
REC-AD48E4D43359CD65,TRN-EB4B1C03DA6F859B,C,initial_expert_rl,1
REC-AD696AC88D3B354C,TRN-8A905F59E376D4B6,A,initial_expert_rl,1
REC-AD7F388D7A07D90D,TRN-2D28F0C51E879CE5,A,initial_expert_rl,1
REC-AD8A1E6EE166A0FB,TRN-D45EFA20598E60C2,C,initial_expert_rl,1
REC-ADBC7F9060D13661,TRN-1B80E08F3FE6F83C,A,initial_expert_rl,1
REC-ADD3166DD519BD00,TRN-2381D51A914ED3FC,A,initial_expert_rl,1
REC-AE130145F9896D03,TRN-F2DA9D88FFCBF01A,C,initial_expert_rl,1
REC-AE199626DF535D6D,TRN-41CC5B13DF102FC5,C,initial_expert_rl,1
REC-AE3BA24E1087AF67,TRN-238AAC03225D18FE,C,initial_expert_rl,1
REC-AE3E36C53CB41371,TRN-81688AEE4BC43B9F,A,initial_expert_rl,1
REC-AE855F7A1B214C2C,TRN-3232DF694F94DC5C,C,initial_expert_rl,1
REC-AEADE79346FCC705,TRN-A4D18897BE1CC18A,C,initial_expert_rl,1
REC-AEED8CFB2F0C1F9F,TRN-1EA1763299F1FA49,B,initial_expert_rl,1
REC-AF0401C4A9C1D708,TRN-A7592B5FFD38902A,C,initial_expert_rl,1
REC-AF172CD1C9B667EE,TRN-77B9EC11B7751252,C,initial_expert_rl,1
REC-AF44BB5D72650488,TRN-55F8777006BDB055,B,initial_expert_rl,1
REC-AFA271F102BCB5DA,TRN-4127B5B2BE00B680,C,initial_expert_rl,1
REC-AFBF3E70C374A6E4,TRN-AD47D40DEAFDE980,C,initial_expert_rl,1
REC-AFD64457890EAA55,TRN-2B4B99F0C8E9235B,C,initial_expert_rl,1
REC-B0092089B80AF22C,TRN-1C40F5F1BE7DC405,C,initial_expert_rl,1
REC-B0A1C992A94169AF,TRN-99C4230D1346A977,C,initial_expert_rl,1
REC-B0D3CD99CF808DFB,TRN-DA8E16C580C1B34F,A,initial_expert_rl,1
REC-B0D6211F4F25DD27,TRN-FD87E40422099885,C,initial_expert_rl,1
REC-B1077B5E8A142F6F,TRN-D9AB9254F0D72E5B,B,initial_expert_rl,1
REC-B1119DD1C2251579,TRN-7A830E8F1C3787DB,C,initial_expert_rl,1
REC-B12646D1B0DCC7B8,TRN-14D0320F8946D4D0,C,initial_expert_rl,1
REC-B13F0E9F6CC544FC,TRN-3D2DE2D798AC1BB1,C,initial_expert_rl,1
REC-B1438D70B4119DD5,TRN-4C406CEA37A4EFB3,C,initial_expert_rl,1
REC-B147C2FB987D7B9F,TRN-1B87B4984A37F670,C,initial_expert_rl,1
REC-B14D1323D5775E23,TRN-712186B6A613BB62,A,initial_expert_rl,1
REC-B1715318F01848E5,TRN-C6B968CC81EC6A32,C,initial_expert_rl,1
REC-B17C8BC5EE031E01,TRN-0B9088C2180EFB7B,C,initial_expert_rl,1
REC-B17F6E85C280EDB1,TRN-A28D3BDAC9B3F528,B,initial_expert_rl,1
REC-B18A39095E312BAD,TRN-4B62538C9A471848,B,initial_expert_rl,1
REC-B1B5307DCB23C6B6,TRN-F997660794CEF6C4,C,initial_expert_rl,1
REC-B1B9927D151431C1,TRN-E55D62B72B4A38C1,C,initial_expert_rl,1
REC-B1C6681EF35DE6A0,TRN-6AFAAB9FC0A2A8F4,C,initial_expert_rl,1
REC-B1DDAA9EE7D5CB6B,TRN-80E87448046C5122,C,initial_expert_rl,1
REC-B1F51F3BEE843491,TRN-405371E4F1116A42,C,initial_expert_rl,1
REC-B20B1582E2F47587,TRN-F98FFA237ACF0DB4,B,initial_expert_rl,1
REC-B212680E87970C2D,TRN-7148E074B137CEC8,C,initial_expert_rl,1
REC-B21B22079931DD87,TRN-B1DE1543A31431B7,C,initial_expert_rl,1
REC-B2427ACDE3CF5F12,TRN-ABCCD8947464D0E1,C,initial_expert_rl,1
REC-B24A2DDF21A091AD,TRN-E229B85197239A7F,C,initial_expert_rl,1
REC-B252DF562E72DFDB,TRN-0A7D17C6E6F730B6,A,initial_expert_rl,1
REC-B27426309EE37D99,TRN-B7CE03C33AB36215,C,initial_expert_rl,1
REC-B2825AAF374DE786,TRN-5835F7AA6E46997C,C,initial_expert_rl,1
REC-B29011DC8326C5A2,TRN-BE6028C32113507F,C,initial_expert_rl,1
REC-B2A24FA5AC50C894,TRN-7BAFEA5DEC2FFD54,C,initial_expert_rl,1
REC-B2C00B85F5F861B5,TRN-000470B715FE3BBB,A,initial_expert_rl,1
REC-B2C614BFC8F33F89,TRN-0AABA3A201BCB0E5,B,initial_expert_rl,1
REC-B2D1ECD7109D7526,TRN-9DC2ECC5198D2890,B,initial_expert_rl,1
REC-B2D6962218924576,TRN-7EE1EF604FFC8DF0,A,initial_expert_rl,1
REC-B2E2106CE106A7CC,TRN-E13C858B86E6C0FA,A,initial_expert_rl,1
REC-B2EF43A18474D77D,TRN-AB122A6EC356BECD,A,initial_expert_rl,1
REC-B2F05F02D396E7A2,TRN-8DF07E19C05A8F28,C,initial_expert_rl,1
REC-B2FF66F359BF1B11,TRN-D68BDDD8AA9D938F,B,initial_expert_rl,1
REC-B3027AF78DBA51E8,TRN-7AEACB89647C8809,B,initial_expert_rl,1
REC-B304BAB0E500A3AC,TRN-E6FF93F69ECD46AC,C,initial_expert_rl,1
REC-B30D31F4E1CB29E7,TRN-46C18B57A3C6FEDC,C,initial_expert_rl,1
REC-B333C60233CEE247,TRN-E4846E560423ED15,C,initial_expert_rl,1
REC-B344FEC1CF3CB061,TRN-8F4D7F8F0CF2E2FE,C,initial_expert_rl,1
REC-B3845C08DB549098,TRN-13B5838CC6778631,C,initial_expert_rl,1
REC-B3B464881AD02B5E,TRN-FEF86EDC3BFC696B,C,initial_expert_rl,1
REC-B3D97405806F6B30,TRN-83D835DBC1582049,C,initial_expert_rl,1
REC-B3FC41B5F15CC86B,TRN-309DEA73A7BEF2EA,B,initial_expert_rl,1
REC-B41A09872E720ADB,TRN-FA862799FC864B55,C,initial_expert_rl,1
REC-B43A54EA10463161,TRN-2E4A259852E07BB4,C,initial_expert_rl,1
REC-B44B6DE23251A1B2,TRN-E308DEACE261C6B4,A,initial_expert_rl,1
REC-B46466000AA41F2F,TRN-3080693B7626093D,C,initial_expert_rl,1
REC-B474987A2C971ACF,TRN-57C7F7A5E550C5B4,C,initial_expert_rl,1
REC-B47BCF0997D3A31C,TRN-EA9A6E1DC1915349,C,initial_expert_rl,1
REC-B49F271FEA6F4CBB,TRN-1782297FAE4525DD,C,initial_expert_rl,1
REC-B4A81273E907C0B9,TRN-D1BAC50737A0F4D0,C,initial_expert_rl,1
REC-B4CB8FEF0AE249F1,TRN-18EE895DE8A522E0,C,initial_expert_rl,1
REC-B4CC00E2079ADB83,TRN-9D17E7323DFCB006,A,initial_expert_rl,1
REC-B51A887615B8C1A2,TRN-559E8AA3ABEF0B47,C,initial_expert_rl,1
REC-B5488C91C1E6862C,TRN-BB15E2E99783EF49,C,initial_expert_rl,1
REC-B57CA2DBCA7BE99B,TRN-C073B6E04FC521D5,C,initial_expert_rl,1
REC-B58393C10130826B,TRN-48AA34281955F5A7,C,initial_expert_rl,1
REC-B5850EED4EAC3EF5,TRN-7EE0F3FEAEE52334,C,initial_expert_rl,1
REC-B585362D9B46BEEE,TRN-A404227044A094A7,C,initial_expert_rl,1
REC-B58FE4E9B84A807A,TRN-61335761F502A3CB,B,initial_expert_rl,1
REC-B5A3A8618E90BD7D,TRN-58EE240D5E297FBB,C,initial_expert_rl,1
REC-B5BC6AD9E27F6BB4,TRN-F109502F0578DE6C,B,initial_expert_rl,1
REC-B5D8E1C059F05A31,TRN-381E531F9C9E0C2D,A,initial_expert_rl,1
REC-B5DA799798BDD8D4,TRN-7C67C108BC68B339,B,initial_expert_rl,1
REC-B5F60662AED2C610,TRN-3B3E2E9832F75B1E,C,initial_expert_rl,1
REC-B5FB469E593CD21C,TRN-864EC010BB08DF03,B,initial_expert_rl,1
REC-B622E785FFFB1995,TRN-E0A781CB7D675DFD,A,initial_expert_rl,1
REC-B6288F9998161A08,TRN-4D56B5972084E635,C,initial_expert_rl,1
REC-B6596DA0466AD86E,TRN-F02C13243D7B83AF,A,initial_expert_rl,1
REC-B67B4DB1A1F6F74D,TRN-526E4197D3959B07,A,initial_expert_rl,1
REC-B681456F83734BE6,TRN-28A5693619C5BE4B,A,initial_expert_rl,1
REC-B696B876D3B17FB7,TRN-9617FB693FD61B5F,C,initial_expert_rl,1
REC-B6AACEA3A9FFF988,TRN-9909C4029D552886,B,initial_expert_rl,1
REC-B703D2FA08B72610,TRN-E6BDBD4A03C75C4A,C,initial_expert_rl,1
REC-B723FE2396C3A0C6,TRN-428E0702EB0B7A5B,C,initial_expert_rl,1
REC-B76D61667D149DF9,TRN-F6DEFB0973D36C40,A,initial_expert_rl,1
REC-B770F547FB67F984,TRN-2866913FCB978C16,B,initial_expert_rl,1
REC-B786096569E745DB,TRN-260E91DE26D3D311,C,initial_expert_rl,1
REC-B7B20D35034FEF29,TRN-F71DF3009848C94D,B,initial_expert_rl,1
REC-B7C991DC96232CE4,TRN-54B353554B52C2F1,B,initial_expert_rl,1
REC-B7D82A6F84D54D98,TRN-50FFA55227CBD027,A,initial_expert_rl,1
REC-B7D8D721FC990484,TRN-9B5850B54457FABD,C,initial_expert_rl,1
REC-B7F9412345CCD580,TRN-B211369DD1CC6A92,C,initial_expert_rl,1
REC-B8518814F6BEA87D,TRN-2929E6BE4002D4ED,C,initial_expert_rl,1
REC-B886E8BCF7EBCDFA,TRN-126A63EAD42BB71B,A,initial_expert_rl,1
REC-B88F6538AC35726F,TRN-4131A695CFF4697F,B,initial_expert_rl,1
REC-B893AD273EC456F6,TRN-A7CF1FF1D63DA911,B,initial_expert_rl,1
REC-B8BE37D99B3BD30F,TRN-2DC62F578FB67AD3,C,initial_expert_rl,1
REC-B8DEA9908D22895C,TRN-C2529186CD6A029D,C,initial_expert_rl,1
REC-B8E799A489CB880E,TRN-F6E37D199AC5B9A3,C,initial_expert_rl,1
REC-B900AFB53272B02B,TRN-E0A8DA6204D25400,C,initial_expert_rl,1
REC-B903B85098E5DCFE,TRN-6C118F6123DC85FA,C,initial_expert_rl,1
REC-B9265D54D4F09750,TRN-9A51B76E12ED0D8F,C,initial_expert_rl,1
REC-B928C487C8854E10,TRN-5DD8BEDC5F0F98F5,C,initial_expert_rl,1
REC-B933572FAAA34E8B,TRN-D9D12F1A0B61840B,C,initial_expert_rl,1
REC-B93CB64C7E2F63C0,TRN-1AB09B6EB29F5DEF,B,initial_expert_rl,1
REC-B93EAC7F1332776B,TRN-825B478F0630EE72,C,initial_expert_rl,1
REC-B993739F2E6E7151,TRN-9DC57F70963E8715,C,initial_expert_rl,1
REC-B9A4DE52E72B1677,TRN-C327F42E42A4E567,B,initial_expert_rl,1
REC-B9D61387D003B817,TRN-6E3964E9F99381A8,C,initial_expert_rl,1
REC-B9DA707FF61DB3FA,TRN-FD9850C39AB4017E,A,initial_expert_rl,1
REC-B9E47CCC209E7131,TRN-E217181692513D87,A,initial_expert_rl,1
REC-B9F561B91ACC8144,TRN-0322381F14B3EB2B,B,initial_expert_rl,1
REC-B9F7BECE9AA1D8BB,TRN-8315E7ECD26A8E6B,A,initial_expert_rl,1
REC-B9F98DA52A20AB68,TRN-F21368E6FCFAE06A,B,initial_expert_rl,1
REC-BA0070F1110BAF5A,TRN-64545695C610111C,A,initial_expert_rl,1
REC-BA6422D9DD6BD7B1,TRN-310D5A7819B06FFE,C,initial_expert_rl,1
REC-BA753D7C4035F16D,TRN-A9E8539F16097839,A,initial_expert_rl,1
REC-BAA2C41B448E5D22,TRN-31527E85B2DABBF2,A,initial_expert_rl,1
REC-BAADD2D8A363D562,TRN-D3903AFC0D976F20,A,initial_expert_rl,1
REC-BADA56F976203D61,TRN-CFB4A119929A8C15,B,initial_expert_rl,1
REC-BB018389959A032A,TRN-2CB5F70BD5024E7B,C,initial_expert_rl,1
REC-BB3AD45FDCAAB903,TRN-60B2270D000D42E9,C,initial_expert_rl,1
REC-BB6574BA59F8EECE,TRN-06A29195416183DD,C,initial_expert_rl,1
REC-BB79180FA5DDCBD9,TRN-DDF56B6AB26220EB,B,initial_expert_rl,1
REC-BB7F347037CF60EF,TRN-7D15E2CE35AC1A29,B,initial_expert_rl,1
REC-BB84C5771B18A5AD,TRN-00CEDB01262EA8CE,B,initial_expert_rl,1
REC-BB895C6920CFCA15,TRN-AC3E019D18C2035F,B,initial_expert_rl,1
REC-BBA33220875670EF,TRN-421959DCAD6A1E69,C,initial_expert_rl,1
REC-BBC733FDA6435045,TRN-86E12948710E2280,B,initial_expert_rl,1
REC-BBCBB4C2CEBF2A24,TRN-1E8D635B3C4DC62C,C,initial_expert_rl,1
REC-BBDD74BF4DB22865,TRN-52AFE822FB908AF8,C,initial_expert_rl,1
REC-BBE75BD187964284,TRN-1875C07E211E32AF,B,initial_expert_rl,1
REC-BBFDB961562ED15E,TRN-516F742099E944FC,C,initial_expert_rl,1
REC-BC1158EA8DADC2B9,TRN-ECC42A1BD6308758,C,initial_expert_rl,1
REC-BC1848C1E2371FCE,TRN-6A5FA8EC10C2AC99,C,initial_expert_rl,1
REC-BC2F9707B7EC1511,TRN-7AFE64F361FA7112,B,initial_expert_rl,1
REC-BC3726A174ACD977,TRN-817EEB95F89D6CA1,C,initial_expert_rl,1
REC-BC5409CB78E65BAE,TRN-F8146E23CE0C0DBE,B,initial_expert_rl,1
REC-BC5C34D15A86EB41,TRN-5A67E19A88C2B58A,A,initial_expert_rl,1
REC-BCAD4E5E354F01E2,TRN-B009D35F358466BF,B,initial_expert_rl,1
REC-BCBD05DD0F9F2574,TRN-84A6AEE5277123EC,B,initial_expert_rl,1
REC-BCE45337F01B9924,TRN-9B2A4142D3E75571,C,initial_expert_rl,1
REC-BCF29FDD050AB660,TRN-281D48D1DB819EDB,A,initial_expert_rl,1
REC-BD1896623FFD6C81,TRN-90EC114B1B107816,B,initial_expert_rl,1
REC-BD36266B856DC98D,TRN-CECFEF13438CB2A3,B,initial_expert_rl,1
REC-BD44470CF83A92C6,TRN-BE009F008C6170C8,C,initial_expert_rl,1
REC-BD67B6E682C30B42,TRN-B05FE01D439534BA,C,initial_expert_rl,1
REC-BD6DA1CB395C1178,TRN-F55543FE2629C7AA,A,initial_expert_rl,1
REC-BD7060F6DA1089EE,TRN-878C9F65AD342A2F,C,initial_expert_rl,1
REC-BDC2A6F887CE6E48,TRN-B777C31208E7279A,A,initial_expert_rl,1
REC-BDDBCE0E1C168341,TRN-829D151E4DC4C658,A,initial_expert_rl,1
REC-BDEB538F3892D5FF,TRN-8EF81716A855E336,C,initial_expert_rl,1
REC-BE287C3CC4901361,TRN-74915C8432A814A0,B,initial_expert_rl,1
REC-BE332BBF710372BB,TRN-3AE5A5A8F97FB4E7,C,initial_expert_rl,1
REC-BE4392F7DD54D185,TRN-04A5380B250B8884,C,initial_expert_rl,1
REC-BE60FD8377F50F4E,TRN-E379325C4C05699B,C,initial_expert_rl,1
REC-BE76DECD5B174264,TRN-2CB97BF0A78D7138,A,initial_expert_rl,1
REC-BEAE8FFE3FF67A2C,TRN-878C6D4FFFE393AD,A,initial_expert_rl,1
REC-BEC402A792657E2A,TRN-60DEAFE0C1A0F8AD,C,initial_expert_rl,1
REC-BF46BD152195B68F,TRN-5A39B58D2065973E,C,initial_expert_rl,1
REC-BF4DCBA4E86FA8A8,TRN-D3507510FE3A6BBE,A,initial_expert_rl,1
REC-BF515D7947BEBC90,TRN-3D8696DE5029332B,C,initial_expert_rl,1
REC-BF585DF528F3DB4D,TRN-5E9A1F43EA204C9F,B,initial_expert_rl,1
REC-BF6065DDBBC0C044,TRN-60B4DD41D268D758,B,initial_expert_rl,1
REC-BF75ED3B47117C75,TRN-FE3EABEE8C3A538A,C,initial_expert_rl,1
REC-BF779408B25F8B60,TRN-56931068386DCD22,C,initial_expert_rl,1
REC-BF83952635CC2A50,TRN-33BCD757DAA6D29B,B,initial_expert_rl,1
REC-BF9187802A00E0A7,TRN-3BBC67E9785651FB,B,initial_expert_rl,1
REC-BF9C19D2A13B6C75,TRN-61E33DA2389E9004,C,initial_expert_rl,1
REC-BF9E6DC94E3B119C,TRN-B68D5E6A5F416650,C,initial_expert_rl,1
REC-BFABE83D22023BE3,TRN-A9D4E37A951B21EA,C,initial_expert_rl,1
REC-C0048BA2525375D8,TRN-90193FED8E501340,A,initial_expert_rl,1
REC-C02701F76C021BE7,TRN-BF4A5C7D58C2DB6D,C,initial_expert_rl,1
REC-C035ABD0142FCD0B,TRN-EB98485F29FD6927,B,initial_expert_rl,1
REC-C04A49D23571E660,TRN-CF217B7C8D85A79E,C,initial_expert_rl,1
REC-C0532ADA6D3D7D69,TRN-F5305F7C52C7EF3A,A,initial_expert_rl,1
REC-C0679EA997F2FD60,TRN-898B3A3F2799C973,B,initial_expert_rl,1
REC-C08958B2D9C8A402,TRN-3D50AB6D3600887B,B,initial_expert_rl,1
REC-C0945519C6322ECE,TRN-182346FB9AB05EA0,C,initial_expert_rl,1
REC-C09A9D81C4D5A0B4,TRN-58DD6CC9DFA5EE7A,C,initial_expert_rl,1
REC-C09AAC7B75093C37,TRN-47853C989A4A2672,C,initial_expert_rl,1
REC-C0AEC0C508C8BFA7,TRN-7FC2656C728FE513,C,initial_expert_rl,1
REC-C0CFECA942A28239,TRN-8502549423474AEC,C,initial_expert_rl,1
REC-C0E368D512FD83FE,TRN-2D4D27B7D2774217,B,initial_expert_rl,1
REC-C0EE544AEA6FD751,TRN-F82EE47A629B64ED,A,initial_expert_rl,1
REC-C11920F3DBBF603F,TRN-F86940FE58677FD6,A,initial_expert_rl,1
REC-C160F1801486583F,TRN-5E59E28B1C3BB9CE,C,initial_expert_rl,1
REC-C16F0F86656B1ED0,TRN-6022292B0A2635A8,C,initial_expert_rl,1
REC-C174A8FD01A2104B,TRN-F22B6A9F4CC37DDE,C,initial_expert_rl,1
REC-C1B8BB37F4DFFC14,TRN-0D59940EC8DC3EDD,C,initial_expert_rl,1
REC-C1EBE3AC42AF1ECF,TRN-CDB0E6B28D7A24F7,A,initial_expert_rl,1
REC-C20B94FBC2DB60FF,TRN-1C11E6419360D0FE,C,initial_expert_rl,1
REC-C23D9E48E74422EA,TRN-624E90B6A436ECE5,C,initial_expert_rl,1
REC-C23FBE35EFFD77BC,TRN-E656BFA995D10497,A,initial_expert_rl,1
REC-C244453440DD2369,TRN-F2F799DA5795BC49,A,initial_expert_rl,1
REC-C260F42D67FF372D,TRN-379F936547F0046F,C,initial_expert_rl,1
REC-C28E3181B1A2CB89,TRN-7CEAC968AA07C8A0,C,initial_expert_rl,1
REC-C294C5F4EB87C943,TRN-4AB8BDEE8557195D,C,initial_expert_rl,1
REC-C2CE264666A6F0AA,TRN-E07837C4082E804A,B,initial_expert_rl,1
REC-C2DC1251F7FE94BB,TRN-ACC6602FF5A83917,C,initial_expert_rl,1
REC-C2DF0A4D8162F9EE,TRN-1EA82C3595530FE2,C,initial_expert_rl,1
REC-C2F007DB3DE953EA,TRN-960437A0AC91004A,B,initial_expert_rl,1
REC-C2FB0E420A0E3472,TRN-5234E7EF97CA46FB,A,initial_expert_rl,1
REC-C303836C55F25252,TRN-A64EC7A22844C5D6,C,initial_expert_rl,1
REC-C316AACF5EF55B9A,TRN-65FFE1FDB89ED306,A,initial_expert_rl,1
REC-C322B7A30FCF5F1C,TRN-F5DCD344F1E85BEC,C,initial_expert_rl,1
REC-C32328A0AE2CA48E,TRN-60BA4B6CC73B119D,C,initial_expert_rl,1
REC-C328D7BE8E730729,TRN-073ECC6103FE5013,C,initial_expert_rl,1
REC-C3367040FB38A588,TRN-1B2B86CA31A64E97,C,initial_expert_rl,1
REC-C389C08E145E3676,TRN-013538F79DC7D105,A,initial_expert_rl,1
REC-C396A13EB5B5B68F,TRN-C2AB35C7AA262308,A,initial_expert_rl,1
REC-C3B7519E8C4BCCB4,TRN-A9A6F012CDED3C25,C,initial_expert_rl,1
REC-C3BFA63C9FCFD554,TRN-4B8E02C12D10CEA8,C,initial_expert_rl,1
REC-C3C140CCD03C1C0A,TRN-ED56AF0CB307D905,C,initial_expert_rl,1
REC-C3CAA798AC6D69B1,TRN-40D21FE28233A007,C,initial_expert_rl,1
REC-C3F442FFFC5B816F,TRN-D479F9DBD4262A14,A,initial_expert_rl,1
REC-C3F4BD89B8F30BE3,TRN-6D32243F764024A9,C,initial_expert_rl,1
REC-C3F68B42892AEC9F,TRN-24C8A71B38DDF1B5,A,initial_expert_rl,1
REC-C416D962B5F5F16A,TRN-BDA8A7AFD5A5FC62,C,initial_expert_rl,1
REC-C438B0E4718F06B7,TRN-ABFFC383465539BC,B,initial_expert_rl,1
REC-C43B63A2A718FAB5,TRN-014BE08A6B9A0709,C,initial_expert_rl,1
REC-C4778EE49758A4F4,TRN-040F485CFDE95B4F,B,initial_expert_rl,1
REC-C4853B10C74CE31A,TRN-B75AB1557F33F446,C,initial_expert_rl,1
REC-C4CA1168504DCD10,TRN-619D1C7179215890,B,initial_expert_rl,1
REC-C5115CD6500A63FD,TRN-22014EF936F0D889,C,initial_expert_rl,1
REC-C5163DDC2F5AF7AF,TRN-BF1B89ABAE0A499D,C,initial_expert_rl,1
REC-C528B583720CDB7E,TRN-F3023ABBF26DF7E5,B,initial_expert_rl,1
REC-C52A93EEAD97E87F,TRN-783644D951E8DA91,C,initial_expert_rl,1
REC-C5477EDD1EC329AC,TRN-9900A6177ECF7A0C,C,initial_expert_rl,1
REC-C54A8DF73BBBAF8B,TRN-3BB6F1122516027B,C,initial_expert_rl,1
REC-C559C7F072B4F37F,TRN-D9D950D6428E3391,C,initial_expert_rl,1
REC-C570FE791F30131F,TRN-F81F606A19F223A5,C,initial_expert_rl,1
REC-C579FBBE4A926A73,TRN-E050D1EEDBA4F8AB,B,initial_expert_rl,1
REC-C5899351914CD792,TRN-8E9F723CF5E86570,C,initial_expert_rl,1
REC-C58E22E13F13D3E0,TRN-3E33D34FEE9CF709,C,initial_expert_rl,1
REC-C5C0A0B330676D94,TRN-6B6218D32FF78457,C,initial_expert_rl,1
REC-C5C4C530D71C1C04,TRN-F43591A27610AE57,C,initial_expert_rl,1
REC-C5CE1118AE35B3DB,TRN-81253E4245DEA135,C,initial_expert_rl,1
REC-C5E3E1142477E342,TRN-E0A830662A93D264,C,initial_expert_rl,1
REC-C60A9FF870A636EE,TRN-ADEB888B5108BB74,A,initial_expert_rl,1
REC-C611B38775F3E996,TRN-744A8FCBDB17D15E,A,initial_expert_rl,1
REC-C64A11FA8D53E364,TRN-641D9AA7B28717E9,C,initial_expert_rl,1
REC-C65325BEB877AAEE,TRN-948A4E1D5BB8ADAF,C,initial_expert_rl,1
REC-C65FD9EDE785AC02,TRN-30A72C1C6A7AD63E,B,initial_expert_rl,1
REC-C69BB38945F47AB3,TRN-453DF0B0B784EA05,B,initial_expert_rl,1
REC-C6A1F8A6A28357E9,TRN-06B7E58237457AB4,C,initial_expert_rl,1
REC-C6A646CE97B40FF2,TRN-E2D5488BB070D1EC,C,initial_expert_rl,1
REC-C6ADD83006AEDDD9,TRN-D76AE57B96F3FCBA,C,initial_expert_rl,1
REC-C6BEC07AB9A1132A,TRN-10A03C174AD64769,A,initial_expert_rl,1
REC-C6EC90B14E1AD24F,TRN-6FD9C8BF231F2B9F,C,initial_expert_rl,1
REC-C700DD8619669A9E,TRN-C5E2588E8620F9AD,C,initial_expert_rl,1
REC-C741FDAAB996256F,TRN-D112F99D9F6BCCE1,C,initial_expert_rl,1
REC-C7447DB705EBF39D,TRN-8301F6AF0A041F7B,C,initial_expert_rl,1
REC-C7488C6690FA7C46,TRN-65241B426375CE78,B,initial_expert_rl,1
REC-C74F855DD1DABF48,TRN-A7E417AF7B961C03,C,initial_expert_rl,1
REC-C77427148E1A84B6,TRN-50245B170134578E,C,initial_expert_rl,1
REC-C775CAA561910B85,TRN-1C8B1163D8759078,C,initial_expert_rl,1
REC-C782440D867F4C5E,TRN-128CCDA984627651,C,initial_expert_rl,1
REC-C7B625AC5494B028,TRN-1832F6344E6909C8,C,initial_expert_rl,1
REC-C7CEADE25F634850,TRN-622841FB337938DA,C,initial_expert_rl,1
REC-C7F0225C9908233F,TRN-8590FD3C9141BB58,A,initial_expert_rl,1
REC-C7FD8828360F20BA,TRN-B357C8428096D760,C,initial_expert_rl,1
REC-C80E40F4CDF45D4E,TRN-3C9915FD4873F58E,C,initial_expert_rl,1
REC-C816474BFA4B2538,TRN-FF160CE291A8AC2F,C,initial_expert_rl,1
REC-C847344EAC65555E,TRN-AC6608777E759780,C,initial_expert_rl,1
REC-C8567480A7CE4152,TRN-962D33D360144267,C,initial_expert_rl,1
REC-C858C5E510EA3816,TRN-7514973ED244EA96,B,initial_expert_rl,1
REC-C87B50A897131BBC,TRN-E491890534486ED4,B,initial_expert_rl,1
REC-C89D002C9A1296F7,TRN-0D1A872C0D3A411C,C,initial_expert_rl,1
REC-C8B452EFD87B769E,TRN-11EF44801D7FAA48,B,initial_expert_rl,1
REC-C8BC5F32BB4A068B,TRN-4F413769E9AC2C2F,C,initial_expert_rl,1
REC-C8CBC4021AB193EB,TRN-91F3323B1659A27B,C,initial_expert_rl,1
REC-C8CCC1F30AED3BD3,TRN-5487CA47DB1BA6C6,A,initial_expert_rl,1
REC-C8CD1641E75FFAC1,TRN-279D842009A262D9,C,initial_expert_rl,1
REC-C8F4D1FDCA9801E4,TRN-8722678E2C8BD539,C,initial_expert_rl,1
REC-C8FC10E48334B9BC,TRN-AD21520A2EC3E69E,A,initial_expert_rl,1
REC-C8FFDCBE60301113,TRN-FF8D82BE171567E2,A,initial_expert_rl,1
REC-C906D40CCC85752D,TRN-D34F8CEF80431108,B,initial_expert_rl,1
REC-C92346C83F04B822,TRN-05D2B2123B4F00F0,C,initial_expert_rl,1
REC-C92CD3575A765E96,TRN-1093295C1D194649,B,initial_expert_rl,1
REC-C934A9D9E42343D9,TRN-CBA37779F907FF30,C,initial_expert_rl,1
REC-C9441308567B66E5,TRN-60C2A60652D010F5,C,initial_expert_rl,1
REC-C9489B0A57F83CD9,TRN-8DB2888E491063D1,C,initial_expert_rl,1
REC-C94C345D635761A6,TRN-A429AE461BF0F2D0,B,initial_expert_rl,1
REC-C953DD44B1442217,TRN-A4F040728070F5C3,A,initial_expert_rl,1
REC-C958CB0002E82672,TRN-201EFF58DBD210B7,A,initial_expert_rl,1
REC-C9599F6AE2A986EF,TRN-2F1CFE2B2993D936,C,initial_expert_rl,1
REC-C95C353AA9888B3A,TRN-45C5810AE3D2FF9E,C,initial_expert_rl,1
REC-C96805D17C577DB9,TRN-EF27FB7CE65C7B56,B,initial_expert_rl,1
REC-C984C2C356C8B7AF,TRN-5918D4F74C8DA9FF,C,initial_expert_rl,1
REC-C99C8F9C70CA13C7,TRN-F1FA9640E40654B2,C,initial_expert_rl,1
REC-C9CD002E6E2312A9,TRN-6A271F2DDA95381D,A,initial_expert_rl,1
REC-C9CFF437C78C0BC2,TRN-915E54E116DFB471,B,initial_expert_rl,1
REC-C9D097CDF1017645,TRN-D1142254290CD82A,C,initial_expert_rl,1
REC-C9EC9EFE23233508,TRN-393D9E09D093D2DD,C,initial_expert_rl,1
REC-C9EFC1B27B0CEB0A,TRN-EFE7A5CE0260DEE9,B,initial_expert_rl,1
REC-CA0C8F92B2CC65BC,TRN-2D36747443EF0845,C,initial_expert_rl,1
REC-CA26E7F83C3093D8,TRN-A74E274B038DC962,A,initial_expert_rl,1
REC-CA36971A703BA06A,TRN-E429394BE8D4764C,C,initial_expert_rl,1
REC-CA938A1169C8B074,TRN-75FAB82E11C65E2E,C,initial_expert_rl,1
REC-CACA8EB71CA0D739,TRN-D6ABB8A6856317D9,A,initial_expert_rl,1
REC-CADF5A0F33DC649C,TRN-EE4F3C8253205156,A,initial_expert_rl,1
REC-CAE94BBEECCA433A,TRN-71BD74FD53A0D996,C,initial_expert_rl,1
REC-CB40D61BBBE89497,TRN-CE580A55EFB4F894,C,initial_expert_rl,1
REC-CB4818683DD4C484,TRN-EDAA8916102819E3,A,initial_expert_rl,1
REC-CB71B64DA218513E,TRN-55C24EFCC955A1DF,C,initial_expert_rl,1
REC-CB832B52BAA24AD2,TRN-50FE4A72C23F3F86,A,initial_expert_rl,1
REC-CBCFDF75AC33D29B,TRN-A757716E9EAF2BE6,A,initial_expert_rl,1
REC-CBDA9CBCFEDEA1E3,TRN-92EF237DF7ADE71A,A,initial_expert_rl,1
REC-CC3C2B8BFC9F27B1,TRN-04C0C6980086600D,C,initial_expert_rl,1
REC-CC6BB292E7C84606,TRN-1EB090E17B720963,A,initial_expert_rl,1
REC-CCA2C59331CD76C4,TRN-1F5BEE6E122E748F,C,initial_expert_rl,1
REC-CCB1FA84CAA4F11D,TRN-A533D9A62157F405,C,initial_expert_rl,1
REC-CCBE2CD5265E8918,TRN-8E27C613DB483F36,C,initial_expert_rl,1
REC-CCFB722E303B5916,TRN-74B36ECA02DCD888,B,initial_expert_rl,1
REC-CD03705A749EC0D3,TRN-3B2AE34B2E8AD65C,C,initial_expert_rl,1
REC-CD064938FD260EC3,TRN-A6408B75CFDB7D7A,C,initial_expert_rl,1
REC-CDA090D96AB5F420,TRN-DC757431D57E64C8,C,initial_expert_rl,1
REC-CDE1FA789CD105D1,TRN-36FFFAA3D9FDFC7D,C,initial_expert_rl,1
REC-CE08442227E15D1C,TRN-129BFCEC6FDD8E08,C,initial_expert_rl,1
REC-CE14215C009A05E2,TRN-6B32262B829F96C0,C,initial_expert_rl,1
REC-CE26D47C2C7B3EAE,TRN-BE89028D2C73AE72,C,initial_expert_rl,1
REC-CE2E8824B0531DC6,TRN-87C63AEB8FC5BDBA,C,initial_expert_rl,1
REC-CE32A408E2D16C7F,TRN-63E92EEA5E2F12AF,B,initial_expert_rl,1
REC-CE58D6B41328FA7B,TRN-12EE6C93AB6C1330,C,initial_expert_rl,1
REC-CE7E3F390133A846,TRN-F337A8053D244B4B,C,initial_expert_rl,1
REC-CE9673CD254DD8FD,TRN-906A3E48C6355675,C,initial_expert_rl,1
REC-CEB62B093224C0FB,TRN-F518DB224538EF83,A,initial_expert_rl,1
REC-CEC0F298CAB5BFC7,TRN-9127A80E40B6FC3D,C,initial_expert_rl,1
REC-CED8FB8303F1746D,TRN-9D36F58376038C09,C,initial_expert_rl,1
REC-CEF03E4362E67AD0,TRN-754F822BD9111B57,C,initial_expert_rl,1
REC-CF2FF2FCD6416FDF,TRN-3BF5B891407C52FB,C,initial_expert_rl,1
REC-CF44D2E18E73A79D,TRN-DD78856C6E8D6A5A,A,initial_expert_rl,1
REC-CF49C923CD6CD67D,TRN-E6A538656EB573E8,C,initial_expert_rl,1
REC-CF5145DA27979A79,TRN-62D719D130A03F79,A,initial_expert_rl,1
REC-CF5A6E85F1D5D271,TRN-F7F8F2E25E1D5D14,A,initial_expert_rl,1
REC-CFB579CFE6A2C6F9,TRN-C2B20A5A7998C655,A,initial_expert_rl,1
REC-CFC10F71D0868F57,TRN-DB10BE73265ACE8B,A,initial_expert_rl,1
REC-CFC2C64B406ED30C,TRN-FA9891AEF78AFFC6,A,initial_expert_rl,1
REC-CFE1F8EE6E85BACC,TRN-0FDB9C7E9FEFF192,B,initial_expert_rl,1
REC-CFF5758CB6E463BD,TRN-0F0CC2CE7CB3F821,A,initial_expert_rl,1
REC-CFFD6D36432A82C9,TRN-75FCC497E170B528,A,initial_expert_rl,1
REC-D01ECA2CBC1B1230,TRN-5010047612266453,C,initial_expert_rl,1
REC-D04C1767D94865A7,TRN-A83C1E535E4B0650,A,initial_expert_rl,1
REC-D071F9E7ED046C57,TRN-8E6DD1D537015FE3,C,initial_expert_rl,1
REC-D076108FA65807F6,TRN-B0B29440CE0F529B,A,initial_expert_rl,1
REC-D0C5CAF0149666C8,TRN-00BA5924FDCCE4C7,C,initial_expert_rl,1
REC-D0C9AFC16FFF96DA,TRN-7DAD985E1C14C5BC,C,initial_expert_rl,1
REC-D108A98544DF9148,TRN-15B138E54513A8D7,C,initial_expert_rl,1
REC-D1500803C8CE2D07,TRN-E0EA21EF2C6305F4,A,initial_expert_rl,1
REC-D175C739F7E9FF39,TRN-966122929FD8624E,A,initial_expert_rl,1
REC-D1869842FE5C78A2,TRN-DA265D50E213A65D,C,initial_expert_rl,1
REC-D18B2B50F569375F,TRN-7C416602535246FC,C,initial_expert_rl,1
REC-D1AECEC67B6A0CBA,TRN-CB6F7E001C76CCFB,C,initial_expert_rl,1
REC-D1C30BDFA3B34E8E,TRN-BBA2AB07E2342BDB,C,initial_expert_rl,1
REC-D1DC0058DF07E6C3,TRN-F2CDF234C2D7AAA3,C,initial_expert_rl,1
REC-D1EA69F735E311F1,TRN-8CABA854A32011EF,C,initial_expert_rl,1
REC-D1F8F4C94D1BC250,TRN-B66EBBD5D9D9E9B7,C,initial_expert_rl,1
REC-D201C152717506D4,TRN-AFA62337509745CE,C,initial_expert_rl,1
REC-D21C019E53947DF9,TRN-1797B9C92C44D2E7,C,initial_expert_rl,1
REC-D22D9D15304CF8D4,TRN-44A33FAF847990E1,A,initial_expert_rl,1
REC-D22E8D146927A8F6,TRN-F588A8200C762A7D,A,initial_expert_rl,1
REC-D22EA84ACDB4B73D,TRN-2D435ADEDE2C70F2,C,initial_expert_rl,1
REC-D24D59061CD64691,TRN-32276E506E56E286,B,initial_expert_rl,1
REC-D254D52A4FE15DF6,TRN-3754D1F1E1BF32EA,C,initial_expert_rl,1
REC-D25849A95F0BE994,TRN-C2B191562990245B,C,initial_expert_rl,1
REC-D270B050CBC00F09,TRN-14E7604B1E48316B,A,initial_expert_rl,1
REC-D288322FDE8875B0,TRN-9B0C6A4EEA4DE7A6,C,initial_expert_rl,1
REC-D29A72DDAC60C491,TRN-016EE6F5D42B9F73,B,initial_expert_rl,1
REC-D2A7408586D2FC7C,TRN-C2624B0F3575EC19,C,initial_expert_rl,1
REC-D2A968084E395E94,TRN-070863BCCBBDE47F,C,initial_expert_rl,1
REC-D2C52CEF6AF4DAE7,TRN-729B2F35DF0E29B3,C,initial_expert_rl,1
REC-D317AD457B7C55E4,TRN-6BA772185CBB7D68,A,initial_expert_rl,1
REC-D3857B3BBA916DCA,TRN-77B3C0D3015B2125,A,initial_expert_rl,1
REC-D3D304D772E2657A,TRN-3E280F72E78A95BD,C,initial_expert_rl,1
REC-D40155704B3A9178,TRN-B1A1E7122B0E6A2C,C,initial_expert_rl,1
REC-D4195C61F2F1526A,TRN-2629B62C244D6FB5,B,initial_expert_rl,1
REC-D43CAACFF7B16E30,TRN-3771B5228E454EAC,C,initial_expert_rl,1
REC-D4443FD03CFC0926,TRN-0D4CFA757373C79D,C,initial_expert_rl,1
REC-D47006BBEBE32A46,TRN-55BDED5A5CC3C72D,C,initial_expert_rl,1
REC-D4A3B87CD884F689,TRN-1EF6E85FDD66606D,A,initial_expert_rl,1
REC-D4AB65032B787E08,TRN-F42471CD3F5E176D,C,initial_expert_rl,1
REC-D4B2FB547C40F31B,TRN-9E13216AA8C4958C,C,initial_expert_rl,1
REC-D4C3C17535D9CDCE,TRN-4E7889764642571C,C,initial_expert_rl,1
REC-D4EC2C9DC46CD54E,TRN-E5F43B9F417FBEBC,C,initial_expert_rl,1
REC-D4ED884F13E8F2BB,TRN-4150C1EAC40BE77A,C,initial_expert_rl,1
REC-D502E0FD07F8FF31,TRN-C901EEF07510B6F8,A,initial_expert_rl,1
REC-D520B8DF3283F317,TRN-FCD959C8FAAC7415,C,initial_expert_rl,1
REC-D5254EBEF2BF3626,TRN-BE15414604B69C8A,B,initial_expert_rl,1
REC-D537B72E1D0B2AAC,TRN-5B9A9A328E8CBDA8,A,initial_expert_rl,1
REC-D54A69989CD36195,TRN-6F29488C7DFE1306,C,initial_expert_rl,1
REC-D54CCE8DF428DB55,TRN-218A9612006BDBE4,C,initial_expert_rl,1
REC-D55D016FDBE87D58,TRN-54F2AB459ECC35C0,B,initial_expert_rl,1
REC-D573A63D6937EC27,TRN-7E068BB8C628F3FD,A,initial_expert_rl,1
REC-D580B71E3450C882,TRN-EBD907AE42ED9D6E,B,initial_expert_rl,1
REC-D58939E151B37F56,TRN-768524A904FD6CB7,C,initial_expert_rl,1
REC-D5C39DC5696A5D1B,TRN-0D1F2F8EE67A36EE,C,initial_expert_rl,1
REC-D5C77059D4576E94,TRN-4A9811E3D34C16C3,C,initial_expert_rl,1
REC-D5EAE07570651807,TRN-AD72FA45AA462504,B,initial_expert_rl,1
REC-D5EFC077FD31DBE8,TRN-0537A5DD06DBF1F3,A,initial_expert_rl,1
REC-D61B42CF98642037,TRN-713F38029CB374ED,C,initial_expert_rl,1
REC-D640F035D004C92F,TRN-004EF7EB2A58BCE2,A,initial_expert_rl,1
REC-D64E433C5960E65B,TRN-26280288D8D4CAA9,C,initial_expert_rl,1
REC-D65B6471E654F96E,TRN-A7F4777D625A1354,A,initial_expert_rl,1
REC-D669E484B683EFAB,TRN-8C0726A63B7B7C11,C,initial_expert_rl,1
REC-D66BA08037E4C6F1,TRN-71D1FB8992BE82AB,C,initial_expert_rl,1
REC-D670DF5C08ECD31A,TRN-9BF86A793A39BB9A,C,initial_expert_rl,1
REC-D694424665365BED,TRN-1204F7D38F44B51E,B,initial_expert_rl,1
REC-D695E980679EFC9C,TRN-335C8CF59E16871A,A,initial_expert_rl,1
REC-D6C0E6CB5AA084F8,TRN-D3B48992DFBE1F3E,C,initial_expert_rl,1
REC-D6DA61DEAF6CA02A,TRN-A26A46BBD9D2BCDA,A,initial_expert_rl,1
REC-D6F232E69BD04E12,TRN-19DD2F6E4EE12C95,B,initial_expert_rl,1
REC-D6FCA35DA9BBCE43,TRN-6D1037D75D0C93B8,C,initial_expert_rl,1
REC-D70A520ED940A3A3,TRN-AA1E634CD4B525D5,B,initial_expert_rl,1
REC-D70C907AADEDC7F3,TRN-7C844CC2ADEF3E3B,A,initial_expert_rl,1
REC-D7245F416E8544BB,TRN-A1CD6869297B06D8,C,initial_expert_rl,1
REC-D7410B12B5EACE32,TRN-A95D1A3B30C05499,B,initial_expert_rl,1
REC-D74BFFF204A22613,TRN-553C94CDDF2C6DD8,B,initial_expert_rl,1
REC-D76B879EE03C03AA,TRN-40BA1904A2E11B3E,C,initial_expert_rl,1
REC-D7874678C9622382,TRN-133F1F3C1915506D,C,initial_expert_rl,1
REC-D7ABE9684B7014BD,TRN-04E8B261D741A822,A,initial_expert_rl,1
REC-D7B267DDF2EF1B98,TRN-FDAECE2A234A3EFC,B,initial_expert_rl,1
REC-D7C232CD2DAB10F1,TRN-4CD80D6EC14C65D4,C,initial_expert_rl,1
REC-D86CADC7944F2933,TRN-EC4C65F7357AAD83,A,initial_expert_rl,1
REC-D8728DB6C4982D0C,TRN-1770CA321E85BB13,B,initial_expert_rl,1
REC-D87B21F67CDAFD94,TRN-83A18076C7CA6DE0,C,initial_expert_rl,1
REC-D8B6F3D82EAAFBB9,TRN-87524296AAC820F7,B,initial_expert_rl,1
REC-D902E54A6C61A80B,TRN-11B968B98D5B604C,C,initial_expert_rl,1
REC-D91784592F7CACDD,TRN-9989D9AF46AE7536,C,initial_expert_rl,1
REC-D95150D8425BE01E,TRN-B5E7F9F7382CABA9,C,initial_expert_rl,1
REC-D9636F0B878C7385,TRN-954261195CFB9734,C,initial_expert_rl,1
REC-D96D7B6D10033772,TRN-A17DAACBB15CA00C,C,initial_expert_rl,1
REC-D979374FBC6BC456,TRN-453072C91AD45116,B,initial_expert_rl,1
REC-D98CC7B0FE28E301,TRN-BC203A7EDDFD3A88,C,initial_expert_rl,1
REC-D993EBDF6949D6DA,TRN-FBDE6680F36D4F08,C,initial_expert_rl,1
REC-D9940D08D9BB6D3A,TRN-2B982023F4AE79D2,A,initial_expert_rl,1
REC-D9EFA24EDFBE0D77,TRN-821E802C14117AE4,C,initial_expert_rl,1
REC-D9F2BD23DF9581F0,TRN-45E6AB0A9E5DFE3A,C,initial_expert_rl,1
REC-DA01FB2220FE891D,TRN-4C31B4C64E00E1C1,C,initial_expert_rl,1
REC-DA0A793104A4D7FD,TRN-59E8DA8EB232F373,C,initial_expert_rl,1
REC-DA15D341600E3A34,TRN-30BCCB28E7F78277,C,initial_expert_rl,1
REC-DA29285AFDF46BC4,TRN-55078EF5F55EE952,C,initial_expert_rl,1
REC-DA42443C7D378F14,TRN-234BDE137C084205,B,initial_expert_rl,1
REC-DA89E9C7933D779A,TRN-8FD81F8DF72044AB,C,initial_expert_rl,1
REC-DA9310FA4A1E1F48,TRN-155E76DFA395F72C,C,initial_expert_rl,1
REC-DA984FEA84E02ECE,TRN-9BAE0A244FD84532,B,initial_expert_rl,1
REC-DABBB3A7FDC0A828,TRN-70C5F7157939531D,A,initial_expert_rl,1
REC-DABF2228EA7802B0,TRN-AC527C334113F520,A,initial_expert_rl,1
REC-DAC03E3B0C875107,TRN-5B200692BC10AC57,C,initial_expert_rl,1
REC-DACC1FD99C139F63,TRN-3C0F1A1C1695AB68,A,initial_expert_rl,1
REC-DACD46785DF82CDB,TRN-D755867E19CF2C5E,B,initial_expert_rl,1
REC-DAF6B2EFDA7FAB73,TRN-F91A2EB032182A64,A,initial_expert_rl,1
REC-DB15848EC9DC125C,TRN-BD07A5A324777056,C,initial_expert_rl,1
REC-DB481ABB123A027F,TRN-F7D7FB6B9A0F0F29,C,initial_expert_rl,1
REC-DB60DD5ACB2B1B07,TRN-89A587266D311A9D,C,initial_expert_rl,1
REC-DB790EA3CC051F60,TRN-579F8BD1E7E0428F,C,initial_expert_rl,1
REC-DB8DF5246BB15FFD,TRN-9069AB445069E3A2,B,initial_expert_rl,1
REC-DBA25032A10B0571,TRN-1730199DB5C161F9,C,initial_expert_rl,1
REC-DBC58EB392A9AEA7,TRN-C34C9BD7896C4343,B,initial_expert_rl,1
REC-DBD47F3CA73DE615,TRN-D9AF5E15A820DE45,C,initial_expert_rl,1
REC-DBF4BAD6CA57880C,TRN-8BA4FBD7F0CCB26F,B,initial_expert_rl,1
REC-DC131071A06F15CE,TRN-8D46B580026E2502,C,initial_expert_rl,1
REC-DC2DD6CE3CAE9256,TRN-6BB6038D0EE23833,C,initial_expert_rl,1
REC-DC2E678E7861AE20,TRN-C678C4AA21820C75,C,initial_expert_rl,1
REC-DC3C68FE8B503839,TRN-833E6E747916A7D1,A,initial_expert_rl,1
REC-DC458CB23BA8E0F1,TRN-195B88BF4CF8EED9,C,initial_expert_rl,1
REC-DC49EB7974D053A2,TRN-F961B4B7CB1EC760,A,initial_expert_rl,1
REC-DC4DA752FAAB88B6,TRN-F175580D0805ECBA,A,initial_expert_rl,1
REC-DC5331FEE0E88D77,TRN-42D5AE72A1EF29F8,C,initial_expert_rl,1
REC-DC9F5BFB8BB75880,TRN-87BA2AE54AF153B2,C,initial_expert_rl,1
REC-DCB64AFE545AFB4C,TRN-F50C3B2788432DB9,C,initial_expert_rl,1
REC-DCCAF55FB66E44D1,TRN-0FA1363721F26E70,C,initial_expert_rl,1
REC-DCDBA8D827273B99,TRN-85293217959882F7,B,initial_expert_rl,1
REC-DCE698332379506A,TRN-051B77C8B920CFBB,C,initial_expert_rl,1
REC-DCF773095E1A08B9,TRN-E4B7780D9182DFDB,C,initial_expert_rl,1
REC-DCFEA1123AFB78CA,TRN-F1441D0491DC7E05,A,initial_expert_rl,1
REC-DD2CD08E86167E7D,TRN-FD94FDAAF4B1C893,C,initial_expert_rl,1
REC-DD3AF309037BE744,TRN-1C27BBBF62B01363,C,initial_expert_rl,1
REC-DD3FE9ECA2B074BE,TRN-2E60037F5EEAA8B5,B,initial_expert_rl,1
REC-DD4851EEFE9CD21E,TRN-EBE19BE4F496DD09,C,initial_expert_rl,1
REC-DD522CCCED2CF338,TRN-E72CD865D680AEEF,C,initial_expert_rl,1
REC-DD58A6BDFB3A8885,TRN-C3ED94F5450C97C2,C,initial_expert_rl,1
REC-DD5C64575CABFD3C,TRN-E43B8C4B702661A2,C,initial_expert_rl,1
REC-DD7C74CE67638697,TRN-AC0E3A9C7439DD7E,A,initial_expert_rl,1
REC-DD93DB7B1189C240,TRN-CFA9512DEE3C916F,C,initial_expert_rl,1
REC-DDAB5AA19924ABE8,TRN-6E473343F60FC68D,C,initial_expert_rl,1
REC-DE0556BF52E76770,TRN-0BDE77367C20FBCD,C,initial_expert_rl,1
REC-DE0A1FBC802C9075,TRN-29421BA843847558,C,initial_expert_rl,1
REC-DE39766D26ABC17E,TRN-5B5E45AD50874D55,C,initial_expert_rl,1
REC-DE3E5FB7856B6EC2,TRN-98BED4E7C850731B,C,initial_expert_rl,1
REC-DE3F2CAA38EAD31D,TRN-C5EBA6281101CD3E,C,initial_expert_rl,1
REC-DE405BA03D8B9A8E,TRN-342385B3245E1394,C,initial_expert_rl,1
REC-DE523DE32B10DF3A,TRN-1160ECFC51A79ABF,B,initial_expert_rl,1
REC-DE548224FBD4F840,TRN-D966FA3E608ACC41,A,initial_expert_rl,1
REC-DE87F8077C06D3D5,TRN-37B65D327A627591,B,initial_expert_rl,1
REC-DEA32C8FFCCE4B11,TRN-BBBEED5AEC0179E9,B,initial_expert_rl,1
REC-DEAC5CF0F5023051,TRN-F72DBDA5B55962B4,A,initial_expert_rl,1
REC-DEB091D32579A748,TRN-FC63FB7AC5280D5D,C,initial_expert_rl,1
REC-DEC5C5CBCCD5BF29,TRN-4558521C5FD7C145,C,initial_expert_rl,1
REC-DECBAA294524CC64,TRN-899B76EAA24F29EA,A,initial_expert_rl,1
REC-DEDEFF74F8241803,TRN-0750343EB1F5D44F,C,initial_expert_rl,1
REC-DF33F54EF2071018,TRN-EDB2EACCA2928C90,C,initial_expert_rl,1
REC-DF44B7D9BEE8507A,TRN-AE0821819461DD33,C,initial_expert_rl,1
REC-DF484D190E7584DB,TRN-B7FC9A950E934D85,C,initial_expert_rl,1
REC-DF565C4F1E60A12A,TRN-3CF5E8E69A8BFADD,B,initial_expert_rl,1
REC-DF7CB195E51E2B82,TRN-5C5344EBCA899440,C,initial_expert_rl,1
REC-DF7D48B04CE85236,TRN-9511E2C2137A4915,C,initial_expert_rl,1
REC-DF825877415847BB,TRN-6E42AFBE528E250B,C,initial_expert_rl,1
REC-DF840A47A153AA1A,TRN-195EAA5B78BD0BD7,B,initial_expert_rl,1
REC-DFA28DA6D2809E17,TRN-B50741A4F5DEAE83,B,initial_expert_rl,1
REC-DFE190BE5AD53A1E,TRN-CD6B9678B35D1DF1,C,initial_expert_rl,1
REC-DFE25F68D51AE9E4,TRN-3E321FEF84B14FB9,B,initial_expert_rl,1
REC-DFEC979E85B5AD6E,TRN-44DE5FF7A88DD5C4,C,initial_expert_rl,1
REC-DFF84404E3E959C3,TRN-D02ABA69E6D7C28F,C,initial_expert_rl,1
REC-DFF8F84109A5B4CB,TRN-8B78AF116D4C17C0,C,initial_expert_rl,1
REC-DFFC82E249EF3E82,TRN-F8B4302DA3947DE8,B,initial_expert_rl,1
REC-E0085BD6F272295F,TRN-1C0DC884119B61BA,C,initial_expert_rl,1
REC-E030FA221B63CB7A,TRN-582B84FF371DD36D,A,initial_expert_rl,1
REC-E036AF5A55E16C0B,TRN-2F36AC62763E724B,C,initial_expert_rl,1
REC-E048AF3CFAB4A21C,TRN-CD97A276640BFF71,A,initial_expert_rl,1
REC-E07109A5CAD92017,TRN-BE32EBA8FBE1D10F,A,initial_expert_rl,1
REC-E082ABEDFB12E756,TRN-23A3276AE34357E7,C,initial_expert_rl,1
REC-E086FE85E1439D21,TRN-4325DED72BA2432C,A,initial_expert_rl,1
REC-E0AFA557DEC15D4A,TRN-803FA6273F160426,A,initial_expert_rl,1
REC-E0B082D5555B2749,TRN-8E0C383CE692294B,A,initial_expert_rl,1
REC-E0B7A4FD5EF0D31C,TRN-F06868FCABC16C0C,C,initial_expert_rl,1
REC-E0C2871B27FD001E,TRN-F37EBDBE20231EAE,C,initial_expert_rl,1
REC-E0D0C6FB89EBCC2F,TRN-AF63911B4475F8FE,C,initial_expert_rl,1
REC-E0E9D283C84B0CA6,TRN-00718408537EBB93,C,initial_expert_rl,1
REC-E0ED4081282AD135,TRN-22159B32AD16D41E,B,initial_expert_rl,1
REC-E0F650CDE96901AB,TRN-E8F0D97392A3B376,C,initial_expert_rl,1
REC-E121A41508C87B56,TRN-852B0BD813B1CA48,B,initial_expert_rl,1
REC-E12F8078A07C4CC2,TRN-83D3F7A50263E9B7,B,initial_expert_rl,1
REC-E1601027CFCAE209,TRN-B084A02FD770CE65,B,initial_expert_rl,1
REC-E16834648235B26B,TRN-AB25FF7982807B48,A,initial_expert_rl,1
REC-E177539BDDBC4C92,TRN-B8966AD59DCB5D10,C,initial_expert_rl,1
REC-E17EE0587B008466,TRN-C1682F288DFD5B5D,C,initial_expert_rl,1
REC-E184CFE617C7A4B5,TRN-87B9204BDCBBDFBD,B,initial_expert_rl,1
REC-E19A3DF4D4EC1F9F,TRN-6A46C849D9D95637,C,initial_expert_rl,1
REC-E1A697ED2D6BC005,TRN-2F35EC4D9A97330B,A,initial_expert_rl,1
REC-E1C1B49E4490185E,TRN-8C7BA884BD8A81B4,C,initial_expert_rl,1
REC-E1FA3DFD90DBA5E3,TRN-73D9BEA1DD45F896,A,initial_expert_rl,1
REC-E1FF7E7DB67245C1,TRN-5B33A45007B52CC0,C,initial_expert_rl,1
REC-E205BBB174B3CAA5,TRN-C198C1D919ABFE48,B,initial_expert_rl,1
REC-E220452967A76EEB,TRN-0CFF5D2A5ACAA7D4,A,initial_expert_rl,1
REC-E225827128EEB3CF,TRN-5516A1CE332C0080,A,initial_expert_rl,1
REC-E2267E2170C44883,TRN-37BFAEF492D54652,A,initial_expert_rl,1
REC-E227713EB645CE2D,TRN-141C1BB26CC28E75,A,initial_expert_rl,1
REC-E22827D0EAB33335,TRN-413C86C984315058,C,initial_expert_rl,1
REC-E23FF61B157B7317,TRN-D1B32E310EE285AD,B,initial_expert_rl,1
REC-E249177FE37808AE,TRN-98BD598E60EA77DF,A,initial_expert_rl,1
REC-E29621090CDA1DCB,TRN-94244C479D374C68,A,initial_expert_rl,1
REC-E29DE3749A4B5A9F,TRN-FDC7F34F200E100E,C,initial_expert_rl,1
REC-E2A64E7461DFA822,TRN-4D08EC403CA1F4DC,C,initial_expert_rl,1
REC-E2CF513F35CAF035,TRN-1856A79B23878148,C,initial_expert_rl,1
REC-E30A115F0A0BFE27,TRN-EFF797EAF7CE3467,A,initial_expert_rl,1
REC-E30CA8A16027836B,TRN-65DD4414E72A0C69,A,initial_expert_rl,1
REC-E30DDE789D979795,TRN-325FB0F392E6D51F,B,initial_expert_rl,1
REC-E31F1A803373996C,TRN-427A8BE1A3D8C468,B,initial_expert_rl,1
REC-E323C3381789988C,TRN-F9AE5DBF710FC2B2,C,initial_expert_rl,1
REC-E336697FE199DCAB,TRN-284B9D662BC1E176,A,initial_expert_rl,1
REC-E355AE28D91271E4,TRN-466BB9D8C198A9BB,A,initial_expert_rl,1
REC-E35C88B51DD3AB6F,TRN-CC05F760D9E594CB,A,initial_expert_rl,1
REC-E368546672B20069,TRN-548BD94AE648DB2E,C,initial_expert_rl,1
REC-E37BBB51783728E9,TRN-F7B6F4CB50EABD2C,C,initial_expert_rl,1
REC-E3997559FBD54A6E,TRN-EFB401CA92608636,C,initial_expert_rl,1
REC-E3A1064BF1094A9F,TRN-68EA183B71B509C8,A,initial_expert_rl,1
REC-E3A60F2E498F110F,TRN-B8ABB65B7E92BC21,C,initial_expert_rl,1
REC-E3B4A00A286A4C3B,TRN-A8EAA614240C8B7B,C,initial_expert_rl,1
REC-E3BFE5496EE2A404,TRN-4B34528DE6C021C7,B,initial_expert_rl,1
REC-E3E266CF76C22655,TRN-923C6548152D8593,A,initial_expert_rl,1
REC-E3E5C3B18A1D12C0,TRN-BC98A68D40312279,B,initial_expert_rl,1
REC-E3E61BCF0768F30C,TRN-33A879EC30E4B401,A,initial_expert_rl,1
REC-E3F9C41B991B6FAB,TRN-0E8715DB9CB374C4,C,initial_expert_rl,1
REC-E4027DCEFFB2ADA5,TRN-774266EFD4187791,C,initial_expert_rl,1
REC-E437CA38E332D2EF,TRN-275E15B41BF210B0,C,initial_expert_rl,1
REC-E43DA4FE96F3A171,TRN-DA2999F865ED53A7,C,initial_expert_rl,1
REC-E441F69FA54AE066,TRN-4F7432CE63732524,C,initial_expert_rl,1
REC-E49022B4927411DC,TRN-852D3A5456C0B0BD,C,initial_expert_rl,1
REC-E49AEE116F5C7045,TRN-4AC0CC3BD38A3E6E,C,initial_expert_rl,1
REC-E4AAE70024920F11,TRN-0BD28B7B581DE959,C,initial_expert_rl,1
REC-E4D886E3D9DD8A9B,TRN-B25D2C3AB251A449,C,initial_expert_rl,1
REC-E4DF26D15E08F3FC,TRN-93EE86A760F2C94C,A,initial_expert_rl,1
REC-E4EF3D442273514B,TRN-14DBF901E04D575A,A,initial_expert_rl,1
REC-E51B1B03C849BE8C,TRN-B4E6CB3C0041D41C,B,initial_expert_rl,1
REC-E55419D86BE1FEFF,TRN-93C72436A5F9FDB4,C,initial_expert_rl,1
REC-E59E590512A12289,TRN-5BF2D81BAF3D9BFD,C,initial_expert_rl,1
REC-E5A2E113DF790CDA,TRN-00ACA74A7941F6FC,C,initial_expert_rl,1
REC-E5A851B471DDE436,TRN-FEB716C229CC1C0D,C,initial_expert_rl,1
REC-E5BC2C9B6E43ABCA,TRN-6485CB17F711D26F,A,initial_expert_rl,1
REC-E5BDE2EC3F0BFDF1,TRN-DC715D94B2B6C64F,C,initial_expert_rl,1
REC-E5E10E489614B93F,TRN-D92DFAAE47B8BB43,A,initial_expert_rl,1
REC-E5E1ECB63802D064,TRN-E28E464805FA7C88,C,initial_expert_rl,1
REC-E5E8D6C1552D5129,TRN-6F565BA599B135B7,A,initial_expert_rl,1
REC-E5F7380142A90FA5,TRN-17337422C1B6E665,C,initial_expert_rl,1
REC-E6041A82C5B6D125,TRN-09D2F6A663981D43,C,initial_expert_rl,1
REC-E61AFC1658776DCC,TRN-5FEC7911F92F0D9F,C,initial_expert_rl,1
REC-E643A20530731B51,TRN-D10AA1E1B7932A5D,A,initial_expert_rl,1
REC-E653C73377639208,TRN-8A5E66352049B7FB,C,initial_expert_rl,1
REC-E65A11D4302AC9BD,TRN-CBD238316445EF9E,C,initial_expert_rl,1
REC-E6764C614BE11C6D,TRN-D1425FE94C0E1415,C,initial_expert_rl,1
REC-E68F9778E262EAAD,TRN-34BD9143B1B08033,C,initial_expert_rl,1
REC-E6B5542CC4F5BB7D,TRN-33662E6CD9D14624,C,initial_expert_rl,1
REC-E6D85AC297B631FE,TRN-B5C198086069CD8E,C,initial_expert_rl,1
REC-E6DEB7750472E23B,TRN-FADA856E233F939F,C,initial_expert_rl,1
REC-E6ED61C8069462B2,TRN-610FAE222E77197B,B,initial_expert_rl,1
REC-E7219B59B5423AE2,TRN-871411FCD7AEA4D2,C,initial_expert_rl,1
REC-E7233DC282588AE1,TRN-D5952D4D41B0138F,A,initial_expert_rl,1
REC-E79A673864C2CE9B,TRN-57660639FBDEBB60,C,initial_expert_rl,1
REC-E7ADD4D8FCD4FB8F,TRN-34D9B1E0CE8AA379,A,initial_expert_rl,1
REC-E7BEA4012E1CA4A0,TRN-3AA7A668E741C859,B,initial_expert_rl,1
REC-E7C3F4DCD9804610,TRN-2AB1E31972BB75FA,C,initial_expert_rl,1
REC-E7FA2177FB63B84B,TRN-C03C8607D9885DAF,A,initial_expert_rl,1
REC-E8030F84E466A81A,TRN-844A45D0BC6BCB31,B,initial_expert_rl,1
REC-E8034CE95F090AC4,TRN-E616CF50180BE78E,C,initial_expert_rl,1
REC-E80D3FEB43C4C7D6,TRN-E537689D73752319,A,initial_expert_rl,1
REC-E82F2CC1B39F5E57,TRN-FA8D3C659766CD0A,C,initial_expert_rl,1
REC-E85EE518EC26430A,TRN-6CC3A576CCCA6753,B,initial_expert_rl,1
REC-E89F557B9A8E8D3E,TRN-370510E7B12A577C,C,initial_expert_rl,1
REC-E8E023BC608D87C6,TRN-032E3A6D0AE42E57,B,initial_expert_rl,1
REC-E8F4EF63AC1AE3B2,TRN-3A6E768847347A2A,B,initial_expert_rl,1
REC-E8F9362BF7CF410E,TRN-E768B6270E615F91,A,initial_expert_rl,1
REC-E8FBE2EC12CF7C46,TRN-54FCAB3B0103E570,C,initial_expert_rl,1
REC-E90AAEB28441FD5F,TRN-53DAADA337576F8A,C,initial_expert_rl,1
REC-E91C789441718212,TRN-7F4558BB3EFF39CC,B,initial_expert_rl,1
REC-E961DDC660D716DD,TRN-AC505A4750A31EEF,B,initial_expert_rl,1
REC-E964A13BBF1034F9,TRN-EA34F93B9B6A1A5B,A,initial_expert_rl,1
REC-E9C11E21C1629374,TRN-76C173560A9B5A54,C,initial_expert_rl,1
REC-E9DD0312BEF835A2,TRN-831E67E452C7D8DB,A,initial_expert_rl,1
REC-E9E6E4882EE0C4B3,TRN-949D46CE09003909,C,initial_expert_rl,1
REC-EA006FDEA40FC73D,TRN-D8871D7CBE460119,C,initial_expert_rl,1
REC-EA10D7FE86D97488,TRN-6D03784345CFF000,B,initial_expert_rl,1
REC-EA1448A54C960C45,TRN-3A7B6421891414F6,C,initial_expert_rl,1
REC-EA1E3530F245572C,TRN-ACA16F4511A398C8,C,initial_expert_rl,1
REC-EA5E59A4F8207194,TRN-2240BF09EF66D3AB,A,initial_expert_rl,1
REC-EA7BD62B4B22376B,TRN-ABCF843E60B06ABF,B,initial_expert_rl,1
REC-EAA3ABE8B6C6C764,TRN-2B061BF4802CBE46,C,initial_expert_rl,1
REC-EAC564525C4809AF,TRN-BA834D87E9A6330C,B,initial_expert_rl,1
REC-EAEADA14551D5647,TRN-55B3258FB22E4C3C,C,initial_expert_rl,1
REC-EAF29CF2C32EF3D4,TRN-BE7EF01A29540EF7,C,initial_expert_rl,1
REC-EB0A436D370265F0,TRN-8ECA9505885B8806,C,initial_expert_rl,1
REC-EB1F680E7889339F,TRN-4E1B4F175A08F6C0,C,initial_expert_rl,1
REC-EB2477117A22690B,TRN-6B1D973E15D5202B,C,initial_expert_rl,1
REC-EB3A4C061E4E891B,TRN-FCDB9FB5F136AE0D,C,initial_expert_rl,1
REC-EB3D079CB92388DF,TRN-0ABB44EB410F9BE4,B,initial_expert_rl,1
REC-EB4E44857652914A,TRN-678AE6B58DA9D0F1,C,initial_expert_rl,1
REC-EB811AB4435390D7,TRN-2E8B0930E6ACD36F,C,initial_expert_rl,1
REC-EB8BCE0C0E34F4C8,TRN-A00F6955EA7EF4E6,C,initial_expert_rl,1
REC-EB916AEFEF480AAD,TRN-DE26D1611E75A514,C,initial_expert_rl,1
REC-EBBB76CD3944B6E1,TRN-DECEE7082907A739,C,initial_expert_rl,1
REC-EBE110A231D2DAB5,TRN-DBFB84646656EC83,C,initial_expert_rl,1
REC-EBF3582D57C1CF3C,TRN-AB7771C229B297A7,A,initial_expert_rl,1
REC-EC6A45A7285F6778,TRN-605DE85C1C654B77,A,initial_expert_rl,1
REC-EC83D534B51B3C14,TRN-226BAD5D5F6ABB6E,C,initial_expert_rl,1
REC-EC921BE06C560CC0,TRN-BE22C480EA37ECDB,C,initial_expert_rl,1
REC-ECEE2763AFA4EB99,TRN-6246C40B78A0C5D5,C,initial_expert_rl,1
REC-ED0C743F9B72EA22,TRN-106E2DD044E0F28A,B,initial_expert_rl,1
REC-ED2FF6396976DFC1,TRN-F84DF0F83A1CF79C,C,initial_expert_rl,1
REC-ED303A0D5CD1ABF8,TRN-B2B783E03DCEAD09,B,initial_expert_rl,1
REC-ED34DF16270B3AEF,TRN-E5BBCAED2FD5E445,C,initial_expert_rl,1
REC-ED60431A13ECF8A4,TRN-AFDEBCA86421A716,C,initial_expert_rl,1
REC-ED61292B83C977B1,TRN-16F51231020ECEF0,C,initial_expert_rl,1
REC-ED7484C53C21E9CA,TRN-16A669F4CC64AF57,C,initial_expert_rl,1
REC-ED87517E8432B477,TRN-A7A5AE452B562C2C,C,initial_expert_rl,1
REC-ED97F622CA44ED0F,TRN-C269CBC2781DEDFF,C,initial_expert_rl,1
REC-EDBC2F03F2AAAA19,TRN-4DB52D62A20405AF,A,initial_expert_rl,1
REC-EDC27B843DF207A5,TRN-7D4C149E5C67C375,A,initial_expert_rl,1
REC-EDDC47576845AC92,TRN-EC237C1E4A4BD55C,C,initial_expert_rl,1
REC-EDE2032B939B6F01,TRN-AECB386F50F57241,B,initial_expert_rl,1
REC-EDEF394F6BA3C838,TRN-44F154A7841967E4,A,initial_expert_rl,1
REC-EDF8DF59B7F97A74,TRN-03D700713A9952AB,C,initial_expert_rl,1
REC-EE26D43E238B79FD,TRN-DC19E60A123F5EAC,B,initial_expert_rl,1
REC-EE3498FC731E6999,TRN-E6178F7E3969DDAF,C,initial_expert_rl,1
REC-EE3BBC60060DE989,TRN-01564B7C4CA9DC8C,B,initial_expert_rl,1
REC-EE682F122B32888D,TRN-E362ADEA962086FC,A,initial_expert_rl,1
REC-EE716906669A833D,TRN-6317CFC3845104C6,C,initial_expert_rl,1
REC-EE7B8A8E8FB16536,TRN-8B050158F6E61993,C,initial_expert_rl,1
REC-EE7F5B44577C2CB8,TRN-26D89C787775A532,A,initial_expert_rl,1
REC-EE853663189DBF2C,TRN-D1A8A7FA55FFF95C,C,initial_expert_rl,1
REC-EEB575B6235FBB61,TRN-7299F15B3212561C,C,initial_expert_rl,1
REC-EEBAAA197976F691,TRN-ECFE613E82A3B3AD,C,initial_expert_rl,1
REC-EEC31783BDACBE10,TRN-55C4E945D8DAC5FE,B,initial_expert_rl,1
REC-EEC8EC3905B50FD9,TRN-DB648035FB050E07,C,initial_expert_rl,1
REC-EEE535EB05D224CF,TRN-C7D792707328DEB0,B,initial_expert_rl,1
REC-EF25CEDDE66B622F,TRN-25427B7CE64A87D0,B,initial_expert_rl,1
REC-EF2B8C1D13110CD8,TRN-ED0F0EF02A7516F1,C,initial_expert_rl,1
REC-EF46577087F58E11,TRN-0F4482E7CC8E52B8,C,initial_expert_rl,1
REC-EF9CE723C8DA922B,TRN-34BC1499DBB97567,C,initial_expert_rl,1
REC-EFBB370EEBA31D8A,TRN-7B0A262D917D4310,C,initial_expert_rl,1
REC-EFBF27A908E003B8,TRN-C73573D9732C08AB,B,initial_expert_rl,1
REC-EFF6B4C80E9FE99E,TRN-6F141FC9A6B355AC,A,initial_expert_rl,1
REC-F003A54F6503D324,TRN-4D099DB65225CE68,C,initial_expert_rl,1
REC-F0086A708746ED29,TRN-19C3104FEAF76C38,C,initial_expert_rl,1
REC-F01D9C76BB71809E,TRN-41E8D1959C002EF2,B,initial_expert_rl,1
REC-F0269404F47E8AE6,TRN-36BA6FE662F44DEF,C,initial_expert_rl,1
REC-F02CF6EB04018EAB,TRN-069B342EB5EBFA78,A,initial_expert_rl,1
REC-F02F3AFF0EBA6E02,TRN-0F7D4B35EBC8A7AC,C,initial_expert_rl,1
REC-F074C811F0000115,TRN-D875638D8C0F9B24,C,initial_expert_rl,1
REC-F075CD848625DAB2,TRN-8C1C7B9D9CF25DE8,C,initial_expert_rl,1
REC-F078C14131A721E8,TRN-225F84879E74B746,B,initial_expert_rl,1
REC-F0A6F0EE8A2AEFF3,TRN-4AA64EDCFA385B90,C,initial_expert_rl,1
REC-F0AE430414B542BF,TRN-6C00DEB698C2EF2C,C,initial_expert_rl,1
REC-F0BC65B964A1108F,TRN-B2EB5468A09AEB54,C,initial_expert_rl,1
REC-F1115D317B4988F9,TRN-EEF9B14ADBA76D53,C,initial_expert_rl,1
REC-F124773F0488E987,TRN-D3238C4891A71A63,C,initial_expert_rl,1
REC-F1287769B6488A64,TRN-2617535DCFFE1810,C,initial_expert_rl,1
REC-F12CF3FC9477290F,TRN-DAA849B404412EDF,C,initial_expert_rl,1
REC-F175CD52C5286C3B,TRN-EB2C49D55A6F7F80,C,initial_expert_rl,1
REC-F18A645B6865963D,TRN-86D06E1236DD6D78,C,initial_expert_rl,1
REC-F1958A878C761DCB,TRN-94662DE321C244D1,C,initial_expert_rl,1
REC-F198CCC14D63D883,TRN-BE9DF58201E6F4A6,B,initial_expert_rl,1
REC-F1A66DCC90EBCBEF,TRN-BE0E15441B89CA73,C,initial_expert_rl,1
REC-F1A714435753C217,TRN-78048878B82562B7,C,initial_expert_rl,1
REC-F1A7E79299E22979,TRN-6C44576722765FEB,C,initial_expert_rl,1
REC-F1AFDC57D87633EC,TRN-017CFE2E01527FE9,A,initial_expert_rl,1
REC-F1C12AF451F8E838,TRN-97679D6A964C539D,B,initial_expert_rl,1
REC-F1DFE8F014308C46,TRN-068704F56077FFD0,C,initial_expert_rl,1
REC-F2085020E96159C9,TRN-3233AE284686843A,C,initial_expert_rl,1
REC-F2650D829A3B66FD,TRN-D2FD4BC5EADEFEFF,C,initial_expert_rl,1
REC-F28DBE3410219422,TRN-E4ABB76BA5070033,C,initial_expert_rl,1
REC-F2964D0D165A10A4,TRN-5E6283BC202DED66,C,initial_expert_rl,1
REC-F298D8F1A9F90CFB,TRN-7BA89A851AEDA780,C,initial_expert_rl,1
REC-F2B7C9918A588C5D,TRN-0AF15DDA819E4703,C,initial_expert_rl,1
REC-F2BF5B1C8FD6795E,TRN-92061A9A8B274CFD,C,initial_expert_rl,1
REC-F2BFF438C1FCF3E7,TRN-F531AAA6776EC3BA,B,initial_expert_rl,1
REC-F2DA66AF25097C62,TRN-8CDFBAD7B0C94F62,C,initial_expert_rl,1
REC-F2F46CCF36D987B7,TRN-0250E27DF0AB5F61,A,initial_expert_rl,1
REC-F2FDC8A576E60D6A,TRN-A81340919AE2CA0A,C,initial_expert_rl,1
REC-F302A41FE83C28CA,TRN-E14F3266B1D84755,C,initial_expert_rl,1
REC-F306522655DB1C4D,TRN-B268472C2FBECCC7,C,initial_expert_rl,1
REC-F334C639FDB10CBE,TRN-4642F13C20134FA3,B,initial_expert_rl,1
REC-F35EBCB7C8F79869,TRN-DE2F064070F1E579,C,initial_expert_rl,1
REC-F37FD0718E88C417,TRN-88075FB8B2046BB0,C,initial_expert_rl,1
REC-F3912DD0D24047B9,TRN-1C8FFE8BC5674F78,A,initial_expert_rl,1
REC-F3E7BA4F95B28F82,TRN-D1AC297D0526C493,C,initial_expert_rl,1
REC-F410BF2AB821C5FA,TRN-3E7524E66FF9DEC3,A,initial_expert_rl,1
REC-F43B6A2A695AFFBA,TRN-6380F41E2AB8582C,C,initial_expert_rl,1
REC-F44B1388E327D3FD,TRN-BC87FA2AC9F40382,B,initial_expert_rl,1
REC-F452914B9E534503,TRN-9014EC4FA6CB630D,A,initial_expert_rl,1
REC-F45B8394D9F72AB4,TRN-5DDA66FFE9C54A88,C,initial_expert_rl,1
REC-F468FC3082FA0C40,TRN-B1A1BB225690049B,C,initial_expert_rl,1
REC-F46C4E7B1940A705,TRN-4B7DBA95302F01C0,C,initial_expert_rl,1
REC-F4B691152EE79BB6,TRN-407B20D722D0A488,C,initial_expert_rl,1
REC-F4BE081B4E28387F,TRN-7B2B5CC8F1756F72,B,initial_expert_rl,1
REC-F4C0680608BF70E5,TRN-DA32C0385C2FDE12,C,initial_expert_rl,1
REC-F4D93B1A3B63C736,TRN-49A6A7C85BED30BF,B,initial_expert_rl,1
REC-F50F1CCB915ED92F,TRN-DFD0F10637D4F638,C,initial_expert_rl,1
REC-F5128134D3FCAFBB,TRN-E7D8348220874151,B,initial_expert_rl,1
REC-F51D5A192E3AEA14,TRN-14BAA67EC2894327,C,initial_expert_rl,1
REC-F522C8C6E9152A88,TRN-FB609770694B89A6,C,initial_expert_rl,1
REC-F525A3419386AC0D,TRN-91737DD180EA4002,B,initial_expert_rl,1
REC-F52BD04A04E26494,TRN-B3C0998495D73FAD,B,initial_expert_rl,1
REC-F5415ECAC2DE634E,TRN-A880CC5478B77C50,C,initial_expert_rl,1
REC-F5515E69BCDEC37B,TRN-0AFB5D1D3374C07B,C,initial_expert_rl,1
REC-F55E161FC52B6776,TRN-005B2EC41F89680B,B,initial_expert_rl,1
REC-F59F1A4A8376E1C2,TRN-6138B7DA2508AF33,C,initial_expert_rl,1
REC-F5B857DC66DF5238,TRN-F2DC05D095DF8C62,C,initial_expert_rl,1
REC-F5DD184589FC10AD,TRN-1E6196F97C387D07,A,initial_expert_rl,1
REC-F5F99E3636D11F87,TRN-8ABCBB37EF0149A8,C,initial_expert_rl,1
REC-F6036BF85673836D,TRN-97B0EC29C8D52192,A,initial_expert_rl,1
REC-F60E20EB094239D8,TRN-04165F8DE05E92ED,C,initial_expert_rl,1
REC-F6216B5517686ACF,TRN-E6BFF85D92BC2490,C,initial_expert_rl,1
REC-F633EB16D174E921,TRN-26D6B89B743F6E80,C,initial_expert_rl,1
REC-F6998BCE1B23824C,TRN-39DF9875526C28AF,C,initial_expert_rl,1
REC-F69D3F956F187130,TRN-DD58D305B1B1F85B,C,initial_expert_rl,1
REC-F6A6BA93A73209DE,TRN-71BBD34E365FAA56,A,initial_expert_rl,1
REC-F6B5EAEECB51D89B,TRN-9F2F2FD128C16BE2,B,initial_expert_rl,1
REC-F6C8C690844B2937,TRN-EE23D884F258BA2C,C,initial_expert_rl,1
REC-F6DA8DB1D7102662,TRN-B367F2F3E812C3A2,C,initial_expert_rl,1
REC-F6EFA746F3DE4C1A,TRN-F97C97FA7153932B,C,initial_expert_rl,1
REC-F704A975F9A99CEC,TRN-3D599F36D245B844,A,initial_expert_rl,1
REC-F73DDE43271F4AE2,TRN-1B08EFC650D57650,C,initial_expert_rl,1
REC-F754141C91D08D51,TRN-A4AB24566E9F5931,C,initial_expert_rl,1
REC-F7969E778C2BF7FA,TRN-94B0F9B6FBD86E8F,B,initial_expert_rl,1
REC-F7998C627E66EBCD,TRN-F073FC7494475A37,C,initial_expert_rl,1
REC-F799C109D8D175C1,TRN-2EDBF23AE830ADDA,C,initial_expert_rl,1
REC-F79E5642BC5EC3DA,TRN-BD82CE8783E42105,C,initial_expert_rl,1
REC-F7A6A0FD74B0F5AC,TRN-F6D398F5C7669A35,C,initial_expert_rl,1
REC-F7EC7105B4B373E1,TRN-5E56B847F3179F66,C,initial_expert_rl,1
REC-F82CA19C6CE8D6B7,TRN-4B382785B98168DC,C,initial_expert_rl,1
REC-F8358C9BB5862F32,TRN-B4D72DCFA760809F,C,initial_expert_rl,1
REC-F84A65A2B1C99967,TRN-DCAF3D962D199638,C,initial_expert_rl,1
REC-F87D79EB299C5670,TRN-A0715748BC68A86B,C,initial_expert_rl,1
REC-F88A4AC0E20DDEFF,TRN-6E24FEF9B71F1323,A,initial_expert_rl,1
REC-F8BE7DDF4A2588C7,TRN-1C9F9326241B169A,C,initial_expert_rl,1
REC-F8BEDE26C12808D1,TRN-E6E795F36D1B07F1,B,initial_expert_rl,1
REC-F8C8ADFB7E8251C7,TRN-30C3C7913036A1A8,C,initial_expert_rl,1
REC-F8D0053ECA561734,TRN-CBC2F17702669E16,A,initial_expert_rl,1
REC-F8E05B6CE5FFCAC5,TRN-6CEF477C7FCBC4C0,A,initial_expert_rl,1
REC-F92355D146983232,TRN-773C502028D4E3D5,C,initial_expert_rl,1
REC-F967A132D1C07897,TRN-57AD4525B27FA288,A,initial_expert_rl,1
REC-F97218886605527D,TRN-387717FB2132D26B,A,initial_expert_rl,1
REC-F9845FD96859C711,TRN-9A8A4223D9F32DBF,C,initial_expert_rl,1
REC-F988F261A50518DB,TRN-F2143BA48BF9A25F,C,initial_expert_rl,1
REC-F98EEEB7AAAE4158,TRN-D85C81B61AFFBB39,B,initial_expert_rl,1
REC-F99C601A3E43295F,TRN-85382D4625AFF779,B,initial_expert_rl,1
REC-F9A644CA8198773A,TRN-15D89BE3BA663673,A,initial_expert_rl,1
REC-F9B0AA9BF0839325,TRN-C56FFB4DFCF45E79,A,initial_expert_rl,1
REC-F9BA58842FDC9B40,TRN-E7807BED1BEC596D,A,initial_expert_rl,1
REC-F9C6D4701671A218,TRN-3E42A207B8CEA640,C,initial_expert_rl,1
REC-F9CECFD180CE7DF9,TRN-94CE31CBC9E8B34F,C,initial_expert_rl,1
REC-F9D8199E088C5396,TRN-7836847B8F9F3599,C,initial_expert_rl,1
REC-F9ED060EA220EC51,TRN-9E4FB16CEFEB1699,C,initial_expert_rl,1
REC-FA042A5648E68C81,TRN-A3770ACF0890BB7F,C,initial_expert_rl,1
REC-FA04B55AD9E0BCAE,TRN-313B881695FA14F8,B,initial_expert_rl,1
REC-FA08E0D80B491451,TRN-48CECCC43C1B9E9D,B,initial_expert_rl,1
REC-FA383334F6A47F81,TRN-766B6F816880EE3D,B,initial_expert_rl,1
REC-FA412A85A0F7044E,TRN-70A45F18438D4D26,B,initial_expert_rl,1
REC-FA623BC8C3A4BDB5,TRN-461FDFEC3D08785B,C,initial_expert_rl,1
REC-FA642AD9B3DE2421,TRN-DAC96C5F827DB93D,B,initial_expert_rl,1
REC-FA64BC514D1083A9,TRN-80466A6E32088094,B,initial_expert_rl,1
REC-FA8203C52BE2D9BA,TRN-55BD463FE04F95E5,A,initial_expert_rl,1
REC-FAB7EA7C9E80482F,TRN-9D2B67E0B24B049B,C,initial_expert_rl,1
REC-FABED3167D8BE81B,TRN-9B024481D3B60FCC,C,initial_expert_rl,1
REC-FB057C926E733B36,TRN-B392C4C3D2635F42,A,initial_expert_rl,1
REC-FB0F543DE4498D9F,TRN-C75D7B26D29B2347,C,initial_expert_rl,1
REC-FB161FD788DE82B9,TRN-048F98AE5C342C33,A,initial_expert_rl,1
REC-FB1F0F51C0A18D00,TRN-E1CB1F35DAC58DF8,C,initial_expert_rl,1
REC-FB2CAEFA6F3E1E40,TRN-5C8D62151068C670,A,initial_expert_rl,1
REC-FB2F16CFBE7A7824,TRN-8C267E6EFD94A08F,B,initial_expert_rl,1
REC-FB3274D3B2D71574,TRN-4A59E49E3A806F0B,C,initial_expert_rl,1
REC-FB58C0C5EFDD51C2,TRN-586DAB962B71360B,C,initial_expert_rl,1
REC-FB595B02A4D6D3F1,TRN-E3B9D34723555DF0,B,initial_expert_rl,1
REC-FB65F923A0FC46E4,TRN-06118FA13DEB2FC4,B,initial_expert_rl,1
REC-FB6F99A6587520D5,TRN-40705F5E1C47B50C,B,initial_expert_rl,1
REC-FB89FEB31C203393,TRN-66E3A8D8FF09C4A5,C,initial_expert_rl,1
REC-FBC42329A0EDB8C0,TRN-85CB405E738AB7A7,B,initial_expert_rl,1
REC-FBE27C33B7A9D302,TRN-C48A79D86500EAE2,C,initial_expert_rl,1
REC-FBEE278ED0FCC9D4,TRN-F1A4465863E30080,C,initial_expert_rl,1
REC-FBEE808CE2AD13DA,TRN-B98157A7E011E8D9,B,initial_expert_rl,1
REC-FC0C902312EB8FB2,TRN-34E2B6DBDB7FF9E3,B,initial_expert_rl,1
REC-FC2281EFE33A4FD4,TRN-F9CFE81799DE71CB,C,initial_expert_rl,1
REC-FC22A18E79090D99,TRN-6D706B28A06301C0,C,initial_expert_rl,1
REC-FC667272EB4F30B5,TRN-A9D50A73485AFDD4,C,initial_expert_rl,1
REC-FC6E93BFDA631D89,TRN-3D6F7C4C5EDDD168,C,initial_expert_rl,1
REC-FC83998B4FAD5984,TRN-95EE8B644237EA06,A,initial_expert_rl,1
REC-FCB59DFA8A2B6407,TRN-432CAA6A10639A27,C,initial_expert_rl,1
REC-FCB642ECFB7A8FD4,TRN-D70C1FC1E0F6CE53,C,initial_expert_rl,1
REC-FD0DC3B43EB02BDA,TRN-D52EB8A61D848ED6,B,initial_expert_rl,1
REC-FD21FC59CB59AD56,TRN-58ED8AEE3772EC44,C,initial_expert_rl,1
REC-FD223062FFBF18DA,TRN-6BB0A767E79E2B9B,A,initial_expert_rl,1
REC-FD41B1E44E7AA9F6,TRN-5089D01376C08A5C,C,initial_expert_rl,1
REC-FD7B6DDA526324F9,TRN-E401D5C40515CE91,B,initial_expert_rl,1
REC-FD8C16005701CD54,TRN-4F1686861AC44437,C,initial_expert_rl,1
REC-FDA1FC44C48B721C,TRN-4E289D2B0CC21991,B,initial_expert_rl,1
REC-FDA2957B371DF52E,TRN-EFC7A0108BDBED58,B,initial_expert_rl,1
REC-FE0EED574E4F90C3,TRN-D8DC3ECF393C52A9,C,initial_expert_rl,1
REC-FE2B5DD07FD60332,TRN-8EE19607A12FC24C,A,initial_expert_rl,1
REC-FE2FCCD513E575D2,TRN-F82E5B0F94EC6EE3,C,initial_expert_rl,1
REC-FE417EE4A86B22E6,TRN-7FA5E283B16F594A,A,initial_expert_rl,1
REC-FE594E942C18454A,TRN-01B83BE4940B9409,C,initial_expert_rl,1
REC-FE7F7EE30520298E,TRN-8F99AF6C32D5CDAB,C,initial_expert_rl,1
REC-FEB116158B53BB32,TRN-E503524B98FC59BD,A,initial_expert_rl,1
REC-FECB116E626F26DF,TRN-C844FE8CB03CB789,C,initial_expert_rl,1
REC-FED7033B463676FD,TRN-126E9D1A9D5ACBBC,C,initial_expert_rl,1
REC-FED7481BF207C96D,TRN-8E935916079B4A3E,B,initial_expert_rl,1
REC-FEE4AF2A9BB8C704,TRN-536C16B8FBB9061D,C,initial_expert_rl,1
REC-FEFD2C82984DC712,TRN-9218256F691481B2,C,initial_expert_rl,1
REC-FF0622FBFFC2D4AD,TRN-CD8772F38045FA4E,B,initial_expert_rl,1
REC-FF34B4BF7E1FC129,TRN-04160BD026F9C833,C,initial_expert_rl,1
REC-FF8870653FB09605,TRN-B44DD0471C870B43,C,initial_expert_rl,1
REC-FFD19584E0650DB7,TRN-6CA99CA66B0ABC01,A,initial_expert_rl,1
