mopd_record_id,manifest_position,anon_instance_id,source_record_id,teacher_category,upsample_occurrence
MOPD-4A269E5FC0817E97,1,TRN-014BE08A6B9A0709,REC-C43B63A2A718FAB5,C,1
MOPD-9A93576A6B4959BC,2,TRN-24726D7B2F26F253,REC-2B207283ECA273A4,A,1
MOPD-AABDE09D4BDBAE89,3,TRN-969D61CCA83856EB,REC-5BBBBAF81CCB183C,A,1
MOPD-6E581FBB0583D45C,4,TRN-5C8D62151068C670,REC-FB2CAEFA6F3E1E40,A,1
MOPD-E970245069A557DA,5,TRN-8D46B580026E2502,REC-DC131071A06F15CE,C,1
MOPD-F6616294ABC0E3CF,6,TRN-D095A6067FA63420,REC-44EC43297C30CA0C,B,1
MOPD-5C88BB19D95762AE,7,TRN-0F46C559D7CC748B,REC-5BB2DC49E4ECE95E,A,1
MOPD-C286D87AA40FD22F,8,TRN-1D7ABD5AFC8BC8A3,REC-032DFF0B23B10D7A,A,1
MOPD-F329B38739782D1A,9,TRN-4EA09BE5486792D8,REC-A69916F30148FC6E,C,1
MOPD-F5F806CBB69AE623,10,TRN-EEA55BC5790C36F2,REC-028C2E853337532C,A,1
MOPD-57412088A4D14667,11,TRN-1B07826C05B27A13,REC-98000E2F27BD2D19,C,1
MOPD-522373C583DC9F9E,12,TRN-E123055F8F26D4A7,REC-34E1C543F9B9B19C,A,1
MOPD-21B1B95DBCF7073C,13,TRN-9B4DA2EAC367A3AC,REC-494A53AA12F4F020,A,1
MOPD-27EE5853A842F03C,14,TRN-4AC88586D82CEDEB,REC-AAA094765F26701A,B,1
MOPD-48952651B3CD5911,15,TRN-45F4BC9AB388EE27,REC-10F17AA8354B2718,A,1
MOPD-1103DA2EC8057611,16,TRN-43F8AFB4C8FBB0DC,REC-53E994225865E4B9,B,1
MOPD-5CDFEC80F9EECFDD,17,TRN-E070FB480A433CC5,REC-7ADE99F5501213AB,C,1
MOPD-360FCF30DA850ACB,18,TRN-C5E2588E8620F9AD,REC-C700DD8619669A9E,C,1
MOPD-157FA056EF3039A8,19,TRN-4AC88586D82CEDEB,REC-AAA094765F26701A,B,2
MOPD-A1F1BAB823D069F9,20,TRN-2A03E1CD11615F2D,REC-06449D77496FB1FF,B,1
MOPD-6320B5899FB29E9A,21,TRN-962628B09B7814F4,REC-A28E10BEE253AD65,C,1
MOPD-FAFE046E0D3BFDEB,22,TRN-E49FB8CB2D0B6FAA,REC-5C65F4C441191964,B,1
MOPD-A1F2D7E65403B49A,23,TRN-95F40F68A9882F10,REC-385AFE4C09666327,B,1
MOPD-2E99F0E2ECDE6D64,24,TRN-99903EA1117EA542,REC-0EE5D1459E5E0C96,B,1
MOPD-79FEAD642941A028,25,TRN-A3D2ED221F26816B,REC-09AD8EAB00E608B6,C,1
MOPD-221D980507B14493,26,TRN-6E17E4A24F2FA62D,REC-3A1C5DD43A910D9C,C,1
MOPD-33687392BC149D3C,27,TRN-50C4EE3DFACFDBCD,REC-050870C2099F1DA6,C,1
MOPD-B70494F01735F182,28,TRN-18E0E1A0137BAEC5,REC-0ABBF29E5624B95F,C,1
MOPD-E7876A54DBE1F397,29,TRN-C92B63258DF41880,REC-99F392E1E61C01C0,B,1
MOPD-699FA440F7D061AF,30,TRN-EFB731837AE10FDE,REC-1D00E650DCA7046F,A,1
MOPD-34B3FD464F69BC0A,31,TRN-E49C4CCA565C44B6,REC-5D430078D9A1C6D6,B,1
MOPD-40CBA77B944D2B08,32,TRN-F8146E23CE0C0DBE,REC-BC5409CB78E65BAE,B,1
MOPD-5524E565C471C82E,33,TRN-E3E62973CC004D4F,REC-238BE62A100A2A1E,B,1
MOPD-0CCAE3380E798A13,34,TRN-D878DF547A4C169F,REC-545D5FC9F73FE1AF,C,1
MOPD-24FBF8D70D9C17AB,35,TRN-1856A79B23878148,REC-E2CF513F35CAF035,C,1
MOPD-5F6945F3EB7F1CB9,36,TRN-00E4E876B2CC48A9,REC-5B5BBAC0A1B6BC40,A,1
MOPD-372E369460B5CB74,37,TRN-7928F8F0345E5632,REC-9F57811B263DDA76,C,1
MOPD-915086919FE2DB78,38,TRN-0F0CC2CE7CB3F821,REC-CFF5758CB6E463BD,A,1
MOPD-1045103F8107C011,39,TRN-7010340C179CAF7D,REC-20695065A470FF61,A,1
MOPD-8A1C581ACB4087E6,40,TRN-1F5BEE6E122E748F,REC-CCA2C59331CD76C4,C,1
MOPD-BE7D52FA02F35B12,41,TRN-FFEDF482C8445057,REC-A8E8FD0D2CE0B3E5,A,1
MOPD-3501CDEE38D96EE4,42,TRN-59BBA8FF646636BD,REC-397FE80D38288551,A,1
MOPD-C2AEF9F6F6E06849,43,TRN-B848BD299EE213A1,REC-6E86BC4D725024C6,A,1
MOPD-1341F9CDC59B002D,44,TRN-76FD977C9F2A8781,REC-326287F21BCF1395,B,1
MOPD-7E7C97D2895F7980,45,TRN-DB233E34ACBDCBE5,REC-4F21B1202A7AC37F,B,1
MOPD-7A91115A06013DD7,46,TRN-2D93706ABFB1ECFC,REC-05930E0F451DD85D,C,1
MOPD-EFDB20AD6AC55C16,47,TRN-05094B0D1C1F79E7,REC-191F8DFBB19F7C45,B,1
MOPD-D332D85FA3487081,48,TRN-44DE5FF7A88DD5C4,REC-DFEC979E85B5AD6E,C,1
MOPD-15F361368E5ED21E,49,TRN-95F40F68A9882F10,REC-385AFE4C09666327,B,2
MOPD-431098D30CAF5099,50,TRN-6792491473B606ED,REC-9D8CC61D2F6C9438,A,1
MOPD-750A5DE86E793BA7,51,TRN-32276E506E56E286,REC-D24D59061CD64691,B,1
MOPD-7D63FD648FC0F94E,52,TRN-D88CBD8226AFCECF,REC-91F096110F4D66A2,B,1
MOPD-2459610C4D36EC0A,53,TRN-6E05ED7BEDA30E09,REC-7E08B3F8A1721DA4,C,1
MOPD-B72B392682602209,54,TRN-E109061DD1715EA0,REC-7F8A7197A7F98E22,B,1
MOPD-CA9DD649AC58CDD5,55,TRN-306D51611F97D8F6,REC-8FABD2946B456A0B,A,1
MOPD-2B2B60A8E7FE3D91,56,TRN-4F7432CE63732524,REC-E441F69FA54AE066,C,1
MOPD-FA1477B0AFF054A9,57,TRN-111626B6F62AFDD9,REC-75221FB8EBB00D2D,B,1
MOPD-9068E169B0F97F23,58,TRN-2274AB20147A2D91,REC-A049530A6A9CC4B6,C,1
MOPD-A428FF3E109DEC66,59,TRN-50BFDED018A48E6B,REC-A31F5D4F5140F393,C,1
MOPD-160980F8AD0A277B,60,TRN-F7F8F2E25E1D5D14,REC-CF5A6E85F1D5D271,A,1
MOPD-DE11AA2D53189A0B,61,TRN-3C9915FD4873F58E,REC-C80E40F4CDF45D4E,C,1
MOPD-1FEC09C8D0BACA0E,62,TRN-A6408B75CFDB7D7A,REC-CD064938FD260EC3,C,1
MOPD-6F1AD4C698911B37,63,TRN-9F3A6938C3B71246,REC-922F000010297110,C,1
MOPD-0E4B3FC9C2A10B66,64,TRN-AC3E019D18C2035F,REC-BB895C6920CFCA15,B,1
MOPD-2A5D2E6E8DEA5FB8,65,TRN-04F514C1AA2EE7BE,REC-A48D0B6E51441BE1,B,1
MOPD-B28A4FA3974E9F8E,66,TRN-D183E4F29CD30B8E,REC-6B2A7D45E45E4B38,A,1
MOPD-5F966F55B3AC5233,67,TRN-B268472C2FBECCC7,REC-F306522655DB1C4D,C,1
MOPD-24DDA67AC2F709D1,68,TRN-09EB8161DE0475EC,REC-3174F959A809A5E3,B,1
MOPD-B2C01C27F50E749D,69,TRN-8134AE8F5F0357E3,REC-A0725D593FC78F94,B,1
MOPD-58E177FA31031E98,70,TRN-51063D8B35947FC5,REC-47B034F30DF35D32,A,1
MOPD-A0473E5CD12FB9A0,71,TRN-B5BF062E7280CC39,REC-5F0C3A580573B71C,C,1
MOPD-B667799485437012,72,TRN-AC54D518587B005D,REC-5CB95F44DD866007,C,1
MOPD-CB768A85B41CD064,73,TRN-5B1F8AA40990EE16,REC-229859B24877C032,A,1
MOPD-F0445DCFEAB4D444,74,TRN-A43B5A54BED55559,REC-7DEE9ABF29F2012D,A,1
MOPD-B9A1AFA6F68501FB,75,TRN-663A3ADA75CB898E,REC-119C25929B771294,B,1
MOPD-A0AAE2476DD1C504,76,TRN-1B08EFC650D57650,REC-F73DDE43271F4AE2,C,1
MOPD-F7A59673493D9F70,77,TRN-335C8CF59E16871A,REC-D695E980679EFC9C,A,1
MOPD-1F9C8A3993BFB765,78,TRN-2D4D27B7D2774217,REC-C0E368D512FD83FE,B,1
MOPD-5D748F4C7434547E,79,TRN-9F2F2FD128C16BE2,REC-F6B5EAEECB51D89B,B,1
MOPD-52F16B621990E276,80,TRN-FA9891AEF78AFFC6,REC-CFC2C64B406ED30C,A,1
MOPD-BC4135C25C63B775,81,TRN-FC77B590F3306CC6,REC-99CE45B30BE2741F,C,1
MOPD-1F580155FC9FF234,82,TRN-2A3006EE75435E66,REC-329B1E026F45FB3E,B,1
MOPD-A9D53DD35FA49373,83,TRN-9E171DADD496BFE9,REC-9217662080F9A276,C,1
MOPD-A27A9F547552B741,84,TRN-16DEBD756FF9CF71,REC-86D1599462B187DA,A,1
MOPD-43D8DC6FE663E684,85,TRN-3EDB74A7AA3B9BF2,REC-86D1CB7E4421BB8B,C,1
MOPD-8A64D31EE19E9D1B,86,TRN-05D2B2123B4F00F0,REC-C92346C83F04B822,C,1
MOPD-4AFAA03FD337CC7D,87,TRN-8301F6AF0A041F7B,REC-C7447DB705EBF39D,C,1
MOPD-DAE036E6575F29EB,88,TRN-0BD28B7B581DE959,REC-E4AAE70024920F11,C,1
MOPD-65B96AA54C8A04F2,89,TRN-F388075B62710901,REC-9D4E0DF45D17C899,A,1
MOPD-CF28081DAC44D376,90,TRN-A108948C1BA60A18,REC-83281791E193CAC5,C,1
MOPD-DBC54528BEC11F3B,91,TRN-3EFBC2321692E1AC,REC-241F1CEE62886125,C,1
MOPD-E6855A4AC1D790A3,92,TRN-E491890534486ED4,REC-C87B50A897131BBC,B,1
MOPD-170E8A09D5E29FEE,93,TRN-3DF4DABEF63BF33C,REC-1D581C50ABF2618D,A,1
MOPD-F789573DA966C927,94,TRN-65DD4414E72A0C69,REC-E30CA8A16027836B,A,1
MOPD-7B3520D3900CD49A,95,TRN-A04EEAF13DCB3A03,REC-5B0714C21C619D2B,B,1
MOPD-A8529FB233429A82,96,TRN-2E3DD4D945D3ABD4,REC-3A0F776E08D722C9,C,1
MOPD-E66DF1D6B95655A5,97,TRN-61E8810E9160A7C7,REC-5E589E4121BC9B51,A,1
MOPD-3971CA2FD00B8509,98,TRN-CDA531E2E77044CB,REC-7181AB2AF45704FA,A,1
MOPD-17B80E6F824197F5,99,TRN-74B36ECA02DCD888,REC-CCFB722E303B5916,B,1
MOPD-57E28A898F4BCC6E,100,TRN-7C9682D87D25FC2A,REC-4CC0ACC9D35A5FB4,B,1
MOPD-DCBF2E7950E82AD1,101,TRN-A8AF190B8987CC4D,REC-08EC0F238BB645CC,A,1
MOPD-862EF82D58A65C4D,102,TRN-14AB9BCABD516FC9,REC-92E5406600FBB844,B,1
MOPD-8138D70CEE09EE63,103,TRN-0156DF4FFEA84FC5,REC-A6F9E578ECC8D86C,C,1
MOPD-93A469D39A7CE57F,104,TRN-8CEAF8FA81D44417,REC-041175D570BB26E5,A,1
MOPD-79C5A9264440DF52,105,TRN-F86940FE58677FD6,REC-C11920F3DBBF603F,A,1
MOPD-11372A296B3BB0F6,106,TRN-5C8D62151068C670,REC-FB2CAEFA6F3E1E40,A,2
MOPD-1B97D4B2176AD9B3,107,TRN-EC237C1E4A4BD55C,REC-EDDC47576845AC92,C,1
MOPD-4D43A67F5AD5182D,108,TRN-813A2608070E0BB3,REC-8B6268EE0748AA78,A,1
MOPD-24B6019C287DA78C,109,TRN-CECFEF13438CB2A3,REC-BD36266B856DC98D,B,1
MOPD-6415266590C72F9A,110,TRN-3312042D873F846B,REC-70CFE76C0069B40E,A,1
MOPD-4056B3DA6EC39FE2,111,TRN-261BF8BE1CF05169,REC-46404F479CB1FAE4,A,1
MOPD-2E5ED320A4A936C7,112,TRN-C03C8607D9885DAF,REC-E7FA2177FB63B84B,A,1
MOPD-2DBAE90471D48115,113,TRN-EAB9351CB03992A3,REC-81D8CC488031A129,C,1
MOPD-D9C261455374D576,114,TRN-A1DF22DCF90E6486,REC-2E641F00576C3758,B,1
MOPD-C8DB20A107835EEB,115,TRN-AE459BCE242E8090,REC-A3F00FDC7D45E224,C,1
MOPD-893510096E4A3CA8,116,TRN-106E2DD044E0F28A,REC-ED0C743F9B72EA22,B,1
MOPD-1A5579458C84395C,117,TRN-20925F4FAEA079B1,REC-9491360DA179E37E,B,1
MOPD-37C3B3BBFC58757E,118,TRN-2DB3E560A59A9C60,REC-778946198A0C49F3,B,1
MOPD-09E25227DB78C99F,119,TRN-E6FD856D1EFDD736,REC-A21032AAF2A6995C,B,1
MOPD-AB9C2FA8E3278A08,120,TRN-71BD74FD53A0D996,REC-CAE94BBEECCA433A,C,1
MOPD-6BEFB28F3EF3B47A,121,TRN-A8EAA614240C8B7B,REC-E3B4A00A286A4C3B,C,1
MOPD-0C74B21164C3E3C7,122,TRN-2F35EC4D9A97330B,REC-E1A697ED2D6BC005,A,1
MOPD-95F9195ACFD6A537,123,TRN-54B353554B52C2F1,REC-B7C991DC96232CE4,B,1
MOPD-3E41E71A30B29549,124,TRN-C327F42E42A4E567,REC-B9A4DE52E72B1677,B,1
MOPD-377A706F1ADB8AEB,125,TRN-82CC73D56818DCA8,REC-810F2B5A5784FFF7,B,1
MOPD-B1FD32A698FEFA63,126,TRN-80A216570B950104,REC-A33225F80BB952DB,C,1
MOPD-EC00DAFC65A2332D,127,TRN-3312042D873F846B,REC-70CFE76C0069B40E,A,2
MOPD-00781F09606C5379,128,TRN-4F9CB600F74F7312,REC-607A824205AFF0B6,B,1
MOPD-4D9BB6797D64F106,129,TRN-265731114D0E6BDF,REC-3AADBE48FF4B731E,C,1
MOPD-D7C87C2A86FF516F,130,TRN-AD72FA45AA462504,REC-D5EAE07570651807,B,1
MOPD-CD1A90B5EFB1667C,131,TRN-5A67E19A88C2B58A,REC-BC5C34D15A86EB41,A,1
MOPD-16001B2C6AA164F0,132,TRN-6380F41E2AB8582C,REC-F43B6A2A695AFFBA,C,1
MOPD-1AD24D4241647002,133,TRN-45C5810AE3D2FF9E,REC-C95C353AA9888B3A,C,1
MOPD-1F4AECD735AC03EA,134,TRN-F84DF0F83A1CF79C,REC-ED2FF6396976DFC1,C,1
MOPD-A16CC79CD537364B,135,TRN-5010047612266453,REC-D01ECA2CBC1B1230,C,1
MOPD-D98A36C59EF8EF94,136,TRN-332070BE625944E7,REC-4BC316E2E7621B6F,A,1
MOPD-742CE312BDBC5052,137,TRN-840533AF1CEB16E4,REC-39CC587C444B397F,C,1
MOPD-1B37CC161EFA1476,138,TRN-F531AAA6776EC3BA,REC-F2BFF438C1FCF3E7,B,1
MOPD-0DDE68302320B6C0,139,TRN-D21B155D84968614,REC-A4BF491F75A95B70,B,1
MOPD-316CDAD4B8AB9FF5,140,TRN-6F565BA599B135B7,REC-E5E8D6C1552D5129,A,1
MOPD-A7F46B8194E9CB02,141,TRN-63E92EEA5E2F12AF,REC-CE32A408E2D16C7F,B,1
MOPD-A01BCA901B035DD7,142,TRN-F4A942D7F8BC5EDA,REC-8ACE56E703AA3429,A,1
MOPD-AD6162E044AA7716,143,TRN-E5A0A44AE9221CDB,REC-8B9591E9C78D89B3,B,1
MOPD-5395F95C2DF4F7C6,144,TRN-D479F9DBD4262A14,REC-C3F442FFFC5B816F,A,1
MOPD-B42B712EDBCBA3E3,145,TRN-0D59940EC8DC3EDD,REC-C1B8BB37F4DFFC14,C,1
MOPD-E5BE60EB9AC824D1,146,TRN-162328DF6313DD8D,REC-A6B466B42454EDB9,B,1
MOPD-652E3C23F0396F29,147,TRN-5470D7149F53A430,REC-5AF76F3BDB330B3F,C,1
MOPD-4270635ACC78506C,148,TRN-6F2C65855A13FBF2,REC-73F25D1B25989388,B,1
MOPD-3453ABB881CC8848,149,TRN-D183E4F29CD30B8E,REC-6B2A7D45E45E4B38,A,2
MOPD-AB6147CDE3D15464,150,TRN-2C55847CD521080D,REC-9247073E2FE9F3CF,C,1
MOPD-1FDAA286BD895A33,151,TRN-35EEB80E4314EDD2,REC-2A5580B2FFFC0F66,B,1
MOPD-275D340A054ED369,152,TRN-A9BFEDDAE868285E,REC-1E74D952EB60A247,B,1
MOPD-914C0C291455E8C0,153,TRN-4652FF5D616F28E2,REC-13D52BEBA5E7EACE,C,1
MOPD-BA6ABFBEEA5965EF,154,TRN-44725D5E3D1CEC41,REC-5900A3BB34481581,A,1
MOPD-EA7FBA0C17F60FB4,155,TRN-FFA8D747DD6AC03A,REC-007A7A57005BD494,C,1
MOPD-4E493E4516E378AF,156,TRN-1AB09B6EB29F5DEF,REC-B93CB64C7E2F63C0,B,1
MOPD-801A9B8B61EB9F51,157,TRN-D57BF801AD2472C4,REC-54DD5F95193E93AE,B,1
MOPD-25B5E8A89255330F,158,TRN-D5C54EE87025F4CD,REC-65F82952AD1ACC48,A,1
MOPD-BCE3B03B26D13854,159,TRN-BC87FA2AC9F40382,REC-F44B1388E327D3FD,B,1
MOPD-7CC4C82A4F298508,160,TRN-4CBF62C2794CEA00,REC-669C4965F8692803,B,1
MOPD-ACCFD2F34B2BB4B2,161,TRN-4B4D1D8A55CE530B,REC-543F24B90E78C795,C,1
MOPD-918DECEB69DDD775,162,TRN-42AA7ED5D59DBBD0,REC-6983113749518AA8,B,1
MOPD-ECDF259B1CA75552,163,TRN-9069AB445069E3A2,REC-DB8DF5246BB15FFD,B,1
MOPD-3D3FCB65AFFF14B2,164,TRN-4EA901732289302F,REC-87F9C7912F2BC885,B,1
MOPD-185A574467CE2380,165,TRN-E6FAFBD7EFF7D1F7,REC-5E25DC01BD282A5B,B,1
MOPD-90DB981C23755F30,166,TRN-64FFC7A2F0C8DD82,REC-4DF4137301BFAA4A,B,1
MOPD-9F7C0BE2F3294BCE,167,TRN-7072933C745A224B,REC-0871F12765FFA490,B,1
MOPD-18D0323D94742C2D,168,TRN-E6BDBD4A03C75C4A,REC-B703D2FA08B72610,C,1
MOPD-DE89128B59924E44,169,TRN-5B9A9A328E8CBDA8,REC-D537B72E1D0B2AAC,A,1
MOPD-E67295CB9A1473E8,170,TRN-51E466A388C70C9E,REC-71288EA1DB360B15,C,1
MOPD-B92682AA4DE42513,171,TRN-E23DAC64A1042EFB,REC-46CDB6FD34240BE8,A,1
MOPD-4BD6884F80BCEDB0,172,TRN-6D97E7D8C0EF95E4,REC-1D1ECDA75B066921,C,1
MOPD-7ED252AEDDD95784,173,TRN-14DBF901E04D575A,REC-E4EF3D442273514B,A,1
MOPD-2B3F753E475AF3AB,174,TRN-8EF81716A855E336,REC-BDEB538F3892D5FF,C,1
MOPD-08B1A122B5DE4AC2,175,TRN-7FEBA6762C340A14,REC-8BDCB3256F53A667,A,1
MOPD-50A03B9C77C50A75,176,TRN-1FF37F8A2E8CDB6F,REC-838168C195AF6FE4,C,1
MOPD-32D79556E77778AE,177,TRN-14A6B1B9F6FCF38A,REC-6B7B0CA96EE5F466,C,1
MOPD-84F8CF6B1565F442,178,TRN-61869D3EE15AF625,REC-974834FA26F4F9F8,A,1
MOPD-B89076416F30EC78,179,TRN-04C0C6980086600D,REC-CC3C2B8BFC9F27B1,C,1
MOPD-CC2870AAF320F5C8,180,TRN-A74E274B038DC962,REC-CA26E7F83C3093D8,A,1
MOPD-D751F96FB9A575CE,181,TRN-421959DCAD6A1E69,REC-BBA33220875670EF,C,1
MOPD-E5CD11031931083C,182,TRN-C28CBDE53FFDCDD6,REC-1832EE5477EC061E,C,1
MOPD-BD6B848214134D9B,183,TRN-A8AF190B8987CC4D,REC-08EC0F238BB645CC,A,2
MOPD-7D0B3759B201632C,184,TRN-659E710199041329,REC-67511B680932E0FB,B,1
MOPD-32605D64513D463E,185,TRN-C549D7DD40C2CE75,REC-07D63013660D3AA4,C,1
MOPD-6626EC32EAD6C5B4,186,TRN-5918D4F74C8DA9FF,REC-C984C2C356C8B7AF,C,1
MOPD-49D1C6EA9CD64935,187,TRN-EB8936594703C2EB,REC-5BA872C5828870EE,C,1
MOPD-861B310764E34685,188,TRN-8D039F56C9D5B57C,REC-7B402B335362B523,A,1
MOPD-0FE0417505724B00,189,TRN-5DDA66FFE9C54A88,REC-F45B8394D9F72AB4,C,1
MOPD-D46CC5F3A650FA33,190,TRN-934EB5BAB44B079D,REC-5839B2F9EAE20338,B,1
MOPD-02496B8CFCF7CC3A,191,TRN-48CECCC43C1B9E9D,REC-FA08E0D80B491451,B,1
MOPD-7B3B8AE4B9151283,192,TRN-3F0E1D72DF2E873B,REC-9AC83BB3D7A26E6A,A,1
MOPD-26491703630D4005,193,TRN-BB3F69D34123AF41,REC-A7762430774D6E95,B,1
MOPD-9AF9FAD7AA04BA20,194,TRN-E419EE3C8FF5F200,REC-63D0301C6612A144,B,1
MOPD-836BADA87F076963,195,TRN-BC77B736006DF7A4,REC-9EA32496A1143FD7,B,1
MOPD-51AA486A289790D6,196,TRN-3A1B54CB4307FC83,REC-6405F2E0D5354106,C,1
MOPD-DEEA94BB3E630ABC,197,TRN-2F14F31693F52D97,REC-19A33077BFF6FEAC,A,1
MOPD-738D8A64AE81A2BD,198,TRN-A08AFE63D5FD6E73,REC-0EA33A3CD79ABE96,C,1
MOPD-4EF1FC38661684E5,199,TRN-AB2197329319D491,REC-46094AA115DCF95B,C,1
MOPD-26C44877487CB79A,200,TRN-526E4197D3959B07,REC-B67B4DB1A1F6F74D,A,1
MOPD-66DA933E44DE20D1,201,TRN-9623FDEECC0439BE,REC-806971BF201B8E65,B,1
MOPD-3E47C4892921EF79,202,TRN-F81F6186A0888CA4,REC-4F736ADFCCB546A4,C,1
MOPD-F3EEE37BF1F6C942,203,TRN-6B079739E11258E2,REC-7578E5F394E4562A,B,1
MOPD-8754B336DE25CAB9,204,TRN-76602DEF6A31BE04,REC-7D459C9641BD5852,C,1
MOPD-2FA83F3B5EED43BC,205,TRN-0CED7243A1D46BDB,REC-4D834CBEC0D407CA,B,1
MOPD-A04BB8FF00565566,206,TRN-047904192E013882,REC-5255301090FF6DFF,A,1
MOPD-0F159FF36C00E940,207,TRN-DD5FA49651CD1218,REC-7BA1EA77E9BD155A,A,1
MOPD-8623B2770442F4EE,208,TRN-0EDA5E9E810A70A4,REC-1ABA8AC9FAEE5418,B,1
MOPD-F1CC44D2A89C453A,209,TRN-C539CA88E73AB1EC,REC-95D321AFCBF695AF,B,1
MOPD-58E7A57E516AACD6,210,TRN-A21F4669D97E6590,REC-6C787CBCFABC2D61,C,1
MOPD-48CEFF6162A6B283,211,TRN-0AF15DDA819E4703,REC-F2B7C9918A588C5D,C,1
MOPD-8D513515455596B1,212,TRN-C05DBE3E893AB018,REC-9E738F818F446090,A,1
MOPD-9E1C0D28854A9D9E,213,TRN-C8A78DF08DF3AA2D,REC-44D90EB79C287AE1,A,1
MOPD-3971497E6452FD2D,214,TRN-F3FAE49C8D46F1B4,REC-1390C53610AFB94B,B,1
MOPD-370ED11280AA6427,215,TRN-AB27A8B6DCA9D129,REC-9B355CC715C66F9A,B,1
MOPD-64A6796A9996A80C,216,TRN-69707E3DE33CC455,REC-92A6985E9E2736F4,A,1
MOPD-2F0C3E7FB26B3061,217,TRN-F22B6A9F4CC37DDE,REC-C174A8FD01A2104B,C,1
MOPD-74CA26A9D41F9952,218,TRN-58E619BA80924E58,REC-8F663969443FF017,C,1
MOPD-73A55C7D9B585877,219,TRN-BBBEED5AEC0179E9,REC-DEA32C8FFCCE4B11,B,1
MOPD-A3E5468A0269C3D9,220,TRN-F6DEFB0973D36C40,REC-B76D61667D149DF9,A,1
MOPD-E9C71485898CB26D,221,TRN-47362936D9C0D766,REC-6477CD533D1205D2,B,1
MOPD-AEDD4546BDF048B1,222,TRN-1875C07E211E32AF,REC-BBE75BD187964284,B,1
MOPD-D187E1AF0C70E2FB,223,TRN-6BA772185CBB7D68,REC-D317AD457B7C55E4,A,1
MOPD-26026B061E359E33,224,TRN-A429AE461BF0F2D0,REC-C94C345D635761A6,B,1
MOPD-E09B4A4DE1EDFFC2,225,TRN-ABCF843E60B06ABF,REC-EA7BD62B4B22376B,B,1
MOPD-638BEF617D5D85E2,226,TRN-495D2E988A7EAAC9,REC-4FCC705A9386D252,C,1
MOPD-7FE5B86440F264BC,227,TRN-47D746A47D6EDDB9,REC-9FA4685E1DFE9659,A,1
MOPD-8E0BE9BA4694B998,228,TRN-158004DE7E1CA3AC,REC-88B1F4A9189924CA,A,1
MOPD-3183B68309BD6244,229,TRN-5A2FB31D5D51EAC4,REC-73A2543CC0B0FC4E,B,1
MOPD-35652691A34C53F4,230,TRN-D755867E19CF2C5E,REC-DACD46785DF82CDB,B,1
MOPD-6174BB02D0D5D0FF,231,TRN-99D6708683DC46AF,REC-631D63CFDA50DAFB,C,1
MOPD-9F652F268CC2A2FB,232,TRN-EF27FB7CE65C7B56,REC-C96805D17C577DB9,B,1
MOPD-7FC352AB4AE6471E,233,TRN-0D1F2F8EE67A36EE,REC-D5C39DC5696A5D1B,C,1
MOPD-945965FAF7E0702C,234,TRN-2381D51A914ED3FC,REC-ADD3166DD519BD00,A,1
MOPD-E3B99D046E028640,235,TRN-462E0871654D8E79,REC-5331362AF7A128A3,A,1
MOPD-7373123C37B40EFA,236,TRN-BC98A68D40312279,REC-E3E5C3B18A1D12C0,B,1
MOPD-49A42342A3889FED,237,TRN-AAD319A0AB8F8395,REC-078F919A3B68D5E6,B,1
MOPD-8CF249A6F6DCB00E,238,TRN-43F8AFB4C8FBB0DC,REC-53E994225865E4B9,B,2
MOPD-3AA9C3BCFF4EB72B,239,TRN-3E5C6EB2CC825D66,REC-33855D53E3980B65,A,1
MOPD-E235A78A888A2568,240,TRN-FEA65789A6E1349D,REC-84BE84074CD0B524,B,1
MOPD-F26A231FB4DECC68,241,TRN-AD07872ED17B9F97,REC-2ADDF9C282A21AF5,A,1
MOPD-BF52DD94C9AFA593,242,TRN-B3C0998495D73FAD,REC-F52BD04A04E26494,B,1
MOPD-EA6CFA75E6DDCED4,243,TRN-E7B9820C038939B6,REC-9DD117F228E8E1C8,B,1
MOPD-5F5A229FE428D0EE,244,TRN-4E1B4F175A08F6C0,REC-EB1F680E7889339F,C,1
MOPD-2A1B4903B13324BE,245,TRN-CCBC2C4165986071,REC-17DF31868C0169D2,B,1
MOPD-C9F055FDE5EF0992,246,TRN-55B465BACEDF1729,REC-97A052432B140AAA,C,1
MOPD-8FDE945E8E3C1273,247,TRN-F997660794CEF6C4,REC-B1B5307DCB23C6B6,C,1
MOPD-B023A1B89FEBACA0,248,TRN-7C8D032914508559,REC-396D3F48923EBC72,B,1
MOPD-789F8C6097E68820,249,TRN-656057EDA359DD0A,REC-A4119B5B70232297,C,1
MOPD-644392A4B030865C,250,TRN-575A4D1635801A48,REC-9A0D023BE6BC54AC,C,1
MOPD-9EC5BDABF7B977F0,251,TRN-67414FA2399DD582,REC-182DC3C70E9DEA3D,B,1
MOPD-216644BECB28CDFC,252,TRN-B711F9AA4356A22D,REC-748A83E15EDA9738,C,1
MOPD-0D9600997E0C9318,253,TRN-39DF5CB03E9E5B00,REC-7ED75C6CE4A40830,C,1
MOPD-012B607D2E4773DC,254,TRN-3E90001672DBA6ED,REC-2B1FA369DDB3132A,C,1
MOPD-15CEDB41DC52EE5E,255,TRN-FDFF918A255F03A1,REC-566E0F58FA7ED661,A,1
MOPD-4FABB9B2743280D7,256,TRN-E6BFF85D92BC2490,REC-F6216B5517686ACF,C,1
MOPD-98002C50F5F74197,257,TRN-B4E6CB3C0041D41C,REC-E51B1B03C849BE8C,B,1
MOPD-C1EEDAFA8DDA1746,258,TRN-B1410D739D6B6C81,REC-AC3727A403CB8B89,C,1
MOPD-C2AA1A71B1ADE713,259,TRN-0C56F488A781077C,REC-2D487F61498ED251,C,1
MOPD-EA6CB391FB625A1E,260,TRN-3B3E2E9832F75B1E,REC-B5F60662AED2C610,C,1
MOPD-BC7544CE39F07F03,261,TRN-8C336A8F29BE7D86,REC-319CCAEF9D99237F,A,1
MOPD-227BA7575DC2D878,262,TRN-AC383DAC4FC36056,REC-8C11F1408A84F27E,A,1
MOPD-77FA3E98892BB80F,263,TRN-AC383DAC4FC36056,REC-8C11F1408A84F27E,A,2
MOPD-FD90DBD5DA34F3EE,264,TRN-7FB1E97BAFCAB0DC,REC-735B92F63566EE4C,C,1
MOPD-C2C523D4A61ECFF3,265,TRN-BE32EBA8FBE1D10F,REC-E07109A5CAD92017,A,1
MOPD-FDCB0F114875DA8E,266,TRN-60C2A60652D010F5,REC-C9441308567B66E5,C,1
MOPD-5DFADEF0DD2D0846,267,TRN-2449ABA6FEE0AD30,REC-AA26B1EBE4EBBCEA,B,1
MOPD-A640A7EE85BA8989,268,TRN-AB122A6EC356BECD,REC-B2EF43A18474D77D,A,1
MOPD-892F6F1F8214EA9A,269,TRN-74915C8432A814A0,REC-BE287C3CC4901361,B,1
MOPD-8596938CABA89AE5,270,TRN-960437A0AC91004A,REC-C2F007DB3DE953EA,B,1
MOPD-8E51767E4AEF3394,271,TRN-3353EFE69F2C370D,REC-78597948BBA82E7A,A,1
MOPD-9837645F9970DFEB,272,TRN-313B881695FA14F8,REC-FA04B55AD9E0BCAE,B,1
MOPD-3F0D43E30602281F,273,TRN-8DF0CBD5C44DF06B,REC-16E81CC9064AE181,A,1
MOPD-5CE6C7D0CFDD0D12,274,TRN-34A9BFECAC96D253,REC-0AD26F8BA9BCF132,B,1
MOPD-10F4205295EC5160,275,TRN-848988B9480EE293,REC-85CF76E835488BBF,A,1
MOPD-82DE4A5E3DD80AEB,276,TRN-F98FFA237ACF0DB4,REC-B20B1582E2F47587,B,1
MOPD-A893770F1FE8A856,277,TRN-A9A57D8B302A849C,REC-2F8CDAF838A8EA5D,C,1
MOPD-CBD15FDAE20B9D59,278,TRN-23A3276AE34357E7,REC-E082ABEDFB12E756,C,1
MOPD-E645ACB88FA3E732,279,TRN-CDB0E6B28D7A24F7,REC-C1EBE3AC42AF1ECF,A,1
MOPD-5A6E737342E3850A,280,TRN-596A2E87A8DEA819,REC-6C580D288ABAD59C,A,1
MOPD-D3307E03F48E89B5,281,TRN-5B49A5E856A003FA,REC-23FC6116677C9A05,B,1
MOPD-3F6139DF3F3801ED,282,TRN-5B1F8AA40990EE16,REC-229859B24877C032,A,2
MOPD-0531C318319BCEB3,283,TRN-09A63CAE8DE48EB1,REC-7E305BA1722A0456,B,1
MOPD-64B9A4279CB63C28,284,TRN-AD84B925F8A722A0,REC-493BBAF0F0F153C0,B,1
MOPD-B9FEDC8040C97DF0,285,TRN-5BF2D81BAF3D9BFD,REC-E59E590512A12289,C,1
MOPD-B3EBDBF6B471B115,286,TRN-A880CC5478B77C50,REC-F5415ECAC2DE634E,C,1
MOPD-608997854B07240B,287,TRN-B0957F51B8BC62F0,REC-A96CED70A5055C47,A,1
MOPD-8E53AA6D4D8C5A21,288,TRN-7A08C0D84B8A6DBB,REC-AA4A09531937E015,C,1
MOPD-D305C96C055352BC,289,TRN-92CFFF442435FD04,REC-05BE943F7B081323,A,1
MOPD-5F760D20A7B13B1F,290,TRN-6DDB16040AE5454E,REC-7BED2CBC1370497A,A,1
MOPD-875EF55665591FA6,291,TRN-7696AFA2DD77CA5F,REC-7EAA3E80581956F1,B,1
MOPD-CD83D98323D62322,292,TRN-0F844742DD1BAE64,REC-70EC1CC0EC338C8A,C,1
MOPD-671419D6DA833D6F,293,TRN-4AC88586D82CEDEB,REC-AAA094765F26701A,B,3
MOPD-E4AB2020C24480BB,294,TRN-1B50829715A076C3,REC-6F98D51B465E35B6,B,1
MOPD-F8AA4B299B4FB33B,295,TRN-1875C07E211E32AF,REC-BBE75BD187964284,B,2
MOPD-0D3694525AC211E2,296,TRN-F72DBDA5B55962B4,REC-DEAC5CF0F5023051,A,1
MOPD-C925A1114E049825,297,TRN-77E4017FB81FF6A7,REC-A1D51D3638439411,A,1
MOPD-0504C9891C705B62,298,TRN-83A18076C7CA6DE0,REC-D87B21F67CDAFD94,C,1
MOPD-FA87129328D401B3,299,TRN-D412D38F359B853F,REC-774E77A9148D4FA9,C,1
MOPD-EC49E7B0170A6FEF,300,TRN-F45D8B5C0FA781BC,REC-7849841B2C5B1FAE,C,1
MOPD-56A5C81B69E7C0A7,301,TRN-9E8109CD5B3682B0,REC-6EAB18A4FE22D51A,C,1
MOPD-CC9F76713D90292E,302,TRN-548BD94AE648DB2E,REC-E368546672B20069,C,1
MOPD-5DC2BEE6182EA6AA,303,TRN-B084A02FD770CE65,REC-E1601027CFCAE209,B,1
MOPD-EB49E74756023F5C,304,TRN-017CFE2E01527FE9,REC-F1AFDC57D87633EC,A,1
MOPD-2FBD0D6A762F2793,305,TRN-A10B380BFDBB09CF,REC-027ED0F847AAC32A,C,1
MOPD-F017123B5DB51384,306,TRN-4B7DBA95302F01C0,REC-F46C4E7B1940A705,C,1
MOPD-C1FF382069AC94E8,307,TRN-CBA37779F907FF30,REC-C934A9D9E42343D9,C,1
MOPD-A546A292305C3B0C,308,TRN-61A5E34FB10C9E49,REC-44DD0196076E3F10,C,1
MOPD-86805B20B4D89DBC,309,TRN-D20A2E738BFE3EA2,REC-7F32DF006E42C438,B,1
MOPD-A9B08647887E1934,310,TRN-2D435ADEDE2C70F2,REC-D22EA84ACDB4B73D,C,1
MOPD-6C8E5841DDF541E5,311,TRN-DA8E16C580C1B34F,REC-B0D3CD99CF808DFB,A,1
MOPD-AF45AF0979B0976B,312,TRN-66C2EFE04836055F,REC-6E0A5EE00112342B,A,1
MOPD-8E60A7D49EC985A7,313,TRN-313B881695FA14F8,REC-FA04B55AD9E0BCAE,B,2
MOPD-1028E82169B6628E,314,TRN-6252B6301F9959A3,REC-5D92B630E4AAB2F7,B,1
MOPD-87A5AA3CD3108C1D,315,TRN-25F47AD91189D3EC,REC-64BCB0647CA5982A,C,1
MOPD-2913336B5A640D6E,316,TRN-6B82FBB49DE7876F,REC-9383D19CB3A2FB18,C,1
MOPD-4769BD42AA9F626B,317,TRN-D966FA3E608ACC41,REC-DE548224FBD4F840,A,1
MOPD-41938D56CDA170F2,318,TRN-8E209D9C5F28D2F4,REC-5A9C45D97D2CE13E,C,1
MOPD-2F2B4CC9F0CECA33,319,TRN-338F4C7E926EFD49,REC-859A0FD1C253EC12,C,1
MOPD-3C4C518731FB9D42,320,TRN-7337BA74EE16AB4E,REC-05E94D47F80C8FB6,C,1
MOPD-89192BA51566B8A6,321,TRN-2D28F0C51E879CE5,REC-AD7F388D7A07D90D,A,1
MOPD-09BD98C55EC10DF7,322,TRN-E13C858B86E6C0FA,REC-B2E2106CE106A7CC,A,1
MOPD-E5FC9CD613759A8D,323,TRN-B45A4D74A1CB501C,REC-9C05F1F4D34AD545,C,1
MOPD-07A4C7056A5F2FAB,324,TRN-C92B63258DF41880,REC-99F392E1E61C01C0,B,2
MOPD-DB3CCF74A90D33A8,325,TRN-9623FDEECC0439BE,REC-806971BF201B8E65,B,2
MOPD-AA68B9A3B2408106,326,TRN-EE61D47B7CA4CA4D,REC-87E256186159EDAE,A,1
MOPD-B2E3E4A2E010DFE0,327,TRN-CC9445A982F3942F,REC-AC0392F6967F4F41,A,1
MOPD-B11C3464998D9F0A,328,TRN-798DB4EE02DA52C1,REC-7D808C85FFD22DB9,A,1
MOPD-568B6622EE511449,329,TRN-9899AF6FAD4DC891,REC-26B8DCB8E6755146,B,1
MOPD-64038C1B7CF9A88E,330,TRN-414C03CB9F8520D1,REC-1A1C9A1889033507,C,1
MOPD-A124A12B3FCB506A,331,TRN-5316502D93C1A5EA,REC-68AD8EA0D181C3B5,A,1
MOPD-D4DFA555637DE6D3,332,TRN-9C6C760E9A8FC9D9,REC-13F991CCDE8D7575,B,1
MOPD-A1FB1A929D7931F3,333,TRN-AE6011613D0E3C99,REC-7DC223D5D5FB93C1,C,1
MOPD-45EE8C61A148EE08,334,TRN-E3234C251BAB9648,REC-9750B7EE7DC7DAED,A,1
MOPD-C5486FBFD57D9583,335,TRN-8B533E6CE50EF032,REC-3000D76A581F295A,C,1
MOPD-7D9CC76F1B816696,336,TRN-C2B191562990245B,REC-D25849A95F0BE994,C,1
MOPD-3C433F451EBE47CD,337,TRN-249C9534076F1560,REC-5DCFED2210157368,A,1
MOPD-0996A71E6F0447AE,338,TRN-C94EB920C213DC55,REC-9997C372DE7C891F,A,1
MOPD-43CE457A8791064C,339,TRN-9040B52FFA495EC0,REC-36BF0E6D4538CDA3,C,1
MOPD-124B94BB26DC983F,340,TRN-C9C8CD1049454F96,REC-2C39B4E77DA3CB36,B,1
MOPD-487D514EF0919B7F,341,TRN-569D2F130D41BBB9,REC-3E6CAA632EE2D6AC,A,1
MOPD-21F93B69F7F63527,342,TRN-C7D792707328DEB0,REC-EEE535EB05D224CF,B,1
MOPD-B6749DE6373A129C,343,TRN-8E0C383CE692294B,REC-E0B082D5555B2749,A,1
MOPD-A29B7D2B25FA335E,344,TRN-EF96CE7CA8F17059,REC-0A652EB6CCA7E9B1,B,1
MOPD-9CA74BBFE66BFBEA,345,TRN-E07BA44793E5D16B,REC-5FA40F565064BB41,B,1
MOPD-8BDD03BD431D2385,346,TRN-4A2BC27162050F3C,REC-98ED356B9D3CF0FE,C,1
MOPD-2F1C14E830D0DE83,347,TRN-6FE7D762C68CF411,REC-1263A6D46DE6319F,C,1
MOPD-6C8193BFDBBAA34F,348,TRN-F588A8200C762A7D,REC-D22E8D146927A8F6,A,1
MOPD-578E7D74C54AD61C,349,TRN-E38D071A166003CF,REC-87E453A5FCD05D4B,B,1
MOPD-DBAD5E83CA0B9F8C,350,TRN-5DED2ECEB3A550E4,REC-A847DF35F6204012,B,1
MOPD-8B25BFEF35512CF7,351,TRN-00E4E876B2CC48A9,REC-5B5BBAC0A1B6BC40,A,2
MOPD-09C7631A15A21742,352,TRN-D4F4B090126AB7C6,REC-8C4BA5952B374914,A,1
MOPD-164706D3AE31DFCF,353,TRN-3BB6F1122516027B,REC-C54A8DF73BBBAF8B,C,1
MOPD-836CCA7BAE4B226B,354,TRN-FF24E8512D862D30,REC-A99B32EC3F13F3C5,C,1
MOPD-0415A2880914174E,355,TRN-A0A553D9CBF9E7F5,REC-1816A64984AFE3E5,B,1
MOPD-B643EDDACA11B2A6,356,TRN-892B85C5C3E5172C,REC-55BD95E20EDD6D20,A,1
MOPD-35199D3C9B6A8B86,357,TRN-F02C13243D7B83AF,REC-B6596DA0466AD86E,A,1
MOPD-5B9639670325672E,358,TRN-902917AF91636B39,REC-99589B7532CEF10C,B,1
MOPD-96AA8159B9CD89D7,359,TRN-D47ED735B6A2C350,REC-3821B30C8032A3F3,C,1
MOPD-39C9116AE5EFD54E,360,TRN-358EB7EAC6EB76FF,REC-55B481D825A3F819,B,1
MOPD-CCC9F2D627352FDE,361,TRN-65241B426375CE78,REC-C7488C6690FA7C46,B,1
MOPD-239B939E28826992,362,TRN-C73573D9732C08AB,REC-EFBF27A908E003B8,B,1
MOPD-07FD92DDFB2F57C0,363,TRN-D2A61B21AFF9C638,REC-9E5E6B5CC5D7F935,A,1
MOPD-625F11E1C79820FD,364,TRN-3BBA5FA62E9324DB,REC-0A7FF06485F68A0A,A,1
MOPD-CB4AF1B9FB718A45,365,TRN-5A2FB31D5D51EAC4,REC-73A2543CC0B0FC4E,B,2
MOPD-B4E0BB00F9BBB65F,366,TRN-D8943984BC49C3D0,REC-190764328AFA19D3,C,1
MOPD-069F27830451A2DB,367,TRN-BA254DD340CC88B3,REC-55DDBE5352815DD9,B,1
MOPD-590D06C1A16F54AD,368,TRN-92C2BAD546A9714D,REC-2EC1DF6D325F41C7,C,1
MOPD-CF453B2E271198A6,369,TRN-A98C8574DF76E7F4,REC-0431059C270E2EB3,B,1
MOPD-56E7E86C542E5465,370,TRN-B2A47F7A2248852C,REC-8E42E1A301A21822,A,1
MOPD-7A015C467931DCFF,371,TRN-7D8E0064738DE773,REC-AC1C08A897D31E63,C,1
MOPD-0A43A8D70B99F061,372,TRN-9315D7147682092E,REC-82E88B8E4BEEAC4D,B,1
MOPD-53FADAB4B6412C53,373,TRN-27783F06CDAA7C43,REC-AA4F36EFB2D843C8,A,1
MOPD-2562C0163EDE952E,374,TRN-E503524B98FC59BD,REC-FEB116158B53BB32,A,1
MOPD-11AD81730071A2EA,375,TRN-73FF8AD3367824AD,REC-7B5140B637DFAB72,B,1
MOPD-9E09302E76301BC0,376,TRN-E52FBEA5BB12A544,REC-8FBE0126FC7B7C08,A,1
MOPD-A7A982CBB7EEB871,377,TRN-03FA34A9FF48943E,REC-0E3AB721BDA97AB8,A,1
MOPD-739AB6FF6469C41B,378,TRN-5B49A5E856A003FA,REC-23FC6116677C9A05,B,2
MOPD-BF47CCD013745D0C,379,TRN-ECFE613E82A3B3AD,REC-EEBAAA197976F691,C,1
MOPD-FA3256D6165E1E11,380,TRN-58ED8AEE3772EC44,REC-FD21FC59CB59AD56,C,1
MOPD-BF91A86A719A281B,381,TRN-2F14F31693F52D97,REC-19A33077BFF6FEAC,A,2
MOPD-508A61F00A14BCA4,382,TRN-C2B20A5A7998C655,REC-CFB579CFE6A2C6F9,A,1
MOPD-C4858B638BBD6974,383,TRN-FF35CAD87E1D655C,REC-3F9009DA4AD0D65D,C,1
MOPD-C15EF90F7EBA18BD,384,TRN-9234C3B39F456913,REC-731A8EFB41F658ED,A,1
MOPD-68CF78355A01F211,385,TRN-AC2E1587D0BB7634,REC-5DE5AFF7D987327C,A,1
MOPD-D605C0951960BFB3,386,TRN-1AC981DD6E28E1BC,REC-1EBB8AEC6FB88A4C,A,1
MOPD-2636D2B53272F7D2,387,TRN-C3107FC1855C143C,REC-2ABE891F590E33EC,C,1
MOPD-A96698FC33D55846,388,TRN-7B75432D370F5459,REC-04B1856C00CB1BE8,C,1
MOPD-A88D9A5372C22A81,389,TRN-3C63B9524C79122E,REC-3740AC78A556F8C1,A,1
MOPD-5CE0EA9B8DC416E5,390,TRN-8BA4FBD7F0CCB26F,REC-DBF4BAD6CA57880C,B,1
MOPD-3761AE79C4E5633E,391,TRN-AECB386F50F57241,REC-EDE2032B939B6F01,B,1
MOPD-3DA5D3D5D3A2C355,392,TRN-604239D692D2E8B2,REC-069A60C54EA7A17F,C,1
MOPD-1A0994E7858A2ADB,393,TRN-5399E41EF3BF4DF2,REC-256D815ACC208141,A,1
MOPD-5C365E9A84829134,394,TRN-22C006EDB9EFA248,REC-08F9AB0CC8D843C4,A,1
MOPD-A20F45CD89B8CA0F,395,TRN-214D6E0AF9A67AFE,REC-9CC21DFE356C3322,B,1
MOPD-62D5845BE92CECFC,396,TRN-58316325BD5616FC,REC-2447AFBF5BDABF09,C,1
MOPD-65E29AE3E793AF54,397,TRN-1ECDBABD095340C1,REC-49824A193EA84622,A,1
MOPD-B7FE07A414234AEC,398,TRN-7FA79DD43E9D9136,REC-6BF234E6FD5B22C9,C,1
MOPD-950B63828C3DC994,399,TRN-CAB0FF7B19DE8A85,REC-820BB213350BAB80,C,1
MOPD-21AEECE865D41F23,400,TRN-9C60ACBFB7A960F5,REC-0E2A5000C3969C2C,B,1
MOPD-98FE9A2BB1162DC5,401,TRN-5234E7EF97CA46FB,REC-C2FB0E420A0E3472,A,1
MOPD-9F02F2D1BA4E29F2,402,TRN-9DA8D2C202A5BF34,REC-81A28017605280BE,A,1
MOPD-B0D5B27B62D79AA4,403,TRN-7A09A4E02E9304B7,REC-379686E6FA8F2C8B,C,1
MOPD-7CFCA68867FB4261,404,TRN-962665FFB50AE7A4,REC-906F2324EFB7F010,C,1
MOPD-349D487606361C33,405,TRN-2070522276D8FEF5,REC-71E4F4A36A8310BD,C,1
MOPD-C21BFC4A757EA5F8,406,TRN-7514973ED244EA96,REC-C858C5E510EA3816,B,1
MOPD-942720EA24051451,407,TRN-ACAC63E0AA8E3C76,REC-1040F13033B94FAC,B,1
MOPD-8DB9AE888054AF2F,408,TRN-50FFA55227CBD027,REC-B7D82A6F84D54D98,A,1
MOPD-26B4BCFAF51C525A,409,TRN-F6E37D199AC5B9A3,REC-B8E799A489CB880E,C,1
MOPD-F3BBE51C41A94BA7,410,TRN-B7FC9A950E934D85,REC-DF484D190E7584DB,C,1
MOPD-9C998D1701AD6691,411,TRN-17781E9DACD4F275,REC-A41F031CCDC2F594,C,1
MOPD-32F7E76662A91AAC,412,TRN-07051A6AD643C7A8,REC-5431B9EFDE9B080D,C,1
MOPD-8F9DE60EDD8D1744,413,TRN-D86947A7F7CF7A17,REC-84FA4342EA0DF705,B,1
MOPD-DBE48B24C7BA604B,414,TRN-E979ACC89206B6DA,REC-3989742BD4AF296C,C,1
MOPD-30236A7244483205,415,TRN-F07F92F2ADACECE2,REC-0318CF1A3985A6EA,C,1
MOPD-EFB066EBBDF54B31,416,TRN-42EFDE4D90D30B6F,REC-57859F753D6915C2,A,1
MOPD-C3950652AFAA96C0,417,TRN-CA0E2C576FA78C85,REC-9BA192C1B7C225D9,B,1
MOPD-110B2974077C11AF,418,TRN-5E8F0DA93C231EC0,REC-20C7E0B0A61F06FE,C,1
MOPD-29427CDE373A2584,419,TRN-586DAB962B71360B,REC-FB58C0C5EFDD51C2,C,1
MOPD-422CB61913738DB9,420,TRN-75FAB82E11C65E2E,REC-CA938A1169C8B074,C,1
MOPD-85C373F87C5C282B,421,TRN-EA9A6E1DC1915349,REC-B47BCF0997D3A31C,C,1
MOPD-A02C75AF8F8E8212,422,TRN-2A95EA48772B91BD,REC-33B78479D29F0959,C,1
MOPD-600BDB55921ADA46,423,TRN-AB3B3E4C2E9FB425,REC-196580B92D11F076,B,1
MOPD-8AD24FA43BCA92E2,424,TRN-266913FFCAA1B48D,REC-56E9880AED5998FE,C,1
MOPD-96179AB8891CBD2C,425,TRN-FA0C5F817C83AC3B,REC-4A11B88820D8331E,C,1
MOPD-4C968840E50953E0,426,TRN-7A57A267BB932EB9,REC-0DAD361880DA5792,C,1
MOPD-F307C80C581285CB,427,TRN-BE0E15441B89CA73,REC-F1A66DCC90EBCBEF,C,1
MOPD-62A2FC1497F943D4,428,TRN-B89990820777FF0C,REC-43CDE4B77F4F2B28,A,1
MOPD-889848738EA98295,429,TRN-9DF2C38C6D0BF027,REC-92091A550775F84B,B,1
MOPD-1FE98D18266F4DB2,430,TRN-D76AE57B96F3FCBA,REC-C6ADD83006AEDDD9,C,1
MOPD-55A1CFD20AF7C605,431,TRN-6BB0A767E79E2B9B,REC-FD223062FFBF18DA,A,1
MOPD-83964E3F2D5BCC67,432,TRN-931E0A1B7F1570BE,REC-0E21A0884961CEE4,B,1
MOPD-F686D737EF390F97,433,TRN-C03907E4B90E6E2D,REC-44D9EB26ECF82E56,B,1
MOPD-3854D747CF896D09,434,TRN-FE3EABEE8C3A538A,REC-BF75ED3B47117C75,C,1
MOPD-7DB5A619AB85D032,435,TRN-A49AEC4436043947,REC-5B45B1C3810E3C32,C,1
MOPD-8E315480DF1824E3,436,TRN-00CEDB01262EA8CE,REC-BB84C5771B18A5AD,B,1
MOPD-21A646BC2D34760D,437,TRN-B5EB49CC4DFE01B7,REC-3BB50C4C09EF951F,C,1
MOPD-7D4377460B136F32,438,TRN-E7807BED1BEC596D,REC-F9BA58842FDC9B40,A,1
MOPD-0F6BE0A59C06BCD9,439,TRN-ED56AF0CB307D905,REC-C3C140CCD03C1C0A,C,1
MOPD-EB2072CCB9A80FF9,440,TRN-1D8ED87FC03F8031,REC-91543CA638DFFC28,B,1
MOPD-14FC5D291710A24E,441,TRN-FA18F7E067038225,REC-1AEC22EDD6A4CDC7,A,1
MOPD-CF210FEE61E07320,442,TRN-D222663B5D5EFAE4,REC-921D2B147370A01A,C,1
MOPD-13979D447B61A598,443,TRN-19DD2F6E4EE12C95,REC-D6F232E69BD04E12,B,1
MOPD-3B2DAB84ACBDD31D,444,TRN-EAAB45BBBA830EA3,REC-4ADCDACD67355A19,C,1
MOPD-81C8684F5F87EEC4,445,TRN-FFEDF482C8445057,REC-A8E8FD0D2CE0B3E5,A,2
MOPD-7FD165A962E2DCE9,446,TRN-8CEAF8FA81D44417,REC-041175D570BB26E5,A,2
MOPD-1742B11E651C161D,447,TRN-9602EF679C6F2C81,REC-8DD2D1333ED903E2,B,1
MOPD-51A8F95B9D5D0A60,448,TRN-7C67C108BC68B339,REC-B5DA799798BDD8D4,B,1
MOPD-35605F8E4152790E,449,TRN-CA9086DC4983F5BF,REC-4FE5AEF8762BF70F,A,1
MOPD-E4B45774CD49A0FC,450,TRN-7010340C179CAF7D,REC-20695065A470FF61,A,2
MOPD-672BB0BC7FF561D1,451,TRN-35204140A221ABB0,REC-3FC3177A1C7CB81E,A,1
MOPD-31C5394EF34A4EA0,452,TRN-BF06CE68B77E7CDA,REC-A0DB63B0D8D49310,A,1
MOPD-E4BF96880DF41032,453,TRN-30463AA784C65FF6,REC-990DA9A86E333DC5,B,1
MOPD-29159DA619F3A170,454,TRN-38D56EA721DB7E94,REC-83B5086E8B1BDB77,B,1
MOPD-1B861E3789FF8B2D,455,TRN-43910A01B497A9C9,REC-2C65FD12FD6EA1D5,C,1
MOPD-71C0817A7170678A,456,TRN-B9231EC654800737,REC-2F3D68A7B1E67B04,C,1
MOPD-936CB7B6939DC3EE,457,TRN-389DBB76D5D20112,REC-10CF7DF264245544,C,1
MOPD-BD905C370C8AFA91,458,TRN-7A21DBF5553673FE,REC-666F4397C57D9D2D,C,1
MOPD-90463A97A7F93E6C,459,TRN-1C11E6419360D0FE,REC-C20B94FBC2DB60FF,C,1
MOPD-744BCBADF65D805B,460,TRN-99903EA1117EA542,REC-0EE5D1459E5E0C96,B,2
MOPD-3238FDE7C9D25B94,461,TRN-201EFF58DBD210B7,REC-C958CB0002E82672,A,1
MOPD-6DBEEFE31164DE02,462,TRN-8D0D5CEDD9E58F9D,REC-A4364ADC370C8360,C,1
MOPD-93B3C93D631ADF60,463,TRN-39E9A9D411064687,REC-1B5A8949AB9D09DD,C,1
MOPD-33D41BAA56DF9E03,464,TRN-244304E33DCD804C,REC-86F46E736296913C,A,1
MOPD-335AA800FE8D0C90,465,TRN-C5005A3835BF54EC,REC-A1F10A0D6A32042A,A,1
MOPD-72F2E5387D684112,466,TRN-D2DF6317E1A213E1,REC-6B8B4E39E1C87140,A,1
MOPD-13964E33E0550CFD,467,TRN-E656BFA995D10497,REC-C23FBE35EFFD77BC,A,1
MOPD-5E766717D6BA91E9,468,TRN-DA8E16C580C1B34F,REC-B0D3CD99CF808DFB,A,2
MOPD-F18B8EDF79B113E6,469,TRN-D85C81B61AFFBB39,REC-F98EEEB7AAAE4158,B,1
MOPD-61D42893D7B1C727,470,TRN-EB98485F29FD6927,REC-C035ABD0142FCD0B,B,1
MOPD-117BB7B53657A1DD,471,TRN-DBB34031823E2AE7,REC-08F793A5FEBD2FF7,B,1
MOPD-6ED955D950651983,472,TRN-8B7EB1B7E8C80839,REC-005701345AB4DE38,A,1
MOPD-21C5257B1D1EBE01,473,TRN-FC63FB7AC5280D5D,REC-DEB091D32579A748,C,1
MOPD-700974C32647B71D,474,TRN-2B982023F4AE79D2,REC-D9940D08D9BB6D3A,A,1
MOPD-588EFC57EC1DA899,475,TRN-B5247A7B71A2A30C,REC-310E751646727D72,C,1
MOPD-19CA16ABDECB5680,476,TRN-8CA2FD92D92C509C,REC-3C9FC2197B05428C,B,1
MOPD-89EF9D8BC3A02FB6,477,TRN-D4AE99F067D8F07E,REC-28F390BC34531582,A,1
MOPD-8010ACFD34B670BD,478,TRN-2F9786AD1FBFD5FD,REC-905FEE757A4BFFEC,A,1
MOPD-F70C82373FFF1A41,479,TRN-88351D9F82EF69A2,REC-404D3DC1C2F71B62,A,1
MOPD-8CCC61B4B42D12D5,480,TRN-E050D1EEDBA4F8AB,REC-C579FBBE4A926A73,B,1
MOPD-CEB5D74098FAD0B9,481,TRN-FBBE796FB03F7BA8,REC-7C5CE452D9E8F9A2,C,1
MOPD-AB6310D44426D1E4,482,TRN-F8B02CD09219C391,REC-7127162EDE907BE0,B,1
MOPD-269FFA241A2C3C50,483,TRN-F8B4302DA3947DE8,REC-DFFC82E249EF3E82,B,1
MOPD-9734F7F47AA92967,484,TRN-7836847B8F9F3599,REC-F9D8199E088C5396,C,1
MOPD-2783945B8BF7E591,485,TRN-432CAA6A10639A27,REC-FCB59DFA8A2B6407,C,1
MOPD-29AB611E78BF6284,486,TRN-C2377AD7C7ACFF50,REC-09271BDACBE9A08D,C,1
MOPD-EA587502BAC703C2,487,TRN-F073FC7494475A37,REC-F7998C627E66EBCD,C,1
MOPD-DCB7412ED6E60FBC,488,TRN-A630EC0E2D37D59C,REC-A983945C835B551A,C,1
MOPD-8E1203F98132EBEA,489,TRN-4FC474A5C59E5273,REC-24D683BFA5A11B68,B,1
MOPD-1EDBB049562F1602,490,TRN-6D706B28A06301C0,REC-FC22A18E79090D99,C,1
MOPD-4AC5F1453BE31A89,491,TRN-2F9786AD1FBFD5FD,REC-905FEE757A4BFFEC,A,2
MOPD-A76E1C6E219D48C7,492,TRN-AA7F588DF0E41A3D,REC-A814F8803090BCB8,B,1
MOPD-457E12BF4528B844,493,TRN-8A905F59E376D4B6,REC-AD696AC88D3B354C,A,1
MOPD-8B80444A5754CF1F,494,TRN-1152D0F7365C02F1,REC-6C32B4EE107EED14,C,1
MOPD-7C5433F005C8D7C2,495,TRN-B30A880AEDFD0853,REC-92BE96D470779904,C,1
MOPD-06A00333B5F6B992,496,TRN-D9D12F1A0B61840B,REC-B933572FAAA34E8B,C,1
MOPD-75397D9A5E7C2AB3,497,TRN-16F51231020ECEF0,REC-ED61292B83C977B1,C,1
MOPD-BD64F35A50397B64,498,TRN-873407744AD77CE4,REC-A0AA197ECDE609C6,B,1
MOPD-7E7F622E4763D25F,499,TRN-6970598C13E4E3FE,REC-6B07B592FA0ED58F,A,1
MOPD-777DB1B41AD24A7F,500,TRN-11EF44801D7FAA48,REC-C8B452EFD87B769E,B,1
MOPD-8DE1BF087443EDF1,501,TRN-D9AB9254F0D72E5B,REC-B1077B5E8A142F6F,B,1
MOPD-20596D8D94A3D9E5,502,TRN-5492BAB4956228A2,REC-5F82375757ED7C57,B,1
MOPD-BC7E5B043C7A76E7,503,TRN-7D898D50F38A551A,REC-12399052BEAFBBF2,B,1
MOPD-03589FCC301028B7,504,TRN-CC8DE3489B9F6046,REC-5CF646E556D7933E,A,1
MOPD-3EC1A50CB2D8E183,505,TRN-E63E3D4AAE50CA51,REC-1D152A95BBE85F01,A,1
MOPD-D9B1E722ADAF9522,506,TRN-162328DF6313DD8D,REC-A6B466B42454EDB9,B,2
MOPD-AD4108D96694A7F6,507,TRN-1C8FFE8BC5674F78,REC-F3912DD0D24047B9,A,1
MOPD-D33588D749BB754C,508,TRN-B84422165AF2200D,REC-1F8F141E91D0AC75,A,1
MOPD-479C559520216585,509,TRN-B009D35F358466BF,REC-BCAD4E5E354F01E2,B,1
MOPD-C64260ABCBBDE878,510,TRN-9135C549E533339A,REC-9CEC2F81B8E1D0DB,A,1
MOPD-073B8ECF67E963AB,511,TRN-B7C6272A20855914,REC-06005CB06CCBD65F,C,1
MOPD-6DDD295B5E761CF3,512,TRN-768524A904FD6CB7,REC-D58939E151B37F56,C,1
MOPD-898A2424ECC3C6B2,513,TRN-83F6E8C969FC2DD8,REC-919F8A9F90CBBFE6,C,1
MOPD-B014A199B67A57FB,514,TRN-FAB7B08CE62CB161,REC-928EE14218E8D7B0,C,1
MOPD-0E072BFA538A4E06,515,TRN-7072933C745A224B,REC-0871F12765FFA490,B,2
MOPD-5EF24166FFA143BE,516,TRN-D3507510FE3A6BBE,REC-BF4DCBA4E86FA8A8,A,1
MOPD-B3349B8B376BCCBE,517,TRN-6485CB17F711D26F,REC-E5BC2C9B6E43ABCA,A,1
MOPD-F898AABFCA717B74,518,TRN-528A4D6D39E54A00,REC-3C6587FF3960F2D8,C,1
MOPD-3B6871F7724E0288,519,TRN-687A3CD29B63683E,REC-261C107596E6C6B3,A,1
MOPD-EE2B43495ECB9D54,520,TRN-A170657835FFEFB1,REC-6350D5B05E221DDA,B,1
MOPD-FE0CD6680E00B6B5,521,TRN-330810C5D45AB9D2,REC-6B64CFA1C76856B0,A,1
MOPD-58B9F2B76D4459E6,522,TRN-495F999080DBB85D,REC-2BBB1503B4E8528B,B,1
MOPD-6EB873E2A392FFB9,523,TRN-45EB39CF307E9AF0,REC-5F4A08F1E11D0665,B,1
MOPD-C352B7F91BA1EE68,524,TRN-E0EA21EF2C6305F4,REC-D1500803C8CE2D07,A,1
MOPD-07C25169A2D8832E,525,TRN-E4DCD1BF06EC0F1C,REC-65F27C943C8D5AB7,A,1
MOPD-8C76658939F1553D,526,TRN-A2EEDEA25E74D459,REC-4315F37FD2A12449,B,1
MOPD-83093AA22CA2A305,527,TRN-C21F6DAA8A86C0B2,REC-385366D2F90AEB8B,C,1
MOPD-54EC63D5E13628B6,528,TRN-CC8DE3489B9F6046,REC-5CF646E556D7933E,A,2
MOPD-353D1B442D38C3DE,529,TRN-2866913FCB978C16,REC-B770F547FB67F984,B,1
MOPD-86A3579382A899D0,530,TRN-8AF2642265C6EEFC,REC-102D7C7506E31407,A,1
MOPD-34F0B7BEA496A0EF,531,TRN-E2F8B577371942D6,REC-9EA52BCAE5839CC1,C,1
MOPD-9555A5BE5F50E957,532,TRN-5089D01376C08A5C,REC-FD41B1E44E7AA9F6,C,1
MOPD-16F02712F6E48267,533,TRN-9909C4029D552886,REC-B6AACEA3A9FFF988,B,1
MOPD-8E4ACBECF6FBA33A,534,TRN-B385326B523BE71C,REC-48676853C1EEA145,A,1
MOPD-9BF54E7D477BE927,535,TRN-3C64970696B305C0,REC-2849EC67B1B35927,A,1
MOPD-10DB5659D7E9637A,536,TRN-453072C91AD45116,REC-D979374FBC6BC456,B,1
MOPD-AF2CCE1557140984,537,TRN-9962E915E714D467,REC-6822F6BDD4C0B675,B,1
MOPD-4A196846FD1834C0,538,TRN-11B32446569FE25C,REC-77F79124B9C10545,C,1
MOPD-71CA71D150B0578D,539,TRN-FFEDF482C8445057,REC-A8E8FD0D2CE0B3E5,A,3
MOPD-B4F2476069B0D475,540,TRN-0B9062E4BE2A288A,REC-113761EADD3C41C7,A,1
MOPD-620ACBDEFFA0C3CC,541,TRN-712186B6A613BB62,REC-B14D1323D5775E23,A,1
MOPD-53A7B815F596FEF4,542,TRN-FF8D82BE171567E2,REC-C8FFDCBE60301113,A,1
MOPD-9062B8BC3C795992,543,TRN-2B982023F4AE79D2,REC-D9940D08D9BB6D3A,A,2
MOPD-466B0970BA64CF9D,544,TRN-7BCC1E2EBF59A0BF,REC-9F92D55E9A9DB6E8,A,1
MOPD-DA3FD444DFB82596,545,TRN-42AA7ED5D59DBBD0,REC-6983113749518AA8,B,2
MOPD-CD8C8BD2CF5F7481,546,TRN-1E062D458663D212,REC-30C5B83D40B2A523,B,1
MOPD-F3D28BECD2CCA552,547,TRN-8A57F2FF5744A39A,REC-394065DC1D468964,C,1
MOPD-F0AE0D7B68732147,548,TRN-1C27BBBF62B01363,REC-DD3AF309037BE744,C,1
MOPD-FA4639CE061A18A3,549,TRN-7696AFA2DD77CA5F,REC-7EAA3E80581956F1,B,2
MOPD-55E7A317E116C750,550,TRN-8029221B551BACA0,REC-9CCFCCE95EFCFCE4,C,1
MOPD-66319F94E4E62F87,551,TRN-E98A69B77651AE72,REC-0560AB49E3651995,B,1
MOPD-9D3B7297A0029BA2,552,TRN-97679D6A964C539D,REC-F1C12AF451F8E838,B,1
MOPD-13DA001D5AF228D9,553,TRN-FC3582F7D8C595DA,REC-9F9D4174E650E05D,B,1
MOPD-00CBDEC56B5BD87D,554,TRN-184FBF3262F11E46,REC-2790C1DB50FE6F0A,C,1
MOPD-95A06E72A519002F,555,TRN-FDAECE2A234A3EFC,REC-D7B267DDF2EF1B98,B,1
MOPD-642B8D5F3B03A2E5,556,TRN-29CFC25137AFE473,REC-17C88F082B967B4F,B,1
MOPD-24F4D24061455545,557,TRN-E4FBF3DCEABA412B,REC-073CD32046C323CD,C,1
MOPD-2B004F50AC31EDB0,558,TRN-23602E3E2F6493B2,REC-677309111F438F2E,C,1
MOPD-4B7F18D4880363A3,559,TRN-C1A4AD900FAE2E25,REC-330F217DC25E2F99,A,1
MOPD-A77780AE42334D43,560,TRN-D112F99D9F6BCCE1,REC-C741FDAAB996256F,C,1
MOPD-88674D2019BA9238,561,TRN-26D89C787775A532,REC-EE7F5B44577C2CB8,A,1
MOPD-CE5C77CDFB0A54B9,562,TRN-29788E86081EDB28,REC-A72A529F9FB88B28,C,1
MOPD-42C01EA70B5B9AB6,563,TRN-363ACD8957E1B673,REC-8E81E70BD834F723,A,1
MOPD-5CA23767CCE8AFA7,564,TRN-A7CD41C6138949E3,REC-75CE088052EB91D2,C,1
MOPD-E950548164EF2013,565,TRN-040F485CFDE95B4F,REC-C4778EE49758A4F4,B,1
MOPD-B6C69F27DBAE0C63,566,TRN-47D746A47D6EDDB9,REC-9FA4685E1DFE9659,A,2
MOPD-485B5AF583D5137F,567,TRN-268FE26505E85AA0,REC-47A524F3116FF82F,C,1
MOPD-8BC7DF2E577983DB,568,TRN-283AE1CDABA5B8C2,REC-AA75D607BEEB60EC,B,1
MOPD-AEFC743D1161220A,569,TRN-B8ABB65B7E92BC21,REC-E3A60F2E498F110F,C,1
MOPD-CC367FE3CE758A80,570,TRN-75D6609761D0E8CE,REC-348FD094E94F344B,A,1
MOPD-3A87E7BFC00C8759,571,TRN-390C200A428ADD3E,REC-7724C710CD57E03A,B,1
MOPD-6F92F99C7CB27176,572,TRN-D755867E19CF2C5E,REC-DACD46785DF82CDB,B,2
MOPD-9063B3AA88098EBC,573,TRN-B2257B2204708DD3,REC-521D696CC84FCE0F,A,1
MOPD-A701AC9503F334A0,574,TRN-93119F212A80DA66,REC-92FCA753E7D6AE02,A,1
MOPD-305B39C356F95421,575,TRN-DB233E34ACBDCBE5,REC-4F21B1202A7AC37F,B,2
MOPD-01CA625C23C91F52,576,TRN-0C67434751A84FE3,REC-A79BDDC31D7AA239,C,1
MOPD-58E801628D081410,577,TRN-7B58EBB0613736A7,REC-1D457106AF690A3D,B,1
MOPD-5C36D89319C4E24A,578,TRN-CDB0E6B28D7A24F7,REC-C1EBE3AC42AF1ECF,A,2
MOPD-F9E3D8EDEF7F0EEE,579,TRN-1160ECFC51A79ABF,REC-DE523DE32B10DF3A,B,1
MOPD-E3E57C14DD62999C,580,TRN-2A519A49ED4E5285,REC-4362FE7B6234C046,A,1
MOPD-E8C6DE5B84D83174,581,TRN-8F593D01B84F0902,REC-726B899E6D97C772,B,1
MOPD-ACC2D9D826B45EDF,582,TRN-1EA8275B7F253B5C,REC-7331B20CA6233700,C,1
MOPD-783E660E641D2A54,583,TRN-2FB99F168A3EFCD6,REC-968D7C66E93F53E8,C,1
MOPD-49837131B2E721A4,584,TRN-E23DAC64A1042EFB,REC-46CDB6FD34240BE8,A,2
MOPD-82C3285F658A6EA7,585,TRN-25629FAC64145A0D,REC-5B53AA1E43789C8C,C,1
MOPD-1D997FE10742ED1B,586,TRN-8A8BFD358D187CC3,REC-994A9824E972BA4F,C,1
MOPD-2EF74E55A6BB2803,587,TRN-94662DE321C244D1,REC-F1958A878C761DCB,C,1
MOPD-65D4D0BF412AE73C,588,TRN-C60797814E1A0232,REC-58A4F48A6B7D63B0,B,1
MOPD-CC2D3B03EC07523F,589,TRN-EFC75F1B54D27CAC,REC-00E1706A63B1132A,B,1
MOPD-61B73A4E26182E52,590,TRN-DC128B772041F1F8,REC-67059C09C281BD43,A,1
MOPD-B856C72F49330D77,591,TRN-60B4DD41D268D758,REC-BF6065DDBBC0C044,B,1
MOPD-26B35EA754C29876,592,TRN-2A1A5B00DAE56878,REC-2C0D0D44353E8C37,B,1
MOPD-64E3EAA30D7873F2,593,TRN-36EFD3C5F011A8CC,REC-8D301FA804AE9D4D,A,1
MOPD-33DF6B6C6A89E267,594,TRN-5C68EDDC6E0DA5C7,REC-17FD264C0AB3B24F,B,1
MOPD-45A38C717190C5BA,595,TRN-0FDB9C7E9FEFF192,REC-CFE1F8EE6E85BACC,B,1
MOPD-B029E1038E4AA7B6,596,TRN-9B36972BAAC0F4CC,REC-4C8B0345595BA34B,A,1
MOPD-B25D6C464DB10BDC,597,TRN-419FC1E7933C6A24,REC-9BD1D6C7EC9C7988,A,1
MOPD-65A6BC64268F6F5D,598,TRN-EAD13991C16C83D6,REC-43BB6B9D625BB41F,B,1
MOPD-AF85AF8A7DC4D19F,599,TRN-2A1A5B00DAE56878,REC-2C0D0D44353E8C37,B,2
MOPD-1FECE308552C7610,600,TRN-40BA1904A2E11B3E,REC-D76B879EE03C03AA,C,1
MOPD-B6C785BCF248BEC3,601,TRN-0FC8D0F8F2CE0BEE,REC-455F0A0E4ED4C4EB,B,1
MOPD-8ED055E682686C15,602,TRN-E6FAFBD7EFF7D1F7,REC-5E25DC01BD282A5B,B,2
MOPD-E25D9ACE2CB22CAA,603,TRN-35204140A221ABB0,REC-3FC3177A1C7CB81E,A,2
MOPD-BDC72A727F12935A,604,TRN-EC4C65F7357AAD83,REC-D86CADC7944F2933,A,1
MOPD-86C93C7DFD15A90E,605,TRN-C7AB22B27DAA4DA9,REC-1F688E4910A39862,A,1
MOPD-9950A0D4A89714A8,606,TRN-934EB5BAB44B079D,REC-5839B2F9EAE20338,B,2
MOPD-1ACF6742EC2EDA86,607,TRN-E660095F800BDECA,REC-1143E66D1DDD67DD,C,1
MOPD-1BD91A582B293347,608,TRN-BB6798FEE54BD2E9,REC-4505524800BABFD6,B,1
MOPD-4AD42C16278701BC,609,TRN-696B4832C7176A17,REC-4B37709D9A2D7168,A,1
MOPD-DB2234D93D9ABD3D,610,TRN-55BDED5A5CC3C72D,REC-D47006BBEBE32A46,C,1
MOPD-2279997BDD86D3E0,611,TRN-65594F711086EC82,REC-0DAA5714575E6132,B,1
MOPD-C050810D15696704,612,TRN-A5088AFE4CAF7BDF,REC-26CFA3D7A16209E5,C,1
MOPD-A37C55DE68276DBC,613,TRN-1EA1763299F1FA49,REC-AEED8CFB2F0C1F9F,B,1
MOPD-E64B9354DE806152,614,TRN-358EB7EAC6EB76FF,REC-55B481D825A3F819,B,2
MOPD-5DD75A2C40448C5B,615,TRN-4E3E2CDCEFEE357C,REC-2142602CC6FCA685,A,1
MOPD-EF1F51A33FEF593C,616,TRN-827206087B28B12D,REC-279860D6091E569C,A,1
MOPD-8FFA3084E56B2D16,617,TRN-353FDFE6D246CFCF,REC-8E4F4A758390B375,A,1
MOPD-85E620A912135240,618,TRN-727113C3AE6E1A4C,REC-3991484FB18CDAB8,C,1
MOPD-CEBA012056F2A519,619,TRN-D5952D4D41B0138F,REC-E7233DC282588AE1,A,1
MOPD-3814C750F8870490,620,TRN-45EB39CF307E9AF0,REC-5F4A08F1E11D0665,B,2
MOPD-E90ED1C65DF8834F,621,TRN-E0EE27C68DE1D9DC,REC-02A8BFFB6D6A327A,A,1
MOPD-A4194CDBC712284A,622,TRN-7474499CF6FFD558,REC-7024F52E29958A1A,B,1
MOPD-EDF5E46104B4C08D,623,TRN-BA18BCAFD79C5D99,REC-6F2D1513B582384C,C,1
MOPD-C669B46E302C545A,624,TRN-EE61D47B7CA4CA4D,REC-87E256186159EDAE,A,2
MOPD-593FC0148DF258D3,625,TRN-4558521C5FD7C145,REC-DEC5C5CBCCD5BF29,C,1
MOPD-818F212149D2BD5B,626,TRN-D4601328E9E348C7,REC-4EB34D51BE711B17,C,1
MOPD-6879A020FFAB5C8E,627,TRN-3DF4DABEF63BF33C,REC-1D581C50ABF2618D,A,2
MOPD-9BF080DCD1BA6B4F,628,TRN-A04C08AC4A882C68,REC-3B3938DFDCCBF249,A,1
MOPD-711848737C6D48F8,629,TRN-ACA16F4511A398C8,REC-EA1E3530F245572C,C,1
MOPD-D0195711B9D56A1C,630,TRN-6CC3A576CCCA6753,REC-E85EE518EC26430A,B,1
MOPD-124D6243BCECAD3D,631,TRN-F5965ABD9D7A135F,REC-48AB5BA74DEC8E57,C,1
MOPD-37C4A48E0130A793,632,TRN-3A6E768847347A2A,REC-E8F4EF63AC1AE3B2,B,1
MOPD-6A168663F31A04AF,633,TRN-8CA2FD92D92C509C,REC-3C9FC2197B05428C,B,2
MOPD-60F4216239081E95,634,TRN-CB630BE84CD67CD0,REC-2021A426026BDE23,B,1
MOPD-29069EAE51147128,635,TRN-017CFE2E01527FE9,REC-F1AFDC57D87633EC,A,2
MOPD-035494A9AED09046,636,TRN-D45EFA20598E60C2,REC-AD8A1E6EE166A0FB,C,1
MOPD-44624FEFB1F1D7BA,637,TRN-162328DF6313DD8D,REC-A6B466B42454EDB9,B,3
MOPD-800DBE7DA85ABDEC,638,TRN-9DF627A03FC7AFE9,REC-A4F8A9716D714D53,A,1
MOPD-0D5ADB350363E019,639,TRN-B2ED1B6EC757B2DA,REC-45F1CB3656F431B6,C,1
MOPD-37829188265EE705,640,TRN-74B36ECA02DCD888,REC-CCFB722E303B5916,B,2
MOPD-08F2AF44D87CD2C4,641,TRN-D117BF53733089F6,REC-00367EB32B89E9EC,B,1
MOPD-6938B509FA42B2D9,642,TRN-5A28B15AAF8D50A8,REC-2112F91894FF322B,C,1
MOPD-82C067C668C72D90,643,TRN-25E03A6A8D30C3F0,REC-021CF09858290EF9,B,1
MOPD-1814A986AD96A664,644,TRN-7749943D3CD8E455,REC-4AE6FA900E0D74C1,A,1
MOPD-E09FFC136B4AED2B,645,TRN-D755867E19CF2C5E,REC-DACD46785DF82CDB,B,3
MOPD-FAD260952D00F448,646,TRN-44444E8E02AD6E3A,REC-7782565D961C45FE,A,1
MOPD-3CCCA6210AE0BD70,647,TRN-2A6954C03396A53B,REC-1C1A4E4E29F88D1E,A,1
MOPD-10EE725016FFB75F,648,TRN-AD07872ED17B9F97,REC-2ADDF9C282A21AF5,A,2
MOPD-928B31A771C4DFCE,649,TRN-8B050158F6E61993,REC-EE7B8A8E8FB16536,C,1
MOPD-1D0F7C977B415D5D,650,TRN-9DC2ECC5198D2890,REC-B2D1ECD7109D7526,B,1
MOPD-667DAE6B8CFBAE45,651,TRN-EB2C49D55A6F7F80,REC-F175CD52C5286C3B,C,1
MOPD-4BBE692D34EC21EA,652,TRN-6ACB8BB958ED6D15,REC-515848C205865719,B,1
MOPD-8DACC6249B0BE520,653,TRN-4E54FD5607DB5076,REC-A03B5CB3969F8095,C,1
MOPD-FB7B719B53CB5A86,654,TRN-74915C8432A814A0,REC-BE287C3CC4901361,B,2
MOPD-7EC4B74C065FCFF9,655,TRN-B31A8AC5059B1CB4,REC-617A43A73B1DF751,A,1
MOPD-C68E4E070C7F1F6B,656,TRN-0BBC87CA753D8244,REC-8BD2E56931479E1C,C,1
MOPD-2B59CE69B33C2B21,657,TRN-BB3436FACBA3BFC7,REC-50709F1EA08F9425,B,1
MOPD-8BA09FF453F0876D,658,TRN-C2B20A5A7998C655,REC-CFB579CFE6A2C6F9,A,2
MOPD-A0BC41552866033E,659,TRN-F5DCF1D435D98717,REC-195CD307B266B5C1,C,1
MOPD-F99D0254CBCF6755,660,TRN-C218174ED270F9EA,REC-ACEB256461928E85,A,1
MOPD-10B2FCBD5CEB4B41,661,TRN-58778702A590D183,REC-8B0D8CE167B55EFE,B,1
MOPD-7C032390E3157EAA,662,TRN-44444E8E02AD6E3A,REC-7782565D961C45FE,A,2
MOPD-53D3F6BFE386423F,663,TRN-EE38D73BE6B3C35C,REC-056059F13F08E9A0,A,1
MOPD-F30F287B54C0D6E5,664,TRN-C34C9BD7896C4343,REC-DBC58EB392A9AEA7,B,1
MOPD-D800472F9EA6FFB3,665,TRN-9DE1070487DBF5D3,REC-5A83D3D64F72002E,C,1
MOPD-D3E229F8128093A0,666,TRN-A148746A25C404B3,REC-36E327FF017DD773,A,1
MOPD-B90C56A6BDB3268B,667,TRN-8B7EB1B7E8C80839,REC-005701345AB4DE38,A,2
MOPD-BEF1E224ECC8B1F8,668,TRN-9B6D569CD0DAC943,REC-880637118E62B8CA,A,1
MOPD-5CACEB8AC3C960AD,669,TRN-94244C479D374C68,REC-E29621090CDA1DCB,A,1
MOPD-113419B4B5AF4F58,670,TRN-529BD319C6AB702F,REC-9E9F3A1C50D1E68C,B,1
MOPD-80B9616C775F8002,671,TRN-17337422C1B6E665,REC-E5F7380142A90FA5,C,1
MOPD-8470683FC71602A8,672,TRN-0A313803711E2C92,REC-13C4050A2243A038,B,1
MOPD-56EBD2FD8ECBA433,673,TRN-73819D87010401AB,REC-7162BEEDF446EE38,C,1
MOPD-96D7F6FFFCD1D6D3,674,TRN-A8C0DFD0878441B4,REC-3A7C6D78E6978065,B,1
MOPD-0F3C8EEBC0D0E424,675,TRN-C54303AA0A2CCE5A,REC-88426A458886B992,C,1
MOPD-E009C2A5BA85963B,676,TRN-EFE7A5CE0260DEE9,REC-C9EFC1B27B0CEB0A,B,1
MOPD-A9A27EDED1F3124B,677,TRN-E75DC2DEC8F531F6,REC-15E0563562AE3417,B,1
MOPD-4910FA9F8E36ECAE,678,TRN-29FDA14377880CB1,REC-9BE1852D845EBA7F,A,1
MOPD-E92FCFAE51851528,679,TRN-E8828B6779F7FA7F,REC-4A68F825F5A9F9A2,A,1
MOPD-2B677B2F155304FA,680,TRN-BB5B8BAB25747D5E,REC-7C81DEC039AA403A,A,1
MOPD-083B16F88E26DDEF,681,TRN-8DA4D766B403CDF9,REC-80234A15ED7201DD,C,1
MOPD-B211DC0A33176A42,682,TRN-B985C4162999B555,REC-194FEC5505E460E2,C,1
MOPD-9994A2EE996767D0,683,TRN-C454E3F3E6172B50,REC-2EDFBFD90BE2B761,B,1
MOPD-FBFAE0E506475517,684,TRN-B66EBBD5D9D9E9B7,REC-D1F8F4C94D1BC250,C,1
MOPD-7BBF8E5F1F8907A0,685,TRN-3312042D873F846B,REC-70CFE76C0069B40E,A,3
MOPD-408B1E651575F9F1,686,TRN-A475FDADDE8F1D24,REC-01858ACA93B91F1C,B,1
MOPD-0D19B1C6C71B5775,687,TRN-8D039F56C9D5B57C,REC-7B402B335362B523,A,2
MOPD-ACF357A522F9CC8F,688,TRN-A440A9057FB040A3,REC-941A50B4EE221633,C,1
MOPD-3BED80DC61378223,689,TRN-24C8A71B38DDF1B5,REC-C3F68B42892AEC9F,A,1
MOPD-B9031AFBCD793CEB,690,TRN-696B4832C7176A17,REC-4B37709D9A2D7168,A,2
MOPD-DBB138771265372B,691,TRN-D10AA1E1B7932A5D,REC-E643A20530731B51,A,1
MOPD-FCAC21C89F1DF961,692,TRN-6ACB8BB958ED6D15,REC-515848C205865719,B,2
MOPD-308524436C1A6E97,693,TRN-EFC7A0108BDBED58,REC-FDA2957B371DF52E,B,1
MOPD-D598AE8D76C1663A,694,TRN-86AF9CAE4966B20D,REC-04C132C3E6BE4C23,B,1
MOPD-0DFB478C97D6017F,695,TRN-92DDBCE0D27F403F,REC-7DAE171154BDC205,C,1
MOPD-0E776840C9D84E29,696,TRN-6F565BA599B135B7,REC-E5E8D6C1552D5129,A,2
MOPD-297F4CEFD23BA1A9,697,TRN-3032D7390A0D6700,REC-98A9E9FC9C74C7DE,C,1
MOPD-1A10EA6902BE2D62,698,TRN-9F9510D3A4EEA727,REC-1C69621EE64FA99E,B,1
MOPD-5E7C7A257132D4FD,699,TRN-21195DF8C0C1FC47,REC-5C5C0B13B2521957,C,1
MOPD-3D3EFACC93F74C68,700,TRN-03A6156ADD94FEF6,REC-962F25F8F029D86A,A,1
MOPD-C402A72C002691A8,701,TRN-EB98485F29FD6927,REC-C035ABD0142FCD0B,B,2
MOPD-7EB48041A4140F6B,702,TRN-579F8BD1E7E0428F,REC-DB790EA3CC051F60,C,1
MOPD-420EE575F363F341,703,TRN-F518DB224538EF83,REC-CEB62B093224C0FB,A,1
MOPD-18111742A957A82F,704,TRN-51B110DD3813AEAD,REC-833492E956F7C567,C,1
MOPD-92062BF66F1B7789,705,TRN-CBC2F17702669E16,REC-F8D0053ECA561734,A,1
MOPD-AEDFB9F646EFB687,706,TRN-A0661B44EABA49F7,REC-9D030B17EADF0DC1,A,1
MOPD-0D08669A456C2F64,707,TRN-FDAECE2A234A3EFC,REC-D7B267DDF2EF1B98,B,2
MOPD-099C11F8CED3F9FE,708,TRN-A757716E9EAF2BE6,REC-CBCFDF75AC33D29B,A,1
MOPD-123FFC4D892AB7C0,709,TRN-2A5802C13E525722,REC-97FAC3035A586BA7,B,1
MOPD-092CCDFD3FDF8956,710,TRN-34A9BFECAC96D253,REC-0AD26F8BA9BCF132,B,2
MOPD-3AC36D83A6D45F48,711,TRN-829D151E4DC4C658,REC-BDDBCE0E1C168341,A,1
MOPD-3522C95558EA4AA3,712,TRN-41118EFF99D4B189,REC-024964B977169B77,C,1
MOPD-FD8EA397D86C0561,713,TRN-EDACB2C20270D69E,REC-4B655AE287947468,A,1
MOPD-5BF0C2A2C79828C3,714,TRN-85CB405E738AB7A7,REC-FBC42329A0EDB8C0,B,1
MOPD-86E944FBB3BD63D4,715,TRN-B2CAD1D3F892FD3C,REC-2349D6A1AA41AFE2,A,1
MOPD-E9C8D7DAC540BCE3,716,TRN-1C8B1163D8759078,REC-C775CAA561910B85,C,1
MOPD-9870FC82FE7CB371,717,TRN-17A787666F326A93,REC-84E890105B0BC9D3,C,1
MOPD-A94028545D93FF93,718,TRN-AE1A012DF4D22CAB,REC-5B4BF2B6F6EE2BF7,C,1
MOPD-F21E6BA307C06854,719,TRN-D1C06EABFBB7ACDC,REC-35C6044B23E89B22,C,1
MOPD-B4D23D494451738C,720,TRN-B92B2A502220F004,REC-73D9666A051D39CF,A,1
MOPD-1CD7C0E7A25BE6DA,721,TRN-9962E915E714D467,REC-6822F6BDD4C0B675,B,2
MOPD-BC47F838400E4541,722,TRN-AB7771C229B297A7,REC-EBF3582D57C1CF3C,A,1
MOPD-8092C9484EF0D547,723,TRN-0A944D032A6D918F,REC-17B9125AF67268AA,C,1
MOPD-6A336A5183986B36,724,TRN-C2FDAB2FB946946A,REC-5DB1B2454E85D3BC,C,1
MOPD-727D767082CBB8DF,725,TRN-73A1EF8AF1B48060,REC-468F62BE2D6F3C75,A,1
MOPD-905D591223DDC546,726,TRN-E21FCA9BE36D77C3,REC-156A7B38293F2D45,B,1
MOPD-D30C05F0FF11CCDF,727,TRN-FD3DEA46CBFEE8C4,REC-2B1007D28AAFA34C,C,1
MOPD-5ABEFDFE7B7A257C,728,TRN-F9CFE81799DE71CB,REC-FC2281EFE33A4FD4,C,1
MOPD-B0854231C5397D6F,729,TRN-3BF5B891407C52FB,REC-CF2FF2FCD6416FDF,C,1
MOPD-27DCCC1797743F50,730,TRN-E362ADEA962086FC,REC-EE682F122B32888D,A,1
MOPD-703C245597A2B77F,731,TRN-DBB34031823E2AE7,REC-08F793A5FEBD2FF7,B,2
MOPD-10B90254892F4C8A,732,TRN-E1CE4A5C8C2EC405,REC-42BFD2E6917C691A,C,1
MOPD-4A7B9EAE0370A8A5,733,TRN-B2B783E03DCEAD09,REC-ED303A0D5CD1ABF8,B,1
MOPD-BBE875C9D684EA8D,734,TRN-0DEFACB9D437EC5E,REC-9596FBF90FAB4389,B,1
MOPD-2C4D80448D4DFBBA,735,TRN-9BC721E9D86663F8,REC-859316C12EFF5168,A,1
MOPD-8F1702542DA7C36E,736,TRN-495F999080DBB85D,REC-2BBB1503B4E8528B,B,2
MOPD-2F974B5C80FE1B20,737,TRN-FE513DE42D285CED,REC-A88E141550337C87,C,1
MOPD-9E003F255B5F04FC,738,TRN-5CF67C89BA2DC870,REC-6C0B9E1A92D04026,A,1
MOPD-3931A89D90D9B15A,739,TRN-9080C2079714CCE5,REC-0B908852D6EB35C7,C,1
MOPD-AA855A80A15F5439,740,TRN-65E567959B89126B,REC-0C5993B129F1F241,C,1
MOPD-6EC4880F71E9FE52,741,TRN-E6A612FAAC763974,REC-6B1931BE7B08DF14,A,1
MOPD-30BBEA39361CBF6B,742,TRN-7F6488EED1487FB1,REC-0B9AE699F4F2046A,B,1
MOPD-94614D1AA242E458,743,TRN-A04FA3DD230BA726,REC-03E4D2C5F007B55D,A,1
MOPD-D43C8C2CA9718AFE,744,TRN-6A271F2DDA95381D,REC-C9CD002E6E2312A9,A,1
MOPD-C361B88A38C940F4,745,TRN-3E321FEF84B14FB9,REC-DFE25F68D51AE9E4,B,1
MOPD-915874C90EA8FC4D,746,TRN-87B9204BDCBBDFBD,REC-E184CFE617C7A4B5,B,1
MOPD-77CC7F61154AB43D,747,TRN-081B06256E404ABB,REC-A69B70F7488E3F13,B,1
MOPD-6A5CF2D9521539B9,748,TRN-26B4141431C14238,REC-57848D868683CD49,C,1
MOPD-14D54EAA2B653DD5,749,TRN-CD8772F38045FA4E,REC-FF0622FBFFC2D4AD,B,1
MOPD-3BE01E5A69BF7B12,750,TRN-7CC9CC2CAC7ACC9D,REC-28FEAAAE8A5F26D5,B,1
MOPD-CD2B08F3C64F28D2,751,TRN-2A519A49ED4E5285,REC-4362FE7B6234C046,A,2
MOPD-DC946B45A84702E0,752,TRN-6317CFC3845104C6,REC-EE716906669A833D,C,1
MOPD-E4D791CEAAED260A,753,TRN-B51AE24F4E17C5DE,REC-8650EDC651554F93,C,1
MOPD-50C6B839DD121139,754,TRN-3C493E37721B5EE5,REC-A4A8BC4994A6BC74,C,1
MOPD-48F639CC79BE9A44,755,TRN-F730F88BA55B4747,REC-7F4AC6ACD95CE11C,A,1
MOPD-A3A80396C1C6C8BD,756,TRN-6F82872946752423,REC-30403B9F6D0F9A1A,C,1
MOPD-7F460812AE12CEDE,757,TRN-9218256F691481B2,REC-FEFD2C82984DC712,C,1
MOPD-1BB72CCA68F29F28,758,TRN-8F4D7F8F0CF2E2FE,REC-B344FEC1CF3CB061,C,1
MOPD-29B909A77B70E104,759,TRN-03FA34A9FF48943E,REC-0E3AB721BDA97AB8,A,2
MOPD-9BA013984BA21131,760,TRN-141C1BB26CC28E75,REC-E227713EB645CE2D,A,1
MOPD-97408713B53FD8E7,761,TRN-4F413769E9AC2C2F,REC-C8BC5F32BB4A068B,C,1
MOPD-28EC7EAE4FB535C5,762,TRN-DDF56B6AB26220EB,REC-BB79180FA5DDCBD9,B,1
MOPD-3893A9BE1B9EE3C3,763,TRN-154E40EB1B9051B2,REC-2C3AF90CED49E456,C,1
MOPD-C49D4DFF3F97754E,764,TRN-7809AEEBCF1E0AA3,REC-1CC3068D19C62035,C,1
MOPD-7C4AEF6AE1E516AC,765,TRN-7FC7793B3CA63215,REC-6018AA33D790E3AF,A,1
MOPD-F6E83C37A2B00124,766,TRN-4BF7C370EE8DC7AD,REC-8F48380A41EB0075,A,1
MOPD-60F9BB594E9AD8A4,767,TRN-4B7369F9EF3D04AA,REC-1C2B0876182AE4E3,C,1
MOPD-74EBB6089E783E17,768,TRN-1AB09B6EB29F5DEF,REC-B93CB64C7E2F63C0,B,2
MOPD-65DCBF725C542EE1,769,TRN-D599994BA7BF704B,REC-040D6E8D695244BD,B,1
MOPD-250BA1A88B341838,770,TRN-F4DF3807353D9A93,REC-591157BC2AA25546,A,1
MOPD-D9667EA246331246,771,TRN-5E9A1F43EA204C9F,REC-BF585DF528F3DB4D,B,1
MOPD-C85E356C86CC809D,772,TRN-FAE143EA2D169985,REC-0CBEDD7B19E7BE2C,A,1
MOPD-13F29450214DF8F7,773,TRN-756717FE36F65889,REC-326CEB87E237E9EB,B,1
MOPD-9CED9C6F2D5F8E5D,774,TRN-E7D8348220874151,REC-F5128134D3FCAFBB,B,1
MOPD-9FF618862318DE9C,775,TRN-7CEAC968AA07C8A0,REC-C28E3181B1A2CB89,C,1
MOPD-16E716FE522B25FA,776,TRN-1EF221714CF88754,REC-0FFBDAC3C8D9F3F4,C,1
MOPD-A38F11DA8DEC27A3,777,TRN-E28B1DB4143F53B8,REC-844A8B3635BD4574,B,1
MOPD-B2F00127A382D3E4,778,TRN-DE2F064070F1E579,REC-F35EBCB7C8F79869,C,1
MOPD-F0E17B5C559C87AF,779,TRN-8A905F59E376D4B6,REC-AD696AC88D3B354C,A,2
MOPD-54247937157B384B,780,TRN-1EBE198514B0C329,REC-1C3540D479445AC6,C,1
MOPD-DAC628BEED54F98F,781,TRN-BAFAF985BCC0B207,REC-A9A7A0DA395059B8,A,1
MOPD-811A33C7328DE6E6,782,TRN-6E2E33F1F9C45D26,REC-9E931931ADFFC2FB,C,1
MOPD-2B1779EE97069B16,783,TRN-12EE6C93AB6C1330,REC-CE58D6B41328FA7B,C,1
MOPD-5429386051A382E4,784,TRN-7020FBAA75017B7F,REC-9AFCD666FA200CE3,C,1
MOPD-94ACDC7261F84DF0,785,TRN-55C4E945D8DAC5FE,REC-EEC31783BDACBE10,B,1
MOPD-C809D4229B3A0A28,786,TRN-A3E6D6670C34D921,REC-2470216517E3CF0A,B,1
MOPD-0408C98DCE5CADD6,787,TRN-5C5344EBCA899440,REC-DF7CB195E51E2B82,C,1
MOPD-EC4E7B1E229DFC7A,788,TRN-51DD57DD8980AAF1,REC-89BB3108D81D4FF8,A,1
MOPD-5BB12524C9731FDF,789,TRN-DB3306517B22FC70,REC-02C40E79FADFCCD6,A,1
MOPD-28390BCF2AB9C53E,790,TRN-5B33A45007B52CC0,REC-E1FF7E7DB67245C1,C,1
MOPD-459E2FCA16D286E4,791,TRN-A4F040728070F5C3,REC-C953DD44B1442217,A,1
MOPD-99E12B01D9FFEB08,792,TRN-EEA55BC5790C36F2,REC-028C2E853337532C,A,2
MOPD-8BE638B47E05043E,793,TRN-EC75C78A74D89866,REC-8CD34EC3B93DA73B,C,1
MOPD-2D828778FEC389E4,794,TRN-0250E27DF0AB5F61,REC-F2F46CCF36D987B7,A,1
MOPD-DBF2C088D5B98F35,795,TRN-E5F43B9F417FBEBC,REC-D4EC2C9DC46CD54E,C,1
MOPD-1CC3AAEB4F886ABE,796,TRN-7AEACB89647C8809,REC-B3027AF78DBA51E8,B,1
MOPD-A68C2A8D636DBF25,797,TRN-1E7E2F552BFC4A8A,REC-6D57EBDC117F54D3,C,1
MOPD-F8CDFFA0557C10D3,798,TRN-8688BD3284C07EAD,REC-7D0060E9A908228C,A,1
MOPD-BC3496B321C370ED,799,TRN-AC2520B9744B77D0,REC-52CD39161F0FFFA3,C,1
MOPD-0462651A822B4239,800,TRN-8D813CFD9B04FE21,REC-A1CB331B59898646,C,1
MOPD-17CF8F2D62D835CC,801,TRN-81688AEE4BC43B9F,REC-AE3E36C53CB41371,A,1
MOPD-B852424C08076C20,802,TRN-E0A781CB7D675DFD,REC-B622E785FFFB1995,A,1
MOPD-FBA6C48D1504093D,803,TRN-31527E85B2DABBF2,REC-BAA2C41B448E5D22,A,1
MOPD-C1B8BFD8DB5A3A52,804,TRN-BA834D87E9A6330C,REC-EAC564525C4809AF,B,1
MOPD-6A0F57E8730DC3FA,805,TRN-9D36F58376038C09,REC-CED8FB8303F1746D,C,1
MOPD-6792588F4E8A91B3,806,TRN-DE26D1611E75A514,REC-EB916AEFEF480AAD,C,1
MOPD-794193973A745D80,807,TRN-24726D7B2F26F253,REC-2B207283ECA273A4,A,2
MOPD-ABBEB428FAB66385,808,TRN-B01C76AF01ADF2AF,REC-45EFC9973436C350,A,1
MOPD-A8965236338C97F6,809,TRN-E3B9D34723555DF0,REC-FB595B02A4D6D3F1,B,1
MOPD-904DBD4DE876FF7F,810,TRN-4B9500176BDCE72A,REC-A128200AEB00ADB2,C,1
MOPD-2F527647ED15D59C,811,TRN-51AD740491DF2B0C,REC-3879E97A0AF919E2,C,1
MOPD-47EE8A089166065C,812,TRN-659E710199041329,REC-67511B680932E0FB,B,2
MOPD-482BBBBEEC8CFB33,813,TRN-5670A5044A648692,REC-757B31DD6E00F60A,A,1
MOPD-78B3B6EA135CE654,814,TRN-E6E795F36D1B07F1,REC-F8BEDE26C12808D1,B,1
MOPD-DCE4C224C83926FC,815,TRN-0B8FF9EB1C622D0E,REC-9730726B5FAB8920,B,1
MOPD-699DEB90B22B0A48,816,TRN-CA9086DC4983F5BF,REC-4FE5AEF8762BF70F,A,2
MOPD-71E6638757821444,817,TRN-BC8B1ED29B2C0032,REC-7E3582F05C962F6A,C,1
MOPD-41508418E0F55863,818,TRN-537354BF8029EE6A,REC-378A4F66AF05DD02,B,1
MOPD-2F3A1D41ABE4888D,819,TRN-CA0AC5E1A6AD6473,REC-1964A6785536088A,C,1
MOPD-A489973DE3505D4B,820,TRN-4C406CEA37A4EFB3,REC-B1438D70B4119DD5,C,1
MOPD-23D9C55CF6B6A9D4,821,TRN-FFBD1FB01525CB4D,REC-9ABD950B217B442F,B,1
MOPD-D9F8C8BFC5B42E48,822,TRN-0C1F7EADDC4B2546,REC-7694C710D49C5AD1,C,1
MOPD-C048FBC8D978CC7D,823,TRN-004EF7EB2A58BCE2,REC-D640F035D004C92F,A,1
MOPD-A0A03ADD057FC05E,824,TRN-F6DEFB0973D36C40,REC-B76D61667D149DF9,A,2
MOPD-3428C039B2D9E08A,825,TRN-E0C080D7584B3554,REC-504595051B234AB7,C,1
MOPD-A0A3BC47C99B0A0C,826,TRN-7010340C179CAF7D,REC-20695065A470FF61,A,3
MOPD-A583197823F06047,827,TRN-8A7C9D47E1019AF6,REC-475AF392B59FBABB,B,1
MOPD-CCEFA7608DF790F5,828,TRN-B3DE7C8968B7BE51,REC-25E8DAAA37DAC617,B,1
MOPD-1CB754CE2105569A,829,TRN-01564B7C4CA9DC8C,REC-EE3BBC60060DE989,B,1
MOPD-D0F7DE4C5CE2E75B,830,TRN-5C00528904E30B12,REC-662D53308AAE2AF0,C,1
MOPD-19F2BE39047838B4,831,TRN-0F2973D73D81CB45,REC-710A0B8141B5DBF7,C,1
MOPD-AAB8AA6D6E59813F,832,TRN-7C844CC2ADEF3E3B,REC-D70C907AADEDC7F3,A,1
MOPD-8B0CDC575A5CED84,833,TRN-53038F69DF0E4A53,REC-2F2E72CC4884B655,C,1
MOPD-82557E91D280FFF6,834,TRN-61335761F502A3CB,REC-B58FE4E9B84A807A,B,1
MOPD-D08ECD4CE65CAFC5,835,TRN-8004A797C0EAE67D,REC-54BAE52E8AF58A4A,C,1
MOPD-6BE77EBEA9EAC683,836,TRN-CED317885EE44546,REC-39B56F472AC1E9A0,A,1
MOPD-5021F15326AB716C,837,TRN-AF853C3105CC5B97,REC-2F18C83B190F4000,C,1
MOPD-CB32A30E40DF7EF6,838,TRN-D5952D4D41B0138F,REC-E7233DC282588AE1,A,2
MOPD-6B34CFE5EBD55BE3,839,TRN-BA96FC8CC7746FF0,REC-507055F66ED316E6,B,1
MOPD-9170A4F8D4071DA4,840,TRN-D3F78C81837A48F1,REC-8E087014A87DCE06,A,1
MOPD-9FCE094B947BD5FC,841,TRN-363443861BDE815F,REC-A6D134A0579C4157,A,1
MOPD-18770406EEF53087,842,TRN-069B342EB5EBFA78,REC-F02CF6EB04018EAB,A,1
MOPD-3EC451DE786ED86E,843,TRN-3975EDCD503E1237,REC-1C2F68B309B957BF,C,1
MOPD-D587C42F3636A888,844,TRN-871411FCD7AEA4D2,REC-E7219B59B5423AE2,C,1
MOPD-6CC101B02B62317F,845,TRN-4DDDFCA0100FCA89,REC-5FE6688157834C44,A,1
MOPD-CA1FB5798D09804E,846,TRN-C576E836C9307ECF,REC-10CF1957FDD0FF75,C,1
MOPD-61AFD68BF775292B,847,TRN-7FFAD27F3C141639,REC-078F3A8F3E7C216D,B,1
MOPD-BC54CC92A3E371C3,848,TRN-70A45F18438D4D26,REC-FA412A85A0F7044E,B,1
MOPD-73B73709C4EA8663,849,TRN-16DEBD756FF9CF71,REC-86D1599462B187DA,A,2
MOPD-ED05E2C3A14B9081,850,TRN-88351D9F82EF69A2,REC-404D3DC1C2F71B62,A,2
MOPD-E2468F8D5590CF04,851,TRN-76219B3958694835,REC-744168566E3E61DC,B,1
MOPD-0D56819A63E7C0C0,852,TRN-95AEFCDCD5D61C4D,REC-8722664CE3470D4F,A,1
MOPD-EA538D90013D8E33,853,TRN-8777C0D3A8D2335F,REC-9591597BC3F24EAB,C,1
MOPD-A421E6ADF65A84EF,854,TRN-214D6E0AF9A67AFE,REC-9CC21DFE356C3322,B,2
MOPD-2974495D74DBF804,855,TRN-BFF373573C26E05E,REC-157BAC59850749C2,B,1
MOPD-E7CC02B57209DA07,856,TRN-60E35A500032C427,REC-4E757E4E31279908,A,1
MOPD-209FF2568522D876,857,TRN-A86A24CA603FD100,REC-7C01F34A7638F9C2,C,1
MOPD-34F869A1971D5B9B,858,TRN-A0661B44EABA49F7,REC-9D030B17EADF0DC1,A,2
MOPD-4847ED09C56AC229,859,TRN-643ED6425DC0BCC4,REC-91AB866EC7420677,B,1
MOPD-E361F0D8B8C8AAEE,860,TRN-63FAE6946ECCD491,REC-988B60CD07F7E3A6,C,1
MOPD-227874C2DEBE3A06,861,TRN-000470B715FE3BBB,REC-B2C00B85F5F861B5,A,1
MOPD-E14DD6AFAE384EE2,862,TRN-03D700713A9952AB,REC-EDF8DF59B7F97A74,C,1
MOPD-C183BEEAFEC69276,863,TRN-72594FD5DA257D05,REC-520D44C08E36C4DD,A,1
MOPD-E722B0763FBA42E1,864,TRN-84A6AEE5277123EC,REC-BCBD05DD0F9F2574,B,1
MOPD-5DFAC76FB2EE34BE,865,TRN-EB760FB4B94AE0E9,REC-64A57A98510A149A,A,1
MOPD-8A8FB98B4E2417A3,866,TRN-20E8FF0E5B65D890,REC-1574AE6872DBC735,A,1
MOPD-D9EA1E4BA29CB8BD,867,TRN-6ACB8BB958ED6D15,REC-515848C205865719,B,3
MOPD-B80BF206B4FBD90C,868,TRN-ED776249A679A325,REC-436839510C541225,A,1
MOPD-7305AC94B7AEC390,869,TRN-71BBD34E365FAA56,REC-F6A6BA93A73209DE,A,1
MOPD-338B3BAF92E500C5,870,TRN-526E4197D3959B07,REC-B67B4DB1A1F6F74D,A,2
MOPD-171F97DB8FD42C9C,871,TRN-14D0320F8946D4D0,REC-B12646D1B0DCC7B8,C,1
MOPD-6FAF9DA86A8FF0BD,872,TRN-335C8CF59E16871A,REC-D695E980679EFC9C,A,2
MOPD-B829D8987C7B6241,873,TRN-2DB3E560A59A9C60,REC-778946198A0C49F3,B,2
MOPD-641643776FA2AD2A,874,TRN-D1B32E310EE285AD,REC-E23FF61B157B7317,B,1
MOPD-485CAB75887D3ED2,875,TRN-E54CDFA8C0B8F2CE,REC-3F958025F2E5A5C7,A,1
MOPD-DB0A158FB76320F0,876,TRN-75025A9B666A2626,REC-0FF16F625F72B078,B,1
MOPD-00E52681340B3ACD,877,TRN-E7807BED1BEC596D,REC-F9BA58842FDC9B40,A,2
MOPD-FF06CF5569E4C177,878,TRN-9909C4029D552886,REC-B6AACEA3A9FFF988,B,2
MOPD-C9C86BCDBAAE4792,879,TRN-533AB42E4F85F7C4,REC-5F60D81A0BE042C2,A,1
MOPD-0CFABE57F12BEF91,880,TRN-678AE6B58DA9D0F1,REC-EB4E44857652914A,C,1
MOPD-FA81B7F4FCF138C7,881,TRN-B86D718AFA353130,REC-17C9DE15C730AA19,A,1
MOPD-17ED9D0065300D80,882,TRN-CCAF994DD6BF8AEE,REC-6822E805F148CBD9,C,1
MOPD-58AEFEFBD65EB08B,883,TRN-C92B63258DF41880,REC-99F392E1E61C01C0,B,3
MOPD-1A934384E46AB314,884,TRN-C1D1C8987D7AEDC7,REC-21B4BD0E2FCF4E54,C,1
MOPD-2BCC0529AF3F56F9,885,TRN-02497F5F70CDEB8E,REC-1116B99D9EE1F3E0,B,1
MOPD-BF90E76C20EC5D31,886,TRN-5C68EDDC6E0DA5C7,REC-17FD264C0AB3B24F,B,2
MOPD-5AE9353761129070,887,TRN-D7D302227A8C67D5,REC-49FC3B36F2956E26,A,1
MOPD-3B618937B503CF26,888,TRN-8FF1354462345D39,REC-79039D438241EDD7,A,1
MOPD-27809B4D24D01B2E,889,TRN-8212018D8DCBE205,REC-59A4A8FD9C363CB6,C,1
MOPD-314BDD3462CA3315,890,TRN-86AF9CAE4966B20D,REC-04C132C3E6BE4C23,B,2
MOPD-E309A6949F97222F,891,TRN-1AAD19BB1A5857B9,REC-8D05C1AB1DC78704,C,1
MOPD-779F53208ADC3519,892,TRN-2606FD9F7208E65F,REC-32A49C4384C22688,B,1
MOPD-C9309BC5EBA8C8A5,893,TRN-FF8D82BE171567E2,REC-C8FFDCBE60301113,A,2
MOPD-1978C4752003E59F,894,TRN-B5E7F9F7382CABA9,REC-D95150D8425BE01E,C,1
MOPD-5A2A6C0CFBF137D7,895,TRN-34BC1499DBB97567,REC-EF9CE723C8DA922B,C,1
MOPD-FCB3AAB96943548E,896,TRN-B25D2C3AB251A449,REC-E4D886E3D9DD8A9B,C,1
MOPD-63678758CC304F2D,897,TRN-85382D4625AFF779,REC-F99C601A3E43295F,B,1
MOPD-70B713C31391D96A,898,TRN-34A9BFECAC96D253,REC-0AD26F8BA9BCF132,B,3
MOPD-DBB6524E8D47F5AF,899,TRN-126A63EAD42BB71B,REC-B886E8BCF7EBCDFA,A,1
MOPD-A29689ADAD5B7E1D,900,TRN-45192E70F65E1120,REC-43A9612AF738081C,A,1
MOPD-09B9A8CB9298782B,901,TRN-E25F8B4FD0993CA1,REC-61196DB9E49482A4,B,1
MOPD-C9064E161D4E8709,902,TRN-3E33D34FEE9CF709,REC-C58E22E13F13D3E0,C,1
MOPD-D9710C017512B32D,903,TRN-6CC3A576CCCA6753,REC-E85EE518EC26430A,B,2
MOPD-484B6AC3A9C63B1D,904,TRN-B84422165AF2200D,REC-1F8F141E91D0AC75,A,2
MOPD-1FE23866E9EAB0B8,905,TRN-F02C13243D7B83AF,REC-B6596DA0466AD86E,A,2
MOPD-7161AA479A1A0700,906,TRN-C9C8CD1049454F96,REC-2C39B4E77DA3CB36,B,2
MOPD-7CEB465ACBA8CB91,907,TRN-48CECCC43C1B9E9D,REC-FA08E0D80B491451,B,2
MOPD-E52E91B4F521D1CC,908,TRN-B8DD4233BDD6D4F1,REC-3CAD176C49DD8402,C,1
MOPD-241B0095DBD89449,909,TRN-0F46C559D7CC748B,REC-5BB2DC49E4ECE95E,A,2
MOPD-A82B3C366749EC21,910,TRN-0805A45895AA6BC0,REC-6144A899DBB68458,C,1
MOPD-93938CF239B9EA52,911,TRN-2D4D27B7D2774217,REC-C0E368D512FD83FE,B,2
MOPD-32DD8951DCEB623B,912,TRN-7C67C108BC68B339,REC-B5DA799798BDD8D4,B,2
MOPD-070615B98EFB3013,913,TRN-5316502D93C1A5EA,REC-68AD8EA0D181C3B5,A,2
MOPD-C216CA2ADE3F2D20,914,TRN-7C10A67A8E23CE77,REC-6C1E1D51EDF496A1,A,1
MOPD-14E1D57FBED90E2F,915,TRN-80F3BCDF8C08A510,REC-A1BC88FEE486579C,C,1
MOPD-8D7BCE6037F354AF,916,TRN-EFD47EC93E695E25,REC-5922C44AE04FADBA,C,1
MOPD-E177882DE741BC35,917,TRN-8590FD3C9141BB58,REC-C7F0225C9908233F,A,1
MOPD-270448016F2ED896,918,TRN-041EF1FD28720A5E,REC-6BFC2047A7A6A88E,B,1
MOPD-E442490612D43DDF,919,TRN-80466A6E32088094,REC-FA64BC514D1083A9,B,1
MOPD-4EA341F564FD7EAC,920,TRN-24A5C7F4EB3ADC2E,REC-4A261331F99FB914,A,1
MOPD-207D7E6B70B73050,921,TRN-9989D9AF46AE7536,REC-D91784592F7CACDD,C,1
MOPD-3C418496FFF29520,922,TRN-BE9DF58201E6F4A6,REC-F198CCC14D63D883,B,1
MOPD-B73A8D5108C9791B,923,TRN-4A59E49E3A806F0B,REC-FB3274D3B2D71574,C,1
MOPD-C531E3EDEC5CE3BF,924,TRN-158F46491727C007,REC-5D6C11A773F3AB6F,B,1
MOPD-71E2391A2C1C5D33,925,TRN-C327F42E42A4E567,REC-B9A4DE52E72B1677,B,2
MOPD-2425C3F30F3CD996,926,TRN-DAC96C5F827DB93D,REC-FA642AD9B3DE2421,B,1
MOPD-8C33BA4ADDA6CF72,927,TRN-0A313803711E2C92,REC-13C4050A2243A038,B,2
MOPD-49922CE8D4D39A15,928,TRN-2866913FCB978C16,REC-B770F547FB67F984,B,2
MOPD-188C73A65E1C5882,929,TRN-A4DF27133C630316,REC-9EFDF4546825B59C,C,1
MOPD-748F408754C918DC,930,TRN-39E0FE8CAE8E8264,REC-7C63E9BC67CEE92F,C,1
MOPD-E94C2B7B2B54C0A4,931,TRN-E38D071A166003CF,REC-87E453A5FCD05D4B,B,2
MOPD-E3A428599A1BA7E1,932,TRN-0250E27DF0AB5F61,REC-F2F46CCF36D987B7,A,2
MOPD-2014E23D810793C6,933,TRN-85382D4625AFF779,REC-F99C601A3E43295F,B,2
MOPD-D5A16679540C55BE,934,TRN-EE4F3C8253205156,REC-CADF5A0F33DC649C,A,1
MOPD-ACD8C318FD520582,935,TRN-6CF5CD5B85A729C4,REC-4DC23A30F9D4F5F4,C,1
MOPD-CEF9B50C924C3DC0,936,TRN-03A40B134B795BB5,REC-596F1452FF766D0D,C,1
MOPD-0BD07540C4554D99,937,TRN-F79A6CDB8E1AC08F,REC-A936783589B9F283,C,1
MOPD-450821F3F19D46AA,938,TRN-070863BCCBBDE47F,REC-D2A968084E395E94,C,1
MOPD-E3843C3836C2E21D,939,TRN-E43FDFF8413CFA9F,REC-8C35B793066AD7D8,B,1
MOPD-397B70CC0A04D3C5,940,TRN-F175580D0805ECBA,REC-DC4DA752FAAB88B6,A,1
MOPD-22967A9BBEBDEF0E,941,TRN-115BC482BA5DDDCC,REC-676F0387F7AE5E28,B,1
MOPD-75CADA0817C497F9,942,TRN-8302631B7EAE4198,REC-1019A7D5FD78FF72,B,1
MOPD-AAFDD8FCD92172CB,943,TRN-325FB0F392E6D51F,REC-E30DDE789D979795,B,1
MOPD-5D936382C1E56A4B,944,TRN-555D91AF86F11013,REC-7A22868F1A91A6F9,C,1
MOPD-C6A72D92A7E5CED3,945,TRN-3E5C6EB2CC825D66,REC-33855D53E3980B65,A,2
MOPD-DCE2A05928E4A090,946,TRN-20E8FF0E5B65D890,REC-1574AE6872DBC735,A,2
MOPD-D0BB038801EE0837,947,TRN-6580F088D8CFCBEA,REC-60D302416AEEC6B9,C,1
MOPD-0F4B29F762BB550B,948,TRN-CEF30B1DD15DD0AE,REC-7D3279B9B354BEFF,A,1
MOPD-76744A0E2D94270E,949,TRN-AAD319A0AB8F8395,REC-078F919A3B68D5E6,B,2
MOPD-5B4A9C3B783A7D29,950,TRN-5492BAB4956228A2,REC-5F82375757ED7C57,B,2
MOPD-7211D3FBFF520E16,951,TRN-D21B155D84968614,REC-A4BF491F75A95B70,B,2
MOPD-B9E8336C8EA4B03F,952,TRN-8DB2888E491063D1,REC-C9489B0A57F83CD9,C,1
MOPD-90BC65C7C597EAC1,953,TRN-928733197C2DC8A4,REC-A8109B7318352733,C,1
MOPD-E6F07C831133A535,954,TRN-8F66F23A247AEED4,REC-1CDF7773C1572C98,C,1
MOPD-D314CB5268C01F8C,955,TRN-DD3CC134F49288E0,REC-7E4BBCE92A141D33,C,1
MOPD-256744299905747F,956,TRN-F71B53157A76815A,REC-94E0346B2F34A0A0,B,1
MOPD-29D19294C4C5FD85,957,TRN-F3ACCED737B0B42C,REC-84885F73069FABB5,A,1
MOPD-049521867A5C95BA,958,TRN-2B3C9E653F8D4102,REC-0E95AE4CB31042FD,C,1
MOPD-E869EB4F8CD17350,959,TRN-2F35EC4D9A97330B,REC-E1A697ED2D6BC005,A,2
MOPD-3F6FDE281EFC05E2,960,TRN-A6355D25CB6C82A5,REC-45EC69CE19492B3E,B,1
MOPD-D97A450375994EA7,961,TRN-2D534FB548F7C581,REC-84C5101407093F71,A,1
MOPD-026F5CFDE381A5D5,962,TRN-402648E54CE1E862,REC-911001323BDD0D32,B,1
MOPD-646B7DC63C00D8B1,963,TRN-42DC71B3FF4E34A2,REC-01AAB067289CB116,C,1
MOPD-1BA994A02D5A69B8,964,TRN-D68BDDD8AA9D938F,REC-B2FF66F359BF1B11,B,1
MOPD-76E3170E58A90994,965,TRN-B31A8AC5059B1CB4,REC-617A43A73B1DF751,A,2
MOPD-BDB19C6A5A7ECC57,966,TRN-EE38D73BE6B3C35C,REC-056059F13F08E9A0,A,2
MOPD-24F5AC58B9301485,967,TRN-5CB6D61104F1DA6D,REC-1EF8FB08DAD75D2F,A,1
MOPD-E6C176BE74E58DC4,968,TRN-772F1B2E21E094BC,REC-778F753A5501C458,B,1
MOPD-DC6274657389FE45,969,TRN-555CE53D09CE9C76,REC-1F23BB974928A87E,A,1
MOPD-51C53A0ED3B75B99,970,TRN-F1441D0491DC7E05,REC-DCFEA1123AFB78CA,A,1
MOPD-3F5347B250EE7511,971,TRN-D117BF53733089F6,REC-00367EB32B89E9EC,B,2
MOPD-633FB86D477338E2,972,TRN-BB3436FACBA3BFC7,REC-50709F1EA08F9425,B,2
MOPD-A774C245150C0DDA,973,TRN-64EAC9A9263E624E,REC-5338B782FC5C32E6,A,1
MOPD-25C4B52D4DBC3664,974,TRN-54F2AB459ECC35C0,REC-D55D016FDBE87D58,B,1
MOPD-6D7D83F5EC194D09,975,TRN-B89990820777FF0C,REC-43CDE4B77F4F2B28,A,2
MOPD-304223CAAD87F7F6,976,TRN-E28B1DB4143F53B8,REC-844A8B3635BD4574,B,2
MOPD-9FEEA49B368454F9,977,TRN-E69AACA3F0DD35CC,REC-8B152EF2730D96B9,B,1
MOPD-8B07823A92BADD2C,978,TRN-92EF237DF7ADE71A,REC-CBDA9CBCFEDEA1E3,A,1
MOPD-21B3611E762BC974,979,TRN-71BBD34E365FAA56,REC-F6A6BA93A73209DE,A,2
MOPD-06D2CFD9902D199C,980,TRN-C0CACADEC13F5A6A,REC-6B105F0D1876E5CA,B,1
MOPD-32A77F7073472F2A,981,TRN-43D92ACB1660D6E2,REC-8EDFFA65E8555A8C,A,1
MOPD-48D54ED7ADCB6349,982,TRN-50701E64CAD88FFB,REC-9AC4EB15E86C2FC7,C,1
MOPD-9CDB595A94D7C43A,983,TRN-24AAB8E32915E168,REC-3A2D1DC1B04A8728,C,1
MOPD-02223A35D58AA614,984,TRN-387717FB2132D26B,REC-F97218886605527D,A,1
MOPD-20AA2A55A4D4F873,985,TRN-2A4B95A0BF5A12F7,REC-21AD6B14FAB1E289,C,1
MOPD-41241E18D2264B86,986,TRN-94244C479D374C68,REC-E29621090CDA1DCB,A,2
MOPD-294F0429A3E73B8C,987,TRN-8F99AF6C32D5CDAB,REC-FE7F7EE30520298E,C,1
MOPD-D4217F0789E0BB6C,988,TRN-E63E3D4AAE50CA51,REC-1D152A95BBE85F01,A,2
MOPD-8225967338120165,989,TRN-0A6311882239466D,REC-30BB71705E4F5443,A,1
MOPD-B97E1EC766C82EA7,990,TRN-6B32262B829F96C0,REC-CE14215C009A05E2,C,1
MOPD-08BE39F949C3EEA0,991,TRN-ECC5A80646398CDA,REC-9F305714FFAC16B3,C,1
MOPD-BA5724E835E82089,992,TRN-0D3CA0438F8875BD,REC-1CD44DD72AD59342,C,1
MOPD-B5DD568A6F4F882C,993,TRN-B588E99BD9A6C0CF,REC-99A730436733F2B8,C,1
MOPD-B1A75012033D7B5D,994,TRN-4F1845EE4972DAE6,REC-4EB79427687D4552,C,1
MOPD-349ADABB8A964C22,995,TRN-2A3006EE75435E66,REC-329B1E026F45FB3E,B,2
MOPD-533F2FF1E0B5A636,996,TRN-36221B7BEC9C2C34,REC-1F5BB543562354CE,A,1
MOPD-3071F20251B06FC1,997,TRN-6CEF477C7FCBC4C0,REC-F8E05B6CE5FFCAC5,A,1
MOPD-C017AF59AB975128,998,TRN-6E3964E9F99381A8,REC-B9D61387D003B817,C,1
MOPD-035DC4DE11D96193,999,TRN-22159B32AD16D41E,REC-E0ED4081282AD135,B,1
MOPD-F992A1A6204D965E,1000,TRN-1770CA321E85BB13,REC-D8728DB6C4982D0C,B,1
MOPD-78F38AC6CFDB0C78,1001,TRN-EC4C65F7357AAD83,REC-D86CADC7944F2933,A,2
MOPD-F61107D125343280,1002,TRN-4FBB343ECD89882C,REC-75C0BE42A77D912D,B,1
MOPD-2D6B37A73DC0DD73,1003,TRN-C098E0B0F4327ADE,REC-267673E98EBAA640,C,1
MOPD-017861A865746611,1004,TRN-36FFFAA3D9FDFC7D,REC-CDE1FA789CD105D1,C,1
MOPD-E826297C5E3507A7,1005,TRN-7F4558BB3EFF39CC,REC-E91C789441718212,B,1
MOPD-38E72C548A77F5BB,1006,TRN-00609AE00BF09232,REC-5F63C00BC1DEA0EE,C,1
MOPD-40E7F400D383F250,1007,TRN-9B336C22711040ED,REC-397705B728ABE7EF,B,1
MOPD-AA1F57EBD71B846E,1008,TRN-960437A0AC91004A,REC-C2F007DB3DE953EA,B,2
MOPD-7B0633FF32A12C13,1009,TRN-76ABDF016785D4E3,REC-51E450367563B258,A,1
MOPD-36113847F85C1C8F,1010,TRN-E3AE07090DE999F8,REC-1210C392DA252C84,B,1
MOPD-2BC2558DCAE7D4A4,1011,TRN-434E154D822BF1D6,REC-688591CE2FE0D8B8,C,1
MOPD-42BE1752D216AE58,1012,TRN-AC3E019D18C2035F,REC-BB895C6920CFCA15,B,2
MOPD-26978198FC75A38D,1013,TRN-89BF476CC91A2F8C,REC-54A043ACDDF55E4B,B,1
MOPD-AD9A268CEB4FC972,1014,TRN-537354BF8029EE6A,REC-378A4F66AF05DD02,B,2
MOPD-EA6EAA854E9D5636,1015,TRN-7587EC6ED711C6B5,REC-380029EDFFECC38D,A,1
MOPD-251572E3FF949520,1016,TRN-90193FED8E501340,REC-C0048BA2525375D8,A,1
MOPD-7BE4CE101A6E75A8,1017,TRN-F27ED0E33BA97E9D,REC-9A8EA90BE3BA1244,C,1
MOPD-3F048315C0FF7351,1018,TRN-A2EEDEA25E74D459,REC-4315F37FD2A12449,B,2
MOPD-3C43C3032B6F4E7C,1019,TRN-8B7EB1B7E8C80839,REC-005701345AB4DE38,A,3
MOPD-CF706B07C99FEA35,1020,TRN-ABCF843E60B06ABF,REC-EA7BD62B4B22376B,B,2
MOPD-9B2DE26CF871AB33,1021,TRN-FA862799FC864B55,REC-B41A09872E720ADB,C,1
MOPD-E751F3FEB3CF4A9F,1022,TRN-66C2EFE04836055F,REC-6E0A5EE00112342B,A,2
MOPD-CA1DCD28EE2FC865,1023,TRN-E1495BC6D4551298,REC-1D85D6A68CE24E28,A,1
MOPD-09666BDFAB0618BC,1024,TRN-553C94CDDF2C6DD8,REC-D74BFFF204A22613,B,1
MOPD-38E4B82F9883D438,1025,TRN-8688BD3284C07EAD,REC-7D0060E9A908228C,A,2
MOPD-507A42F1B844AD1D,1026,TRN-803FA6273F160426,REC-E0AFA557DEC15D4A,A,1
MOPD-93C890B0799D9572,1027,TRN-B2257B2204708DD3,REC-521D696CC84FCE0F,A,2
MOPD-37A29AE224B62EE0,1028,TRN-F8B4302DA3947DE8,REC-DFFC82E249EF3E82,B,2
MOPD-8E981BDFCC0679D0,1029,TRN-12CE96685E1CD76F,REC-6AEFEA8CFB36452E,C,1
MOPD-713E328DDB1590BD,1030,TRN-51063D8B35947FC5,REC-47B034F30DF35D32,A,2
MOPD-21228567E6D6802C,1031,TRN-A915DFF428690870,REC-59FD22B0704AE17D,B,1
MOPD-57B6C8282C17B935,1032,TRN-74915C8432A814A0,REC-BE287C3CC4901361,B,3
MOPD-CFF1EE9E175E98FA,1033,TRN-281D48D1DB819EDB,REC-BCF29FDD050AB660,A,1
MOPD-389756964B8DA2BE,1034,TRN-49A6A7C85BED30BF,REC-F4D93B1A3B63C736,B,1
MOPD-FCB86868820F1FAE,1035,TRN-1B00DF1DC6E577D8,REC-487064179EEF47B2,B,1
MOPD-69CF0622365210E6,1036,TRN-CF93EC152A34AC7E,REC-7C991FDC5AD582A7,B,1
MOPD-9F0B6B72AC862B51,1037,TRN-A43B5A54BED55559,REC-7DEE9ABF29F2012D,A,2
MOPD-D5BA4B3283EBD6CE,1038,TRN-14BAA67EC2894327,REC-F51D5A192E3AEA14,C,1
MOPD-EB54A6C91FB1107F,1039,TRN-9E4FB16CEFEB1699,REC-F9ED060EA220EC51,C,1
MOPD-C7A14BE87E42C5B5,1040,TRN-55947DBA66852C1E,REC-025B18B98539E67C,A,1
MOPD-8BA5DC8B6F57FD7E,1041,TRN-B1A1BB225690049B,REC-F468FC3082FA0C40,C,1
MOPD-78C2C7E01D7DC095,1042,TRN-C5EBA6281101CD3E,REC-DE3F2CAA38EAD31D,C,1
MOPD-6B0E97878CB94350,1043,TRN-5492BAB4956228A2,REC-5F82375757ED7C57,B,3
MOPD-5EF93C594564EAFE,1044,TRN-8A70B94561570626,REC-55024E09BC42BFC2,A,1
MOPD-52B1A00908A4DC29,1045,TRN-96E65E2B021BC722,REC-4057E9FFE15F52E0,C,1
MOPD-4D340BF17C2AAEC3,1046,TRN-991236C7C78A20E2,REC-3DB6118EE7A924B4,A,1
MOPD-424ED09269A58234,1047,TRN-B392C4C3D2635F42,REC-FB057C926E733B36,A,1
MOPD-CDB38632F1142C9D,1048,TRN-1B0D1DA8E42416E2,REC-1EFD392D629FB90C,B,1
MOPD-F908237634707414,1049,TRN-F55543FE2629C7AA,REC-BD6DA1CB395C1178,A,1
MOPD-5CC52090D3149E43,1050,TRN-88FD0C9F83764CA3,REC-7251EBD7ECF5D501,C,1
MOPD-E6774270EC8E6FE4,1051,TRN-95EE8B644237EA06,REC-FC83998B4FAD5984,A,1
MOPD-E36FDB5697AC8060,1052,TRN-3BBA5FA62E9324DB,REC-0A7FF06485F68A0A,A,2
MOPD-1C1BAC7C88C5B773,1053,TRN-97B0EC29C8D52192,REC-F6036BF85673836D,A,1
MOPD-CF7EE5DCE3AB1044,1054,TRN-52209532020B2A8E,REC-3E5E39C868C23783,B,1
MOPD-62F83DDD9CB68063,1055,TRN-C7AB22B27DAA4DA9,REC-1F688E4910A39862,A,2
MOPD-D37DC8A516D89684,1056,TRN-ED545CD8ED5A9BB3,REC-29A35E5FBDE5D95C,A,1
MOPD-DACC75889AB28D5C,1057,TRN-83D3F7A50263E9B7,REC-E12F8078A07C4CC2,B,1
MOPD-404EF196B7A262A0,1058,TRN-F80F97C5FCB8BDA4,REC-6C1DC379640278DE,C,1
MOPD-D6478F4E99AE79BA,1059,TRN-5B9A9A328E8CBDA8,REC-D537B72E1D0B2AAC,A,2
MOPD-7C9470290B73A3CD,1060,TRN-87B9204BDCBBDFBD,REC-E184CFE617C7A4B5,B,2
MOPD-15158149C3743F37,1061,TRN-F82E5B0F94EC6EE3,REC-FE2FCCD513E575D2,C,1
MOPD-18AC940DDBE462C2,1062,TRN-D2B3C2A69C243B7D,REC-21721BBCAAAC3A3A,C,1
MOPD-CF324D4EC7F60385,1063,TRN-C94EB920C213DC55,REC-9997C372DE7C891F,A,2
MOPD-8DCB767D89483457,1064,TRN-0A7D17C6E6F730B6,REC-B252DF562E72DFDB,A,1
MOPD-F381F508BA9B79C1,1065,TRN-A1DF22DCF90E6486,REC-2E641F00576C3758,B,2
MOPD-6CA14BAA3824C8AA,1066,TRN-C50D8077CC77895C,REC-0A2E92F05285AA0A,C,1
MOPD-450F1CCB92C98A19,1067,TRN-50FE4A72C23F3F86,REC-CB832B52BAA24AD2,A,1
MOPD-594C890BFD8CF210,1068,TRN-C7D792707328DEB0,REC-EEE535EB05D224CF,B,2
MOPD-9FE4AFBFBCD81C84,1069,TRN-1E6196F97C387D07,REC-F5DD184589FC10AD,A,1
MOPD-C0665B5DB75C497C,1070,TRN-C0B72496EAA6F928,REC-01332E8FF2DC4F43,C,1
MOPD-1B88E0B74A80DE39,1071,TRN-F337A8053D244B4B,REC-CE7E3F390133A846,C,1
MOPD-09A648731BAEC816,1072,TRN-B98157A7E011E8D9,REC-FBEE808CE2AD13DA,B,1
MOPD-FDB89427165A0202,1073,TRN-A257D3BBE0923CAE,REC-6C3EBAAE1F369F65,A,1
MOPD-3A4A8B4FAC0425FA,1074,TRN-91493567AD2B8792,REC-7CED5419F3D6221C,B,1
MOPD-1349DB1B8D5812F4,1075,TRN-33E983B672DCD72B,REC-2B9AB3BB44104B85,A,1
MOPD-F4EFCD07BC0181DD,1076,TRN-90FA588A8DDD8E76,REC-1ED021467450EE05,A,1
MOPD-A35282FF9362DF28,1077,TRN-7FA5E283B16F594A,REC-FE417EE4A86B22E6,A,1
MOPD-165F99290545BBEF,1078,TRN-1797B9C92C44D2E7,REC-D21C019E53947DF9,C,1
MOPD-66F5FAAF0D0597B0,1079,TRN-2B97461DBC1C600B,REC-7D9B75FAC8F71A9D,A,1
MOPD-4C831758ADEC52F6,1080,TRN-10A03C174AD64769,REC-C6BEC07AB9A1132A,A,1
MOPD-8D5B433617D172E7,1081,TRN-B1EAE1CB85886097,REC-2BCCEA611C3ED919,C,1
MOPD-329029FB3A58494F,1082,TRN-86103873151642ED,REC-A94EE0F39B267EE1,C,1
MOPD-6175CC67ADFC32F0,1083,TRN-CB6B79D040B7CAFE,REC-6C37AD67FCA8F8EB,A,1
MOPD-E056164215B5468D,1084,TRN-90EC114B1B107816,REC-BD1896623FFD6C81,B,1
MOPD-799DB776C27DADDD,1085,TRN-3D50AB6D3600887B,REC-C08958B2D9C8A402,B,1
MOPD-188A3B9C7D130E65,1086,TRN-6603FC3A35F137BF,REC-302872D893D5F2E8,C,1
MOPD-01C6240989CB7CD6,1087,TRN-A104F8663D0765E8,REC-93A6A2CC86660BF5,C,1
MOPD-DDCB9AE744EF4232,1088,TRN-F531AAA6776EC3BA,REC-F2BFF438C1FCF3E7,B,2
MOPD-CF95C8D4BE66A6E1,1089,TRN-279D842009A262D9,REC-C8CD1641E75FFAC1,C,1
MOPD-A9966D1C582CCC1D,1090,TRN-E1660BF58FF99CD1,REC-76B5033263DF6801,C,1
MOPD-21C07B9F834EC2EB,1091,TRN-93B9AD6CD890346D,REC-2051ABAF05D079F6,A,1
MOPD-8B8F726456AC8640,1092,TRN-62A8B2393EBE5D1C,REC-2DD11F0DB154132B,B,1
MOPD-75DADD1DD30FCEE3,1093,TRN-4B62538C9A471848,REC-B18A39095E312BAD,B,1
MOPD-99929D71CFAECBDF,1094,TRN-EC0C58C395DF4970,REC-830DAA8A4EBD12C1,B,1
MOPD-C532F4F4928B3FFD,1095,TRN-7B58EBB0613736A7,REC-1D457106AF690A3D,B,2
MOPD-730DC8389AAF045B,1096,TRN-36D55BB367522E3A,REC-679115FD9F42D5C0,A,1
MOPD-A89ABC5AC03E8189,1097,TRN-4ABE6D271D5B454E,REC-2A5A99CAB5AD012E,B,1
MOPD-0F058059BB590D48,1098,TRN-391E81CD51BBBE12,REC-AA104E67A0FD8CEA,B,1
MOPD-091C473ACEC877E9,1099,TRN-0F4482E7CC8E52B8,REC-EF46577087F58E11,C,1
MOPD-678C835576CFC2C1,1100,TRN-AA44148EF36F7C64,REC-ABD16225D313ADAC,A,1
MOPD-AC1C286F1B92D263,1101,TRN-F07C837CED801DF3,REC-72BEBA10830E827F,A,1
MOPD-37AED8408B6CAF8E,1102,TRN-7F6488EED1487FB1,REC-0B9AE699F4F2046A,B,2
MOPD-67C4A546820831E1,1103,TRN-962D33D360144267,REC-C8567480A7CE4152,C,1
MOPD-6990DE4899AE8525,1104,TRN-93119F212A80DA66,REC-92FCA753E7D6AE02,A,2
MOPD-4D5D6D19E979627D,1105,TRN-AA818A55A0A61C0A,REC-2A4F70F7C39CD215,A,1
MOPD-C9BFE0831E33C974,1106,TRN-A7CF1FF1D63DA911,REC-B893AD273EC456F6,B,1
MOPD-563C1369D9CAC502,1107,TRN-015CF12182869E6B,REC-82DFF7077F7A0E68,A,1
MOPD-1AC17EE18C9883A3,1108,TRN-BE9DF58201E6F4A6,REC-F198CCC14D63D883,B,2
MOPD-BA3D974EFCFC9545,1109,TRN-E39FA775FD76346D,REC-41DF7C9603D7E729,A,1
MOPD-540EA2AAF9D79D25,1110,TRN-0F0CC2CE7CB3F821,REC-CFF5758CB6E463BD,A,2
MOPD-090151BC7CF87FB6,1111,TRN-B50741A4F5DEAE83,REC-DFA28DA6D2809E17,B,1
MOPD-DF51D722816884E0,1112,TRN-F07C837CED801DF3,REC-72BEBA10830E827F,A,2
MOPD-E5663DE32D23A1F4,1113,TRN-E3B9D34723555DF0,REC-FB595B02A4D6D3F1,B,2
MOPD-C62E0D849C8A2033,1114,TRN-ED545CD8ED5A9BB3,REC-29A35E5FBDE5D95C,A,2
MOPD-E07D88A40B609FB9,1115,TRN-59E8DA8EB232F373,REC-DA0A793104A4D7FD,C,1
MOPD-63251AFD7DEF8A1E,1116,TRN-6F2C65855A13FBF2,REC-73F25D1B25989388,B,2
MOPD-687F2D0E2EB9BC3D,1117,TRN-512FEF63E5C439E4,REC-0873937598B5E863,A,1
MOPD-6AF5D9142DEBF82B,1118,TRN-0AB34BA9C0AB08CC,REC-7B03DC551BD0D051,A,1
MOPD-0ED7E43D7899EACF,1119,TRN-F91A2EB032182A64,REC-DAF6B2EFDA7FAB73,A,1
MOPD-DC11ACFA74B46B55,1120,TRN-BCB1B910947BD9C6,REC-A0F7AA3F6653E392,C,1
MOPD-A17125732AFBCFDD,1121,TRN-F900F3F35268D70A,REC-29D714DD963AF7B9,A,1
MOPD-6F3383AC2A8952D1,1122,TRN-F8CFA4FA9A231F83,REC-6F6E91DDB4C473F8,C,1
MOPD-2388748BF4D3362A,1123,TRN-A6355D25CB6C82A5,REC-45EC69CE19492B3E,B,2
MOPD-54D42774C467818B,1124,TRN-1F5BE0AF79E59639,REC-3D1598A1771BC94C,A,1
MOPD-CB624A33E0FED701,1125,TRN-0EDA5E9E810A70A4,REC-1ABA8AC9FAEE5418,B,2
MOPD-7CFF9E8468E10C5E,1126,TRN-86AF9CAE4966B20D,REC-04C132C3E6BE4C23,B,3
MOPD-52DD45F7490D2D7C,1127,TRN-8C267E6EFD94A08F,REC-FB2F16CFBE7A7824,B,1
MOPD-752A7BAFD8E0629B,1128,TRN-6B079739E11258E2,REC-7578E5F394E4562A,B,2
MOPD-24A3EB4E918EF107,1129,TRN-F2F799DA5795BC49,REC-C244453440DD2369,A,1
MOPD-3F2CA47481C150D4,1130,TRN-1391D7404BAE3934,REC-24494DA1C1E54CFA,B,1
MOPD-5DC3A5FD8F4EEEB5,1131,TRN-3D0579BADDA4DB16,REC-73568A754871D3E4,A,1
MOPD-5BD1615A0636B8CD,1132,TRN-70E200A7357E2F6E,REC-796C28B712BB6AF4,C,1
MOPD-2F33A1A2FFEEA4B7,1133,TRN-E5C936CD231F4F40,REC-64DD8E10647BD98A,C,1
MOPD-FAD9A1561BE0DCB6,1134,TRN-6D32243F764024A9,REC-C3F4BD89B8F30BE3,C,1
MOPD-82B1751709CA6DCF,1135,TRN-624E90B6A436ECE5,REC-C23D9E48E74422EA,C,1
MOPD-C375ABA359D4BE03,1136,TRN-F79BDE6F00D91DED,REC-3AE273751D365DFB,C,1
MOPD-6764B67B26FDE29A,1137,TRN-FB609770694B89A6,REC-F522C8C6E9152A88,C,1
MOPD-6A38ECFD89E629E2,1138,TRN-87BFEC337185A43B,REC-5283B13E6F8624FA,B,1
MOPD-2B93E923135E7157,1139,TRN-85B5F49A0A6456B3,REC-A8CABE4729AF7282,B,1
MOPD-A1AEA4FF1D4FF7F0,1140,TRN-CC05F760D9E594CB,REC-E35C88B51DD3AB6F,A,1
MOPD-D6AC44992722D7D2,1141,TRN-0917D1733E2F1F42,REC-66917D380CEFF1B5,C,1
MOPD-618F9997EDD1C914,1142,TRN-3FB4D6C0E2C4EAF4,REC-4D10E49B2C2B8F9C,A,1
MOPD-0F3F863DAD27C261,1143,TRN-2F03B523DA233C1A,REC-A8CA3699B7E2FDA5,A,1
MOPD-AC30EA83828717B5,1144,TRN-D91FAD1F2722DEC9,REC-02C83462C0BCCA26,A,1
MOPD-600A355DDAF549C2,1145,TRN-EDB2EACCA2928C90,REC-DF33F54EF2071018,C,1
MOPD-8DDB2B217898E311,1146,TRN-CD8772F38045FA4E,REC-FF0622FBFFC2D4AD,B,2
MOPD-3C99CDFE86942190,1147,TRN-E1FBFAED245D2AEC,REC-0E826CB4D4A62307,C,1
MOPD-059BCBCBB4FED52D,1148,TRN-3A84A15C4714103B,REC-286E61691947D0E8,B,1
MOPD-D8CD0E8F4710812D,1149,TRN-62BFAD80F548DE83,REC-9014DC7A4972DDCE,C,1
MOPD-C16CF38B706EFBF6,1150,TRN-10A03C174AD64769,REC-C6BEC07AB9A1132A,A,2
MOPD-35A87A53524499C3,1151,TRN-E0EE27C68DE1D9DC,REC-02A8BFFB6D6A327A,A,2
MOPD-E297A37FF0DDE492,1152,TRN-4075F13F5293DFA8,REC-52E798122FA30BF8,C,1
MOPD-FAFC58B64BE1BA09,1153,TRN-F15E964B1EFFAD25,REC-838E78E12A7F574E,A,1
MOPD-107A1A05121FACA3,1154,TRN-77C32857F0E8BE17,REC-ACC723105836E910,B,1
MOPD-44472666B90CEA5B,1155,TRN-00718408537EBB93,REC-E0E9D283C84B0CA6,C,1
MOPD-CE1212C77443C507,1156,TRN-83D3F7A50263E9B7,REC-E12F8078A07C4CC2,B,2
MOPD-75AE59F4D2914533,1157,TRN-4FA665CD78EAC93E,REC-134BD3BB979941FF,C,1
MOPD-68777AB921D780C9,1158,TRN-76C173560A9B5A54,REC-E9C11E21C1629374,C,1
MOPD-604C46605EF60FF0,1159,TRN-03C0140326CDD64F,REC-AB1DEE48A598FB29,B,1
MOPD-8A9D8E7A92CAA7B1,1160,TRN-66AD9EBB4EC69446,REC-4931FBA5636F7196,C,1
MOPD-BD1E875C4AFEA783,1161,TRN-D40866EECA870DF7,REC-2E13BC73F750F87B,A,1
MOPD-6F121BE02923B6BA,1162,TRN-261BF8BE1CF05169,REC-46404F479CB1FAE4,A,2
MOPD-F0D21A12D2214DE6,1163,TRN-D54C9F92884C1D91,REC-1B2BEFD45E418D6B,C,1
MOPD-03F6CF7C22B44FDD,1164,TRN-DEF0DA5DA9F98956,REC-268091D80DD726F4,B,1
MOPD-2738057E8114DC8E,1165,TRN-79F1CD983F0166B3,REC-521553D26F11168E,C,1
MOPD-7F5D2A91868E8B75,1166,TRN-D5C54EE87025F4CD,REC-65F82952AD1ACC48,A,2
MOPD-35036E9B3EB1C8A5,1167,TRN-A98C8574DF76E7F4,REC-0431059C270E2EB3,B,2
MOPD-1F875BAC879AF127,1168,TRN-D34F8CEF80431108,REC-C906D40CCC85752D,B,1
MOPD-3B0F5F6EDCCB80FC,1169,TRN-9069AB445069E3A2,REC-DB8DF5246BB15FFD,B,2
MOPD-A97A413E0CEDC55B,1170,TRN-605DE85C1C654B77,REC-EC6A45A7285F6778,A,1
MOPD-9E674D94A5A360DD,1171,TRN-7113B25E91AD8853,REC-A064ED217C7BDC2D,B,1
MOPD-1A3E0C370807CDC3,1172,TRN-92D68104D1899059,REC-46A0581D0BE2FF6B,A,1
MOPD-0003B6D5CD29F2F6,1173,TRN-1ECDBABD095340C1,REC-49824A193EA84622,A,2
MOPD-8B5B0DC10D39EA3B,1174,TRN-878C6D4FFFE393AD,REC-BEAE8FFE3FF67A2C,A,1
MOPD-5FBD86D0B308F72C,1175,TRN-B451117966A32AFD,REC-4B3808BDE702856E,C,1
MOPD-442FC0E8664DA9AA,1176,TRN-D3903AFC0D976F20,REC-BAADD2D8A363D562,A,1
MOPD-CD53B657AEE5C68D,1177,TRN-A6355D25CB6C82A5,REC-45EC69CE19492B3E,B,3
MOPD-930A2C38EBF66434,1178,TRN-828CF7D80E0ADB47,REC-591600F942A5A966,C,1
MOPD-DB02ACDBC02768C6,1179,TRN-7FC7793B3CA63215,REC-6018AA33D790E3AF,A,2
MOPD-1C007D0DA71D5E94,1180,TRN-58ED50B434E70E09,REC-9A1C5CBE892309DD,A,1
MOPD-23B1605EDB127260,1181,TRN-49A6A7C85BED30BF,REC-F4D93B1A3B63C736,B,2
MOPD-D55B5521A102EB28,1182,TRN-55947DBA66852C1E,REC-025B18B98539E67C,A,2
MOPD-E30D297B63D0CE0A,1183,TRN-007FF158D422FD8D,REC-1EC8D53A0508BEA3,C,1
MOPD-FA737AEF914FBE43,1184,TRN-2495235CA402A503,REC-4E370CD6432AE043,B,1
MOPD-3775BDE0ABAE21BA,1185,TRN-1093295C1D194649,REC-C92CD3575A765E96,B,1
MOPD-998CF1045F3FFB99,1186,TRN-C03907E4B90E6E2D,REC-44D9EB26ECF82E56,B,2
MOPD-074BA9EC414ACC75,1187,TRN-A8FB0426DE1ADC86,REC-76F2114428BDA19C,C,1
MOPD-5DCE5F5AEC08F202,1188,TRN-864EC010BB08DF03,REC-B5FB469E593CD21C,B,1
MOPD-1740392D19C36188,1189,TRN-50DFCFF78F47C4E7,REC-9D17D039358477AD,C,1
MOPD-F2AF7A2EEA5107F1,1190,TRN-7FC7793B3CA63215,REC-6018AA33D790E3AF,A,3
MOPD-BBDE66EC37FF94EB,1191,TRN-3AE5A5A8F97FB4E7,REC-BE332BBF710372BB,C,1
MOPD-A94B77052136DC1C,1192,TRN-6F959917CB943C3F,REC-A7161BE56696FE66,C,1
MOPD-A75D86D1FBDAA204,1193,TRN-22C006EDB9EFA248,REC-08F9AB0CC8D843C4,A,2
MOPD-0AECE62915F8F1E8,1194,TRN-29CFC25137AFE473,REC-17C88F082B967B4F,B,2
MOPD-DC97C7406D4A0E6E,1195,TRN-CC8F21FB4C5C6875,REC-0DCE18C88EBC9FF7,C,1
MOPD-D188F6B1222092CA,1196,TRN-DC90475814E043E8,REC-2F1D606ACDA1CA1B,A,1
MOPD-BA58912542753472,1197,TRN-D639E9033742C4B5,REC-2900CCC94E306C5B,C,1
MOPD-62EC346B3363D7F4,1198,TRN-90B776A133B47ED5,REC-393D650DD8FB7517,C,1
MOPD-179388052960F8F2,1199,TRN-25114C633BEB93D5,REC-287464846BA550AB,A,1
MOPD-9463C104C657149C,1200,TRN-A533D9A62157F405,REC-CCB1FA84CAA4F11D,C,1
MOPD-8ED26B2B427FC006,1201,TRN-952FE7BBBABF9BF1,REC-020D711C47221EBB,C,1
MOPD-3ECCE781DB7BB336,1202,TRN-4E75E7A81E0628A7,REC-8F2EED035EC9F437,C,1
MOPD-0EB52C412BBD6BD0,1203,TRN-9801284CA0627CB2,REC-5571A48A9AB64A8B,C,1
MOPD-6CFDEE32726FBEA8,1204,TRN-621E34941E2FF39A,REC-1889B612803B212C,B,1
MOPD-3EF1A9C879878423,1205,TRN-9BAE0A244FD84532,REC-DA984FEA84E02ECE,B,1
MOPD-7D7226C510239943,1206,TRN-E33CEE4C9B5D03E8,REC-84F1AA5CAE4B0B81,B,1
MOPD-DB46E02AB33EEEE7,1207,TRN-70A45F18438D4D26,REC-FA412A85A0F7044E,B,2
MOPD-73F6FFA16FF3D2B6,1208,TRN-8F38291755BC53E7,REC-0CCA727E3E3BF678,A,1
MOPD-1405D4AA99F2FFCE,1209,TRN-7FA33180991889F3,REC-1ED3C5CC7011F56B,C,1
MOPD-EA8E1C3AE771F10B,1210,TRN-2E60037F5EEAA8B5,REC-DD3FE9ECA2B074BE,B,1
MOPD-C997B064729EEAD7,1211,TRN-7D4C149E5C67C375,REC-EDC27B843DF207A5,A,1
MOPD-BB9C31FE4E6B1919,1212,TRN-44F154A7841967E4,REC-EDEF394F6BA3C838,A,1
MOPD-EAFF2202950067FE,1213,TRN-F91A2EB032182A64,REC-DAF6B2EFDA7FAB73,A,2
MOPD-290F1CFB70207299,1214,TRN-1ABAA35A312CFC97,REC-1E4348A1ED41A18E,C,1
MOPD-EF2B3DDA4EAFB081,1215,TRN-9962E915E714D467,REC-6822F6BDD4C0B675,B,3
MOPD-BA907BE86B653B78,1216,TRN-4A9811E3D34C16C3,REC-D5C77059D4576E94,C,1
MOPD-D7A5AFFB8170191E,1217,TRN-0DEFACB9D437EC5E,REC-9596FBF90FAB4389,B,2
MOPD-936086D952693EA3,1218,TRN-E25F8B4FD0993CA1,REC-61196DB9E49482A4,B,2
MOPD-A142DE1419BCF000,1219,TRN-15D89BE3BA663673,REC-F9A644CA8198773A,A,1
MOPD-49F90896B23CE51E,1220,TRN-5FEC7911F92F0D9F,REC-E61AFC1658776DCC,C,1
MOPD-CC4C6F0E31C5E0BF,1221,TRN-26280288D8D4CAA9,REC-D64E433C5960E65B,C,1
MOPD-DA3476921B64F016,1222,TRN-14C88818C8533FE7,REC-9D45B0383C2D8B0A,A,1
MOPD-6BBE8A0F8C788745,1223,TRN-CB6F7E001C76CCFB,REC-D1AECEC67B6A0CBA,C,1
MOPD-40BB0535E46329F6,1224,TRN-AB122A6EC356BECD,REC-B2EF43A18474D77D,A,2
MOPD-CB7A488A9BEDE8FD,1225,TRN-C34C9BD7896C4343,REC-DBC58EB392A9AEA7,B,2
MOPD-2C36BD77F5DB8D41,1226,TRN-90EC114B1B107816,REC-BD1896623FFD6C81,B,2
MOPD-E0BD6B8CB57FB718,1227,TRN-F588A8200C762A7D,REC-D22E8D146927A8F6,A,2
MOPD-B67132E66F1A3BD9,1228,TRN-485BB43569C29F57,REC-16E297E1068B9CD0,C,1
MOPD-5C120203F962D2CA,1229,TRN-852B0BD813B1CA48,REC-E121A41508C87B56,B,1
MOPD-CB99370804CB9FB7,1230,TRN-F72BD487A1475650,REC-A3148091FBA15D77,C,1
MOPD-89DF57F014DD7A61,1231,TRN-F4A644402A01B633,REC-60A04D968889FB15,B,1
MOPD-0D327E4D78A02CF7,1232,TRN-AA818A55A0A61C0A,REC-2A4F70F7C39CD215,A,2
MOPD-E6397A3AD3352FD6,1233,TRN-D78F673429DFCBF0,REC-0E1EC779B1C7C65C,B,1
MOPD-F2730A77174730BD,1234,TRN-11EF44801D7FAA48,REC-C8B452EFD87B769E,B,2
MOPD-0B590AFCE9233CE8,1235,TRN-6361D41B103B9197,REC-55E06FFD745D4796,A,1
MOPD-2F6C5A180CC86984,1236,TRN-8F593D01B84F0902,REC-726B899E6D97C772,B,2
MOPD-DEA1523FCED130E2,1237,TRN-4127B5B2BE00B680,REC-AFA271F102BCB5DA,C,1
MOPD-79072F3176A1132F,1238,TRN-BAB421F3CAB0C04D,REC-17A60AFBC146D409,A,1
MOPD-8F647EC61B662CAF,1239,TRN-8AF2642265C6EEFC,REC-102D7C7506E31407,A,2
MOPD-200AABC5B6625E47,1240,TRN-0EDA5E9E810A70A4,REC-1ABA8AC9FAEE5418,B,3
MOPD-F3DAE5FA3BFEDC38,1241,TRN-B829965633CEA38A,REC-2E30E9738A40B330,B,1
MOPD-9AB8CD4B94E37F08,1242,TRN-DFBDE139FB742695,REC-7E17422041767F81,B,1
MOPD-16773C0B9CC40564,1243,TRN-06BFA483A2457002,REC-5761DB657BAA9CE1,B,1
MOPD-84F6708CF970DBE9,1244,TRN-53C59D76C9A8FD0D,REC-35A670A35BBE0067,C,1
MOPD-DAA2F1324536EF08,1245,TRN-8DF0CBD5C44DF06B,REC-16E81CC9064AE181,A,2
MOPD-272A773A7E535B5B,1246,TRN-B493E2050EA615FF,REC-76128DCC82A8BC82,A,1
MOPD-52D2B2545B562AC5,1247,TRN-B6F39447C781B05D,REC-1D95B5F5B42723D3,C,1
MOPD-7B1808BA57324523,1248,TRN-195EAA5B78BD0BD7,REC-DF840A47A153AA1A,B,1
MOPD-ED66AACB34D6224F,1249,TRN-3F0E1D72DF2E873B,REC-9AC83BB3D7A26E6A,A,2
MOPD-8A57BBB278EE6E2B,1250,TRN-07CE9A63CABB0E51,REC-6653D4A1BE9186EF,B,1
MOPD-91CE23E1B556B53F,1251,TRN-E28E464805FA7C88,REC-E5E1ECB63802D064,C,1
MOPD-649B27AAC9A11335,1252,TRN-FA6B55433987F390,REC-9F6691F74270F4FC,B,1
MOPD-C47A37A520FA74EE,1253,TRN-F449318A8B257EBF,REC-2ED394FD21940DC0,B,1
MOPD-F03C7932AD16D472,1254,TRN-04F514C1AA2EE7BE,REC-A48D0B6E51441BE1,B,2
MOPD-16515F1674C719C6,1255,TRN-ECE98CDEAE12A8D7,REC-67838E091C2EC067,B,1
MOPD-50F1A3F28BA1F5C3,1256,TRN-50FE4A72C23F3F86,REC-CB832B52BAA24AD2,A,2
MOPD-4A25093B044FCB74,1257,TRN-B151D1D0162E5839,REC-A8CC1FDC0E4E19AD,C,1
MOPD-80A8973637E19780,1258,TRN-33A879EC30E4B401,REC-E3E61BCF0768F30C,A,1
MOPD-1BE1698515E53050,1259,TRN-8A7C9D47E1019AF6,REC-475AF392B59FBABB,B,2
MOPD-2643E892E20BD1B9,1260,TRN-8C336A8F29BE7D86,REC-319CCAEF9D99237F,A,2
MOPD-9F4A7195D676E1EF,1261,TRN-42AA7ED5D59DBBD0,REC-6983113749518AA8,B,3
MOPD-F5945AB2B59816A9,1262,TRN-9C60ACBFB7A960F5,REC-0E2A5000C3969C2C,B,2
MOPD-D98647F47EE54B46,1263,TRN-69707E3DE33CC455,REC-92A6985E9E2736F4,A,2
MOPD-1011102FC9C4C3BA,1264,TRN-EC0C58C395DF4970,REC-830DAA8A4EBD12C1,B,2
MOPD-F4B107B9D17CE8CE,1265,TRN-7AFE64F361FA7112,REC-BC2F9707B7EC1511,B,1
MOPD-DE61AD4F07C160B0,1266,TRN-6361D41B103B9197,REC-55E06FFD745D4796,A,2
MOPD-EA090869B0D3751B,1267,TRN-70A45F18438D4D26,REC-FA412A85A0F7044E,B,3
MOPD-6BA60DFA5F64EC01,1268,TRN-A4F040728070F5C3,REC-C953DD44B1442217,A,2
MOPD-331C6ACEBC1F7808,1269,TRN-E7A7EBF2D8F14850,REC-1A4D7A530A07F5BD,C,1
MOPD-2B9A16950F323AF2,1270,TRN-005B2EC41F89680B,REC-F55E161FC52B6776,B,1
MOPD-C4243A2FD5544B1B,1271,TRN-43860F4317A50399,REC-13A7EC02FB2588D3,A,1
MOPD-DA90134D7DCE4655,1272,TRN-813A2608070E0BB3,REC-8B6268EE0748AA78,A,2
MOPD-AF4150F08A2FD1FB,1273,TRN-A9BFEDDAE868285E,REC-1E74D952EB60A247,B,2
MOPD-124FAE5702CD8B2C,1274,TRN-1C8FFE8BC5674F78,REC-F3912DD0D24047B9,A,2
MOPD-93829E3859140112,1275,TRN-466BB9D8C198A9BB,REC-E355AE28D91271E4,A,1
MOPD-609267AEED330BE5,1276,TRN-F3E0EDAF08075664,REC-8E9786BAF4FD3FEF,C,1
MOPD-0FDE2C4DC53CC886,1277,TRN-54FCAB3B0103E570,REC-E8FBE2EC12CF7C46,C,1
MOPD-039BFFF65A2A0F1A,1278,TRN-671A1469C5D1B2D5,REC-0381B97EED35C311,B,1
MOPD-353EACBCF9F43B68,1279,TRN-E217181692513D87,REC-B9E47CCC209E7131,A,1
MOPD-7C5082F42EE4013D,1280,TRN-E98A69B77651AE72,REC-0560AB49E3651995,B,2
MOPD-A6EB89F6BDE12CFE,1281,TRN-E69AACA3F0DD35CC,REC-8B152EF2730D96B9,B,2
MOPD-705C33CCF7855031,1282,TRN-C2EB112F1002187B,REC-ABA9068D88C5512D,C,1
MOPD-910EDA799469AD5F,1283,TRN-1DD9FA8E431F4928,REC-5B1FB1DCAFC187C5,B,1
MOPD-A5889CB56BE06F50,1284,TRN-30BC103C11BC9B91,REC-9025EA2BD57D8AFF,A,1
MOPD-2CA79FE8F70A6CE7,1285,TRN-2F03B523DA233C1A,REC-A8CA3699B7E2FDA5,A,2
MOPD-86145BB3C54921F4,1286,TRN-8A863DB31A804554,REC-23A9C38B0A9D9553,C,1
MOPD-E25437542A6512E0,1287,TRN-5FB35194BAC4F1A8,REC-8D2307633D9DFDB0,B,1
MOPD-E1C431D57E8DE3F6,1288,TRN-05094B0D1C1F79E7,REC-191F8DFBB19F7C45,B,2
MOPD-D0B49E5F5993C873,1289,TRN-3A97C2AA76BCDA42,REC-51EDBF3C7D622C0E,A,1
MOPD-1DD4E6E29A681D89,1290,TRN-10D84CC3567722A3,REC-45F45F1D856695AA,C,1
MOPD-9FF249BA8EFAB02C,1291,TRN-58600270F31AE8AA,REC-36DD401D596D40AF,B,1
MOPD-105B72A9E4A69A23,1292,TRN-529BD319C6AB702F,REC-9E9F3A1C50D1E68C,B,2
MOPD-CAE99C8A9DCEE2F9,1293,TRN-3BBC67E9785651FB,REC-BF9187802A00E0A7,B,1
MOPD-7A321B688BEACDF9,1294,TRN-E55D62B72B4A38C1,REC-B1B9927D151431C1,C,1
MOPD-1BBC47B402F1A5C3,1295,TRN-A66B655EF62A1B21,REC-33B40FE8F1267FFA,C,1
MOPD-6A24FAF5E168E31B,1296,TRN-B468984B027C0F4F,REC-26F8ACBE444A92F4,C,1
MOPD-E5267BA5C61C4F9C,1297,TRN-0A6311882239466D,REC-30BB71705E4F5443,A,2
MOPD-3875E43BEBD6B157,1298,TRN-088E89A8F4A56323,REC-4EF027BD728024CA,B,1
MOPD-359B67521EC89B4C,1299,TRN-325C4377EEF68A21,REC-393E56BD2792A779,A,1
MOPD-478D97D35C945BF4,1300,TRN-ECC42A1BD6308758,REC-BC1158EA8DADC2B9,C,1
MOPD-0819F1A9FC8AE7DC,1301,TRN-4CBF62C2794CEA00,REC-669C4965F8692803,B,2
MOPD-E6316C17B94AD1E5,1302,TRN-8BC67D48BBB059E0,REC-6A26DAC0B645512E,C,1
MOPD-E9CE34A310E7333E,1303,TRN-342385B3245E1394,REC-DE405BA03D8B9A8E,C,1
MOPD-28BAA0C4E926BD4C,1304,TRN-7C8D032914508559,REC-396D3F48923EBC72,B,2
MOPD-63ECE3E55CAB1B70,1305,TRN-E064AC154983B6C1,REC-4548BCE9DC261983,C,1
MOPD-440649CF16F17269,1306,TRN-4D3DD25E8E38BC8C,REC-A7FCAE45CF52EC95,C,1
MOPD-A53BD3753649C789,1307,TRN-3B858BB0BC0C4F18,REC-71D72DC5661EBE0A,A,1
MOPD-34B2A0DE59270AA0,1308,TRN-CBC2F17702669E16,REC-F8D0053ECA561734,A,2
MOPD-D86120BDD3061F68,1309,TRN-3BD94B266D78B7D8,REC-308B51820233B9CF,C,1
MOPD-5712DE9BFF7DD581,1310,TRN-7C6FDB6631101BFA,REC-4A70EBFB54821365,B,1
MOPD-B5C42C24393F23F5,1311,TRN-F07C837CED801DF3,REC-72BEBA10830E827F,A,3
MOPD-1DDB004C4D2A2FB9,1312,TRN-9468C90DEC1B3A79,REC-982B80967DA14EA8,C,1
MOPD-3737922C439CC0D9,1313,TRN-5B1F8AA40990EE16,REC-229859B24877C032,A,3
MOPD-B345EC744AC8AA08,1314,TRN-82CC73D56818DCA8,REC-810F2B5A5784FFF7,B,2
MOPD-07AE0869B09ECF6E,1315,TRN-036F6128D1CE9D6B,REC-1C2885D53E74C46B,C,1
MOPD-F0F3998EF98BA945,1316,TRN-F48DDC9DA0E094B5,REC-81250EFC47C43362,C,1
MOPD-FEBA887373F59A44,1317,TRN-00B8098A9CE4AEE9,REC-1D95C1D50BD0152E,B,1
MOPD-0BD8C58922A4EF6C,1318,TRN-E28B1DB4143F53B8,REC-844A8B3635BD4574,B,3
MOPD-71FFDA74C8269309,1319,TRN-4BF7C370EE8DC7AD,REC-8F48380A41EB0075,A,2
MOPD-C48C02D0BF527540,1320,TRN-907333981E4B0510,REC-313F2E3E74483779,B,1
MOPD-30366CD460506466,1321,TRN-B7A2E24A2BCA3E42,REC-4F99EF24432DB5C8,C,1
MOPD-02364E31F5D5F917,1322,TRN-E47969678BA49ABD,REC-52017524730A51EE,B,1
MOPD-AC1A90368C54F453,1323,TRN-6F4CD0BBF4E0A1B5,REC-5D82AF901C94AC15,C,1
MOPD-505F109E20C00493,1324,TRN-BDBACFEE5743A6AF,REC-23396E3F0DC4667D,C,1
MOPD-3D56136E97026F98,1325,TRN-9243E3642862F6C3,REC-9AF29CB5DF77D9C1,C,1
MOPD-2E351E23627E0C20,1326,TRN-7C10A67A8E23CE77,REC-6C1E1D51EDF496A1,A,2
MOPD-99BAE7D20E99D749,1327,TRN-0EF24C39B33FD30D,REC-6B2E5F4166155E94,A,1
MOPD-7CF18E802D506679,1328,TRN-C327F42E42A4E567,REC-B9A4DE52E72B1677,B,3
MOPD-6F8626CF150FC49A,1329,TRN-30BC103C11BC9B91,REC-9025EA2BD57D8AFF,A,2
MOPD-C57B048A616B527A,1330,TRN-FB8950E98373222A,REC-30196FE0C65A18FD,C,1
MOPD-017ED127DD0A6226,1331,TRN-82CAFFC37D65A214,REC-1EF3214F2E4CB4BD,B,1
MOPD-E809B5FAD07671C7,1332,TRN-AF6E9C39C13CEA5C,REC-974D0C6E4B7DA183,A,1
MOPD-6DD4DD8177AD2A3D,1333,TRN-E6FD856D1EFDD736,REC-A21032AAF2A6995C,B,2
MOPD-C48362C7853B0F7E,1334,TRN-5E67CE6BF09CB45B,REC-47C9B47AB997468F,C,1
MOPD-711346075114EF2E,1335,TRN-619D1C7179215890,REC-C4CA1168504DCD10,B,1
MOPD-888D01EA346136B9,1336,TRN-6AAE84984D6EF2CE,REC-AC2FEDBD611FAF54,A,1
MOPD-52C41BB4DEA4AEF1,1337,TRN-5A33D33F719682C3,REC-66A9537747206261,C,1
MOPD-77FF964880EA356B,1338,TRN-AC3E019D18C2035F,REC-BB895C6920CFCA15,B,3
MOPD-82D9159798B12944,1339,TRN-28B7EAC536BBF8E2,REC-0BC58FBDE7A9D9B9,C,1
MOPD-075BDA6469E7E014,1340,TRN-48A0399C58DC7951,REC-238231EED553C1B1,A,1
MOPD-F18A11F1C7CC0954,1341,TRN-D4E9785E67954FB5,REC-3E815ADFC7E5524C,C,1
MOPD-67A4516CC0A4F367,1342,TRN-B6F34928832C06EE,REC-4B25878FB2802C27,C,1
MOPD-C854978A83224343,1343,TRN-F926956699868B79,REC-369E56A161ACCD8F,A,1
MOPD-7A8F1A0EC4E0D8A1,1344,TRN-0CFF5D2A5ACAA7D4,REC-E220452967A76EEB,A,1
MOPD-C98DA88BB4ECFFCC,1345,TRN-B658692C1C11505F,REC-64EB945B94DFD42E,B,1
MOPD-C1A8841DB0FA4DB8,1346,TRN-C7AB22B27DAA4DA9,REC-1F688E4910A39862,A,3
MOPD-42D5F0285EEB0B31,1347,TRN-D2CCDE6D1F9BFD8A,REC-7BB400F052504939,C,1
MOPD-2FD1D0B3AE11E02E,1348,TRN-258B4451F1F72BDD,REC-65C40661BF7B6B85,C,1
MOPD-A2B9B48A540B76FF,1349,TRN-A7B5799C89F3FFCF,REC-6A7CCF23F1B24C5B,B,1
MOPD-B4D517D4341C3168,1350,TRN-FEB42201C84D7914,REC-40DECB43236AF533,A,1
MOPD-FF42CEABF2CA6A21,1351,TRN-A74360F250E6BA8C,REC-90A14C7FA79D6E96,B,1
MOPD-1FA80433AF1C3FB1,1352,TRN-8C14ABD94D812043,REC-65C03680F3D530E5,C,1
MOPD-68E52BBC059F5E43,1353,TRN-1499BEE9F1187314,REC-7D5C6EC1ED378EB0,A,1
MOPD-D4810090D28D1B9E,1354,TRN-1059D3C309E7582A,REC-67BD344B86F00BD0,A,1
MOPD-FF72C98A579A0936,1355,TRN-7B2B5CC8F1756F72,REC-F4BE081B4E28387F,B,1
MOPD-4EB4D13ED446B251,1356,TRN-32109B9E82D45C8C,REC-323F86DB3D4D2182,C,1
MOPD-62E84470C57373B2,1357,TRN-C53BF2C3E117E333,REC-4EDE3351C59572EB,C,1
MOPD-41A143790CAFD2C5,1358,TRN-D722BCEE8CF5C039,REC-05670057CB19C0A6,B,1
MOPD-F739D36C9DDAA49A,1359,TRN-195EAA5B78BD0BD7,REC-DF840A47A153AA1A,B,2
MOPD-E9EB4C600D294C74,1360,TRN-4D56B5972084E635,REC-B6288F9998161A08,C,1
MOPD-60C60F68E215D679,1361,TRN-FEBB480E052D6982,REC-2C2F5A06708EE33F,A,1
MOPD-7F143A631BB95112,1362,TRN-5DDD6B279462E984,REC-42694668834FFB77,C,1
MOPD-EF199AD29026AB63,1363,TRN-C173548910A21854,REC-07082358E4374D28,C,1
MOPD-E6C8AA3B7CEC76C0,1364,TRN-9BF6B6184B719683,REC-5B1D207AE8E338AC,C,1
MOPD-04B8510D102935AF,1365,TRN-E8AA9A5CBF2D6CD4,REC-08B76F929D13D63B,C,1
MOPD-0FD88B1F053E5BE3,1366,TRN-363ACD8957E1B673,REC-8E81E70BD834F723,A,2
MOPD-024FFD8A6342A07B,1367,TRN-5670A5044A648692,REC-757B31DD6E00F60A,A,2
MOPD-1E6A66BE63F5D2B5,1368,TRN-A3770ACF0890BB7F,REC-FA042A5648E68C81,C,1
MOPD-2F067D1EC94D8EFC,1369,TRN-31527E85B2DABBF2,REC-BAA2C41B448E5D22,A,2
MOPD-52FEC559B4D1D77D,1370,TRN-309DEA73A7BEF2EA,REC-B3FC41B5F15CC86B,B,1
MOPD-94A0B5C24068B762,1371,TRN-065B9866E9E3B336,REC-460EA131D9545C3F,A,1
MOPD-E7F9FFD09E93E393,1372,TRN-34D9B1E0CE8AA379,REC-E7ADD4D8FCD4FB8F,A,1
MOPD-79DC14F8AAA1C677,1373,TRN-AD5C89980D17A174,REC-18A10BCD30571366,C,1
MOPD-CE86A6D2A1C10F6E,1374,TRN-5634E27D1EC99D4A,REC-974665EE99642921,A,1
MOPD-8C06FC13BDF09B03,1375,TRN-45E6AB0A9E5DFE3A,REC-D9F2BD23DF9581F0,C,1
MOPD-4024D7AB26BDF75C,1376,TRN-7C8D032914508559,REC-396D3F48923EBC72,B,3
MOPD-90E2FA8A64250C99,1377,TRN-E656BFA995D10497,REC-C23FBE35EFFD77BC,A,2
MOPD-32993B68CAB12213,1378,TRN-610FAE222E77197B,REC-E6ED61C8069462B2,B,1
MOPD-23DAAB05E3731566,1379,TRN-DA37333AC968DF38,REC-0EAC09C7898F9E14,A,1
MOPD-6F03DAA332818046,1380,TRN-437271DE12B2DE05,REC-7A76434446D4742B,A,1
MOPD-C151E9DFEDA04965,1381,TRN-2070BCED0F5A8AC3,REC-594717173C80CF3C,C,1
MOPD-DDC2AA036E95EC45,1382,TRN-EE5E19CFB9DB96D1,REC-34BBC992BEC14520,A,1
MOPD-34A62BE41C3A519F,1383,TRN-EF9F937BC86230AD,REC-22BFFE0E53C485F7,A,1
MOPD-5855E41DF96EF6EF,1384,TRN-77C9C106AB368809,REC-AB0E1417E33A95CF,A,1
MOPD-76ED0517D0BEDC17,1385,TRN-968153092A21D6BD,REC-2EDEF77BC5545C60,B,1
MOPD-AD1CB8D26D52C332,1386,TRN-852D3A5456C0B0BD,REC-E49022B4927411DC,C,1
MOPD-C4CDE05E978A3E3B,1387,TRN-244304E33DCD804C,REC-86F46E736296913C,A,2
MOPD-BA2FD613E86E616E,1388,TRN-63BB419F58B2BE4C,REC-39AB56D390D314B0,C,1
MOPD-11884AE703CA3D43,1389,TRN-55F8777006BDB055,REC-AF44BB5D72650488,B,1
MOPD-F6835F3B9A397BC9,1390,TRN-D21B155D84968614,REC-A4BF491F75A95B70,B,3
MOPD-345299F2466D0AF9,1391,TRN-C1A4AD900FAE2E25,REC-330F217DC25E2F99,A,2
MOPD-642FC0E805DC426C,1392,TRN-AA818A55A0A61C0A,REC-2A4F70F7C39CD215,A,3
MOPD-E48293D69F66DF42,1393,TRN-47CBE510E46518DD,REC-34D567163B60B5AA,C,1
MOPD-679321090C771CB8,1394,TRN-453EBC07D51894BC,REC-24A13A7A32FDC4AA,C,1
MOPD-6173AD7CDD33339F,1395,TRN-30BC103C11BC9B91,REC-9025EA2BD57D8AFF,A,3
MOPD-851951E415A947EF,1396,TRN-D6ABB8A6856317D9,REC-CACA8EB71CA0D739,A,1
MOPD-1A5D61CE0232C594,1397,TRN-62D719D130A03F79,REC-CF5145DA27979A79,A,1
MOPD-BEE3F38456AC89E5,1398,TRN-0B8FF9EB1C622D0E,REC-9730726B5FAB8920,B,2
MOPD-D03A2EA128438837,1399,TRN-3353EFE69F2C370D,REC-78597948BBA82E7A,A,2
MOPD-5F03C6DCAD6145E9,1400,TRN-27D125019698B4AA,REC-00DF6290E30D8FDB,C,1
MOPD-DA250F10288C26B5,1401,TRN-734B6DD7630CC447,REC-1B0EF9AAD87CB298,B,1
MOPD-674C21797AB40259,1402,TRN-7CC97B1B65359791,REC-A7CC137639358A76,B,1
MOPD-8873F2131E96F879,1403,TRN-AD21520A2EC3E69E,REC-C8FC10E48334B9BC,A,1
MOPD-BC1D8EF8A780F3F3,1404,TRN-05F41A152137175D,REC-368FDBDD79F688C2,C,1
MOPD-032284334CBC2603,1405,TRN-36EFD3C5F011A8CC,REC-8D301FA804AE9D4D,A,2
MOPD-C8122F97667B6F6F,1406,TRN-145D128153C8CB10,REC-62EE8A4279350A0D,A,1
MOPD-E2CD9242E8D556FA,1407,TRN-0E98898FA3053800,REC-083DEE340DF66AAB,C,1
MOPD-35E9FDB3E4C3B029,1408,TRN-899B76EAA24F29EA,REC-DECBAA294524CC64,A,1
MOPD-2B656DBDCA0BE8F5,1409,TRN-F1F86DA2F4561C7F,REC-A6909BF84AA36BF1,B,1
MOPD-17C7F2FC78FFED73,1410,TRN-93C72436A5F9FDB4,REC-E55419D86BE1FEFF,C,1
MOPD-3F129DA42D49A66C,1411,TRN-92D68104D1899059,REC-46A0581D0BE2FF6B,A,2
MOPD-292FB9710DF2798D,1412,TRN-F388075B62710901,REC-9D4E0DF45D17C899,A,2
MOPD-2700CAA92284B14C,1413,TRN-9B36972BAAC0F4CC,REC-4C8B0345595BA34B,A,2
MOPD-A1BE6746ECAB5028,1414,TRN-FF1DE358FE4ECFB1,REC-A1F16A9DE96BE7FA,C,1
MOPD-72B5A776754D3F98,1415,TRN-4E289D2B0CC21991,REC-FDA1FC44C48B721C,B,1
MOPD-D471F6C0146C9323,1416,TRN-16576F820AED6D6A,REC-7CBCEAA86753A702,C,1
MOPD-3F7C0C3B99CF0FE5,1417,TRN-1AB09B6EB29F5DEF,REC-B93CB64C7E2F63C0,B,3
MOPD-DB1D431838921386,1418,TRN-5234E7EF97CA46FB,REC-C2FB0E420A0E3472,A,2
MOPD-A0DFB6EAD0946195,1419,TRN-696B4832C7176A17,REC-4B37709D9A2D7168,A,3
MOPD-934B50BD066C5ACA,1420,TRN-432C3DCC8085DA1F,REC-4EB63E3827414F21,C,1
MOPD-35011BCC65BE286A,1421,TRN-C73573D9732C08AB,REC-EFBF27A908E003B8,B,2
MOPD-98F2A7EC460F4EF6,1422,TRN-31D951385097101F,REC-88C49BC0D87E06F7,A,1
MOPD-84E01754BFACC96C,1423,TRN-9D954620D0DCC918,REC-9E92270191EE7818,A,1
MOPD-A6E9E06A0C162E08,1424,TRN-D5C92E1BBC76E41B,REC-35588CD7B5346172,C,1
MOPD-CF034216A5AFB344,1425,TRN-2A5802C13E525722,REC-97FAC3035A586BA7,B,2
MOPD-246A3AC95B05FDBB,1426,TRN-4565828DF85B86F3,REC-788F772520E35719,C,1
MOPD-1BAA7015A9EE445E,1427,TRN-72594FD5DA257D05,REC-520D44C08E36C4DD,A,2
MOPD-154FF12DDB05E765,1428,TRN-D68F973063118F70,REC-9EF77FC56653FD5B,B,1
MOPD-D2B9FE29531D558A,1429,TRN-2A1A5B00DAE56878,REC-2C0D0D44353E8C37,B,3
MOPD-988DC12BBB346B8F,1430,TRN-97679D6A964C539D,REC-F1C12AF451F8E838,B,2
MOPD-6EE8A6516582DD02,1431,TRN-453DF0B0B784EA05,REC-C69BB38945F47AB3,B,1
MOPD-E290B12F4B15F8FB,1432,TRN-F55543FE2629C7AA,REC-BD6DA1CB395C1178,A,2
MOPD-00765BFA340586D1,1433,TRN-F7A5331816DB75A0,REC-5319D13C0E44D35F,A,1
MOPD-3FCCFEAAEE50444A,1434,TRN-5399E41EF3BF4DF2,REC-256D815ACC208141,A,2
MOPD-2488FEFCEB615FEB,1435,TRN-3AA7A668E741C859,REC-E7BEA4012E1CA4A0,B,1
MOPD-FEE0A35096DEDE73,1436,TRN-B8B2C52775B171D7,REC-37DE553EF8563420,C,1
MOPD-C70511548D0B135D,1437,TRN-557ED1B5027DC8AD,REC-6A5CD77604C60F27,A,1
MOPD-66135696F9998C4D,1438,TRN-786412DCEBC76672,REC-5D442F62AF08DDCB,B,1
MOPD-72B8F5078C9966C2,1439,TRN-E419EE3C8FF5F200,REC-63D0301C6612A144,B,2
MOPD-9C851AF8DAA48F6B,1440,TRN-533AB42E4F85F7C4,REC-5F60D81A0BE042C2,A,2
MOPD-71CAA78B426D9CE1,1441,TRN-72A507BF965C5668,REC-241A3E93E17F1561,C,1
MOPD-DE185E3F9BFBBF12,1442,TRN-9B4EF961DE2EB8C2,REC-0EBA4D49874F4E4E,C,1
MOPD-550A825425E90E61,1443,TRN-4BF7C370EE8DC7AD,REC-8F48380A41EB0075,A,3
MOPD-3399A09B7E339CA5,1444,TRN-2D28F0C51E879CE5,REC-AD7F388D7A07D90D,A,2
MOPD-C3094EB200A1D1EA,1445,TRN-B17C7236FEFA095D,REC-0AAB29F440A520C7,A,1
MOPD-F69F2D496CF69C22,1446,TRN-7AF61310E60736E3,REC-38FC2D4CB020EFEE,A,1
MOPD-30F38E5ACC1DB5EA,1447,TRN-1204F7D38F44B51E,REC-D694424665365BED,B,1
MOPD-015C0BCD624AFC9E,1448,TRN-878C9F65AD342A2F,REC-BD7060F6DA1089EE,C,1
MOPD-E2CDB1CA801F8973,1449,TRN-E5A72DE11656072B,REC-3D1A479FD3B716E8,B,1
MOPD-ABD1237DCA724AEC,1450,TRN-62A8B2393EBE5D1C,REC-2DD11F0DB154132B,B,2
MOPD-F87E87529A51FB89,1451,TRN-931E0A1B7F1570BE,REC-0E21A0884961CEE4,B,2
MOPD-43AB410290D9CCE8,1452,TRN-4FBB343ECD89882C,REC-75C0BE42A77D912D,B,2
MOPD-641B0B305E065515,1453,TRN-6D675F6E769B2D26,REC-59078559CFAC6E7C,C,1
MOPD-976CE7232B476435,1454,TRN-A475FDADDE8F1D24,REC-01858ACA93B91F1C,B,2
MOPD-F354C1498B343187,1455,TRN-B493E2050EA615FF,REC-76128DCC82A8BC82,A,2
MOPD-B1FE2AC503161C46,1456,TRN-5FB35194BAC4F1A8,REC-8D2307633D9DFDB0,B,2
MOPD-FA856B3A8B4C99EB,1457,TRN-6477C1E28D057150,REC-A360199249CFDC90,C,1
MOPD-0710BE550C469D06,1458,TRN-0E503D26E33C8DD3,REC-18D38447E691CBA4,C,1
MOPD-BD2D5A62176B2724,1459,TRN-AD27014273998E48,REC-9FB5E5494C78448A,C,1
MOPD-BE5CB9B74A16984B,1460,TRN-61EE647611FE5FB7,REC-A045FF103A25F903,A,1
MOPD-AF914CDCFA531D93,1461,TRN-A71D0177568B5A06,REC-9C100861C29B98B7,A,1
MOPD-B1A0E064F467A632,1462,TRN-A17DAACBB15CA00C,REC-D96D7B6D10033772,C,1
MOPD-48EE53A12D70F068,1463,TRN-754FF6BD7E4A12F2,REC-92D361B7E96FAF84,A,1
MOPD-44064C627570C0F3,1464,TRN-87524296AAC820F7,REC-D8B6F3D82EAAFBB9,B,1
MOPD-77D0FAB5EE2E8B31,1465,TRN-FC329691338307F6,REC-7C4802CC8595982A,C,1
MOPD-885B705B72291F42,1466,TRN-E1CB1F35DAC58DF8,REC-FB1F0F51C0A18D00,C,1
MOPD-088699FD3C58D67A,1467,TRN-1B3DCEA8E6663E44,REC-20DD6909A0CB2D5C,A,1
MOPD-5D209B1E6AF40555,1468,TRN-6A85C834D3F033A7,REC-8862179BC34842F2,C,1
MOPD-274F3A79EB8B8C67,1469,TRN-09D2F6A663981D43,REC-E6041A82C5B6D125,C,1
MOPD-4B470B354627D982,1470,TRN-6BB6038D0EE23833,REC-DC2DD6CE3CAE9256,C,1
MOPD-2420D2A4C30C8045,1471,TRN-6CECE11302C194B4,REC-53A0B6434A16B9AF,B,1
MOPD-53E1749C8BA7B1C9,1472,TRN-4DDDFCA0100FCA89,REC-5FE6688157834C44,A,2
MOPD-B6204DF5F5DA285B,1473,TRN-E768B6270E615F91,REC-E8F9362BF7CF410E,A,1
MOPD-EB49FD0E12762456,1474,TRN-A74360F250E6BA8C,REC-90A14C7FA79D6E96,B,2
MOPD-78AC01058ECE8989,1475,TRN-85CB405E738AB7A7,REC-FBC42329A0EDB8C0,B,2
MOPD-4EE95D000013C2F8,1476,TRN-6A2D797DC0CF54CA,REC-5D8A5438BD454230,A,1
MOPD-1874D0DD2ABEE31C,1477,TRN-B67DBE6BCF1005FC,REC-3C6A94763395E0B8,B,1
MOPD-03A9DB01213FE322,1478,TRN-8E6DD1D537015FE3,REC-D071F9E7ED046C57,C,1
MOPD-C80978E54D70332E,1479,TRN-50245B170134578E,REC-C77427148E1A84B6,C,1
MOPD-29AC7E65C346F38A,1480,TRN-33662E6CD9D14624,REC-E6B5542CC4F5BB7D,C,1
MOPD-5F7E8FB347CC7AD9,1481,TRN-BC98A68D40312279,REC-E3E5C3B18A1D12C0,B,2
MOPD-599FC7D3A524A904,1482,TRN-848988B9480EE293,REC-85CF76E835488BBF,A,2
MOPD-A7F45AC3C3C27F18,1483,TRN-72691FD14F0A2F1E,REC-136E4D6FE313B239,A,1
MOPD-D6EF0F7FB352110F,1484,TRN-ABCF843E60B06ABF,REC-EA7BD62B4B22376B,B,3
MOPD-965C0E465438AB39,1485,TRN-F8146E23CE0C0DBE,REC-BC5409CB78E65BAE,B,2
MOPD-37B0DE5D02788D34,1486,TRN-BB9466CCB286F345,REC-6D234C343DC883C6,C,1
MOPD-694E3673CA1C0405,1487,TRN-829D151E4DC4C658,REC-BDDBCE0E1C168341,A,2
MOPD-679F217DA83DD9ED,1488,TRN-61EE647611FE5FB7,REC-A045FF103A25F903,A,2
MOPD-5C7074A5C65CBB9B,1489,TRN-09EB8161DE0475EC,REC-3174F959A809A5E3,B,2
MOPD-C51E644F11E12DED,1490,TRN-4DDDFCA0100FCA89,REC-5FE6688157834C44,A,3
MOPD-D2772647988E5682,1491,TRN-43F8AFB4C8FBB0DC,REC-53E994225865E4B9,B,3
MOPD-89A86AEFD185D66A,1492,TRN-67F6A0120FDD1564,REC-28C0E1D393A43BBB,A,1
MOPD-1F49E7FEEBD32398,1493,TRN-A84041E7BEE2AAD6,REC-419CA737B9F7ABD3,B,1
MOPD-BA0F8ADFE9D522D8,1494,TRN-C28B4721806C5FA7,REC-0FBF83B70F47F944,C,1
MOPD-0CD192E3E30C3D53,1495,TRN-0BDB784F1627ECDE,REC-7A0D085C81F8525B,C,1
MOPD-4A25A4BE83C1364D,1496,TRN-81A5681F83659B32,REC-9614CDC6F5D18A26,C,1
MOPD-A11F84442E5EDCC8,1497,TRN-F109502F0578DE6C,REC-B5BC6AD9E27F6BB4,B,1
MOPD-126CF1E655C3D233,1498,TRN-A7E417AF7B961C03,REC-C74F855DD1DABF48,C,1
MOPD-03353F5E967091E6,1499,TRN-385D6555F0A58987,REC-3CE9F2828B03AC2D,C,1
MOPD-CD7CD92F61C918C6,1500,TRN-8FD81F8DF72044AB,REC-DA89E9C7933D779A,C,1
MOPD-4C9B0EEA37C978A8,1501,TRN-F7D0FAAC0E87E81F,REC-A0CC5E17A0F11186,C,1
MOPD-7B4C811DE72F22BA,1502,TRN-36BA6FE662F44DEF,REC-F0269404F47E8AE6,C,1
MOPD-F13D3C4F416302E9,1503,TRN-F7617521C0546C01,REC-129F1FC804175214,C,1
MOPD-12BEEAB8C6DA65BE,1504,TRN-7A830E8F1C3787DB,REC-B1119DD1C2251579,C,1
MOPD-C25CB5BD6ECDA23E,1505,TRN-CBD60CF88370E75E,REC-2D4D283B82C33BE1,C,1
MOPD-EF46961267443AEF,1506,TRN-C03C8607D9885DAF,REC-E7FA2177FB63B84B,A,2
MOPD-4E0D03B9674AB972,1507,TRN-8F12F5FA8F9BABEC,REC-2D14E9A781260753,C,1
MOPD-1478FA84A84BA7A4,1508,TRN-F392D7074CADD8BA,REC-03E4A2A9EE86C901,C,1
MOPD-3E498D81A8A20A7E,1509,TRN-F66C97C65530B806,REC-37EBE030F4315226,B,1
MOPD-8C68C6F9F218C0D1,1510,TRN-3D3551211D5C6B59,REC-00830D12EBA9C213,C,1
MOPD-6F5CC5253B8C8FE1,1511,TRN-387717FB2132D26B,REC-F97218886605527D,A,2
MOPD-630BB3C42B4B94D6,1512,TRN-D0038A39E6ED3609,REC-2A232E6483335608,C,1
MOPD-9A1C8A7FD3CE1B33,1513,TRN-BBC1AB43EE920F3E,REC-4C1EA73E9BD8797F,A,1
MOPD-00B993FD85003D58,1514,TRN-1C0DC884119B61BA,REC-E0085BD6F272295F,C,1
MOPD-047E10C2C8DECF18,1515,TRN-E4CB5B9E9FD768B2,REC-313FE9F89D5C78C1,A,1
MOPD-FD94E4DAF6D077DF,1516,TRN-1DF47BDF644E8D3A,REC-4498179B04E54D91,C,1
MOPD-055763BA85789C15,1517,TRN-349B78041165F5A9,REC-20F6771C40BA64E4,C,1
MOPD-E48ABEB2E24115EA,1518,TRN-4B34528DE6C021C7,REC-E3BFE5496EE2A404,B,1
MOPD-BFA1DD3F137CC35A,1519,TRN-A4B33D3C154A7D31,REC-530CC85CA696A6E6,A,1
MOPD-FA2C0CAF3C7AEFDD,1520,TRN-90193FED8E501340,REC-C0048BA2525375D8,A,2
MOPD-2D2CAB7FD3B98A60,1521,TRN-C2AB35C7AA262308,REC-C396A13EB5B5B68F,A,1
MOPD-711D56E0A65FAB64,1522,TRN-5ADC9BBEF0EDA71F,REC-385520A58388A50D,B,1
MOPD-DD58A94B7BA499A4,1523,TRN-598CC8BE96874398,REC-8072FDEA4DB433E1,B,1
MOPD-A481A029468B4303,1524,TRN-6E4C212C5E5C32F6,REC-694D21C95F5CA1F2,B,1
MOPD-7C415793555B717E,1525,TRN-A148CB86F411D189,REC-6A6FF8DF45E6DD94,A,1
MOPD-FBB4DDB8CB6B9BB8,1526,TRN-495F999080DBB85D,REC-2BBB1503B4E8528B,B,3
MOPD-BF3F15D224DAC588,1527,TRN-6FAA766CEFDFA02C,REC-006DFF678E898F4D,A,1
MOPD-BB94CAC3ED77DAB2,1528,TRN-0B8FF9EB1C622D0E,REC-9730726B5FAB8920,B,3
MOPD-94AAECBDADD6B3C8,1529,TRN-14F20B4E1FAF6819,REC-54A59261B399235D,A,1
MOPD-B83AEEE81EA71653,1530,TRN-EA8BC2BE1F67FAAA,REC-A7FC23444D1ADB18,B,1
MOPD-D950A1E129EB4197,1531,TRN-3B2AE34B2E8AD65C,REC-CD03705A749EC0D3,C,1
MOPD-897B0C054A31B9DA,1532,TRN-041EF1FD28720A5E,REC-6BFC2047A7A6A88E,B,2
MOPD-CB0C24DDE58D5F54,1533,TRN-25427B7CE64A87D0,REC-EF25CEDDE66B622F,B,1
MOPD-577CA31789C57F36,1534,TRN-3D0579BADDA4DB16,REC-73568A754871D3E4,A,2
MOPD-2AB2C98ECCAE4AA8,1535,TRN-4546FC044661EC13,REC-650337E9F2B68C05,C,1
MOPD-322951EFB89C0739,1536,TRN-AD72FA45AA462504,REC-D5EAE07570651807,B,2
MOPD-38026C14DC7DCED9,1537,TRN-9900A6177ECF7A0C,REC-C5477EDD1EC329AC,C,1
MOPD-A159A8699AB27622,1538,TRN-5A012E08739C5042,REC-6E9E8EED80CF959D,C,1
MOPD-F9323064379F0DDD,1539,TRN-313B881695FA14F8,REC-FA04B55AD9E0BCAE,B,3
MOPD-3F4ACCAB4ED07F02,1540,TRN-11B968B98D5B604C,REC-D902E54A6C61A80B,C,1
MOPD-26DD054114ED41DB,1541,TRN-486248BA2DEAD918,REC-AA805C5976002882,B,1
MOPD-F79BC4094294565F,1542,TRN-B829965633CEA38A,REC-2E30E9738A40B330,B,2
MOPD-6415E056C45D178E,1543,TRN-B163B689D56D0F07,REC-6F7A457B8F0ECF92,B,1
MOPD-F7A30CCA5F26CC71,1544,TRN-6D03784345CFF000,REC-EA10D7FE86D97488,B,1
MOPD-443C54E3790A0EB3,1545,TRN-BC87FA2AC9F40382,REC-F44B1388E327D3FD,B,2
MOPD-329D49C65FE2F91E,1546,TRN-1770CA321E85BB13,REC-D8728DB6C4982D0C,B,2
MOPD-99298FEACE77FD3D,1547,TRN-75025A9B666A2626,REC-0FF16F625F72B078,B,2
MOPD-D41A73F2043EA651,1548,TRN-E0EA21EF2C6305F4,REC-D1500803C8CE2D07,A,2
MOPD-573FCAABCB1FBE0F,1549,TRN-E362ADEA962086FC,REC-EE682F122B32888D,A,2
MOPD-FF9FB8C3D1E74353,1550,TRN-C5669B077F4048E9,REC-7F4E3C7C931B786B,C,1
MOPD-C96279CB9D33D733,1551,TRN-2866913FCB978C16,REC-B770F547FB67F984,B,3
MOPD-DB301A445E9BC515,1552,TRN-8134AE8F5F0357E3,REC-A0725D593FC78F94,B,2
MOPD-DE16AFFF629B2D6A,1553,TRN-7C844CC2ADEF3E3B,REC-D70C907AADEDC7F3,A,2
MOPD-C78EF0CEC4A6DD05,1554,TRN-D3903AFC0D976F20,REC-BAADD2D8A363D562,A,2
MOPD-489D106519485909,1555,TRN-FBC3DB0C17042B23,REC-6CD0CCAD67E06636,A,1
MOPD-9E9B1782DC8FEC89,1556,TRN-ADEB888B5108BB74,REC-C60A9FF870A636EE,A,1
MOPD-C6162C42AD4389D6,1557,TRN-51506C2C2C621B33,REC-122BC04EEE42EE93,A,1
MOPD-3DDFBB1B0D986099,1558,TRN-FDC7F34F200E100E,REC-E29DE3749A4B5A9F,C,1
MOPD-10346EF17B11A66E,1559,TRN-94644628D29770B3,REC-63307F17ED7A459F,C,1
MOPD-9F53530771C8CF29,1560,TRN-016EE6F5D42B9F73,REC-D29A72DDAC60C491,B,1
MOPD-C2ABC1D696FCAA08,1561,TRN-774899E210BA0256,REC-77897E668858235C,C,1
MOPD-546AFBDEBD0BD5D1,1562,TRN-EFE7A5CE0260DEE9,REC-C9EFC1B27B0CEB0A,B,2
MOPD-2CA12B98D84F4588,1563,TRN-54F2AB459ECC35C0,REC-D55D016FDBE87D58,B,2
MOPD-5FA8EEDFF570F9A7,1564,TRN-D1B32E310EE285AD,REC-E23FF61B157B7317,B,2
MOPD-B7C557EECC8D69BC,1565,TRN-9909C4029D552886,REC-B6AACEA3A9FFF988,B,3
MOPD-8DB3DCB46C2AB8D7,1566,TRN-8A5E66352049B7FB,REC-E653C73377639208,C,1
MOPD-8EA15CBD4A967A15,1567,TRN-75FCC497E170B528,REC-CFFD6D36432A82C9,A,1
MOPD-02AA3E4FA377EEBA,1568,TRN-5AB4BE0A830DF143,REC-952E74B9EE21D3F1,C,1
MOPD-270AE8ED57C150F4,1569,TRN-864EC010BB08DF03,REC-B5FB469E593CD21C,B,2
MOPD-22A36ECABBAA087B,1570,TRN-D7E47B64DC2AB657,REC-17C4483B4FFCF0CF,C,1
MOPD-C43251AF056EFC57,1571,TRN-7299F15B3212561C,REC-EEB575B6235FBB61,C,1
MOPD-B9258350F06EC286,1572,TRN-F175580D0805ECBA,REC-DC4DA752FAAB88B6,A,2
MOPD-4E167EF87226E627,1573,TRN-E217181692513D87,REC-B9E47CCC209E7131,A,2
MOPD-E8C6810F7ADCDB96,1574,TRN-D2B4BBE37738E9C9,REC-717C3D9543EE668B,C,1
MOPD-6DADC8199A0B82A6,1575,TRN-2D74C11F6556B4AE,REC-6143BF4F01835516,C,1
MOPD-8F9E0E4EE163F414,1576,TRN-931E0A1B7F1570BE,REC-0E21A0884961CEE4,B,3
MOPD-9CD58FBA73EEC0F8,1577,TRN-FE25E2D8E48B7125,REC-12E01D588D1D110C,A,1
MOPD-621ADEA85EAC9E9E,1578,TRN-D85C81B61AFFBB39,REC-F98EEEB7AAAE4158,B,2
MOPD-0D5704CA6F99EEE2,1579,TRN-F1FA9640E40654B2,REC-C99C8F9C70CA13C7,C,1
MOPD-FD68C5F62AB77AE8,1580,TRN-BE9DF58201E6F4A6,REC-F198CCC14D63D883,B,3
MOPD-A7343C1C64F35A63,1581,TRN-F3FAE49C8D46F1B4,REC-1390C53610AFB94B,B,2
MOPD-103BD7D6FEEBEF3E,1582,TRN-77B6A591B0A4DFC2,REC-729DC7288129EAFE,B,1
MOPD-0121ED41FD9165C4,1583,TRN-81688AEE4BC43B9F,REC-AE3E36C53CB41371,A,2
MOPD-EFA8FD8C771A587E,1584,TRN-D095A6067FA63420,REC-44EC43297C30CA0C,B,2
MOPD-AE164A2E6A2FD695,1585,TRN-05094B0D1C1F79E7,REC-191F8DFBB19F7C45,B,3
MOPD-F9178B98832E2899,1586,TRN-E8F0D97392A3B376,REC-E0F650CDE96901AB,C,1
MOPD-7624CE1434E6E91D,1587,TRN-AB7F6D632656DE0F,REC-68EEE07221CCF80D,A,1
MOPD-73C1BE92B77A30CD,1588,TRN-D8871D7CBE460119,REC-EA006FDEA40FC73D,C,1
MOPD-CAEC18EFBA892F1D,1589,TRN-0E34D137BB8E2386,REC-3B4FBBAB75B772FF,C,1
MOPD-5D70935C965EBCAF,1590,TRN-B3DE7C8968B7BE51,REC-25E8DAAA37DAC617,B,2
MOPD-F18113C2132A406C,1591,TRN-5978963EB3ABD45D,REC-21ECCFDFE85F7B65,B,1
MOPD-2E63792A6C392707,1592,TRN-F1DAFD52BC404190,REC-8980671CDD8C5B49,C,1
MOPD-1D3C66AEE373AE4A,1593,TRN-6D964F3573E11773,REC-943BECF9F10E3B01,A,1
MOPD-E696CC2CA1FD0CE0,1594,TRN-80466A6E32088094,REC-FA64BC514D1083A9,B,2
MOPD-50EC958B3D6A8D47,1595,TRN-3080693B7626093D,REC-B46466000AA41F2F,C,1
MOPD-76E58B13A0BF56CE,1596,TRN-76ABDF016785D4E3,REC-51E450367563B258,A,2
MOPD-4986021A71B3BC2B,1597,TRN-FA18F7E067038225,REC-1AEC22EDD6A4CDC7,A,2
MOPD-741BE8946B998303,1598,TRN-63CB8F03D3D617F6,REC-904978947A070E09,C,1
MOPD-278C7682A4FF46F6,1599,TRN-923C6548152D8593,REC-E3E266CF76C22655,A,1
MOPD-631FA8E16320050B,1600,TRN-F8B4302DA3947DE8,REC-DFFC82E249EF3E82,B,3
MOPD-92BAA73CA61C47A9,1601,TRN-FB24A585E9013386,REC-9248AE8E22CD91E2,C,1
MOPD-FBBAF210E557DDAB,1602,TRN-E3B9D34723555DF0,REC-FB595B02A4D6D3F1,B,3
MOPD-A6949240FC77F4C7,1603,TRN-C29DAD3E897ED275,REC-20E1FC5DD44C83DE,C,1
MOPD-DCCF571F7FB1037C,1604,TRN-F76973E2146F00EA,REC-807927647C96499E,A,1
MOPD-1F9DBA18C5A8E9C5,1605,TRN-453DF0B0B784EA05,REC-C69BB38945F47AB3,B,2
MOPD-3B36AECC23A9C9CD,1606,TRN-7F6488EED1487FB1,REC-0B9AE699F4F2046A,B,3
MOPD-87B2A9A8ABEC4C18,1607,TRN-57660639FBDEBB60,REC-E79A673864C2CE9B,C,1
MOPD-0B7424103FB31ACD,1608,TRN-919FC16F66BC376C,REC-93BDEE0F610E7D13,B,1
MOPD-0CA7BAED24A9944C,1609,TRN-016EE6F5D42B9F73,REC-D29A72DDAC60C491,B,2
MOPD-E6E1DC6AD8CBF285,1610,TRN-402648E54CE1E862,REC-911001323BDD0D32,B,2
MOPD-B0D0557B44F24613,1611,TRN-E1F5375630771831,REC-8B4103BA1248C42B,B,1
MOPD-CF6427B14F21A89A,1612,TRN-89BF729F458C5C2B,REC-5815C8C471169B62,B,1
MOPD-5AA61A93D77CCA80,1613,TRN-1B0D1DA8E42416E2,REC-1EFD392D629FB90C,B,2
MOPD-98ED0A1B562FEB36,1614,TRN-19B2F6CE13FB10CC,REC-223F23D739B637A5,C,1
MOPD-669E1CEE6A945294,1615,TRN-FDAECE2A234A3EFC,REC-D7B267DDF2EF1B98,B,3
MOPD-BFD3B2B5B90A959C,1616,TRN-D92528E0FF4D7F8C,REC-821BA0951CAB8DF1,C,1
MOPD-232B2A1DD21BA1C4,1617,TRN-BD170F0C11BF576C,REC-0DA2A4FD498A9401,C,1
MOPD-D1B60157E428C299,1618,TRN-5EA2760DC771BB0F,REC-74C0C2A16BD9598C,C,1
MOPD-1F0ED60EA28F99B8,1619,TRN-EE61D47B7CA4CA4D,REC-87E256186159EDAE,A,3
MOPD-363C6E07A29CCFCB,1620,TRN-D34F8CEF80431108,REC-C906D40CCC85752D,B,2
MOPD-D8DDB9ECF2BD8474,1621,TRN-13B2430867F02D56,REC-4E87F992203E4F17,C,1
MOPD-6EB5FA400BEC4E00,1622,TRN-CB04A27A0E6A4A54,REC-351B76FCD274EBE9,B,1
MOPD-4566A04975978F19,1623,TRN-CFB4A119929A8C15,REC-BADA56F976203D61,B,1
MOPD-655E5ADCA8B70289,1624,TRN-3D12529DA7F5935A,REC-0059BFDFE78F83BA,C,1
MOPD-1EB85C64DE481098,1625,TRN-3F883D1FE2AA1823,REC-1781FC44115D9312,A,1
MOPD-7091D4A5E2BAC312,1626,TRN-52FF0296B178890D,REC-71A1CF1EB408C57D,C,1
MOPD-650DF2E9A884C819,1627,TRN-2CB97BF0A78D7138,REC-BE76DECD5B174264,A,1
MOPD-9DF804F821F27FB8,1628,TRN-0186A33E9984F437,REC-9D4F2BEF3D9A9826,A,1
MOPD-0B61975CC6A4D103,1629,TRN-4150C1EAC40BE77A,REC-D4ED884F13E8F2BB,C,1
MOPD-E10EEE465ADFEAF0,1630,TRN-4E289D2B0CC21991,REC-FDA1FC44C48B721C,B,2
MOPD-D1A7F0524A0CF2EA,1631,TRN-EDB3B8A409B4336E,REC-5593426DF9A67B8C,A,1
MOPD-B94FA17FCB6F2E72,1632,TRN-878C6D4FFFE393AD,REC-BEAE8FFE3FF67A2C,A,2
MOPD-37418F24474BFC58,1633,TRN-195B88BF4CF8EED9,REC-DC458CB23BA8E0F1,C,1
MOPD-C3B5AA52F98AC02A,1634,TRN-3313193DA515ED56,REC-45487DBF5DF2D40C,A,1
MOPD-2D1B93EC1F9AD583,1635,TRN-A7CF1FF1D63DA911,REC-B893AD273EC456F6,B,2
MOPD-C8B2CC471B261CD3,1636,TRN-D83CD1D8471B5F7A,REC-315D3801F8AFA302,C,1
MOPD-63653DC2454CC738,1637,TRN-2340C335E04C0A57,REC-43B640ED9127E79E,B,1
MOPD-67CD639F57304C09,1638,TRN-AB25FF7982807B48,REC-E16834648235B26B,A,1
MOPD-B233B753A866020F,1639,TRN-6D9DFB801AF94E43,REC-A5A9281461262718,B,1
MOPD-FD6F8B014BBB745F,1640,TRN-D2DF6317E1A213E1,REC-6B8B4E39E1C87140,A,2
MOPD-3AF086BE8BA0F5F2,1641,TRN-4D234FEB987F2413,REC-10AAC275442A89E6,B,1
MOPD-08A0CCCBF590731D,1642,TRN-214D6E0AF9A67AFE,REC-9CC21DFE356C3322,B,3
MOPD-E6674D517038D012,1643,TRN-4F1686861AC44437,REC-FD8C16005701CD54,C,1
MOPD-53F8F2214D694142,1644,TRN-6D9DFB801AF94E43,REC-A5A9281461262718,B,2
MOPD-688BB7721DFC3564,1645,TRN-71BBD34E365FAA56,REC-F6A6BA93A73209DE,A,3
MOPD-D505307C644C4F8C,1646,TRN-79784431F02D9ECC,REC-2A64396CB3104E34,C,1
MOPD-A4804A883BB1E798,1647,TRN-E9C44A2DA7157236,REC-9E5DA41E1A7F3185,C,1
MOPD-7AF3F703750CCD9E,1648,TRN-A7B6C69A1589C553,REC-8A01D2D833CB9A60,C,1
MOPD-A900427A45C71AEF,1649,TRN-7B4BC7FD88055E7C,REC-9D1819B105B96663,C,1
MOPD-CF7B092BD4041363,1650,TRN-A1CD6869297B06D8,REC-D7245F416E8544BB,C,1
MOPD-38C70538DD23E193,1651,TRN-58778702A590D183,REC-8B0D8CE167B55EFE,B,2
MOPD-66287DCC4E9B2D27,1652,TRN-B7CE03C33AB36215,REC-B27426309EE37D99,C,1
MOPD-A7083C71713B9B5A,1653,TRN-CB04A27A0E6A4A54,REC-351B76FCD274EBE9,B,2
MOPD-2E83252524DF7A8B,1654,TRN-F82EE47A629B64ED,REC-C0EE544AEA6FD751,A,1
MOPD-FC89747607B92391,1655,TRN-409152C69F48AC8B,REC-840D7CF6659E4EC4,B,1
MOPD-EEE89514258535F0,1656,TRN-391E81CD51BBBE12,REC-AA104E67A0FD8CEA,B,2
MOPD-49264AB2FBEE17D1,1657,TRN-F8B802A4CEFE777F,REC-5CAFE6C78DF790F4,C,1
MOPD-C735DFE11570B09F,1658,TRN-25E03A6A8D30C3F0,REC-021CF09858290EF9,B,2
MOPD-C06153D4860A1062,1659,TRN-35EEB80E4314EDD2,REC-2A5580B2FFFC0F66,B,2
MOPD-1C83B235A7B3B820,1660,TRN-4CBF62C2794CEA00,REC-669C4965F8692803,B,3
MOPD-883DF98CEEF27C57,1661,TRN-47638725E89CEC2F,REC-541D885529A18687,C,1
MOPD-79752C81CB8B5692,1662,TRN-48CECCC43C1B9E9D,REC-FA08E0D80B491451,B,3
MOPD-FD723D33A188B7A1,1663,TRN-56837F18579EF4FD,REC-A0C90D116F707E35,C,1
MOPD-8A6021BCF9468D27,1664,TRN-032E3A6D0AE42E57,REC-E8E023BC608D87C6,B,1
MOPD-279DAC26412EAE70,1665,TRN-D7D6C4DC302CB3CB,REC-32D8AE8BBDB645F3,C,1
MOPD-3C59083A45DBE65B,1666,TRN-87BFEC337185A43B,REC-5283B13E6F8624FA,B,2
MOPD-E8864A4998DD9EA1,1667,TRN-598CC8BE96874398,REC-8072FDEA4DB433E1,B,2
MOPD-659263B23168B887,1668,TRN-C0FB7C1E5F0DCCD3,REC-4D36A16C6F37E089,C,1
MOPD-99A42C06294CBA0F,1669,TRN-60E35A500032C427,REC-4E757E4E31279908,A,2
MOPD-359F730D3EE7159F,1670,TRN-DB648035FB050E07,REC-EEC8EC3905B50FD9,C,1
MOPD-9F9D3F1C05C2B8A8,1671,TRN-F66C97C65530B806,REC-37EBE030F4315226,B,2
MOPD-70864546FA2203C9,1672,TRN-AA1AE10788F846B1,REC-32C47D93CAF2326E,A,1
MOPD-6D4DA70D06A25F08,1673,TRN-390C200A428ADD3E,REC-7724C710CD57E03A,B,2
MOPD-83E9DBFDF9F48201,1674,TRN-33087060E3BC9A2E,REC-78629EE9BBD28491,C,1
MOPD-EB178AAC90C4DFDD,1675,TRN-935E5771F1222055,REC-9643D449466B645D,A,1
MOPD-53DC6B4B29A1CAA4,1676,TRN-AFB40D263C7B4CB1,REC-7BD19A7AA68AF48A,A,1
MOPD-EA17C42C01646274,1677,TRN-B0957F51B8BC62F0,REC-A96CED70A5055C47,A,2
MOPD-4E190B9B51F5D04B,1678,TRN-B51365D4C85A4512,REC-7F84CEF9751DF1AB,A,1
MOPD-1D306071F9F51255,1679,TRN-6F565BA599B135B7,REC-E5E8D6C1552D5129,A,3
MOPD-F0A9A4170317711C,1680,TRN-5C8D62151068C670,REC-FB2CAEFA6F3E1E40,A,3
MOPD-DF225096B0AEBA3A,1681,TRN-68537895598D477E,REC-6B4C56FE6F9D71B6,C,1
MOPD-8C5A8828B017BFB6,1682,TRN-509E2F10DCC5A61B,REC-1935BEF1D16CAE09,A,1
MOPD-114233F8B44CE055,1683,TRN-E3C979505FB7F6F3,REC-27E2B8B14D61A438,A,1
MOPD-4F00F0A0C437BECC,1684,TRN-6E42AFBE528E250B,REC-DF825877415847BB,C,1
MOPD-8F35323A3CE5226D,1685,TRN-4F106EA6AB6CBB38,REC-8CE11D9745F75A16,B,1
MOPD-BBFFC60819C7A7A2,1686,TRN-0851A8C7250267EF,REC-2C1652C9BD144681,C,1
MOPD-6A1363FFC1B09DDC,1687,TRN-0537A5DD06DBF1F3,REC-D5EFC077FD31DBE8,A,1
MOPD-A44870D030205C55,1688,TRN-9A989D117F2C4049,REC-315A865313761216,A,1
MOPD-8AEFC18B17F707C8,1689,TRN-EFE7A5CE0260DEE9,REC-C9EFC1B27B0CEB0A,B,3
MOPD-D921CAD5C32A4570,1690,TRN-57C7F7A5E550C5B4,REC-B474987A2C971ACF,C,1
MOPD-CDB4D9FBA6CE1EF5,1691,TRN-AA4AFA28F564C1CC,REC-849ECC3F1CBB99A9,C,1
MOPD-7D8348C782BE9020,1692,TRN-526E4197D3959B07,REC-B67B4DB1A1F6F74D,A,3
MOPD-787F0B412BE5236D,1693,TRN-58600270F31AE8AA,REC-36DD401D596D40AF,B,2
MOPD-7FB4D1416048B778,1694,TRN-6B1D973E15D5202B,REC-EB2477117A22690B,C,1
MOPD-8B2EDFEE43CB46B9,1695,TRN-281D48D1DB819EDB,REC-BCF29FDD050AB660,A,2
MOPD-6B340D26534CE83E,1696,TRN-4E676D5D7E932F5D,REC-79D8632C50DCA125,C,1
MOPD-BA38AC7219462136,1697,TRN-8E5890E6B1196111,REC-A8943422ACF1D6F6,C,1
MOPD-A01E104BA69444FF,1698,TRN-8FC54F3C2B8CE4E6,REC-91F27DF98D99FE24,A,1
MOPD-EA689E23A88455AA,1699,TRN-2EDBF23AE830ADDA,REC-F799C109D8D175C1,C,1
MOPD-2B3276312D29ABF8,1700,TRN-9F29533D73EE53B0,REC-2257260434BF2FB6,B,1
MOPD-95AB81D046383785,1701,TRN-754F822BD9111B57,REC-CEF03E4362E67AD0,C,1
MOPD-45DAA73DB9C7EC62,1702,TRN-B2A47F7A2248852C,REC-8E42E1A301A21822,A,2
MOPD-959E1000DFD6A96B,1703,TRN-696530281FB442D8,REC-035470FD5387431E,C,1
MOPD-9BA8D547D3DD661D,1704,TRN-D0C20391CB8235EB,REC-83BB0227FF127E3A,C,1
MOPD-2236B3F4C7C04BF1,1705,TRN-0FC8D0F8F2CE0BEE,REC-455F0A0E4ED4C4EB,B,2
MOPD-F85D7EA29FE26C2A,1706,TRN-5B3A27630E24FCFF,REC-4C744AB17C49E968,A,1
MOPD-C7413A759C81147A,1707,TRN-F7D8AFC7387227DE,REC-06ADA77EE5FB5275,B,1
MOPD-2D3702AEF89694E6,1708,TRN-DAC96C5F827DB93D,REC-FA642AD9B3DE2421,B,2
MOPD-EBFFB2F182806D24,1709,TRN-A9E8539F16097839,REC-BA753D7C4035F16D,A,1
MOPD-8221E8F27086E054,1710,TRN-899B76EAA24F29EA,REC-DECBAA294524CC64,A,2
MOPD-A76355E4EAEB1312,1711,TRN-BA96FC8CC7746FF0,REC-507055F66ED316E6,B,2
MOPD-BCFA664BEAD16891,1712,TRN-0A7D17C6E6F730B6,REC-B252DF562E72DFDB,A,2
MOPD-8DADA4E06E813271,1713,TRN-73E30CA3EA506D6A,REC-A81810D585703DCA,B,1
MOPD-1D39AB16069CA603,1714,TRN-123D7F27F302B653,REC-32D33B2A266AB78A,B,1
MOPD-934999D870113A10,1715,TRN-4ABE6D271D5B454E,REC-2A5A99CAB5AD012E,B,2
MOPD-419D10BEEF7253BB,1716,TRN-74B36ECA02DCD888,REC-CCFB722E303B5916,B,3
MOPD-68F30B7F5ECB3720,1717,TRN-E401D5C40515CE91,REC-FD7B6DDA526324F9,B,1
MOPD-7AF2A1912B3824C5,1718,TRN-3C0F1A1C1695AB68,REC-DACC1FD99C139F63,A,1
MOPD-E76BE78BDB5615BF,1719,TRN-6B534639581CF0E2,REC-64598C59BDF6EDE5,C,1
MOPD-6FCC6FCCD7B9AD44,1720,TRN-2340C335E04C0A57,REC-43B640ED9127E79E,B,2
MOPD-EA0361D2F011EEB7,1721,TRN-CF93EC152A34AC7E,REC-7C991FDC5AD582A7,B,2
MOPD-C1D380C59678FC4C,1722,TRN-746D65631FE72C06,REC-2B3DA9F855C51039,C,1
MOPD-46938F94179FD566,1723,TRN-AF6E9C39C13CEA5C,REC-974D0C6E4B7DA183,A,2
MOPD-2B12E8AC54A92A5B,1724,TRN-831E67E452C7D8DB,REC-E9DD0312BEF835A2,A,1
MOPD-6A76F903538387F6,1725,TRN-7EF0A52DAF585A2A,REC-533A9475347D770C,A,1
MOPD-66A7A86CA430DEAC,1726,TRN-DAC96C5F827DB93D,REC-FA642AD9B3DE2421,B,3
MOPD-3FBFCC6CB989A867,1727,TRN-29CFC25137AFE473,REC-17C88F082B967B4F,B,3
MOPD-C238E589DEC09F2C,1728,TRN-405371E4F1116A42,REC-B1F51F3BEE843491,C,1
MOPD-EC7DDE9318508B2C,1729,TRN-C3E541022E703BB6,REC-19DC1E725048FB9A,B,1
MOPD-E6C091DEB4978F5D,1730,TRN-6E4C212C5E5C32F6,REC-694D21C95F5CA1F2,B,2
MOPD-E75CEA0A4A829A21,1731,TRN-01564B7C4CA9DC8C,REC-EE3BBC60060DE989,B,2
MOPD-BCDD0B702F0ECA6F,1732,TRN-4DB52D62A20405AF,REC-EDBC2F03F2AAAA19,A,1
MOPD-2AC07633283C4D38,1733,TRN-786412DCEBC76672,REC-5D442F62AF08DDCB,B,2
MOPD-41AF0A134418D988,1734,TRN-9BAE0A244FD84532,REC-DA984FEA84E02ECE,B,2
MOPD-DF4B0132ECFC4766,1735,TRN-766B6F816880EE3D,REC-FA383334F6A47F81,B,1
MOPD-0CC93111C75E92ED,1736,TRN-89F54514B381B53E,REC-74EE4FBDCB4990BE,C,1
MOPD-1CC0D505561678F7,1737,TRN-23A9994B58562BD8,REC-6C704AD34C7D2A78,B,1
MOPD-5337EE8C7CDC01AE,1738,TRN-15D89BE3BA663673,REC-F9A644CA8198773A,A,2
MOPD-E1565C6EF1513C26,1739,TRN-E434B7AA14909610,REC-3A4862F3781AC3D2,C,1
MOPD-A898F766E75812DA,1740,TRN-E75DC2DEC8F531F6,REC-15E0563562AE3417,B,2
MOPD-CBD9ABC688564725,1741,TRN-A148CB86F411D189,REC-6A6FF8DF45E6DD94,A,2
MOPD-314D24EB514585D8,1742,TRN-97B0EC29C8D52192,REC-F6036BF85673836D,A,2
MOPD-E02C05585E9551FC,1743,TRN-754FF6BD7E4A12F2,REC-92D361B7E96FAF84,A,2
MOPD-D9792B117C88358B,1744,TRN-E429394BE8D4764C,REC-CA36971A703BA06A,C,1
MOPD-7ABB168376DBCE2E,1745,TRN-E77437683DA3B1BF,REC-0F043C5B1D21E532,C,1
MOPD-AB8F659A2D6903D4,1746,TRN-A4E8A9408B3FFBEC,REC-2639916F5DD4615A,C,1
MOPD-360858E8A33F7719,1747,TRN-6F141FC9A6B355AC,REC-EFF6B4C80E9FE99E,A,1
MOPD-6266857DD28BC24D,1748,TRN-09B501833185B382,REC-095E8FA852C4BE5E,C,1
MOPD-0044A4FFFC248D8A,1749,TRN-0D3B777FC342E6D0,REC-944A2045EEFE90A2,C,1
MOPD-7046364D3BF2E5BA,1750,TRN-2A519A49ED4E5285,REC-4362FE7B6234C046,A,3
MOPD-8F7E6CC294C8BA31,1751,TRN-FEBB480E052D6982,REC-2C2F5A06708EE33F,A,2
MOPD-144A0982D24E57DA,1752,TRN-BB7C578DBA792659,REC-18D127DB3D55BA2A,C,1
MOPD-0EB13BC2DFA7A43F,1753,TRN-A0A553D9CBF9E7F5,REC-1816A64984AFE3E5,B,2
MOPD-A32539A4E57C712B,1754,TRN-B2A47F7A2248852C,REC-8E42E1A301A21822,A,3
MOPD-79F51752A5C1795E,1755,TRN-B2B783E03DCEAD09,REC-ED303A0D5CD1ABF8,B,2
MOPD-403FDF7688F7986A,1756,TRN-ABFFC383465539BC,REC-C438B0E4718F06B7,B,1
MOPD-7053AE0CBA2DC82A,1757,TRN-34BD9143B1B08033,REC-E68F9778E262EAAD,C,1
MOPD-C324EC39522C8DB0,1758,TRN-1E062D458663D212,REC-30C5B83D40B2A523,B,2
MOPD-F676B1643F3ED149,1759,TRN-30A72C1C6A7AD63E,REC-C65FD9EDE785AC02,B,1
MOPD-37DA7D6C8EC3B76F,1760,TRN-0C5254CC39E94900,REC-7A8AEED8A2453323,A,1
MOPD-FB18569254C9B83E,1761,TRN-8BACDFFD7B1D2D33,REC-06A15566124A7206,C,1
MOPD-06171B2F9BA168FA,1762,TRN-08B5D8CAB6860AAD,REC-04484D5872F696F7,C,1
MOPD-3FC3E15152017DE9,1763,TRN-6CECE11302C194B4,REC-53A0B6434A16B9AF,B,2
MOPD-10AC9AD293301700,1764,TRN-C3AD5E9D09AF88E8,REC-8789C93CDF8CB123,C,1
MOPD-D3E3C112939A83C6,1765,TRN-F7F8F2E25E1D5D14,REC-CF5A6E85F1D5D271,A,2
MOPD-0C8359F4525FB35C,1766,TRN-E4B7780D9182DFDB,REC-DCF773095E1A08B9,C,1
MOPD-140F4F2A5A717C4A,1767,TRN-6C00DEB698C2EF2C,REC-F0AE430414B542BF,C,1
MOPD-459E278AD9367567,1768,TRN-5CF67C89BA2DC870,REC-6C0B9E1A92D04026,A,2
MOPD-B7C2F30363777E48,1769,TRN-33BF0D7CED2D275B,REC-92EED82203E3B3A3,C,1
MOPD-553CAA70A05ABC6E,1770,TRN-810CAE38D0534407,REC-2DF61004BCCBB385,C,1
MOPD-5DEA13BBD20E1B57,1771,TRN-1093295C1D194649,REC-C92CD3575A765E96,B,2
MOPD-6E4CA32D4D88E7BA,1772,TRN-DFBDE139FB742695,REC-7E17422041767F81,B,2
MOPD-D68A653FB67E3043,1773,TRN-D68BDDD8AA9D938F,REC-B2FF66F359BF1B11,B,2
MOPD-B42409F79B3F3BBF,1774,TRN-3EC8DD94CB72AA89,REC-5D5C7627B2888140,B,1
MOPD-796DBD71E2E1107B,1775,TRN-7EE1EF604FFC8DF0,REC-B2D6962218924576,A,1
MOPD-244D82AA72281E44,1776,TRN-E7B9820C038939B6,REC-9DD117F228E8E1C8,B,2
MOPD-5A01BFC15E69A1C4,1777,TRN-F50F2E0302E6578C,REC-5DBD2DB938FE127A,B,1
MOPD-9173AEB238F286BA,1778,TRN-C279C07ABF91FEFE,REC-52292336AE094D60,C,1
MOPD-9A6F945BE4A5BFE5,1779,TRN-66C2EFE04836055F,REC-6E0A5EE00112342B,A,3
MOPD-EC2F93D46F5AD98D,1780,TRN-3623EF94F1EDC173,REC-4E6F149708B3EDEA,A,1
MOPD-718AE8BD4DC7EF83,1781,TRN-11EF44801D7FAA48,REC-C8B452EFD87B769E,B,3
MOPD-D58F119ED96A48C3,1782,TRN-7C633F8F57D48B58,REC-6820445444F2B016,C,1
MOPD-9D1DD0C7F013672B,1783,TRN-98BD598E60EA77DF,REC-E249177FE37808AE,A,1
MOPD-3B02B218D80C36F1,1784,TRN-ECE98CDEAE12A8D7,REC-67838E091C2EC067,B,2
MOPD-529FFD654BB0AC1C,1785,TRN-4DB53CCF5B4C9579,REC-4DF1AB5552DDBB09,C,1
MOPD-0AA6CB390C93536C,1786,TRN-A89E2D4D381BF0BE,REC-61BDDECBB113BBC0,C,1
MOPD-41A65771B5549422,1787,TRN-931E0A1B7F1570BE,REC-0E21A0884961CEE4,B,4
MOPD-6FDF43DFC9A3B7C7,1788,TRN-E61D965DE432E9FA,REC-0099BF289171F631,C,1
MOPD-56FA8E48CAEE1695,1789,TRN-ECE98CDEAE12A8D7,REC-67838E091C2EC067,B,3
MOPD-86CD85EE677BE39B,1790,TRN-30D0E87B64BD1662,REC-4CFFF4E779DA9004,A,1
MOPD-A828C21D8856E45E,1791,TRN-37B65D327A627591,REC-DE87F8077C06D3D5,B,1
MOPD-051DA46A550B8F64,1792,TRN-A3B4E0521D49EEEF,REC-0EA712E2756718D5,A,1
MOPD-F56F3D3792A0D264,1793,TRN-207681A55ABE87CE,REC-986CD9D4CC436DD2,C,1
MOPD-15A0C20802DB78C9,1794,TRN-D0EC2F58AA85170C,REC-3D93312897D46088,C,1
MOPD-2E28559D71E04CDA,1795,TRN-966122929FD8624E,REC-D175C739F7E9FF39,A,1
MOPD-874C05F550ED148C,1796,TRN-4773EEC432B4687C,REC-37D1E55B3CD048B2,B,1
MOPD-3C443995F3C32ECF,1797,TRN-E5A0A44AE9221CDB,REC-8B9591E9C78D89B3,B,2
MOPD-899E5F4A688073E8,1798,TRN-0875B2723B0EF210,REC-545B5D536306729F,C,1
MOPD-8BEA000AA1D9DBCC,1799,TRN-2FCCA9C1ED0F1F4E,REC-540427FFFD3C49C3,B,1
MOPD-AE46C125DB8E6ECC,1800,TRN-643ED6425DC0BCC4,REC-91AB866EC7420677,B,2
MOPD-B1326CCA8FE9AFE0,1801,TRN-C48A79D86500EAE2,REC-FBE27C33B7A9D302,C,1
MOPD-D609AF0696D8CC60,1802,TRN-50FE4A72C23F3F86,REC-CB832B52BAA24AD2,A,3
MOPD-0DDEADDB32EFCF45,1803,TRN-42C546BA037361CA,REC-8A746117D6E9524C,C,1
MOPD-84784D38C746C514,1804,TRN-353FDFE6D246CFCF,REC-8E4F4A758390B375,A,2
MOPD-806F7C1795E672B5,1805,TRN-F3023ABBF26DF7E5,REC-C528B583720CDB7E,B,1
MOPD-0B81FC3AFAF19871,1806,TRN-3A15685AAEA152CF,REC-573130020EBC132C,C,1
MOPD-F7F3785CB7F2899D,1807,TRN-B0237D96ACA9BED1,REC-9FD52645610ADB2E,A,1
MOPD-CF030C7BF34EC39A,1808,TRN-9B024481D3B60FCC,REC-FABED3167D8BE81B,C,1
MOPD-431C146420A385CE,1809,TRN-381E531F9C9E0C2D,REC-B5D8E1C059F05A31,A,1
MOPD-78DC28DF5B764BCF,1810,TRN-90B6F4DAE35A1246,REC-36FFBED5C01B8A04,C,1
MOPD-2260771B4215D754,1811,TRN-76ABDF016785D4E3,REC-51E450367563B258,A,3
MOPD-800B3CF3D5D9D66E,1812,TRN-ECE98CDEAE12A8D7,REC-67838E091C2EC067,B,4
MOPD-7B6B83936BF256BA,1813,TRN-8C7BA884BD8A81B4,REC-E1C1B49E4490185E,C,1
MOPD-2938CACAADE09415,1814,TRN-63DABD1568D76364,REC-844A272A7812C87C,C,1
MOPD-C9CBD5661D745ABB,1815,TRN-222C70E711B8C061,REC-62058A8DAF99D767,B,1
MOPD-FF2BF2486B689136,1816,TRN-44725D5E3D1CEC41,REC-5900A3BB34481581,A,2
MOPD-5919F460E3C34659,1817,TRN-1EA1763299F1FA49,REC-AEED8CFB2F0C1F9F,B,2
MOPD-BB851D36621723B8,1818,TRN-9B36972BAAC0F4CC,REC-4C8B0345595BA34B,A,3
MOPD-45F97BD2D8ABBE10,1819,TRN-86854808D6F40BAE,REC-6C2000B4B2D37F77,A,1
MOPD-7D87291155993845,1820,TRN-7CC9CC2CAC7ACC9D,REC-28FEAAAE8A5F26D5,B,2
MOPD-B4F11D8649FBA2AE,1821,TRN-87524296AAC820F7,REC-D8B6F3D82EAAFBB9,B,2
MOPD-7FFA400DE2C90BB0,1822,TRN-844A45D0BC6BCB31,REC-E8030F84E466A81A,B,1
MOPD-8A6A2338DEF305C7,1823,TRN-ABCCD8947464D0E1,REC-B2427ACDE3CF5F12,C,1
MOPD-4E71FDDFDF320CF5,1824,TRN-06118FA13DEB2FC4,REC-FB65F923A0FC46E4,B,1
MOPD-A62B1F3F1834D00E,1825,TRN-3C0C4991F9EEDF67,REC-1D1157684C572C62,C,1
MOPD-AE308074809996E9,1826,TRN-03C0140326CDD64F,REC-AB1DEE48A598FB29,B,2
MOPD-2AABD6CF3F25B086,1827,TRN-BA96FC8CC7746FF0,REC-507055F66ED316E6,B,3
MOPD-814ADCF16B3B9110,1828,TRN-2B4614762B80CA0E,REC-9C7B500BA8EBA90E,C,1
MOPD-50C1BA236CA0146D,1829,TRN-B911A651D0B03625,REC-506D87EA60D11B53,A,1
MOPD-4C04112BA26D92B1,1830,TRN-6F2C65855A13FBF2,REC-73F25D1B25989388,B,3
MOPD-F24F5FDA7D20556F,1831,TRN-F82EE47A629B64ED,REC-C0EE544AEA6FD751,A,2
MOPD-7B24EF9419675A3E,1832,TRN-9C2359987AB441AE,REC-7760C74119B68312,C,1
MOPD-7F8A7D6548950B22,1833,TRN-CFA9512DEE3C916F,REC-DD93DB7B1189C240,C,1
MOPD-5B33529C20DA558E,1834,TRN-6792491473B606ED,REC-9D8CC61D2F6C9438,A,2
MOPD-023F0C4E78F0C378,1835,TRN-969D61CCA83856EB,REC-5BBBBAF81CCB183C,A,2
MOPD-0A00AD9DBBA8FABF,1836,TRN-55C4E945D8DAC5FE,REC-EEC31783BDACBE10,B,2
MOPD-F3D502A66991B164,1837,TRN-D5D996E7F65EB02C,REC-92CA69DCDD80BEA8,C,1
MOPD-9CA98277355AF6B7,1838,TRN-E33CEE4C9B5D03E8,REC-84F1AA5CAE4B0B81,B,2
MOPD-5FAA22810B89DD38,1839,TRN-6E4C212C5E5C32F6,REC-694D21C95F5CA1F2,B,3
MOPD-1C7FCBE3D74CC041,1840,TRN-3CFAE000B4BEF89B,REC-62FDB674FAEDC61A,A,1
MOPD-D2FDDDA67D990AB2,1841,TRN-A1DF22DCF90E6486,REC-2E641F00576C3758,B,3
MOPD-46580B0A9F463E4C,1842,TRN-0545A17FDCB4554C,REC-62635103A5797C0C,A,1
MOPD-174A649050D7931C,1843,TRN-3E033B2BBC7D4E36,REC-50FEE49A48B71939,A,1
MOPD-2758B759D8A1D9A5,1844,TRN-1B541A3B2E81C5D3,REC-7949EF6B207B0D6A,A,1
MOPD-CF5880BDAD0A353A,1845,TRN-226BAD5D5F6ABB6E,REC-EC83D534B51B3C14,C,1
MOPD-E5F6ED96CAF98246,1846,TRN-4B8E02C12D10CEA8,REC-C3BFA63C9FCFD554,C,1
MOPD-8725A8590DD0BD52,1847,TRN-F7F8F2E25E1D5D14,REC-CF5A6E85F1D5D271,A,3
MOPD-ADE42D7E1C558D3D,1848,TRN-25F5E2DDA1371AA2,REC-72497E932A6E2536,A,1
MOPD-0E83F494B35C5243,1849,TRN-B0D37BD62191D533,REC-AC0D73443A76C848,B,1
MOPD-34E3C868B4E8214F,1850,TRN-0A98C3CFE7BEF32B,REC-1D0CBFB3D35D1766,B,1
MOPD-5D2866CD97308136,1851,TRN-427A8BE1A3D8C468,REC-E31F1A803373996C,B,1
MOPD-CDE53CC32DC80931,1852,TRN-BE32EBA8FBE1D10F,REC-E07109A5CAD92017,A,2
MOPD-5FC9BA4130732E6D,1853,TRN-0A6311882239466D,REC-30BB71705E4F5443,A,3
MOPD-65AD63FA5D7BC2BD,1854,TRN-6252B6301F9959A3,REC-5D92B630E4AAB2F7,B,2
MOPD-51D942750EC6AF11,1855,TRN-EBD907AE42ED9D6E,REC-D580B71E3450C882,B,1
MOPD-F8FA15A61ED78137,1856,TRN-234BDE137C084205,REC-DA42443C7D378F14,B,1
MOPD-D1D0BAC73FFD87B0,1857,TRN-370510E7B12A577C,REC-E89F557B9A8E8D3E,C,1
MOPD-048974CFF6AE063A,1858,TRN-BB3F69D34123AF41,REC-A7762430774D6E95,B,2
MOPD-563792615E52D8AA,1859,TRN-B4E6CB3C0041D41C,REC-E51B1B03C849BE8C,B,2
MOPD-FDF67E87D39C6112,1860,TRN-5ADC9BBEF0EDA71F,REC-385520A58388A50D,B,2
MOPD-A1CF942CE4CEE77B,1861,TRN-05DCE6099C8158CD,REC-04AAED489B95F7B9,C,1
MOPD-CF9F9E9E5ACDB95E,1862,TRN-6690FA199629FF9C,REC-57FA94CCEBE152FC,A,1
MOPD-9429E42DFE99467A,1863,TRN-E503524B98FC59BD,REC-FEB116158B53BB32,A,2
MOPD-3C85BEEFE8A43C2A,1864,TRN-72A36DF4FA66303D,REC-7F8E4AEA87A8DE2B,C,1
MOPD-289B6A0FE2E9CF32,1865,TRN-7696AFA2DD77CA5F,REC-7EAA3E80581956F1,B,3
MOPD-0DBC450B7B5E0312,1866,TRN-9A074CFEAAA0D128,REC-8814669E202F5ED7,C,1
MOPD-3ACD57295919DDA1,1867,TRN-BAFAF985BCC0B207,REC-A9A7A0DA395059B8,A,2
MOPD-348F307792FCDF50,1868,TRN-8E29550881D16AB7,REC-98CC88E4C396293A,A,1
MOPD-356110908F55838B,1869,TRN-1546676887A65165,REC-5D8E4FFA5A489F27,C,1
MOPD-1A4F05064B92EC2F,1870,TRN-CED317885EE44546,REC-39B56F472AC1E9A0,A,2
MOPD-247F4D577DF235AF,1871,TRN-F3023ABBF26DF7E5,REC-C528B583720CDB7E,B,2
MOPD-4252B4DA8AA664AA,1872,TRN-E379325C4C05699B,REC-BE60FD8377F50F4E,C,1
MOPD-33D6EC586187589A,1873,TRN-041EF1FD28720A5E,REC-6BFC2047A7A6A88E,B,3
MOPD-9F88B1C49F2C2A1C,1874,TRN-0676A3E655B08B1B,REC-729B7B7D0133FDFC,C,1
MOPD-769754408EE0C1BA,1875,TRN-4131A695CFF4697F,REC-B88F6538AC35726F,B,1
MOPD-6A82C80DBCE74E35,1876,TRN-50FFA55227CBD027,REC-B7D82A6F84D54D98,A,2
MOPD-0EC1420AE3E06C4C,1877,TRN-325FB0F392E6D51F,REC-E30DDE789D979795,B,2
MOPD-239F3DC84D1C8437,1878,TRN-03A6156ADD94FEF6,REC-962F25F8F029D86A,A,2
MOPD-871CFA5565C82098,1879,TRN-42D5AE72A1EF29F8,REC-DC5331FEE0E88D77,C,1
MOPD-578EC9580A904533,1880,TRN-0D1A872C0D3A411C,REC-C89D002C9A1296F7,C,1
MOPD-85B9328A48D093CD,1881,TRN-6ACDF7F711E60A25,REC-4899E7276B192FFA,A,1
MOPD-5E0D9C08DEF56B29,1882,TRN-C4F64B7CED80445E,REC-5C19D638C6DD100F,C,1
MOPD-DFFEE84CBF3BDE53,1883,TRN-AE10FE68A1D66445,REC-706CE8244F8F659C,C,1
MOPD-F23459DCEA6C64E0,1884,TRN-F8146E23CE0C0DBE,REC-BC5409CB78E65BAE,B,3
MOPD-2619EB4A496D271E,1885,TRN-E9FBED7587447CE0,REC-412108981B5C2578,C,1
MOPD-A72082331D61CE27,1886,TRN-1563E214450FA380,REC-94A2FC76BB7440B1,C,1
MOPD-DC82623D23DB5DD6,1887,TRN-C454E3F3E6172B50,REC-2EDFBFD90BE2B761,B,2
MOPD-B718D12985C7F338,1888,TRN-5A2FB31D5D51EAC4,REC-73A2543CC0B0FC4E,B,3
MOPD-0EE37E94A949368F,1889,TRN-CECFEF13438CB2A3,REC-BD36266B856DC98D,B,2
MOPD-2C13E0398E58CDE9,1890,TRN-5234E7EF97CA46FB,REC-C2FB0E420A0E3472,A,3
MOPD-57B7575D0FD7189F,1891,TRN-F7D7FB6B9A0F0F29,REC-DB481ABB123A027F,C,1
MOPD-C86D725A2D898881,1892,TRN-B8C9B79426FF56F9,REC-829944F849EA849D,C,1
MOPD-9290C805F037D483,1893,TRN-F0301D0FF91B2A50,REC-ABCC7852D5D55D97,C,1
MOPD-24639F7421B445C5,1894,TRN-E050D1EEDBA4F8AB,REC-C579FBBE4A926A73,B,2
MOPD-BC18335E0EFD093F,1895,TRN-49B0087C76103DFF,REC-9414E25041662E78,B,1
MOPD-BF87B151367A8819,1896,TRN-5B04B52E4E15D0BF,REC-0AFABFAB7EC85B23,C,1
MOPD-1462758E87CB7BA7,1897,TRN-77B6A591B0A4DFC2,REC-729DC7288129EAFE,B,2
MOPD-B2750D67ECFA0DBF,1898,TRN-D4AE99F067D8F07E,REC-28F390BC34531582,A,2
MOPD-03F81F8D202543CD,1899,TRN-DC19E60A123F5EAC,REC-EE26D43E238B79FD,B,1
MOPD-4138E1640455CACE,1900,TRN-048F98AE5C342C33,REC-FB161FD788DE82B9,A,1
MOPD-2384322A88D25D39,1901,TRN-829D151E4DC4C658,REC-BDDBCE0E1C168341,A,3
MOPD-2414E35CFECF2C57,1902,TRN-E49C4CCA565C44B6,REC-5D430078D9A1C6D6,B,2
MOPD-264D64C0AB524D6D,1903,TRN-1EF6E85FDD66606D,REC-D4A3B87CD884F689,A,1
MOPD-6AAA64FB87FE80EB,1904,TRN-4D099DB65225CE68,REC-F003A54F6503D324,C,1
MOPD-DB444E488D078DD4,1905,TRN-CA843C7351A4CCE9,REC-628DC93288F25F33,A,1
MOPD-B1CEAFCCC36F921D,1906,TRN-F6D398F5C7669A35,REC-F7A6A0FD74B0F5AC,C,1
MOPD-15269C8E48F55EFC,1907,TRN-50FDAD354BE7CDA0,REC-8F10F8B419F7CE96,C,1
MOPD-CB32284327D95AD0,1908,TRN-F66C97C65530B806,REC-37EBE030F4315226,B,3
MOPD-AEBB2BDE12329D61,1909,TRN-DB233E34ACBDCBE5,REC-4F21B1202A7AC37F,B,3
MOPD-56A246529A779F01,1910,TRN-4FC474A5C59E5273,REC-24D683BFA5A11B68,B,2
MOPD-B56902C6B2CC5428,1911,TRN-70CDC746C026AB99,REC-6B30CB2664C2948C,A,1
MOPD-8210583458A8BDBD,1912,TRN-1F1F399B2C65AC9A,REC-43E5D673C9C64078,A,1
MOPD-F598A58FD905552A,1913,TRN-30251699B579C1D0,REC-A53FD0D3C3B60016,C,1
MOPD-803FE76208D7EB9A,1914,TRN-E1F5375630771831,REC-8B4103BA1248C42B,B,2
MOPD-5CDECB9785F2F044,1915,TRN-6CECE11302C194B4,REC-53A0B6434A16B9AF,B,3
MOPD-2382FC34FE896606,1916,TRN-7AEACB89647C8809,REC-B3027AF78DBA51E8,B,2
MOPD-D4A7E56B13CD41C3,1917,TRN-C0E1DEBB818B6BBA,REC-6F6A59E1E61F7BC3,C,1
MOPD-2D9469C7EF4B0A07,1918,TRN-610FAE222E77197B,REC-E6ED61C8069462B2,B,2
MOPD-6893EDEA20F322E9,1919,TRN-F02C13243D7B83AF,REC-B6596DA0466AD86E,A,3
MOPD-DE5AB5CE0A696E60,1920,TRN-5487CA47DB1BA6C6,REC-C8CCC1F30AED3BD3,A,1
MOPD-597404099ACEFD5B,1921,TRN-2E62C10D14BFA947,REC-0163130DD07F44F7,C,1
MOPD-CD1C45FFCF59CE8A,1922,TRN-07C7A0EDF0517A75,REC-66BF195444A7CDBF,C,1
MOPD-7C73125EAA5B9E85,1923,TRN-9C40F1D2B8F0ECF4,REC-335D73EE7BD21D88,C,1
MOPD-85A436C6C3A66C45,1924,TRN-73FF8AD3367824AD,REC-7B5140B637DFAB72,B,2
MOPD-49C5FBBD4989FD09,1925,TRN-496B5677AFF6DA48,REC-859859873907D49B,B,1
MOPD-2789CBAD5FCF8AF5,1926,TRN-664610F74A4AA0F6,REC-98450F88FD93F2CE,C,1
MOPD-7E40D368B71F8437,1927,TRN-B829965633CEA38A,REC-2E30E9738A40B330,B,3
MOPD-0CBDCC39257F2449,1928,TRN-67E915519BAAA8BB,REC-92F46C5A57ABA26F,C,1
MOPD-EBA94CA41A3407B6,1929,TRN-14E7604B1E48316B,REC-D270B050CBC00F09,A,1
MOPD-5509E18CC4F7A888,1930,TRN-4A82A04CEAB1C52A,REC-26D7EFE5F4B4CE54,C,1
MOPD-8364B496B71763E1,1931,TRN-4D234FEB987F2413,REC-10AAC275442A89E6,B,2
MOPD-071C60D60E98E50F,1932,TRN-509457DB3DC3FE5A,REC-ABC11D6E4661C90E,C,1
MOPD-57CB1428E82186BA,1933,TRN-E75DC2DEC8F531F6,REC-15E0563562AE3417,B,3
MOPD-7CD3E37E601D67DC,1934,TRN-A4ADD8A42C3B45A7,REC-9B8DBCD08C6171C0,A,1
MOPD-081706E9C88CF34D,1935,TRN-9840295E45DCD740,REC-611961E3471F07F6,C,1
MOPD-C6398FE7D96827C3,1936,TRN-906A3E48C6355675,REC-CE9673CD254DD8FD,C,1
MOPD-99E8DB8C1EB6D33C,1937,TRN-FCD8128394E03B8B,REC-968B25AC947284B3,B,1
MOPD-6740B503085AA0CF,1938,TRN-F449318A8B257EBF,REC-2ED394FD21940DC0,B,2
MOPD-9EC716C15DEBA828,1939,TRN-719987B760A259E1,REC-090A590868CD7540,C,1
MOPD-1E444B92B97BB6A5,1940,TRN-E52FBEA5BB12A544,REC-8FBE0126FC7B7C08,A,2
MOPD-5FEFBCF041FBA412,1941,TRN-D729EA48455D4557,REC-794804574E477886,B,1
MOPD-80A4106091E50E8A,1942,TRN-83C1E6C074C4274E,REC-937F63EE211CD15A,A,1
MOPD-B668CD4E5F358BE0,1943,TRN-19DD2F6E4EE12C95,REC-D6F232E69BD04E12,B,2
MOPD-09AA43DC923EC443,1944,TRN-2A1A5B00DAE56878,REC-2C0D0D44353E8C37,B,4
MOPD-598310C1591D0475,1945,TRN-F96D39D86529D361,REC-718D41CE01C2F39C,C,1
MOPD-C84CD1DA7A20C348,1946,TRN-9B4DA2EAC367A3AC,REC-494A53AA12F4F020,A,2
MOPD-1F2FA936971860B5,1947,TRN-496B5677AFF6DA48,REC-859859873907D49B,B,2
MOPD-F4A547845D4A0CD3,1948,TRN-B98157A7E011E8D9,REC-FBEE808CE2AD13DA,B,2
MOPD-5F5AA75206304174,1949,TRN-6D98C8BAAF9E5C9C,REC-85794FAA1A612889,A,1
MOPD-AD4490335216C108,1950,TRN-A95D1A3B30C05499,REC-D7410B12B5EACE32,B,1
MOPD-73CFA8F642CC702A,1951,TRN-7B2B5CC8F1756F72,REC-F4BE081B4E28387F,B,2
MOPD-2A91A13557771674,1952,TRN-68EA183B71B509C8,REC-E3A1064BF1094A9F,A,1
MOPD-06CDA2A2E23E87EC,1953,TRN-83D835DBC1582049,REC-B3D97405806F6B30,C,1
MOPD-E05894C8A77F2B57,1954,TRN-145D128153C8CB10,REC-62EE8A4279350A0D,A,2
MOPD-2A6149B875BF77B2,1955,TRN-30A72C1C6A7AD63E,REC-C65FD9EDE785AC02,B,2
MOPD-DE7FB689D64A0D87,1956,TRN-A3E6D6670C34D921,REC-2470216517E3CF0A,B,2
MOPD-D6649431E8E6BEAA,1957,TRN-9B00B51BB35A8239,REC-9815C9A2D61F1733,C,1
MOPD-0C01737BFB951DF0,1958,TRN-66B5C532D7586BA2,REC-8A43D6CCF67DA20D,B,1
MOPD-6A3127B53488B1C7,1959,TRN-6B0EB872015DBE5C,REC-16F7D93A265A867E,C,1
MOPD-18A44CCA554D299F,1960,TRN-B154E86EF58F841F,REC-A905A756D0589F90,B,1
MOPD-B347E73AE264968D,1961,TRN-92C2B6B3C2741924,REC-83C5861E9C57E945,B,1
MOPD-A1B60935612A6C65,1962,TRN-3232DF694F94DC5C,REC-AE855F7A1B214C2C,C,1
MOPD-C838F87037235AF4,1963,TRN-4773EEC432B4687C,REC-37D1E55B3CD048B2,B,2
MOPD-A022450A0F556D1C,1964,TRN-BAB421F3CAB0C04D,REC-17A60AFBC146D409,A,2
MOPD-7F148D1FA94CB7BC,1965,TRN-00CEDB01262EA8CE,REC-BB84C5771B18A5AD,B,2
MOPD-13509549713ED7C6,1966,TRN-7EDCC55E624D8E37,REC-54AD5760D5004317,A,1
MOPD-FC82D220369F2739,1967,TRN-70C5F7157939531D,REC-DABBB3A7FDC0A828,A,1
MOPD-07E8E755E5310DE7,1968,TRN-F5305F7C52C7EF3A,REC-C0532ADA6D3D7D69,A,1
MOPD-CF1DED14A627887C,1969,TRN-4A0B7855120FDBF0,REC-7C2529C199863DF4,C,1
MOPD-93E5E5DC3B4997FD,1970,TRN-7EE1EF604FFC8DF0,REC-B2D6962218924576,A,2
MOPD-386070C22613B1CE,1971,TRN-60BA4B6CC73B119D,REC-C32328A0AE2CA48E,C,1
MOPD-50CBC5140F8168CC,1972,TRN-1730199DB5C161F9,REC-DBA25032A10B0571,C,1
MOPD-0AB61840C53C8154,1973,TRN-E98A69B77651AE72,REC-0560AB49E3651995,B,3
MOPD-653C4F14219B6EF9,1974,TRN-30F0B2CBB0E620F9,REC-63A31A51E3A5DA0B,C,1
MOPD-4E0BA9291A748C9E,1975,TRN-86854808D6F40BAE,REC-6C2000B4B2D37F77,A,2
MOPD-0D02AFE94C4825A6,1976,TRN-637B95CB22E2DEE9,REC-5574FB2BEC011DAE,C,1
MOPD-BEBCB245B98D17AF,1977,TRN-387717FB2132D26B,REC-F97218886605527D,A,3
MOPD-19CEA52803CF108D,1978,TRN-F66C97C65530B806,REC-37EBE030F4315226,B,4
MOPD-79A586AE90F32445,1979,TRN-3CFAE000B4BEF89B,REC-62FDB674FAEDC61A,A,2
MOPD-E665509EB68E7098,1980,TRN-7CC9CC2CAC7ACC9D,REC-28FEAAAE8A5F26D5,B,3
MOPD-33840EBC5C5824FA,1981,TRN-ABB08771E5191F1B,REC-7BC7EB8FB3B2DBAE,B,1
MOPD-7DEA2F89386896DC,1982,TRN-125C866CE00525F4,REC-9F3075996F307BA4,C,1
MOPD-11FE113CC2AD87CC,1983,TRN-54B353554B52C2F1,REC-B7C991DC96232CE4,B,2
MOPD-01568CDAFE8D21E0,1984,TRN-A4A5EFB8DA9620CB,REC-6D4A7F298BF6D124,C,1
MOPD-4E294471B1ACE995,1985,TRN-BE251DA5E44DE081,REC-8B379A571F1A879A,B,1
MOPD-5F55E942EDE3B454,1986,TRN-115BC482BA5DDDCC,REC-676F0387F7AE5E28,B,2
MOPD-8958511461AE539A,1987,TRN-148443C23274E13D,REC-61F5E522D0E809FE,C,1
MOPD-EA55B85D2ED660DB,1988,TRN-516F742099E944FC,REC-BBFDB961562ED15E,C,1
MOPD-26FE46D525B29A82,1989,TRN-A9E8539F16097839,REC-BA753D7C4035F16D,A,2
MOPD-3D74ED6094DFD1E8,1990,TRN-B003B640A697AEAD,REC-5037215EFF497377,B,1
MOPD-BE68B44B9FB5EF9E,1991,TRN-AAA19EC41FE0D98F,REC-80E16BAFF48310F9,C,1
MOPD-2E2C352211DC15F5,1992,TRN-9697F5FA2C1A0DF4,REC-90C6E6F9AAF9EA71,C,1
MOPD-284D3D589F7D7E4E,1993,TRN-7B1A7017FA9618B0,REC-518C2EF528BCE110,C,1
MOPD-C19CD08ACF68F04C,1994,TRN-5BF17F083743163D,REC-1D96D6E988DE9500,B,1
MOPD-80DBFE7FC652AE8C,1995,TRN-63E8E0866B1752FA,REC-1B8B4641B7F73630,B,1
MOPD-C52E4DD91B2F4831,1996,TRN-9A51B76E12ED0D8F,REC-B9265D54D4F09750,C,1
MOPD-E780C5880B5C5CDA,1997,TRN-33A879EC30E4B401,REC-E3E61BCF0768F30C,A,2
MOPD-C2452308734D41E9,1998,TRN-6D1037D75D0C93B8,REC-D6FCA35DA9BBCE43,C,1
MOPD-950CF94DE08F9BA0,1999,TRN-7F0221A78A754DB2,REC-43307E5547080CEC,C,1
MOPD-4B687705D7D9FAC8,2000,TRN-1C9F9326241B169A,REC-F8BE7DDF4A2588C7,C,1
MOPD-677A0738730739F9,2001,TRN-6BB0A767E79E2B9B,REC-FD223062FFBF18DA,A,2
MOPD-948A0FCCEBC282FA,2002,TRN-E01E9706D02982AC,REC-6EA92C49C34776D6,C,1
MOPD-DD2104C68797A5A4,2003,TRN-54B353554B52C2F1,REC-B7C991DC96232CE4,B,3
MOPD-DE09CE03A3D6C7E8,2004,TRN-2A5802C13E525722,REC-97FAC3035A586BA7,B,3
MOPD-CF2AA648DCB20EA1,2005,TRN-068704F56077FFD0,REC-F1DFE8F014308C46,C,1
MOPD-834F81FB1F9E0B1F,2006,TRN-FE25E2D8E48B7125,REC-12E01D588D1D110C,A,2
MOPD-006C2DC667F81CFC,2007,TRN-CA5D60E64F1875AD,REC-A17A85032BF17CCF,C,1
MOPD-9357BCF3B5A2536C,2008,TRN-D57BF801AD2472C4,REC-54DD5F95193E93AE,B,2
MOPD-815DAF96FF1CAF04,2009,TRN-0931040AC4049D75,REC-5178FA8D9E1387C4,A,1
MOPD-E37ED335DC8825FA,2010,TRN-8590FD3C9141BB58,REC-C7F0225C9908233F,A,2
MOPD-B3B8A066BB3760F3,2011,TRN-E3E62973CC004D4F,REC-238BE62A100A2A1E,B,2
MOPD-A540DE7A4927DA40,2012,TRN-E4ABB76BA5070033,REC-F28DBE3410219422,C,1
MOPD-13C992052EAC5F53,2013,TRN-41E8D1959C002EF2,REC-F01D9C76BB71809E,B,1
MOPD-AC1E0400A4710FFB,2014,TRN-AD8F6446B59DA959,REC-5794A5431AD90E2A,A,1
MOPD-A99F1A4CDC904AEE,2015,TRN-1BDFEE838E4F2DA9,REC-8395F10735A46310,C,1
MOPD-96F0A4FC930BB2B7,2016,TRN-B0D37BD62191D533,REC-AC0D73443A76C848,B,2
MOPD-F0886EBACCD3ABC3,2017,TRN-B05FE01D439534BA,REC-BD67B6E682C30B42,C,1
MOPD-03DA2D2BC7D582FD,2018,TRN-3DBAA63F01B66CB4,REC-31B40F316819A95E,C,1
MOPD-E8013164B24789D4,2019,TRN-F21368E6FCFAE06A,REC-B9F98DA52A20AB68,B,1
MOPD-663DE84EE98F4BC3,2020,TRN-60DEAFE0C1A0F8AD,REC-BEC402A792657E2A,C,1
MOPD-CFC9B54BA59AB5E6,2021,TRN-A8C0DFD0878441B4,REC-3A7C6D78E6978065,B,2
MOPD-8BFF924F6A433137,2022,TRN-E54CDFA8C0B8F2CE,REC-3F958025F2E5A5C7,A,2
MOPD-79A2EC5EDE0BBA62,2023,TRN-A04EEAF13DCB3A03,REC-5B0714C21C619D2B,B,2
MOPD-D60A9F767F8199A2,2024,TRN-7DAD985E1C14C5BC,REC-D0C9AFC16FFF96DA,C,1
MOPD-E0C2C8F4D521C9C2,2025,TRN-9602EF679C6F2C81,REC-8DD2D1333ED903E2,B,2
MOPD-78ECFEF83ACD867D,2026,TRN-EF9F937BC86230AD,REC-22BFFE0E53C485F7,A,2
MOPD-647472DB5D2B6D0D,2027,TRN-128CCDA984627651,REC-C782440D867F4C5E,C,1
MOPD-D8336E037153CD5E,2028,TRN-CDA531E2E77044CB,REC-7181AB2AF45704FA,A,2
MOPD-CBC98A12EA5A1EC2,2029,TRN-712186B6A613BB62,REC-B14D1323D5775E23,A,2
MOPD-BA09057764337DB5,2030,TRN-20925F4FAEA079B1,REC-9491360DA179E37E,B,2
MOPD-C3FF8B0F8C36157A,2031,TRN-00CEDB01262EA8CE,REC-BB84C5771B18A5AD,B,3
MOPD-03C3DE2782132637,2032,TRN-C28C3A6C2D41B0DE,REC-571A5CA9C11FBE74,C,1
MOPD-E8E6A7154E55F51B,2033,TRN-111626B6F62AFDD9,REC-75221FB8EBB00D2D,B,2
MOPD-71FEFBB389263256,2034,TRN-E52FBEA5BB12A544,REC-8FBE0126FC7B7C08,A,3
MOPD-EE2B8F32D3160D15,2035,TRN-ABD917ADEDEBF352,REC-88CEB7F82AD6552A,A,1
MOPD-95634948F28930DF,2036,TRN-313B881695FA14F8,REC-FA04B55AD9E0BCAE,B,4
MOPD-7222577EA343C4D5,2037,TRN-462E0871654D8E79,REC-5331362AF7A128A3,A,2
MOPD-3C8C4A1B99740FCB,2038,TRN-60E627128DB13ADA,REC-3BDC3CD111B96EF7,A,1
MOPD-C84A43370B4E609E,2039,TRN-F79DD1DFBFF790E4,REC-15CE252207CDD75F,C,1
MOPD-B9C9FBA8ED32A7E3,2040,TRN-1C40F5F1BE7DC405,REC-B0092089B80AF22C,C,1
MOPD-F7E43B6EEE926FA8,2041,TRN-A4AB24566E9F5931,REC-F754141C91D08D51,C,1
MOPD-6054CD3EAF6FD24D,2042,TRN-AD63A38AE986DEE6,REC-244DF565F544FF6F,C,1
MOPD-CF214F92B922462A,2043,TRN-E1433E360700FC40,REC-73861065F640D2E3,A,1
MOPD-0B47E0F39F0C695B,2044,TRN-8DF07E19C05A8F28,REC-B2F05F02D396E7A2,C,1
MOPD-EAF4FCD668806D20,2045,TRN-8FF1354462345D39,REC-79039D438241EDD7,A,2
MOPD-7078738C50E09210,2046,TRN-85B5F49A0A6456B3,REC-A8CABE4729AF7282,B,2
MOPD-9FBBB5972FDAEB2F,2047,TRN-D8C23CCCA0B5496E,REC-112B0D4EE7DE65A9,C,1
MOPD-8F825F2831B55AAC,2048,TRN-F392CCBE0F057D03,REC-2298BB3435F12DE4,A,1
MOPD-0DA7A97B5FD1E03A,2049,TRN-7F9A8F93AC8FE022,REC-624363A7FA7E5B13,C,1
MOPD-17DEBDBB2C91C63B,2050,TRN-1D7ABD5AFC8BC8A3,REC-032DFF0B23B10D7A,A,2
MOPD-FD164B106534A238,2051,TRN-A4B33D3C154A7D31,REC-530CC85CA696A6E6,A,2
MOPD-B445319D795F3563,2052,TRN-E537689D73752319,REC-E80D3FEB43C4C7D6,A,1
MOPD-8F4FF5C725193D47,2053,TRN-47D746A47D6EDDB9,REC-9FA4685E1DFE9659,A,3
MOPD-54CFBEEBD8CD5631,2054,TRN-F15E964B1EFFAD25,REC-838E78E12A7F574E,A,2
MOPD-CF22B490E27D14B8,2055,TRN-0186A33E9984F437,REC-9D4F2BEF3D9A9826,A,2
MOPD-1E1E5B0F2AE9679E,2056,TRN-8DF0CBD5C44DF06B,REC-16E81CC9064AE181,A,3
MOPD-0415DF59C4FC620C,2057,TRN-B4365D5C98CCF413,REC-3FA89931AACC36E8,C,1
MOPD-D3E019BE3FADEAB4,2058,TRN-B003B640A697AEAD,REC-5037215EFF497377,B,2
MOPD-B0BB62884B49274E,2059,TRN-59BBA8FF646636BD,REC-397FE80D38288551,A,2
MOPD-B684D4E1F8DA7B84,2060,TRN-F9AE5DBF710FC2B2,REC-E323C3381789988C,C,1
MOPD-DBBFC636C9FA25BB,2061,TRN-59B15D7BFB3FD135,REC-4464BE3CA066354F,C,1
MOPD-1EC2022AFFB0C784,2062,TRN-6F29488C7DFE1306,REC-D54A69989CD36195,C,1
MOPD-D61999FD1BB8EC8C,2063,TRN-E616CF50180BE78E,REC-E8034CE95F090AC4,C,1
MOPD-01C865E8D5DA4D72,2064,TRN-101EB3CF1474F6A9,REC-A8CF4A4DDB44711E,C,1
MOPD-4BCAA21C6D71F1EE,2065,TRN-A9D50A73485AFDD4,REC-FC667272EB4F30B5,C,1
MOPD-CB2512F592B7F4CE,2066,TRN-B3DE7C8968B7BE51,REC-25E8DAAA37DAC617,B,3
MOPD-183975D413FB822C,2067,TRN-F900F3F35268D70A,REC-29D714DD963AF7B9,A,2
MOPD-9D0C7610F68F62FC,2068,TRN-EA34F93B9B6A1A5B,REC-E964A13BBF1034F9,A,1
MOPD-384E622B44294C58,2069,TRN-4E289D2B0CC21991,REC-FDA1FC44C48B721C,B,3
MOPD-DA708CC85B5275EF,2070,TRN-C60797814E1A0232,REC-58A4F48A6B7D63B0,B,2
MOPD-EC6760E1BE2694FC,2071,TRN-0CED7243A1D46BDB,REC-4D834CBEC0D407CA,B,2
MOPD-8FE5AEC617E337AD,2072,TRN-78A43B8B0CD6CE6A,REC-9A8E794385CC3655,C,1
MOPD-581DD66A826E25B9,2073,TRN-24DB5C8994E97B0A,REC-9800C907BA15758F,B,1
MOPD-01CF890726C8125F,2074,TRN-6D5BFA5426CD0B38,REC-23491B764AA9B401,B,1
MOPD-EB74537A7C15F871,2075,TRN-7AAE493C6BFE8FA4,REC-845F5E9A12756FE3,C,1
MOPD-4D7ECAB92C757648,2076,TRN-F52B72FDB1FAD2EF,REC-8604C469AC34F648,B,1
MOPD-4455EEC41EB49D25,2077,TRN-976EC5F544D3CBA1,REC-27C9076B5482EB53,C,1
MOPD-413BE43D498DBCEB,2078,TRN-712186B6A613BB62,REC-B14D1323D5775E23,A,3
MOPD-67436D46580C19E6,2079,TRN-CFB4A119929A8C15,REC-BADA56F976203D61,B,2
MOPD-4FFD7C6536DFC839,2080,TRN-269F4AF6341FD8EF,REC-2B827010F078C8D9,A,1
MOPD-EC5A3A59D2301A5C,2081,TRN-90FA588A8DDD8E76,REC-1ED021467450EE05,A,2
MOPD-0FC3B87684A7B609,2082,TRN-F5305F7C52C7EF3A,REC-C0532ADA6D3D7D69,A,2
MOPD-5FA1018647D54A75,2083,TRN-C56FFB4DFCF45E79,REC-F9B0AA9BF0839325,A,1
MOPD-849EB01C56F65667,2084,TRN-0C31A9BAEF8E9D14,REC-808A1FE8930D2A92,C,1
MOPD-C0055AA0C2F4807F,2085,TRN-244E11737D9B24CF,REC-A33824DB10858300,A,1
MOPD-215AFDECA1DA9816,2086,TRN-34ADFE99B4CA52B9,REC-7E5336C1AB76AA2C,B,1
MOPD-2846EA48B95256D3,2087,TRN-E3C979505FB7F6F3,REC-27E2B8B14D61A438,A,2
MOPD-E2A0DEAE7D9C341F,2088,TRN-8B13F21EE531A5A4,REC-19C9124CEA2F8ACC,C,1
MOPD-7C215E984D8E010E,2089,TRN-A1E0A9B8F0AF73A3,REC-9923CF1B66E823CB,C,1
MOPD-6EE4DE9955822A8D,2090,TRN-DA2999F865ED53A7,REC-E43DA4FE96F3A171,C,1
MOPD-7A959B1AFC2160EE,2091,TRN-A7A5AE452B562C2C,REC-ED87517E8432B477,C,1
MOPD-80F1BD90F6A3881F,2092,TRN-2245F5479ADFF48A,REC-7AD200151E1933DC,B,1
MOPD-54275300DCDA3118,2093,TRN-09A63CAE8DE48EB1,REC-7E305BA1722A0456,B,2
MOPD-16D4EED42709B23A,2094,TRN-FC39B61A3667B65B,REC-521F292839220FE7,B,1
MOPD-B5790894DFDF1CDC,2095,TRN-4F9CB600F74F7312,REC-607A824205AFF0B6,B,2
MOPD-906F7A8BBC86D61E,2096,TRN-F09C23158967A530,REC-A1F045B07DB9044D,C,1
MOPD-38483B2575625E20,2097,TRN-549881F46D3BECED,REC-2C1CA563B0E64973,C,1
MOPD-6166A30550E1B637,2098,TRN-5559CDE0028BC23C,REC-16415D1AE7873B21,B,1
MOPD-3E75D1348C3E8154,2099,TRN-26047A7AFAC2455D,REC-9E105515E5628CA3,C,1
MOPD-241001EB624EF223,2100,TRN-A9A6F012CDED3C25,REC-C3B7519E8C4BCCB4,C,1
MOPD-7E3B0D2879845723,2101,TRN-821C2DA29E0E8C64,REC-4560F4002D2B7C6F,C,1
MOPD-DB814470E4F63825,2102,TRN-A7F4777D625A1354,REC-D65B6471E654F96E,A,1
MOPD-7E3C4A1B7C0EA765,2103,TRN-5B200692BC10AC57,REC-DAC03E3B0C875107,C,1
MOPD-36D489D16EF0B5D4,2104,TRN-BF3DF0AD219C5386,REC-42CAE4C966E4A52C,C,1
MOPD-B50D785BB26EC13D,2105,TRN-512FEF63E5C439E4,REC-0873937598B5E863,A,2
MOPD-C89DE95B7980503E,2106,TRN-111626B6F62AFDD9,REC-75221FB8EBB00D2D,B,3
MOPD-8B6519A93B9A0911,2107,TRN-46ADFFA9AB32E624,REC-6AAFB5A2C70F4376,A,1
MOPD-BAB9375368ADDA86,2108,TRN-4EA901732289302F,REC-87F9C7912F2BC885,B,2
MOPD-28ED08B8933754F9,2109,TRN-DA1207745D78807A,REC-6D0B2165B55E7D67,C,1
MOPD-0048E4598E61BEE1,2110,TRN-DD78856C6E8D6A5A,REC-CF44D2E18E73A79D,A,1
MOPD-029C10F070FF7C71,2111,TRN-4A5AF906C763065B,REC-9575E3F543B0A189,A,1
MOPD-46DE5A3FB6102DD6,2112,TRN-95EE8B644237EA06,REC-FC83998B4FAD5984,A,2
MOPD-B0B1C29C465DBDDC,2113,TRN-B50741A4F5DEAE83,REC-DFA28DA6D2809E17,B,2
MOPD-4C4C4F47601018A6,2114,TRN-D20A2E738BFE3EA2,REC-7F32DF006E42C438,B,2
MOPD-44FFF59411F344B5,2115,TRN-1B3DCEA8E6663E44,REC-20DD6909A0CB2D5C,A,2
MOPD-ECBFBB94E9FA3D2B,2116,TRN-E47969678BA49ABD,REC-52017524730A51EE,B,2
MOPD-6C457A6BDC000458,2117,TRN-AAB083A94B49B18D,REC-35B4C6B97BE145FB,C,1
MOPD-7DB33109AA738E07,2118,TRN-25114C633BEB93D5,REC-287464846BA550AB,A,2
MOPD-FBEEAB0BC97BE615,2119,TRN-F1571EECE72CA16A,REC-183BD42E39E38282,C,1
MOPD-77242A801936FDFF,2120,TRN-A89B3686D81C6D62,REC-2E7F114F89A8CB4C,A,1
MOPD-9C9C077FB8B9BDC2,2121,TRN-C5E96001A5C0C26B,REC-398E9E73AE5CB464,C,1
MOPD-EE8E72FFCE657028,2122,TRN-AEFDE77DCCB7607E,REC-90AE77FD474D96BC,C,1
MOPD-32CCEFF68281E859,2123,TRN-9F7540BB005F63AD,REC-11D14BB4755552F5,C,1
MOPD-D35AE927879A141E,2124,TRN-2F1CFE2B2993D936,REC-C9599F6AE2A986EF,C,1
MOPD-14092B66141FF441,2125,TRN-EB760FB4B94AE0E9,REC-64A57A98510A149A,A,2
MOPD-D79D8BCACAC4E7F5,2126,TRN-60E627128DB13ADA,REC-3BDC3CD111B96EF7,A,2
MOPD-DC1D7D9B402D66F2,2127,TRN-5516A1CE332C0080,REC-E225827128EEB3CF,A,1
MOPD-DA52DB2E6FA5954E,2128,TRN-E768B6270E615F91,REC-E8F9362BF7CF410E,A,2
MOPD-968C51DFF1ABC57A,2129,TRN-B50741A4F5DEAE83,REC-DFA28DA6D2809E17,B,3
MOPD-179D12EE28D0E528,2130,TRN-99C4230D1346A977,REC-B0A1C992A94169AF,C,1
MOPD-18E42C147260F657,2131,TRN-AA1AB52D30626F71,REC-15A013D957198086,B,1
MOPD-AAB17AB13A681A54,2132,TRN-AF33DAD54CA44F4C,REC-1CB3D9E12E91BAA3,C,1
MOPD-9E5C5FE99A1A9422,2133,TRN-34BEC79B61F8C1F8,REC-425496169AAE9138,A,1
MOPD-1B84614A6193F978,2134,TRN-65FFE1FDB89ED306,REC-C316AACF5EF55B9A,A,1
MOPD-028BF0239FCF193D,2135,TRN-9BF86A793A39BB9A,REC-D670DF5C08ECD31A,C,1
MOPD-D7B353897F92A435,2136,TRN-A9EEB82F185F42F6,REC-1358C5993AE67FBE,C,1
MOPD-A4BFF53CEA38FE7D,2137,TRN-61869D3EE15AF625,REC-974834FA26F4F9F8,A,2
MOPD-4006BE3AA7AD6FD9,2138,TRN-1F5BE0AF79E59639,REC-3D1598A1771BC94C,A,2
MOPD-B4FC2D84106A4738,2139,TRN-088E89A8F4A56323,REC-4EF027BD728024CA,B,2
MOPD-8E9B631805288FEB,2140,TRN-A546EF280D22E1F1,REC-6B42CB9F861D58A0,C,1
MOPD-E2505005339109BC,2141,TRN-61869D3EE15AF625,REC-974834FA26F4F9F8,A,3
MOPD-8B500F8FBA95269C,2142,TRN-45D64110096836EE,REC-717C84C58B23B6D7,C,1
MOPD-A8EB997935274AE5,2143,TRN-A8E9EFDBE05B4F45,REC-0B9FE65B544D01B7,B,1
MOPD-FC08EDEDE129E283,2144,TRN-C2624B0F3575EC19,REC-D2A7408586D2FC7C,C,1
MOPD-387AE5A416B2F96A,2145,TRN-7A22BEFB83E71732,REC-273299286E7F85B9,B,1
MOPD-079122D482985D10,2146,TRN-A3D4C253CFA61FD4,REC-10F944E7A5C15AE2,B,1
MOPD-9BA288C1DAE73559,2147,TRN-EA34F93B9B6A1A5B,REC-E964A13BBF1034F9,A,2
MOPD-3F3392C362EA0998,2148,TRN-DA265D50E213A65D,REC-D1869842FE5C78A2,C,1
MOPD-07B0C6EAA7895B1F,2149,TRN-A7294F17AD1465F8,REC-32E2647378091267,C,1
MOPD-AC8A7D2B89324E9A,2150,TRN-C454E3F3E6172B50,REC-2EDFBFD90BE2B761,B,3
MOPD-8455F1793D33A144,2151,TRN-CF217B7C8D85A79E,REC-C04A49D23571E660,C,1
MOPD-E2CEB3C1D61E3FA7,2152,TRN-EE649843EDB1F4FD,REC-6A4AED06AE746A29,B,1
MOPD-78C33D80DFB87E9E,2153,TRN-1B2B86CA31A64E97,REC-C3367040FB38A588,C,1
MOPD-570BB7DAA8DBB8D3,2154,TRN-E123055F8F26D4A7,REC-34E1C543F9B9B19C,A,2
MOPD-DE6145DB73D23E92,2155,TRN-BE251DA5E44DE081,REC-8B379A571F1A879A,B,2
MOPD-12815B9A5C1797A4,2156,TRN-233ED8A618B2DCB8,REC-1831D4DBF93C47E7,C,1
MOPD-448FC53C1E389C44,2157,TRN-9270E3E90155268A,REC-4E5D44AD4F8CF103,C,1
MOPD-44C4BDB582D6D677,2158,TRN-33B66E9F49555DA4,REC-1072BF8825B8E971,C,1
MOPD-A4D4C11603F30CD2,2159,TRN-17A4F9268BF0F261,REC-39BD17533BB95786,B,1
MOPD-A9C2D70ED488A1BE,2160,TRN-0A7D17C6E6F730B6,REC-B252DF562E72DFDB,A,3
MOPD-80C36FCFCEDABAE2,2161,TRN-F52B72FDB1FAD2EF,REC-8604C469AC34F648,B,2
MOPD-1489D0D9CA06002B,2162,TRN-CED4419ECCF68376,REC-3CA5A5C2C714E350,A,1
MOPD-72D0A4669E97E573,2163,TRN-F926956699868B79,REC-369E56A161ACCD8F,A,2
MOPD-CFC6D48220A8F351,2164,TRN-7D4C149E5C67C375,REC-EDC27B843DF207A5,A,2
MOPD-D9C668479D686D38,2165,TRN-B777C31208E7279A,REC-BDC2A6F887CE6E48,A,1
MOPD-DE0420E3EFF0C24C,2166,TRN-7D2BAEFA60F1C1F2,REC-4C3474937E375415,C,1
MOPD-FBC1ECF05F0F1D49,2167,TRN-9BC721E9D86663F8,REC-859316C12EFF5168,A,2
MOPD-67966E9048B82152,2168,TRN-A7B5799C89F3FFCF,REC-6A7CCF23F1B24C5B,B,2
MOPD-044855B2FBEE7D26,2169,TRN-47965EB1A171A322,REC-2EB00F3F5E57A15B,C,1
MOPD-8A805CEC70184C42,2170,TRN-C3E541022E703BB6,REC-19DC1E725048FB9A,B,2
MOPD-0C1E18C96999C6BD,2171,TRN-63A48610E3C69810,REC-96F86BA9EBF4FEFB,C,1
MOPD-AF929F017BA26D1F,2172,TRN-4A5AF906C763065B,REC-9575E3F543B0A189,A,2
MOPD-7C50B71851F1DE9A,2173,TRN-526C15768767484D,REC-18DD17A5B733AAB2,C,1
MOPD-0EFE13869254FB07,2174,TRN-E0EA21EF2C6305F4,REC-D1500803C8CE2D07,A,3
MOPD-3D9ED76EC613B4B5,2175,TRN-F2DC05D095DF8C62,REC-F5B857DC66DF5238,C,1
MOPD-72A5920C0134F89F,2176,TRN-14F20B4E1FAF6819,REC-54A59261B399235D,A,2
MOPD-0B2EC7A416B89DFF,2177,TRN-E7F123980988C073,REC-5D5A8167F04002CA,C,1
MOPD-E7D1D2CEC92106A3,2178,TRN-B2EB5468A09AEB54,REC-F0BC65B964A1108F,C,1
MOPD-D09A6F42810D346E,2179,TRN-65FFE1FDB89ED306,REC-C316AACF5EF55B9A,A,2
MOPD-B8CE89CE4049927F,2180,TRN-F518DB224538EF83,REC-CEB62B093224C0FB,A,2
MOPD-2B0D34FBA0AB1D01,2181,TRN-DEE431459A7CF7FE,REC-136E0D7B6FF64E34,A,1
MOPD-E9214F483E9AB861,2182,TRN-1B87B4984A37F670,REC-B147C2FB987D7B9F,C,1
MOPD-DE8C50B9CA3E81BF,2183,TRN-6873E9CE077E44EE,REC-873DD274BE11F410,B,1
MOPD-81EF4D8CEA608EE2,2184,TRN-76219B3958694835,REC-744168566E3E61DC,B,2
MOPD-CFA039478F8638B0,2185,TRN-42EFDE4D90D30B6F,REC-57859F753D6915C2,A,2
MOPD-6BA9D5D29CF5E6CB,2186,TRN-AC505A4750A31EEF,REC-E961DDC660D716DD,B,1
MOPD-E21336A24811790B,2187,TRN-14AB9BCABD516FC9,REC-92E5406600FBB844,B,2
MOPD-D4D4C09F91A4EB39,2188,TRN-A170657835FFEFB1,REC-6350D5B05E221DDA,B,2
MOPD-2882B44128E3DDF7,2189,TRN-70D4D55E4BC7CFDA,REC-96FD8B23C2751265,C,1
MOPD-8439147559173CFC,2190,TRN-46ADFFA9AB32E624,REC-6AAFB5A2C70F4376,A,2
MOPD-86C8E132CC3ABF90,2191,TRN-560EDD43BF060CFE,REC-669491F34CCA0692,A,1
MOPD-9EB38EEB691E4395,2192,TRN-D966FA3E608ACC41,REC-DE548224FBD4F840,A,2
MOPD-32E01711B98E8E1E,2193,TRN-D9F5940E25AFA8E2,REC-90A2B6D96D65D982,C,1
MOPD-6FCE9B5EB6962054,2194,TRN-E07FFC1446A47717,REC-A8B1936FD4FBF299,C,1
MOPD-C7CAA6A0A162A4AB,2195,TRN-CA0E2C576FA78C85,REC-9BA192C1B7C225D9,B,2
MOPD-471C9C71CE8D13AD,2196,TRN-5BF17F083743163D,REC-1D96D6E988DE9500,B,2
MOPD-EAB4742E481B6268,2197,TRN-6D2A33D96063431F,REC-52C5F73980924261,C,1
MOPD-B93944E03928BE32,2198,TRN-E7807BED1BEC596D,REC-F9BA58842FDC9B40,A,3
MOPD-585748F9D7554014,2199,TRN-11E589CCB05725CB,REC-11194C0E7940919A,A,1
MOPD-1D37A5DA54E614B0,2200,TRN-2CC503BBD7B96FD6,REC-2281F7080F6259B3,A,1
MOPD-30D06FAC9F273209,2201,TRN-BA254DD340CC88B3,REC-55DDBE5352815DD9,B,2
MOPD-EB7E8452B89DFD12,2202,TRN-353FDFE6D246CFCF,REC-8E4F4A758390B375,A,3
MOPD-BECC64B95983C473,2203,TRN-783451FE10FF6156,REC-4D221821265ECCEC,C,1
MOPD-DAD02232160CAFF1,2204,TRN-284B9D662BC1E176,REC-E336697FE199DCAB,A,1
MOPD-3F64739CB0EF7DDF,2205,TRN-A86642B789629A24,REC-34AB85A562475C0B,C,1
MOPD-4BEAC0ECDDC20D3D,2206,TRN-BBA2AB07E2342BDB,REC-D1C30BDFA3B34E8E,C,1
MOPD-70C1E2FB903E6221,2207,TRN-E85CDC7F43AB9F27,REC-08B360D1C46B20EB,C,1
MOPD-59125229700637B1,2208,TRN-F1A4465863E30080,REC-FBEE278ED0FCC9D4,C,1
MOPD-49DC503F5FD9534B,2209,TRN-2240BF09EF66D3AB,REC-EA5E59A4F8207194,A,1
MOPD-A09848A0AF0C5BEA,2210,TRN-317A220864523E19,REC-792FB526C2748209,C,1
MOPD-E925C2EA8182B8B0,2211,TRN-8BA4FBD7F0CCB26F,REC-DBF4BAD6CA57880C,B,2
MOPD-41D99710785E2F4F,2212,TRN-41E8D1959C002EF2,REC-F01D9C76BB71809E,B,2
MOPD-633BEF65F07B6F31,2213,TRN-284B9D662BC1E176,REC-E336697FE199DCAB,A,2
MOPD-5413EEC0DB8D6B43,2214,TRN-CED317885EE44546,REC-39B56F472AC1E9A0,A,3
MOPD-C7FFDBB288A95F15,2215,TRN-DFBE3A48E49DD614,REC-9C5838C56015D112,B,1
MOPD-026149914827802D,2216,TRN-B385326B523BE71C,REC-48676853C1EEA145,A,2
MOPD-EA045F2006DDCE83,2217,TRN-31D951385097101F,REC-88C49BC0D87E06F7,A,2
MOPD-4F5CB10184505D9D,2218,TRN-8E935916079B4A3E,REC-FED7481BF207C96D,B,1
MOPD-F5E3AAE1025FDB75,2219,TRN-A0DEC1E52CBDD6D2,REC-98DDB5798DE28B3D,C,1
MOPD-830DF370DB3CB98E,2220,TRN-09A965C9196C8C30,REC-0749A7A8FB3D47FA,C,1
MOPD-8BBD7F30324C7B6D,2221,TRN-9BC721E9D86663F8,REC-859316C12EFF5168,A,3
MOPD-2DEC354410145A69,2222,TRN-06A29195416183DD,REC-BB6574BA59F8EECE,C,1
MOPD-CCB01FA38A3ECE95,2223,TRN-09C4B3DB32CA4996,REC-96A37944AEFEB843,C,1
MOPD-961DACA6DA45503D,2224,TRN-1E48B1DE996A67BB,REC-262C4BD57235E815,B,1
MOPD-A3F2DA5E1740B6AB,2225,TRN-619D1C7179215890,REC-C4CA1168504DCD10,B,2
MOPD-DAB56EBCD744F594,2226,TRN-58ED50B434E70E09,REC-9A1C5CBE892309DD,A,2
MOPD-EB032F08291D12C9,2227,TRN-3A772F47452A6FAD,REC-5BDE6C0CE89719C3,C,1
MOPD-CC0FD22CF819CFAD,2228,TRN-8ABCBB37EF0149A8,REC-F5F99E3636D11F87,C,1
MOPD-8F207B45A632EB6E,2229,TRN-D2DF6317E1A213E1,REC-6B8B4E39E1C87140,A,3
MOPD-DC3ADFF3C3501077,2230,TRN-B084A02FD770CE65,REC-E1601027CFCAE209,B,2
MOPD-12D0E89C1CD8BE98,2231,TRN-2B4B99F0C8E9235B,REC-AFD64457890EAA55,C,1
MOPD-9193A46419E467F0,2232,TRN-E5FCB70AF60EDE17,REC-841D61D5A2F9A723,B,1
MOPD-91BBF67AB0BFFC9E,2233,TRN-14C88818C8533FE7,REC-9D45B0383C2D8B0A,A,2
MOPD-0AEE7A0238CBF1C6,2234,TRN-9899AF6FAD4DC891,REC-26B8DCB8E6755146,B,2
MOPD-D1E55D92F2281DF4,2235,TRN-A04FA3DD230BA726,REC-03E4D2C5F007B55D,A,2
MOPD-202CA0BDC0C72A37,2236,TRN-2A003099702131DC,REC-687F2F63492E2DAB,A,1
MOPD-B6B6C808275CFE86,2237,TRN-244E11737D9B24CF,REC-A33824DB10858300,A,2
MOPD-87E5A1B841D91DE7,2238,TRN-C73573D9732C08AB,REC-EFBF27A908E003B8,B,3
MOPD-6608E7B98608F4D3,2239,TRN-06118FA13DEB2FC4,REC-FB65F923A0FC46E4,B,2
MOPD-7338B71E9A4DA05E,2240,TRN-00B8098A9CE4AEE9,REC-1D95C1D50BD0152E,B,2
MOPD-05392F0FEC4B28DD,2241,TRN-42EFDE4D90D30B6F,REC-57859F753D6915C2,A,3
MOPD-185B0E81C04C77FA,2242,TRN-9F2F2FD128C16BE2,REC-F6B5EAEECB51D89B,B,2
MOPD-16F69B057CE8BC6B,2243,TRN-7A22BEFB83E71732,REC-273299286E7F85B9,B,2
MOPD-9EA045850D8F2C8B,2244,TRN-7B87C5A93379DC3A,REC-1F4BEFAF203AAF3A,C,1
MOPD-EC53A266F830FF46,2245,TRN-9411DD943CA31ABB,REC-A751B85D1D273420,C,1
MOPD-77EA2F0E958A4486,2246,TRN-F3023ABBF26DF7E5,REC-C528B583720CDB7E,B,3
MOPD-FAB0009450A8E34A,2247,TRN-81E6BFFE18CAF93B,REC-1FEE28F10F79C7F8,C,1
MOPD-0EC398B879515CB4,2248,TRN-7C9682D87D25FC2A,REC-4CC0ACC9D35A5FB4,B,2
MOPD-23D9F7C8BF71AEED,2249,TRN-73FF8AD3367824AD,REC-7B5140B637DFAB72,B,3
MOPD-848F8DB1FD99CDE0,2250,TRN-9917F2620F504CDF,REC-069886F546779432,A,1
MOPD-37BF180DAD31F75C,2251,TRN-EBD907AE42ED9D6E,REC-D580B71E3450C882,B,2
MOPD-165EE0C10C92CEAF,2252,TRN-3C6A3829EC03882B,REC-7DD4C1C6FC3BCB48,A,1
MOPD-4D069C9EF97B33C2,2253,TRN-1875C07E211E32AF,REC-BBE75BD187964284,B,3
MOPD-6273EF62873B630B,2254,TRN-555CE53D09CE9C76,REC-1F23BB974928A87E,A,2
MOPD-602D287F61673F45,2255,TRN-325FB0F392E6D51F,REC-E30DDE789D979795,B,3
MOPD-C2A5E35ADBE3E62A,2256,TRN-FC7A93927885F99D,REC-4E2CEAD49F76E4F0,C,1
MOPD-8480A629AA4B352A,2257,TRN-BB3F69D34123AF41,REC-A7762430774D6E95,B,3
MOPD-D9A3FD24EBDE6E44,2258,TRN-D894188844AD58C2,REC-1949106631241385,C,1
MOPD-5F67DFF8533ABC6C,2259,TRN-5E6283BC202DED66,REC-F2964D0D165A10A4,C,1
MOPD-2B2091178193CEA3,2260,TRN-8FB2DB35B5F4265B,REC-6301848C428F18EA,C,1
MOPD-2E1759E37E20D7D5,2261,TRN-F98FFA237ACF0DB4,REC-B20B1582E2F47587,B,2
MOPD-3020E0C444288C8B,2262,TRN-25114C633BEB93D5,REC-287464846BA550AB,A,3
MOPD-1E0D68497F2F51C9,2263,TRN-EE8ED7AB3E97854B,REC-6F5E9B969EAC9F3A,C,1
MOPD-C55C0D86B6EE990B,2264,TRN-34C943432F84B6E3,REC-6047AB988B7634F7,A,1
MOPD-5731A2E9D1D45FBE,2265,TRN-864EC010BB08DF03,REC-B5FB469E593CD21C,B,3
MOPD-93551FAFC1080DF7,2266,TRN-1249DF41837AE6CE,REC-A415C371E7F4DDD4,C,1
MOPD-FBA6F31B9BDAC156,2267,TRN-8760A7BE6B809CC4,REC-60AC921E5532C787,C,1
MOPD-E8C0A31D299060F4,2268,TRN-C7BCB0DC25530517,REC-0F3422A310158CB8,B,1
MOPD-64993B22D003F317,2269,TRN-D729EA48455D4557,REC-794804574E477886,B,2
MOPD-44EBAFAE6665D017,2270,TRN-195EAA5B78BD0BD7,REC-DF840A47A153AA1A,B,3
MOPD-C3CB14FEF334945F,2271,TRN-F37A3808745C80CD,REC-9461DDCD75156721,C,1
MOPD-BC10D25AD76E7B83,2272,TRN-79C42A1132D9775E,REC-1B6703FBD6F75165,C,1
MOPD-F1EB95CD78A2FBD2,2273,TRN-4EA67432B6F653FB,REC-0752AE253ADEDA54,C,1
MOPD-0C5AA31CBA1AD71B,2274,TRN-C2529186CD6A029D,REC-B8DEA9908D22895C,C,1
MOPD-15F63552E2B3FF3D,2275,TRN-ED65646BD1B34BF2,REC-869DD1E01579A2E0,C,1
MOPD-A281357BA33D00B7,2276,TRN-0BDE77367C20FBCD,REC-DE0556BF52E76770,C,1
MOPD-4EA351D5C109A3F3,2277,TRN-4F9CB600F74F7312,REC-607A824205AFF0B6,B,3
MOPD-2C5E00AAD432DB03,2278,TRN-E26FE7013E5DEDD0,REC-0D0669C3CC70768B,A,1
MOPD-5C5516DB0EE22258,2279,TRN-687A3CD29B63683E,REC-261C107596E6C6B3,A,2
MOPD-0A8CBDCD01E0C80C,2280,TRN-A170657835FFEFB1,REC-6350D5B05E221DDA,B,3
MOPD-CEA96CE366375D5C,2281,TRN-617438F79AE17EB4,REC-A498F1E5584B0179,C,1
MOPD-0CD2765AD392F2B4,2282,TRN-3E7524E66FF9DEC3,REC-F410BF2AB821C5FA,A,1
MOPD-505F3746CDD3C60F,2283,TRN-A83C1E535E4B0650,REC-D04C1767D94865A7,A,1
MOPD-0A80356DF20CE717,2284,TRN-437271DE12B2DE05,REC-7A76434446D4742B,A,2
MOPD-9E937DD00414030B,2285,TRN-F4632E35F18FB9F8,REC-694DC47A6FF0C0A8,C,1
MOPD-7AF2EA5FE2AB6E38,2286,TRN-409152C69F48AC8B,REC-840D7CF6659E4EC4,B,2
MOPD-47D3F5561DF5AEB6,2287,TRN-30463AA784C65FF6,REC-990DA9A86E333DC5,B,2
MOPD-1015C019CE8A476C,2288,TRN-FB275022E0CC75E2,REC-36CA6BFEAB751C8C,A,1
MOPD-9F93263CD87ECBDE,2289,TRN-048F98AE5C342C33,REC-FB161FD788DE82B9,A,2
MOPD-D481E83B6D02B10B,2290,TRN-C4BF0773E5BD2315,REC-986C7633CE898270,C,1
MOPD-AF60A98DADC55B49,2291,TRN-DC19E60A123F5EAC,REC-EE26D43E238B79FD,B,2
MOPD-F5FE94DAB17D6E30,2292,TRN-E419EE3C8FF5F200,REC-63D0301C6612A144,B,3
MOPD-EC25E78F90842352,2293,TRN-6FC2B41A1EFA4F9D,REC-A3E16220A58AA3F0,C,1
MOPD-6960D93B17E30475,2294,TRN-65594F711086EC82,REC-0DAA5714575E6132,B,2
MOPD-2A11ACD4218630D4,2295,TRN-19C3104FEAF76C38,REC-F0086A708746ED29,C,1
MOPD-674B43E4827E7199,2296,TRN-55BD463FE04F95E5,REC-FA8203C52BE2D9BA,A,1
MOPD-0ACD1D2B2D1097D7,2297,TRN-DB3306517B22FC70,REC-02C40E79FADFCCD6,A,2
MOPD-DE5381B207CE54C9,2298,TRN-DA6516CD0AECA547,REC-AAC3DA768425BD4E,A,1
MOPD-E1D4D29BFD2148E0,2299,TRN-EF665A6C834CF0B6,REC-1C653C4A953D07C8,C,1
MOPD-3200546C685C9B17,2300,TRN-234BDE137C084205,REC-DA42443C7D378F14,B,2
MOPD-86E3EE8FAFE5345B,2301,TRN-75F160A7B6DFB096,REC-6FDE6D3A03F5D3E6,C,1
MOPD-883A700C1FC96079,2302,TRN-13F5B14AFE4378D9,REC-2C153D1425CA8E94,C,1
MOPD-EB04E8344B9F2120,2303,TRN-E3C979505FB7F6F3,REC-27E2B8B14D61A438,A,3
MOPD-79B810A518FDB9BB,2304,TRN-E6A612FAAC763974,REC-6B1931BE7B08DF14,A,2
MOPD-1549509FFF78DB53,2305,TRN-E1433E360700FC40,REC-73861065F640D2E3,A,2
MOPD-F455E7036438B2F5,2306,TRN-8CA2FD92D92C509C,REC-3C9FC2197B05428C,B,3
MOPD-8C5F61C8C0424429,2307,TRN-F81F606A19F223A5,REC-C570FE791F30131F,C,1
MOPD-2574449A70D7299D,2308,TRN-57AD4525B27FA288,REC-F967A132D1C07897,A,1
MOPD-82D95C5B643C710F,2309,TRN-5DDAADD0B7C2C8D5,REC-25AF7C7A1D69CF26,A,1
MOPD-D7C8FFF9A1F3FB49,2310,TRN-902917AF91636B39,REC-99589B7532CEF10C,B,2
MOPD-8026D19FE638B35C,2311,TRN-D3F78C81837A48F1,REC-8E087014A87DCE06,A,2
MOPD-B0A340CE2B3724A9,2312,TRN-6AFAAB9FC0A2A8F4,REC-B1C6681EF35DE6A0,C,1
MOPD-176DDD46C084A00E,2313,TRN-90FA588A8DDD8E76,REC-1ED021467450EE05,A,3
MOPD-3CC349D5FF4D21BA,2314,TRN-AD1C4031EC8836C5,REC-8D0387D777CC7D7C,C,1
MOPD-E1EE50BAA3C0FE23,2315,TRN-2DC62F578FB67AD3,REC-B8BE37D99B3BD30F,C,1
MOPD-EA315EC7F222179F,2316,TRN-1281D3158BB1A51E,REC-8BDFCD9313D2C3E7,C,1
MOPD-84EEA3EB39A2FA8C,2317,TRN-92D6F5E897595EDC,REC-AA4A266D0952DF0C,C,1
MOPD-CD736FDB78F5C089,2318,TRN-04165F8DE05E92ED,REC-F60E20EB094239D8,C,1
MOPD-B121205C8B8BE54C,2319,TRN-0C5254CC39E94900,REC-7A8AEED8A2453323,A,2
MOPD-4540F240D30CAB9B,2320,TRN-FA6B55433987F390,REC-9F6691F74270F4FC,B,2
MOPD-AC10DA6CD91A43FF,2321,TRN-B163B689D56D0F07,REC-6F7A457B8F0ECF92,B,2
MOPD-DDE679F5A624AEC8,2322,TRN-93BE998C2FF7FE1A,REC-38A441CA3AB0BD7A,C,1
MOPD-49E457DAC1444E61,2323,TRN-F71DF3009848C94D,REC-B7B20D35034FEF29,B,1
MOPD-2C3749F2D8D083F6,2324,TRN-643ED6425DC0BCC4,REC-91AB866EC7420677,B,3
MOPD-F4270F751B5D7B9B,2325,TRN-2D4D27B7D2774217,REC-C0E368D512FD83FE,B,3
MOPD-37E8C1F4D2EC02F8,2326,TRN-34ADFE99B4CA52B9,REC-7E5336C1AB76AA2C,B,2
MOPD-61226314B3B32D2F,2327,TRN-E401D5C40515CE91,REC-FD7B6DDA526324F9,B,2
MOPD-5FC247E1E39D06B9,2328,TRN-F926956699868B79,REC-369E56A161ACCD8F,A,3
MOPD-1121147E9809D42E,2329,TRN-8FFDFDDF4D8A833E,REC-2AC425CC51BF286B,C,1
MOPD-015072A6A89A786E,2330,TRN-934C93F7B669D8CF,REC-42B3E437AFB2A89D,C,1
MOPD-686D9EB610AF1B83,2331,TRN-381E531F9C9E0C2D,REC-B5D8E1C059F05A31,A,2
MOPD-150C0B5AF6A6BD96,2332,TRN-C2B20A5A7998C655,REC-CFB579CFE6A2C6F9,A,3
MOPD-5B34CB8D8B273E9C,2333,TRN-6A33F382A6BED8DE,REC-A055A6D64A059BB0,A,1
MOPD-1058A7B87C7EA716,2334,TRN-E6E795F36D1B07F1,REC-F8BEDE26C12808D1,B,2
MOPD-C13DE65D88F08F4C,2335,TRN-ACAC63E0AA8E3C76,REC-1040F13033B94FAC,B,2
MOPD-7755FFF4CA862F06,2336,TRN-5978963EB3ABD45D,REC-21ECCFDFE85F7B65,B,2
MOPD-5342C1A0C8A1D5B1,2337,TRN-39DF9875526C28AF,REC-F6998BCE1B23824C,C,1
MOPD-AD050D7A51FEB618,2338,TRN-5EB2B17AA6ACCA0D,REC-ABC89C0B14A5DD77,B,1
MOPD-24E0D0481DB6BC9E,2339,TRN-CD6B9678B35D1DF1,REC-DFE190BE5AD53A1E,C,1
MOPD-9BB420D87B8CD92E,2340,TRN-9C6C760E9A8FC9D9,REC-13F991CCDE8D7575,B,2
MOPD-A53C18A1E17C54B8,2341,TRN-5DE7FA78759E6A6C,REC-69B1EF4E1D433D27,A,1
MOPD-10430524E13DEDBD,2342,TRN-EBFC80E8A91F3D29,REC-6DE8D0B656226F6F,A,1
MOPD-11E8A10379C8469D,2343,TRN-50284E679ED29AB0,REC-804BA2A23C10A9AB,C,1
MOPD-1DAB1762FEBA5180,2344,TRN-953785BA44224707,REC-998C3FF319A07947,A,1
MOPD-CAF7D6124600D3BA,2345,TRN-85382D4625AFF779,REC-F99C601A3E43295F,B,3
MOPD-74E17F786A50D348,2346,TRN-B4D72DCFA760809F,REC-F8358C9BB5862F32,C,1
MOPD-237B7F0893FEE717,2347,TRN-01D424C4172881C6,REC-4ADF41D921E1AFE7,C,1
MOPD-7AFDBB70CDB4769E,2348,TRN-7AF61310E60736E3,REC-38FC2D4CB020EFEE,A,2
MOPD-03E9684E9EAA2BF8,2349,TRN-E69AACA3F0DD35CC,REC-8B152EF2730D96B9,B,3
MOPD-383602C9D5337FE8,2350,TRN-3081B4FACDF01576,REC-130B5090C508B20D,C,1
MOPD-07FE3464599AE4BE,2351,TRN-33E983B672DCD72B,REC-2B9AB3BB44104B85,A,2
MOPD-B211CA3160E4CDA4,2352,TRN-4624F7E540366C47,REC-81D564F5CC393011,A,1
MOPD-E6A83F919EE3BBB5,2353,TRN-93F379D232AA0A41,REC-073589DCA3EF06C6,C,1
MOPD-3C39824224E6B890,2354,TRN-DA37333AC968DF38,REC-0EAC09C7898F9E14,A,2
MOPD-7A7291AFFA5B4FB0,2355,TRN-98BD598E60EA77DF,REC-E249177FE37808AE,A,2
MOPD-C61975807B5877CC,2356,TRN-B23DD06C37887709,REC-4E342986CBAB6C57,A,1
MOPD-AF95B2C7AC82B5F9,2357,TRN-123D7F27F302B653,REC-32D33B2A266AB78A,B,2
MOPD-13BED35CB1F399B5,2358,TRN-E75DC2DEC8F531F6,REC-15E0563562AE3417,B,4
MOPD-C9D5404C814151FE,2359,TRN-C5005A3835BF54EC,REC-A1F10A0D6A32042A,A,2
MOPD-24B22341B746F361,2360,TRN-43C455BC4AB02975,REC-6EECFB9AA230ADB1,A,1
MOPD-5E20D2F4E9209270,2361,TRN-5E9A1F43EA204C9F,REC-BF585DF528F3DB4D,B,2
MOPD-DC0EB62D81088839,2362,TRN-BB5B8BAB25747D5E,REC-7C81DEC039AA403A,A,2
MOPD-093AB7D1F37A0D10,2363,TRN-772F1B2E21E094BC,REC-778F753A5501C458,B,2
MOPD-C22C5F6E3FB2DEEA,2364,TRN-B01C76AF01ADF2AF,REC-45EFC9973436C350,A,2
MOPD-6F00BF9DE863240B,2365,TRN-22159B32AD16D41E,REC-E0ED4081282AD135,B,2
MOPD-2D7F9A1FB0C6CD4D,2366,TRN-3E321FEF84B14FB9,REC-DFE25F68D51AE9E4,B,2
MOPD-C640E94831852D29,2367,TRN-C0CACADEC13F5A6A,REC-6B105F0D1876E5CA,B,2
MOPD-4BE0AD36B93C6A46,2368,TRN-32276E506E56E286,REC-D24D59061CD64691,B,2
MOPD-BF6A59E2150FB835,2369,TRN-F6C08C6A4A48876A,REC-0529B47D8C679253,A,1
MOPD-F4A855BD403E4CE6,2370,TRN-013538F79DC7D105,REC-C389C08E145E3676,A,1
MOPD-24EC7CD26974865D,2371,TRN-00BA5924FDCCE4C7,REC-D0C5CAF0149666C8,C,1
MOPD-A34572E39FBA2626,2372,TRN-30A72C1C6A7AD63E,REC-C65FD9EDE785AC02,B,3
MOPD-AC05157CBC88B51C,2373,TRN-AB122A6EC356BECD,REC-B2EF43A18474D77D,A,3
MOPD-84308FFA7959D959,2374,TRN-A79476B517C3CF44,REC-2F4F4CEFFD5449CD,C,1
MOPD-508A04493621D52E,2375,TRN-9CCBFA6DAB9ACECE,REC-49CE1CCD67856BFC,A,1
MOPD-B7621AB90ABB93E0,2376,TRN-EDD5E80B137FFA84,REC-8341D9E0D7C7BB22,C,1
MOPD-23C4B1D437F16CF3,2377,TRN-03A6156ADD94FEF6,REC-962F25F8F029D86A,A,3
MOPD-1FFDA30F0890E8B6,2378,TRN-6CED83D81D8905E0,REC-8CAFA035A3C5E1E9,C,1
MOPD-94CFFECE353F0CA8,2379,TRN-92EF237DF7ADE71A,REC-CBDA9CBCFEDEA1E3,A,2
MOPD-7859B39EAE41DE6F,2380,TRN-1E4F1BE45155B8A8,REC-9C8BEC07FABC9F40,C,1
MOPD-BD0475C4C76DB21C,2381,TRN-2F03B523DA233C1A,REC-A8CA3699B7E2FDA5,A,3
MOPD-659D13BC3F96EE70,2382,TRN-15B138E54513A8D7,REC-D108A98544DF9148,C,1
MOPD-C23175F1BF90F9F6,2383,TRN-5D561C28D1E28E60,REC-0A0BA4CB3A38DB35,C,1
MOPD-74C8A8DE5FB50B62,2384,TRN-555CE53D09CE9C76,REC-1F23BB974928A87E,A,3
MOPD-4FAE5E1C0E52F3B1,2385,TRN-3EC8DD94CB72AA89,REC-5D5C7627B2888140,B,2
MOPD-13CC923CE48F4F06,2386,TRN-EBE19BE4F496DD09,REC-DD4851EEFE9CD21E,C,1
MOPD-C11FAB995F8DAD78,2387,TRN-7A79619B5190D57C,REC-2596D787EE19E046,C,1
MOPD-6C7169E6224AD642,2388,TRN-4CBF62C2794CEA00,REC-669C4965F8692803,B,4
MOPD-AD2B6714248305B4,2389,TRN-34E2B6DBDB7FF9E3,REC-FC0C902312EB8FB2,B,1
MOPD-B6DA48227B3CB8C6,2390,TRN-E6FD856D1EFDD736,REC-A21032AAF2A6995C,B,3
MOPD-F5BD29653D568FAA,2391,TRN-659E710199041329,REC-67511B680932E0FB,B,3
MOPD-377BE9A04257175C,2392,TRN-07CF84199DD2A4B8,REC-800766FD61F6A95C,A,1
MOPD-1BB7432F5788DDE2,2393,TRN-EA8BC2BE1F67FAAA,REC-A7FC23444D1ADB18,B,2
MOPD-3ED35CD68FBBF035,2394,TRN-EDA7F0C70113FB86,REC-155867ABD865F516,C,1
MOPD-F7C71FCB21EE0BDB,2395,TRN-61335761F502A3CB,REC-B58FE4E9B84A807A,B,2
MOPD-BC4923088352A652,2396,TRN-AC2E1587D0BB7634,REC-5DE5AFF7D987327C,A,2
MOPD-2206BEE05B9DD0E3,2397,TRN-85CB405E738AB7A7,REC-FBC42329A0EDB8C0,B,3
MOPD-F6B14849D7FEF4CC,2398,TRN-453072C91AD45116,REC-D979374FBC6BC456,B,2
MOPD-F56BD0A5E4BB3BD1,2399,TRN-873407744AD77CE4,REC-A0AA197ECDE609C6,B,2
MOPD-E048A67F0A4E377B,2400,TRN-CC375883598DE3D9,REC-758E68F1324E1006,C,1
MOPD-8540C05C35A76455,2401,TRN-F86940FE58677FD6,REC-C11920F3DBBF603F,A,2
MOPD-1D0A25B7D7C92D1E,2402,TRN-ACFCDB643EC34E7D,REC-8DEBAAB74DA9C67C,C,1
MOPD-353CA923CFAEE441,2403,TRN-CD97A276640BFF71,REC-E048AF3CFAB4A21C,A,1
MOPD-EAAF090908269161,2404,TRN-8E27C613DB483F36,REC-CCBE2CD5265E8918,C,1
MOPD-3B29CC3E1AD431D3,2405,TRN-6D964F3573E11773,REC-943BECF9F10E3B01,A,2
MOPD-1FCB8B2918BDDDFE,2406,TRN-B68D2A437C048875,REC-559BC77ED06AFA41,C,1
MOPD-5F22F1A01AE3ADC0,2407,TRN-5EB2B17AA6ACCA0D,REC-ABC89C0B14A5DD77,B,2
MOPD-A79EB7EA26E596FE,2408,TRN-862B35FF7992B6C3,REC-48C0E5D2B2463E0A,B,1
MOPD-1169CBF8087F6B8C,2409,TRN-F7B6F4CB50EABD2C,REC-E37BBB51783728E9,C,1
MOPD-871CE391341527EC,2410,TRN-77C9C106AB368809,REC-AB0E1417E33A95CF,A,2
MOPD-0F042817B334801A,2411,TRN-AA7F588DF0E41A3D,REC-A814F8803090BCB8,B,2
MOPD-2AAD94B2A841DE21,2412,TRN-5ADC9BBEF0EDA71F,REC-385520A58388A50D,B,3
MOPD-6B28534710D5354D,2413,TRN-7BA89A851AEDA780,REC-F298D8F1A9F90CFB,C,1
MOPD-8AB6299E4E3E9E7B,2414,TRN-04E8B261D741A822,REC-D7ABE9684B7014BD,A,1
MOPD-594A77149E426374,2415,TRN-88FC2842A2F3B390,REC-4A421D669AD299D2,C,1
MOPD-F9C9D8F52A7FD847,2416,TRN-8926D51FB818DF20,REC-9EABCA28CF473004,C,1
MOPD-6C95A20E3F408989,2417,TRN-66A4C9D192517DB8,REC-6D63E8BAC9F4F57F,C,1
MOPD-BAFF41A4C4703532,2418,TRN-D92DFAAE47B8BB43,REC-E5E10E489614B93F,A,1
MOPD-5F109F9F91F6110D,2419,TRN-AA545C296D3E058F,REC-2C837EC3963F433C,A,1
MOPD-9D08638179ABF963,2420,TRN-7FEBA6762C340A14,REC-8BDCB3256F53A667,A,2
MOPD-C0EDBAB5DAF6000D,2421,TRN-9917F2620F504CDF,REC-069886F546779432,A,2
MOPD-21C2DAEA805B8CCB,2422,TRN-241E1D33E2BCEB89,REC-113867CF35547188,C,1
MOPD-F0F9147134185549,2423,TRN-34C943432F84B6E3,REC-6047AB988B7634F7,A,2
MOPD-9C87128C3405B0E6,2424,TRN-603F0B5802CE1B51,REC-9FEB3C3A739CD04D,C,1
MOPD-6073D984AC0E699A,2425,TRN-EA599BE35B0E17F0,REC-388FA2FD9CCB41F5,C,1
MOPD-34D240D4A5A64AF1,2426,TRN-94245E2409B94899,REC-6A6FF2676DC9AF84,B,1
MOPD-CDF7E576BE146E72,2427,TRN-78C2CB2A3150A3DE,REC-81CA136C012EAA78,A,1
MOPD-1B51F888A531B271,2428,TRN-7FFAD27F3C141639,REC-078F3A8F3E7C216D,B,2
MOPD-338A0737BDB52F4B,2429,TRN-3A84A15C4714103B,REC-286E61691947D0E8,B,2
MOPD-2D785AE022A86E5A,2430,TRN-99588F03F9A38AC0,REC-24D679BBFB644FB6,C,1
MOPD-C7696ECB028422EE,2431,TRN-A0A553D9CBF9E7F5,REC-1816A64984AFE3E5,B,3
MOPD-B1F436BF094BA186,2432,TRN-F52B72FDB1FAD2EF,REC-8604C469AC34F648,B,3
MOPD-8E14D3F3A1841BB3,2433,TRN-766B6F816880EE3D,REC-FA383334F6A47F81,B,2
MOPD-DAA94E1B3CD5536F,2434,TRN-D095A6067FA63420,REC-44EC43297C30CA0C,B,3
MOPD-E0D65140C92AFEB2,2435,TRN-A7BA1EDDD5EE71E3,REC-8C504BE0291BE26C,A,1
MOPD-F1478BF7B30EF698,2436,TRN-46ADFFA9AB32E624,REC-6AAFB5A2C70F4376,A,3
MOPD-B6D0ED91DDEFEF61,2437,TRN-744A8FCBDB17D15E,REC-C611B38775F3E996,A,1
MOPD-3277D666BBC47F62,2438,TRN-DFBE3A48E49DD614,REC-9C5838C56015D112,B,2
MOPD-C495F8DC1A7E2C4F,2439,TRN-9328B45104C50693,REC-A770621B3639220D,C,1
MOPD-3EC721523586BCE9,2440,TRN-CB389C32A00377B3,REC-2E471259F0B3FA9D,C,1
MOPD-95C9AAFCEFAEE2A9,2441,TRN-DECF8EB42319431E,REC-2DD6B26D99512182,B,1
MOPD-772513F13874BB31,2442,TRN-1CB34F9AFB2BC6AC,REC-5591385B29A853B0,C,1
MOPD-8A68560C212BFBBC,2443,TRN-1174F8855C631339,REC-78B1195042A5BE27,B,1
MOPD-8BCA89B0146D4FFE,2444,TRN-AB3B3E4C2E9FB425,REC-196580B92D11F076,B,2
MOPD-E978B454E1408518,2445,TRN-9FD71A6EDB6C7EBF,REC-162A5BDB2FF4A84A,C,1
MOPD-9D157846CF23F527,2446,TRN-3797FA8BA25276B0,REC-10B3507DE547A7E2,C,1
MOPD-E4E0CE282D233C5C,2447,TRN-032E3A6D0AE42E57,REC-E8E023BC608D87C6,B,2
MOPD-9AA0A8EA35A1F5B9,2448,TRN-E4846E560423ED15,REC-B333C60233CEE247,C,1
MOPD-9D8E673B6EE31E6F,2449,TRN-26EDCF5F9E369D98,REC-5937791A37D9398C,C,1
MOPD-ACEDA08C097D3159,2450,TRN-005B2EC41F89680B,REC-F55E161FC52B6776,B,2
MOPD-71E1E23EFD342EFC,2451,TRN-427A8BE1A3D8C468,REC-E31F1A803373996C,B,2
MOPD-2A6D80E23279B420,2452,TRN-1A4CCBA95886AD24,REC-5826BE449F561E03,A,1
MOPD-6E44959EB57F0129,2453,TRN-744A8FCBDB17D15E,REC-C611B38775F3E996,A,2
MOPD-FBB4A3054D1817E5,2454,TRN-1A4CCBA95886AD24,REC-5826BE449F561E03,A,2
MOPD-EA8764173F362307,2455,TRN-AD8F6446B59DA959,REC-5794A5431AD90E2A,A,2
MOPD-DAFF364F95C3D36E,2456,TRN-3BBC67E9785651FB,REC-BF9187802A00E0A7,B,2
MOPD-186F384289DA7D6A,2457,TRN-A26A2CF93676F77B,REC-6DD1A81F4292ADFC,A,1
MOPD-862E170C110C3C4F,2458,TRN-1EA1763299F1FA49,REC-AEED8CFB2F0C1F9F,B,3
MOPD-D46F9B2B4ED53073,2459,TRN-ABB08771E5191F1B,REC-7BC7EB8FB3B2DBAE,B,2
MOPD-817F59EAE126F404,2460,TRN-4F5F8DA34F88E38F,REC-174704449AEB3E6B,C,1
MOPD-09C48D3794298577,2461,TRN-C23A91119B19DA98,REC-082B7BE9027B9B36,C,1
MOPD-0FB8D6F5594D20F0,2462,TRN-DCC30C7598C4210C,REC-2A8816712B60B6F7,C,1
MOPD-0FF063E16E92A271,2463,TRN-3FC66525F2E45E78,REC-892748D46CF1BC45,C,1
MOPD-74CF0188C4A6892C,2464,TRN-935E5771F1222055,REC-9643D449466B645D,A,2
MOPD-6B0EB0ACDB9CDB0D,2465,TRN-5084412AFECC2D65,REC-75E6C61273AE2C06,A,1
MOPD-987BF298B17B7472,2466,TRN-51063D8B35947FC5,REC-47B034F30DF35D32,A,3
MOPD-FFB37A88C6FCEAC4,2467,TRN-95BEF1A5B2F331EC,REC-697009C896304BB7,C,1
MOPD-9F2C78758D0920B4,2468,TRN-AD181662F65165D2,REC-64AFFC07FCAC9C80,C,1
MOPD-C99F982F10D3169A,2469,TRN-38D56EA721DB7E94,REC-83B5086E8B1BDB77,B,2
MOPD-F05E70905EB5ACC5,2470,TRN-E6E795F36D1B07F1,REC-F8BEDE26C12808D1,B,3
MOPD-0952286EAB1E0590,2471,TRN-076AEE618353605C,REC-6ACD3BF77E891143,C,1
MOPD-51D334553C2E4121,2472,TRN-DC128B772041F1F8,REC-67059C09C281BD43,A,2
MOPD-F6B4C7F27849894E,2473,TRN-25F5E2DDA1371AA2,REC-72497E932A6E2536,A,2
MOPD-B8D5A4B424C6A8E1,2474,TRN-0FDB9C7E9FEFF192,REC-CFE1F8EE6E85BACC,B,2
MOPD-5D6F09739676F653,2475,TRN-155E76DFA395F72C,REC-DA9310FA4A1E1F48,C,1
MOPD-91989B7056B0E248,2476,TRN-106E2DD044E0F28A,REC-ED0C743F9B72EA22,B,2
MOPD-4B843A7E0E649EF1,2477,TRN-1093295C1D194649,REC-C92CD3575A765E96,B,3
MOPD-5A22ACCBA25D2AA6,2478,TRN-DECF8EB42319431E,REC-2DD6B26D99512182,B,2
MOPD-120BB1B5907E1E08,2479,TRN-76FD977C9F2A8781,REC-326287F21BCF1395,B,2
MOPD-E3F24F6A58D5A8C0,2480,TRN-58EE240D5E297FBB,REC-B5A3A8618E90BD7D,C,1
MOPD-30A985587D9201EF,2481,TRN-ACAEF9146825296B,REC-000DCAA90B37430F,C,1
MOPD-B50B97EFC088FC32,2482,TRN-DEE431459A7CF7FE,REC-136E0D7B6FF64E34,A,2
MOPD-F3E0C305B88D6B08,2483,TRN-871C1A412BA6E49A,REC-934830C4242E5689,C,1
MOPD-F338AE97100A65C3,2484,TRN-8C810D35830AB7CD,REC-5060758ACABD4DFB,A,1
MOPD-E35A5DE35F81FFAB,2485,TRN-432B705558387E2E,REC-553434C4920F115A,C,1
MOPD-F66BC16CDAF03991,2486,TRN-2DB3E560A59A9C60,REC-778946198A0C49F3,B,3
MOPD-2F43E20C8B43C3AA,2487,TRN-275E15B41BF210B0,REC-E437CA38E332D2EF,C,1
MOPD-2CE74242C036853A,2488,TRN-7C9682D87D25FC2A,REC-4CC0ACC9D35A5FB4,B,3
MOPD-98D340694716A883,2489,TRN-61EA73522A12B00F,REC-170A31BF81A30DEA,B,1
MOPD-DD9A665621175015,2490,TRN-F71B53157A76815A,REC-94E0346B2F34A0A0,B,2
MOPD-558536C2F69381C8,2491,TRN-34E2B6DBDB7FF9E3,REC-FC0C902312EB8FB2,B,2
MOPD-F665DF5BF6CD5538,2492,TRN-3E321FEF84B14FB9,REC-DFE25F68D51AE9E4,B,3
MOPD-557BDBB8C02FD117,2493,TRN-40D21FE28233A007,REC-C3CAA798AC6D69B1,C,1
MOPD-971796C1EA6AF64C,2494,TRN-015CF12182869E6B,REC-82DFF7077F7A0E68,A,2
MOPD-90B2E588C3FB070E,2495,TRN-E308DEACE261C6B4,REC-B44B6DE23251A1B2,A,1
MOPD-F38DB4D4FDBCBBCC,2496,TRN-76219B3958694835,REC-744168566E3E61DC,B,3
MOPD-030E475FAB086607,2497,TRN-061D5FA69CECE1E3,REC-262FE3B87B21EAEE,C,1
MOPD-AEF47A5A3986C68B,2498,TRN-943B1F66C91CA52A,REC-A81F54F00A498E07,C,1
MOPD-384A011EC3BDC8C5,2499,TRN-E4C6B1795B6FF1CE,REC-6DF43B85F099E4FE,C,1
MOPD-66125E0485CB145E,2500,TRN-6AAE84984D6EF2CE,REC-AC2FEDBD611FAF54,A,2
MOPD-F3920CB9D4D658C2,2501,TRN-559E8AA3ABEF0B47,REC-B51A887615B8C1A2,C,1
MOPD-35FD8BD01B5D9A4B,2502,TRN-FF160CE291A8AC2F,REC-C816474BFA4B2538,C,1
MOPD-3A9696F61472FBDA,2503,TRN-EE2E0B9F711C0F9C,REC-04882E6F7F2C446E,C,1
MOPD-D53CCF36E6A4166B,2504,TRN-35EEB80E4314EDD2,REC-2A5580B2FFFC0F66,B,3
MOPD-780B048C497F03C4,2505,TRN-029E94667FBE2EB2,REC-044136F4976F25E4,C,1
MOPD-ACB8AE3A0FCBA70C,2506,TRN-36D55BB367522E3A,REC-679115FD9F42D5C0,A,2
MOPD-856015E5DEF28FCF,2507,TRN-9F57DF48690C3B54,REC-4DF72A688C14DEEB,C,1
MOPD-2BC4470F5FACDBF1,2508,TRN-6115E0FF3FDF6633,REC-4C388BD7307EFD6B,C,1
MOPD-DA85A9E20698FAF9,2509,TRN-77C9C106AB368809,REC-AB0E1417E33A95CF,A,3
MOPD-07B7B3F54CB59435,2510,TRN-7052508BA7494BD8,REC-75C481E116168ACE,C,1
MOPD-8D2524932EE22CD8,2511,TRN-47362936D9C0D766,REC-6477CD533D1205D2,B,2
MOPD-5FC638766DBD923D,2512,TRN-DF3540CA58F66E72,REC-A6880C4175486B3D,C,1
MOPD-36A1A56B15F572B7,2513,TRN-CEB0F66CC9EA5948,REC-29FCC1431B583948,A,1
MOPD-62FCB74265F4D189,2514,TRN-67B48930DEC4743D,REC-2F323474FD0A1E10,B,1
MOPD-528DBEE525690194,2515,TRN-FEBB480E052D6982,REC-2C2F5A06708EE33F,A,3
MOPD-BD0C499FA797D5C5,2516,TRN-8D7A04200A548177,REC-76E70FC0F66CBCBF,C,1
MOPD-32A2C0A769007035,2517,TRN-0BB012A2579CB880,REC-3BAB5173CEA20C6E,B,1
MOPD-1096E76D5383F68C,2518,TRN-1877FD3E1F4047B1,REC-5FABF737DB1C970B,A,1
MOPD-D50B3958868D66EC,2519,TRN-CD97A276640BFF71,REC-E048AF3CFAB4A21C,A,2
MOPD-44D3672576BDFE69,2520,TRN-62A8B2393EBE5D1C,REC-2DD11F0DB154132B,B,3
MOPD-D147113C0225B372,2521,TRN-57F473042C32D353,REC-514A71E1EC5ED538,B,1
MOPD-07EE1DE8A605E8E6,2522,TRN-4AA64EDCFA385B90,REC-F0A6F0EE8A2AEFF3,C,1
MOPD-BA69812F57F152E0,2523,TRN-EE649843EDB1F4FD,REC-6A4AED06AE746A29,B,2
MOPD-9912F52F1A82B4C5,2524,TRN-717E867AEE862E54,REC-34551F186CAB70B5,C,1
MOPD-794C2F3299CE4C29,2525,TRN-3F14051A4E27F4D9,REC-8DA210383EC32A5E,B,1
MOPD-1761CFC2F6E90209,2526,TRN-A84041E7BEE2AAD6,REC-419CA737B9F7ABD3,B,2
MOPD-2EFE6546B6FFB972,2527,TRN-2A828B33494B51FF,REC-044185F7C5436C14,C,1
MOPD-28EA11BBEB5AEAB3,2528,TRN-032E3A6D0AE42E57,REC-E8E023BC608D87C6,B,3
MOPD-D818E31B698F3AE3,2529,TRN-1EA82C3595530FE2,REC-C2DF0A4D8162F9EE,C,1
MOPD-065B133478CDA07A,2530,TRN-B9E4FEA4AD7ACF54,REC-593680C6319295A7,B,1
MOPD-C297B07735E615AC,2531,TRN-23AD702003B5AAA2,REC-A9232E6456F71903,A,1
MOPD-1DA3B30C5E25C392,2532,TRN-C2AB35C7AA262308,REC-C396A13EB5B5B68F,A,2
MOPD-DF9F34752E844FD8,2533,TRN-B77FDC44695D1DF8,REC-9823BAE5A2921393,C,1
MOPD-25E47A21C032B6B5,2534,TRN-0ABB44EB410F9BE4,REC-EB3D079CB92388DF,B,1
MOPD-C88ACAA56FC2920F,2535,TRN-9B336C22711040ED,REC-397705B728ABE7EF,B,2
MOPD-D47B0F6DBEC4B3F2,2536,TRN-7EF0A52DAF585A2A,REC-533A9475347D770C,A,2
MOPD-5744D81E2112E16F,2537,TRN-D91FAD1F2722DEC9,REC-02C83462C0BCCA26,A,2
MOPD-1CD3AD5C36A5D154,2538,TRN-E491890534486ED4,REC-C87B50A897131BBC,B,2
MOPD-73D5E8AF88142AE6,2539,TRN-4773EEC432B4687C,REC-37D1E55B3CD048B2,B,3
MOPD-CC7A1DA4A0BB9891,2540,TRN-B39F95CE2A649CFB,REC-9D408C7250516E2A,A,1
MOPD-2B030138DEB7522C,2541,TRN-B3C0998495D73FAD,REC-F52BD04A04E26494,B,2
MOPD-CC14F71BDCE80DDA,2542,TRN-4B62538C9A471848,REC-B18A39095E312BAD,B,2
MOPD-591CDAC7D76F7389,2543,TRN-2245F5479ADFF48A,REC-7AD200151E1933DC,B,2
MOPD-0304E736EB4BCA8D,2544,TRN-C00F0822059A199A,REC-7B678E21CE59351C,C,1
MOPD-F11A8405B91F4FEE,2545,TRN-D925116BEA4A48AA,REC-1B291DE60B8947AE,C,1
MOPD-F4AFD083A165214A,2546,TRN-106E2DD044E0F28A,REC-ED0C743F9B72EA22,B,3
MOPD-8987C7BDC1F76B9A,2547,TRN-7AEACB89647C8809,REC-B3027AF78DBA51E8,B,3
MOPD-EE9CB4861156D661,2548,TRN-3BBA5FA62E9324DB,REC-0A7FF06485F68A0A,A,3
MOPD-F9668632AC8D4C95,2549,TRN-A28D3BDAC9B3F528,REC-B17F6E85C280EDB1,B,1
MOPD-AF1F293A3D025598,2550,TRN-8C336A8F29BE7D86,REC-319CCAEF9D99237F,A,3
MOPD-63E853DA228A87E3,2551,TRN-84A6AEE5277123EC,REC-BCBD05DD0F9F2574,B,2
MOPD-5E74D0557E3216C8,2552,TRN-5B9A9A328E8CBDA8,REC-D537B72E1D0B2AAC,A,3
MOPD-15E09A8A9858DA26,2553,TRN-D395ECAA98A138D0,REC-9FCE05E15C5C7659,C,1
MOPD-BCB7383CF3EA22D8,2554,TRN-4624F7E540366C47,REC-81D564F5CC393011,A,2
MOPD-36BD5896A4668734,2555,TRN-22285F9A1370AA6C,REC-10351B6685548194,C,1
MOPD-47A52E445044EEAD,2556,TRN-63E8E0866B1752FA,REC-1B8B4641B7F73630,B,2
MOPD-47DBA7DFBC0CAAD6,2557,TRN-98BD598E60EA77DF,REC-E249177FE37808AE,A,3
MOPD-4BC920D01ADF0878,2558,TRN-55BD463FE04F95E5,REC-FA8203C52BE2D9BA,A,2
MOPD-8CE64C667E3D930E,2559,TRN-34D9B1E0CE8AA379,REC-E7ADD4D8FCD4FB8F,A,2
MOPD-BEECF7C46F3C6808,2560,TRN-0DEFACB9D437EC5E,REC-9596FBF90FAB4389,B,3
MOPD-4A801FF728ABE199,2561,TRN-65FE073EEA0154AE,REC-7D911E5CDB13583B,A,1
MOPD-AAA9AC0B00EC25EC,2562,TRN-53DAADA337576F8A,REC-E90AAEB28441FD5F,C,1
MOPD-9C14C9D333A762BB,2563,TRN-94FE2A7968D57BDC,REC-A4801D17CD4F7D1A,C,1
MOPD-A287513C156D5CD6,2564,TRN-5670A5044A648692,REC-757B31DD6E00F60A,A,3
MOPD-2A6CDF5A5FF23CAC,2565,TRN-C198C1D919ABFE48,REC-E205BBB174B3CAA5,B,1
MOPD-345BE121A48FDE7A,2566,TRN-67B48930DEC4743D,REC-2F323474FD0A1E10,B,2
MOPD-D3C2E2AB6C918FD4,2567,TRN-F4A942D7F8BC5EDA,REC-8ACE56E703AA3429,A,2
MOPD-2AD41DB0A95C5F0A,2568,TRN-C8506A8419A46E8A,REC-3038D93CAE312D14,B,1
MOPD-712CAFFFCEA95220,2569,TRN-0186A33E9984F437,REC-9D4F2BEF3D9A9826,A,3
MOPD-F5FA757159173CCB,2570,TRN-FEF86EDC3BFC696B,REC-B3B464881AD02B5E,C,1
MOPD-6AE12D59A6E787FD,2571,TRN-EFB731837AE10FDE,REC-1D00E650DCA7046F,A,2
MOPD-F4BF78701A654E1A,2572,TRN-87C63AEB8FC5BDBA,REC-CE2E8824B0531DC6,C,1
MOPD-71620319A4C1A75E,2573,TRN-29D8AFC7AD64EADE,REC-5B3ACDF10258505F,C,1
MOPD-6FF23F60A821BF82,2574,TRN-736CBEB8BF921E9D,REC-8A6CB40A7B3702B4,C,1
MOPD-6BB75ACB4D90D8CE,2575,TRN-968153092A21D6BD,REC-2EDEF77BC5545C60,B,2
MOPD-FC2683DED05A9BBF,2576,TRN-3F883D1FE2AA1823,REC-1781FC44115D9312,A,2
MOPD-BA94D500A81466EA,2577,TRN-D70C1FC1E0F6CE53,REC-FCB642ECFB7A8FD4,C,1
MOPD-11EF0F63EE3773EE,2578,TRN-57B858F2EB5D4998,REC-A1F75E3D4A4E3634,C,1
MOPD-B98671E90DDA28ED,2579,TRN-F961B4B7CB1EC760,REC-DC49EB7974D053A2,A,1
MOPD-028ED93BB7A65DC3,2580,TRN-7AEACB89647C8809,REC-B3027AF78DBA51E8,B,4
MOPD-D6247DB9A5B7F351,2581,TRN-8302631B7EAE4198,REC-1019A7D5FD78FF72,B,2
MOPD-04106AAAE315BFAE,2582,TRN-158F46491727C007,REC-5D6C11A773F3AB6F,B,2
MOPD-E90F0416348F968A,2583,TRN-E7D8348220874151,REC-F5128134D3FCAFBB,B,2
MOPD-CBAE32E75766F5C0,2584,TRN-827206087B28B12D,REC-279860D6091E569C,A,2
MOPD-EA8C96B9D525CF7C,2585,TRN-86AF9CAE4966B20D,REC-04C132C3E6BE4C23,B,4
MOPD-522F572D6D9155BB,2586,TRN-DD5FA49651CD1218,REC-7BA1EA77E9BD155A,A,2
MOPD-A441ECDDED2398C4,2587,TRN-E4CB5B9E9FD768B2,REC-313FE9F89D5C78C1,A,2
MOPD-A2D0C08B7DBF9B1A,2588,TRN-8DE60AA445B9DCEB,REC-7B3F999F6442FCF7,A,1
MOPD-FC016A898C97D7B8,2589,TRN-898B3A3F2799C973,REC-C0679EA997F2FD60,B,1
MOPD-F1444BD6DD2B0952,2590,TRN-C05DBE3E893AB018,REC-9E738F818F446090,A,2
MOPD-D4525CB6D421A6E2,2591,TRN-A7B5799C89F3FFCF,REC-6A7CCF23F1B24C5B,B,3
MOPD-D26063BA3F8C367D,2592,TRN-898B3A3F2799C973,REC-C0679EA997F2FD60,B,2
MOPD-AFF2C6EF6074FCA6,2593,TRN-38B7A8ED83D2743F,REC-0E1CAE64A729556F,C,1
MOPD-9AB09133248058A7,2594,TRN-3623EF94F1EDC173,REC-4E6F149708B3EDEA,A,2
MOPD-7807DC64B9A9CCED,2595,TRN-07CF84199DD2A4B8,REC-800766FD61F6A95C,A,2
MOPD-96432C009313C6CD,2596,TRN-5516A1CE332C0080,REC-E225827128EEB3CF,A,2
MOPD-5D5D1A6D87DB014C,2597,TRN-FDCD042979AF6E13,REC-9C34C4A290704B44,C,1
MOPD-588D3CE8536CEB25,2598,TRN-77B6A591B0A4DFC2,REC-729DC7288129EAFE,B,3
MOPD-A86954E1255C5034,2599,TRN-8302631B7EAE4198,REC-1019A7D5FD78FF72,B,3
MOPD-263C77D70944D5E1,2600,TRN-EFB401CA92608636,REC-E3997559FBD54A6E,C,1
MOPD-BFD1EE0AF3B2E94B,2601,TRN-A404227044A094A7,REC-B585362D9B46BEEE,C,1
MOPD-33974335CBCFF39B,2602,TRN-F76973E2146F00EA,REC-807927647C96499E,A,2
MOPD-CB15EFC0A1595BC8,2603,TRN-7C9682D87D25FC2A,REC-4CC0ACC9D35A5FB4,B,4
MOPD-D85616B8535D5378,2604,TRN-EDACB2C20270D69E,REC-4B655AE287947468,A,2
MOPD-4C20CE5FDA239CFE,2605,TRN-F15617BF40FA6D60,REC-6E6A7EF61635F3BF,C,1
MOPD-1C7D181E95F814EF,2606,TRN-126D85ACA7B9C9CD,REC-822C34C24B578B58,C,1
MOPD-40BEBACC543CF8E3,2607,TRN-73E30CA3EA506D6A,REC-A81810D585703DCA,B,2
MOPD-2479A913D604C9AB,2608,TRN-F5DCD344F1E85BEC,REC-C322B7A30FCF5F1C,C,1
MOPD-B68B8B2A7261CCDA,2609,TRN-9F29533D73EE53B0,REC-2257260434BF2FB6,B,2
MOPD-A31549A33414CC61,2610,TRN-27602C9A121C0363,REC-08B9963088137868,C,1
MOPD-22D2D376B744008B,2611,TRN-D78F673429DFCBF0,REC-0E1EC779B1C7C65C,B,2
MOPD-ECDC2F0712692D0C,2612,TRN-C94EB920C213DC55,REC-9997C372DE7C891F,A,3
MOPD-9E0FC1E12408E332,2613,TRN-06118FA13DEB2FC4,REC-FB65F923A0FC46E4,B,3
MOPD-CE3DF1E3A2E03D15,2614,TRN-38D56EA721DB7E94,REC-83B5086E8B1BDB77,B,3
MOPD-25C64973994529D8,2615,TRN-36D55BB367522E3A,REC-679115FD9F42D5C0,A,3
MOPD-C53ACE29D70FFD61,2616,TRN-9F225FFFA5440443,REC-81AC3CF71A93910A,C,1
MOPD-6D76E2C89F18F6D2,2617,TRN-E109061DD1715EA0,REC-7F8A7197A7F98E22,B,2
MOPD-B16FF02C30F5B98A,2618,TRN-60E746B3EE44B65F,REC-001A0F1410CF3EF4,C,1
MOPD-6D70669FC321A499,2619,TRN-4A733FDD63CF8548,REC-A346C2C06794D62C,A,1
MOPD-385CB86005FA6145,2620,TRN-36EFD3C5F011A8CC,REC-8D301FA804AE9D4D,A,3
MOPD-7D19C104B503D914,2621,TRN-9DF627A03FC7AFE9,REC-A4F8A9716D714D53,A,2
MOPD-B3A9CA5A6CD6952C,2622,TRN-817EEB95F89D6CA1,REC-BC3726A174ACD977,C,1
MOPD-6E20375B9AFC6987,2623,TRN-F1F86DA2F4561C7F,REC-A6909BF84AA36BF1,B,2
MOPD-98B733BB8B54BC75,2624,TRN-83C1E6C074C4274E,REC-937F63EE211CD15A,A,2
MOPD-5F79F4D2CC916F60,2625,TRN-3B81147E4D5FC3A3,REC-7BD353DAD8E91463,A,1
MOPD-240B935484F81DFF,2626,TRN-3233AE284686843A,REC-F2085020E96159C9,C,1
MOPD-64775A2D376C8CCD,2627,TRN-2A003099702131DC,REC-687F2F63492E2DAB,A,2
MOPD-660D4DCBD4F3C7E6,2628,TRN-FD2A9D7375AE203F,REC-575C9BE3F9E1ABF5,B,1
MOPD-F07E2F40D319EFF6,2629,TRN-2629B62C244D6FB5,REC-D4195C61F2F1526A,B,1
MOPD-3A0EF31E93320D85,2630,TRN-C23C76E9E8BD4010,REC-26A563C66FC33A5E,C,1
MOPD-3A677CA9E173E4A7,2631,TRN-8DAFA81AA38591E4,REC-6A963F5B5F1F50AD,C,1
MOPD-130A4924267B874F,2632,TRN-D52167C86E4EA39E,REC-A70FD94BEC605B0F,C,1
MOPD-36824BECF91AE236,2633,TRN-999E8990B5CA3454,REC-2B8155AA4F0000D0,C,1
MOPD-3AA01CEE67FA3D69,2634,TRN-A84041E7BEE2AAD6,REC-419CA737B9F7ABD3,B,3
MOPD-6ACAF1C6A105C065,2635,TRN-6485CB17F711D26F,REC-E5BC2C9B6E43ABCA,A,2
MOPD-9D532B7BC90065F2,2636,TRN-CC9A2D378D6A85E2,REC-25B3A6F24DA72060,A,1
MOPD-4923212E583EA8B4,2637,TRN-B52859AA92B16B65,REC-24C31A763390A186,A,1
MOPD-9BD6ACF81534CA14,2638,TRN-966122929FD8624E,REC-D175C739F7E9FF39,A,2
MOPD-C702EDF26C4AA99A,2639,TRN-7C67C108BC68B339,REC-B5DA799798BDD8D4,B,3
MOPD-120D0DB0CE1689AF,2640,TRN-E72CD865D680AEEF,REC-DD522CCCED2CF338,C,1
MOPD-B47E7261F8745A2F,2641,TRN-16314D2BBFBE8CEC,REC-176489F4FFD6DCC3,C,1
MOPD-37312E7F338AAD9A,2642,TRN-582B84FF371DD36D,REC-E030FA221B63CB7A,A,1
MOPD-03EC6E0B75832219,2643,TRN-075B647775B7FBA0,REC-7102761E9BCD88DE,C,1
MOPD-4C15AAD07A07E56F,2644,TRN-A43B5A54BED55559,REC-7DEE9ABF29F2012D,A,3
MOPD-409236CA3066E745,2645,TRN-931627702190EF3D,REC-84084E6533228E7F,C,1
MOPD-5BA768B5EC0D2524,2646,TRN-1017D1840E8B652E,REC-915181B2AE77C0B9,C,1
MOPD-0176E2C3EF90697D,2647,TRN-EE4F3C8253205156,REC-CADF5A0F33DC649C,A,2
MOPD-56CA08B3C0061D22,2648,TRN-E1F80584C8344F29,REC-8BA8685D6B158552,C,1
MOPD-C18CE2E874FA53F1,2649,TRN-F50F2E0302E6578C,REC-5DBD2DB938FE127A,B,2
MOPD-BA15312F48DE473B,2650,TRN-7F3205801ADC4147,REC-01B88AEE4850729F,C,1
MOPD-7A1E59D4E41C9B87,2651,TRN-309DEA73A7BEF2EA,REC-B3FC41B5F15CC86B,B,2
MOPD-EAACE312B0FBBB73,2652,TRN-969D61CCA83856EB,REC-5BBBBAF81CCB183C,A,3
MOPD-E7EA2253AB3EBB6A,2653,TRN-D4F4B090126AB7C6,REC-8C4BA5952B374914,A,2
MOPD-B1208D7534E14BE8,2654,TRN-68D62F6467571EC5,REC-90DCFC7628727C79,C,1
MOPD-FE4E1FF17624D4FC,2655,TRN-102247B14BD0505B,REC-5CF9FF918A665C1F,B,1
MOPD-68676A49C3FA500C,2656,TRN-1DD9FA8E431F4928,REC-5B1FB1DCAFC187C5,B,2
MOPD-D70A59207373D08A,2657,TRN-578402F47517531E,REC-62A23C03FB5C4E29,C,1
MOPD-8D65FDC7247D3957,2658,TRN-AA1E634CD4B525D5,REC-D70A520ED940A3A3,B,1
MOPD-EC11102C03230C3B,2659,TRN-7C6FDB6631101BFA,REC-4A70EBFB54821365,B,2
MOPD-0FBB38BF3F2DBDBF,2660,TRN-281D48D1DB819EDB,REC-BCF29FDD050AB660,A,3
MOPD-AC5277367705C418,2661,TRN-FA8D3C659766CD0A,REC-E82F2CC1B39F5E57,C,1
MOPD-FBEB35C833A14B4A,2662,TRN-F42471CD3F5E176D,REC-D4AB65032B787E08,C,1
MOPD-EBE7DC4683C8C106,2663,TRN-CB630BE84CD67CD0,REC-2021A426026BDE23,B,2
MOPD-8594D1D8BCE42AC9,2664,TRN-0205DD004932A1B8,REC-43F9A8111065D035,A,1
MOPD-A673269944CA4EE6,2665,TRN-A26A46BBD9D2BCDA,REC-D6DA61DEAF6CA02A,A,1
MOPD-646F3F3E5E630110,2666,TRN-043D6AAE0345E974,REC-3A05C5015F0779EF,B,1
MOPD-AD3CD730D3B6EDDD,2667,TRN-A9D4E37A951B21EA,REC-BFABE83D22023BE3,C,1
MOPD-02DEDA9A6E28598C,2668,TRN-3AA7A668E741C859,REC-E7BEA4012E1CA4A0,B,2
MOPD-0688E51992E72A7B,2669,TRN-5B3A27630E24FCFF,REC-4C744AB17C49E968,A,2
MOPD-80CAE6EA252CA87B,2670,TRN-03FA34A9FF48943E,REC-0E3AB721BDA97AB8,A,3
MOPD-02465237ABEBD50E,2671,TRN-B3C0998495D73FAD,REC-F52BD04A04E26494,B,3
MOPD-87E655BFFE0CA7EA,2672,TRN-B084A02FD770CE65,REC-E1601027CFCAE209,B,3
MOPD-3940572C4D9555DE,2673,TRN-6E936E958CE308DB,REC-331A48E6D98B7861,C,1
MOPD-D74C3759D21E04E6,2674,TRN-1E48B1DE996A67BB,REC-262C4BD57235E815,B,2
MOPD-6A802759602361C1,2675,TRN-F12BBF24209C7A38,REC-5EC6CB03BAA40E4E,C,1
MOPD-FAAFF8FCCDD839AB,2676,TRN-2B7FA6C19C6F842E,REC-710C98BF93595001,C,1
MOPD-909FFD189FF9D61F,2677,TRN-6E473343F60FC68D,REC-DDAB5AA19924ABE8,C,1
MOPD-C6EC202E71C55712,2678,TRN-BFE204B1151CA750,REC-37A129A25DD2BD5B,A,1
MOPD-ACE1C00F4A737F0B,2679,TRN-E5BBCAED2FD5E445,REC-ED34DF16270B3AEF,C,1
MOPD-F995937E62B3255C,2680,TRN-ADDC2AEC706A6639,REC-09752896497D2D64,B,1
MOPD-D606266F583C729D,2681,TRN-D3507510FE3A6BBE,REC-BF4DCBA4E86FA8A8,A,2
MOPD-F34249D7FEFC2EB5,2682,TRN-BC608398A499E9A6,REC-3043F0880FC9D4F4,C,1
MOPD-BEBC9D667CB070A2,2683,TRN-60B4DD41D268D758,REC-BF6065DDBBC0C044,B,2
MOPD-F7F2BD9C61DEE757,2684,TRN-3D6F7C4C5EDDD168,REC-FC6E93BFDA631D89,C,1
MOPD-41571FBE25BD99CC,2685,TRN-F8B02CD09219C391,REC-7127162EDE907BE0,B,2
MOPD-25A7EB8349CFDD22,2686,TRN-803FA6273F160426,REC-E0AFA557DEC15D4A,A,2
MOPD-38422015BAC1B120,2687,TRN-94CE31CBC9E8B34F,REC-F9CECFD180CE7DF9,C,1
MOPD-283CCD759A5B7079,2688,TRN-D3A69DCE922F8A4B,REC-3CCA28FDA7BDB5D7,C,1
MOPD-732058E3C8F22826,2689,TRN-97679D6A964C539D,REC-F1C12AF451F8E838,B,3
MOPD-7415111F7ACD41A3,2690,TRN-D841A38E4C5C9A20,REC-5AFDE9D8E7393A7E,C,1
MOPD-CAA0BD6DCAB42A12,2691,TRN-6BA772185CBB7D68,REC-D317AD457B7C55E4,A,2
MOPD-B060F8A35C9ABD70,2692,TRN-594441E797D69594,REC-13BB0E6B44B89DEA,B,1
MOPD-B836290106925695,2693,TRN-42B4B187E5BE19BA,REC-0252767E4B707DE2,B,1
MOPD-01A26657DCBEE3DD,2694,TRN-7B2B5CC8F1756F72,REC-F4BE081B4E28387F,B,3
MOPD-161ECA8B49510C94,2695,TRN-453072C91AD45116,REC-D979374FBC6BC456,B,3
MOPD-16B36AF98879CED6,2696,TRN-61EA73522A12B00F,REC-170A31BF81A30DEA,B,2
MOPD-EF21E984014EF99E,2697,TRN-BBC1AB43EE920F3E,REC-4C1EA73E9BD8797F,A,2
MOPD-B7C827DC0B5DF24E,2698,TRN-6228109C327B37AB,REC-93B98337949A5483,C,1
MOPD-5075571DF75E92C5,2699,TRN-36170068D0203AF1,REC-472DBA41A698A6F7,C,1
MOPD-E694ABBEF92CBBA8,2700,TRN-FC39B61A3667B65B,REC-521F292839220FE7,B,2
MOPD-0B8251F620898E76,2701,TRN-B829965633CEA38A,REC-2E30E9738A40B330,B,4
MOPD-36CDDE1586E2340A,2702,TRN-618B5065FBE91EDA,REC-120DA70BE237CD3D,A,1
MOPD-AA80C4AFE05E4581,2703,TRN-2E089A32ADA02A88,REC-6F318596A87591F9,A,1
MOPD-1FA8E307AC899B10,2704,TRN-2DB3E560A59A9C60,REC-778946198A0C49F3,B,4
MOPD-C570615BEC87EECC,2705,TRN-7AF709F8A0FEBA15,REC-1019664E02D16C16,A,1
MOPD-804700BD4FB84DCD,2706,TRN-2B97461DBC1C600B,REC-7D9B75FAC8F71A9D,A,2
MOPD-21B1B266EF25DC57,2707,TRN-E6915EE6318661AB,REC-96E66465ACA4A0AA,A,1
MOPD-2B1347D7F309271D,2708,TRN-ACAC63E0AA8E3C76,REC-1040F13033B94FAC,B,3
MOPD-28DB511626552419,2709,TRN-915E54E116DFB471,REC-C9CFF437C78C0BC2,B,1
MOPD-4BB066189373C3C4,2710,TRN-C1682F288DFD5B5D,REC-E17EE0587B008466,C,1
MOPD-4FCD1F738AD94522,2711,TRN-D74C5B62FCB7AA91,REC-9697A962008CB595,C,1
MOPD-872FC640E937BC39,2712,TRN-1160ECFC51A79ABF,REC-DE523DE32B10DF3A,B,2
MOPD-A65DC7BFCF161534,2713,TRN-A04EEAF13DCB3A03,REC-5B0714C21C619D2B,B,3
MOPD-726322878FF17EDC,2714,TRN-A8C0DFD0878441B4,REC-3A7C6D78E6978065,B,3
MOPD-C045BFB23574EB54,2715,TRN-618B5065FBE91EDA,REC-120DA70BE237CD3D,A,2
MOPD-008CCC5954681FF1,2716,TRN-D2FD4BC5EADEFEFF,REC-F2650D829A3B66FD,C,1
MOPD-69E79CA78DB12221,2717,TRN-BF3F305E00F39F90,REC-7C9F7BFD27305DCE,C,1
MOPD-67B44C7C8DA09E6D,2718,TRN-D85C81B61AFFBB39,REC-F98EEEB7AAAE4158,B,3
MOPD-0752AA8CA83570DA,2719,TRN-1C702B5512F7FAA5,REC-7A4A8885F97929F9,C,1
MOPD-A79FEE85573A2A79,2720,TRN-F388075B62710901,REC-9D4E0DF45D17C899,A,3
MOPD-A161CB96F853DCEC,2721,TRN-953785BA44224707,REC-998C3FF319A07947,A,2
MOPD-E6AF7EACC003EF55,2722,TRN-D599994BA7BF704B,REC-040D6E8D695244BD,B,2
MOPD-AB5E086F8BAC5FED,2723,TRN-CDDD5BE430697193,REC-12D54B89A3CC0CF3,A,1
MOPD-C32F5F465850BD0B,2724,TRN-FCAE87006B64CBF5,REC-017BA86A3F594EF2,B,1
MOPD-F7E8DEE4F159DAF7,2725,TRN-49B0087C76103DFF,REC-9414E25041662E78,B,2
MOPD-C9FAF6D9A5B28688,2726,TRN-E229B85197239A7F,REC-B24A2DDF21A091AD,C,1
MOPD-24EEF04D984F3DBC,2727,TRN-BF1B89ABAE0A499D,REC-C5163DDC2F5AF7AF,C,1
MOPD-B7E5E10C842C5E1D,2728,TRN-EDD8FD5DD4191801,REC-66C5724A05E63234,A,1
MOPD-C629D58EE91F19C3,2729,TRN-013538F79DC7D105,REC-C389C08E145E3676,A,2
MOPD-C82577B7E38231E1,2730,TRN-DB10BE73265ACE8B,REC-CFC10F71D0868F57,A,1
MOPD-E0A4F102D04E9803,2731,TRN-BFE204B1151CA750,REC-37A129A25DD2BD5B,A,2
MOPD-7D801CC5BBB70B06,2732,TRN-3A97C2AA76BCDA42,REC-51EDBF3C7D622C0E,A,2
MOPD-DEE1E2CEC3A9B1E7,2733,TRN-1174F8855C631339,REC-78B1195042A5BE27,B,2
MOPD-F099B6795D4626FB,2734,TRN-7EF0A52DAF585A2A,REC-533A9475347D770C,A,3
MOPD-D6C0DE699ADA5581,2735,TRN-395FF07F745C5C44,REC-82E839D2D6916DD9,C,1
MOPD-7356DB80EB103686,2736,TRN-216651349F274002,REC-182AFF4651DC1D15,C,1
MOPD-CA8345191367071B,2737,TRN-3FFBF4BED7991A6C,REC-848745EA1058673C,C,1
MOPD-3F73439878903466,2738,TRN-5A67E19A88C2B58A,REC-BC5C34D15A86EB41,A,2
MOPD-3AC3784BB3105285,2739,TRN-D741A4E30BB5A828,REC-713721DCD4DBB9DF,C,1
MOPD-ABEB1869A3478851,2740,TRN-E3234C251BAB9648,REC-9750B7EE7DC7DAED,A,2
MOPD-170ED6F25F56462D,2741,TRN-1B50829715A076C3,REC-6F98D51B465E35B6,B,2
MOPD-6271DFBF66D2E5CE,2742,TRN-506867E14EB5BD58,REC-3ABB3270D65BC5D9,C,1
MOPD-FE6E5A4CD81A3D6D,2743,TRN-765FA506FDE081E1,REC-4A2588EDC5DF1F4D,A,1
MOPD-56D6EC088A07C976,2744,TRN-B154E86EF58F841F,REC-A905A756D0589F90,B,2
MOPD-D81E41041E1EB01D,2745,TRN-87C2C832FD3C4395,REC-7220B0A8B12D8CC1,C,1
MOPD-6E53A5725A64FC67,2746,TRN-DC90475814E043E8,REC-2F1D606ACDA1CA1B,A,2
MOPD-A55AA0D1FA61E60C,2747,TRN-E217181692513D87,REC-B9E47CCC209E7131,A,3
MOPD-89DEC226E514A2A6,2748,TRN-3E42A207B8CEA640,REC-F9C6D4701671A218,C,1
MOPD-AB5090BE7ABA1329,2749,TRN-225F84879E74B746,REC-F078C14131A721E8,B,1
MOPD-45E2A829B7DC7523,2750,TRN-244E11737D9B24CF,REC-A33824DB10858300,A,3
MOPD-7AEB782D7DE5C4E2,2751,TRN-D52EB8A61D848ED6,REC-FD0DC3B43EB02BDA,B,1
MOPD-C312CDC140307FC2,2752,TRN-F1441D0491DC7E05,REC-DCFEA1123AFB78CA,A,2
MOPD-4CE9852DD93517A9,2753,TRN-91ACCC89BF65F768,REC-34828871B34A2756,C,1
MOPD-F35563C863EA5B9C,2754,TRN-1841FCB77C14042D,REC-39B75D48950E5795,C,1
MOPD-76AC046B32C8D466,2755,TRN-D50986189E944B6E,REC-30BDDA93F0F0BB2A,C,1
MOPD-C3E099F44004FE3D,2756,TRN-05094B0D1C1F79E7,REC-191F8DFBB19F7C45,B,4
MOPD-A4BAD21051EE90DE,2757,TRN-EAEC85A136EA13FF,REC-2A66ABEBF08A602B,C,1
MOPD-7B401304C6CE5FC9,2758,TRN-0AABA3A201BCB0E5,REC-B2C614BFC8F33F89,B,1
MOPD-CD67E308609C17EE,2759,TRN-5D03986104EBF3F1,REC-5CB746B97FF6EFED,C,1
MOPD-6BFA1BE6374001EF,2760,TRN-190AA14AAF5FD0E7,REC-54350EC5763C57D3,B,1
MOPD-9AFA0362E8771BEE,2761,TRN-FCA196788C11EAC7,REC-218BD7B2F4BED03E,C,1
MOPD-B1FB2C60B002DA8E,2762,TRN-2245F5479ADFF48A,REC-7AD200151E1933DC,B,3
MOPD-1A51CFA5A2F0620D,2763,TRN-FE25E2D8E48B7125,REC-12E01D588D1D110C,A,3
MOPD-87A0E1DAD4EB1B7A,2764,TRN-1B00DF1DC6E577D8,REC-487064179EEF47B2,B,2
MOPD-3211D70CABA3FD70,2765,TRN-68EA183B71B509C8,REC-E3A1064BF1094A9F,A,2
MOPD-06B053306BCE8F06,2766,TRN-28674004999A9A79,REC-45B4606DA2887A6A,C,1
MOPD-6B3463C0F2262902,2767,TRN-8EE19607A12FC24C,REC-FE2B5DD07FD60332,A,1
MOPD-6E2AD3F665A2ED13,2768,TRN-F97C97FA7153932B,REC-F6EFA746F3DE4C1A,C,1
MOPD-DD5C5E206984A771,2769,TRN-FC39B61A3667B65B,REC-521F292839220FE7,B,3
MOPD-1C89657674FB831E,2770,TRN-8C8B795AD04EEE30,REC-4CEC6A69D8E3D304,C,1
MOPD-5AC8D1281677B191,2771,TRN-0ABB44EB410F9BE4,REC-EB3D079CB92388DF,B,2
MOPD-EE2752E78982F49E,2772,TRN-707458714B8F7C71,REC-7138DD87882F1D34,C,1
MOPD-EF04AC60ECAF5291,2773,TRN-D599994BA7BF704B,REC-040D6E8D695244BD,B,3
MOPD-5A6AA07D09A9F67B,2774,TRN-8DE60AA445B9DCEB,REC-7B3F999F6442FCF7,A,2
MOPD-2D33D2BFAB6C63D6,2775,TRN-5B3A27630E24FCFF,REC-4C744AB17C49E968,A,3
MOPD-7BDBE0B7929A46FC,2776,TRN-9E13216AA8C4958C,REC-D4B2FB547C40F31B,C,1
MOPD-3D63B4E7E0F8CB4A,2777,TRN-04160BD026F9C833,REC-FF34B4BF7E1FC129,C,1
MOPD-73C5B7D3054FA7C9,2778,TRN-9D73B73FC5E38D7E,REC-014ABD5F6534D8D5,C,1
MOPD-63042FD9F0E3767A,2779,TRN-95C3FCD290C725D6,REC-1E2AC6247A1814F5,C,1
MOPD-30E51117B3A5246A,2780,TRN-3D2DE2D798AC1BB1,REC-B13F0E9F6CC544FC,C,1
MOPD-E2F8613E5EB0A065,2781,TRN-453DF0B0B784EA05,REC-C69BB38945F47AB3,B,3
MOPD-FA82DD25059E4D82,2782,TRN-D3903AFC0D976F20,REC-BAADD2D8A363D562,A,3
MOPD-81029C19EC82F4D1,2783,TRN-3A9D41BC3EF50A5F,REC-8CF0049ECE212DF7,A,1
MOPD-966AEC0E9178B0CE,2784,TRN-F4A644402A01B633,REC-60A04D968889FB15,B,2
MOPD-E4BF15606C862105,2785,TRN-C70DC68EF6D50403,REC-8980062F778DA2BF,C,1
MOPD-676EAC2C67881D9A,2786,TRN-14E7604B1E48316B,REC-D270B050CBC00F09,A,2
MOPD-BD16361590DA5611,2787,TRN-F71DF3009848C94D,REC-B7B20D35034FEF29,B,2
MOPD-9F4139A820BAA88D,2788,TRN-234BDE137C084205,REC-DA42443C7D378F14,B,3
MOPD-B9E9CE0C908974FC,2789,TRN-45F4BC9AB388EE27,REC-10F17AA8354B2718,A,2
MOPD-C6FB0477E12E423D,2790,TRN-0BB012A2579CB880,REC-3BAB5173CEA20C6E,B,2
MOPD-43457C0B26B6CDBE,2791,TRN-6361D41B103B9197,REC-55E06FFD745D4796,A,3
MOPD-132364D97F2A7500,2792,TRN-9FE3DA9BCDA63D8A,REC-1F162D57A0D846BF,C,1
MOPD-F61154121CAC8B52,2793,TRN-FCB5155CFBD40F52,REC-2E43137278A17670,C,1
MOPD-881236B731989743,2794,TRN-DFD0F10637D4F638,REC-F50F1CCB915ED92F,C,1
MOPD-59E11C31E14BE91C,2795,TRN-96CAE5F10F9809D3,REC-5DB6E84F87F57536,C,1
MOPD-ECBAE03007BAF359,2796,TRN-919FC16F66BC376C,REC-93BDEE0F610E7D13,B,2
MOPD-BCA8F7102F2EBD7A,2797,TRN-0FC8D0F8F2CE0BEE,REC-455F0A0E4ED4C4EB,B,3
MOPD-54D282CE9E2F0B4F,2798,TRN-72594FD5DA257D05,REC-520D44C08E36C4DD,A,3
MOPD-982396C284269793,2799,TRN-9E5062C1223BE981,REC-11FE7337D94FA66F,C,1
MOPD-B696A6F0B36EDDBB,2800,TRN-4915D9150BD833DB,REC-8BE33B3C0A4591B3,C,1
MOPD-4E6A3C60E65EF595,2801,TRN-D9F419F248D8B109,REC-07AC73A0DD7A37C6,C,1
MOPD-CDF02EAB4F3597F2,2802,TRN-919FC16F66BC376C,REC-93BDEE0F610E7D13,B,3
MOPD-4DC1BB96650D887B,2803,TRN-58581DEA8E18B33A,REC-5A12C10DD1E6C2A8,C,1
MOPD-FD08993E9DC4C24B,2804,TRN-43D92ACB1660D6E2,REC-8EDFFA65E8555A8C,A,2
MOPD-0ED2376E38897D22,2805,TRN-73E30CA3EA506D6A,REC-A81810D585703DCA,B,3
MOPD-D3E5167B6AE72B26,2806,TRN-7816D496F8C2121C,REC-7884AA225241219E,A,1
MOPD-892A8DEDB38083C0,2807,TRN-41CC5B13DF102FC5,REC-AE199626DF535D6D,C,1
MOPD-F6EAD28AE7808171,2808,TRN-4BAFAAB7316C6E83,REC-4A02250196B6C8A1,C,1
MOPD-49B39F3926428696,2809,TRN-B17DD65334F06D34,REC-0FBFEBB1DE9047F8,C,1
MOPD-D32DEDA14232DA61,2810,TRN-6D5BFA5426CD0B38,REC-23491B764AA9B401,B,2
MOPD-0ED60D46C54CC894,2811,TRN-1E8FA20195040964,REC-445BD6A55BBC40ED,C,1
MOPD-690E682413E3CF9E,2812,TRN-4EDE17E3B4D77638,REC-A0D82ECEDAB10507,C,1
MOPD-176BB423A977D4BE,2813,TRN-2495235CA402A503,REC-4E370CD6432AE043,B,2
MOPD-AC9CC7AEFC6EF8C2,2814,TRN-3B81147E4D5FC3A3,REC-7BD353DAD8E91463,A,2
MOPD-575E8394F7A1C585,2815,TRN-C8506A8419A46E8A,REC-3038D93CAE312D14,B,2
MOPD-C630B1B5C1173D4A,2816,TRN-538767E99097B153,REC-60E694429A764093,C,1
MOPD-C6B0FE6AB4BCA267,2817,TRN-F1D01CC188925C83,REC-5C29CE45427A90C8,C,1
MOPD-004EA0F0CD0B68D3,2818,TRN-64FFC7A2F0C8DD82,REC-4DF4137301BFAA4A,B,2
MOPD-E78F9A7AA4430790,2819,TRN-C198C1D919ABFE48,REC-E205BBB174B3CAA5,B,2
MOPD-879F7E2F83D53714,2820,TRN-608BB5393A53D209,REC-3E5788D71851A3F8,B,1
MOPD-C498E98A886744B0,2821,TRN-F6DEFB0973D36C40,REC-B76D61667D149DF9,A,3
MOPD-E3B3532F7B9139C9,2822,TRN-81253E4245DEA135,REC-C5CE1118AE35B3DB,C,1
MOPD-76863C911E4203EE,2823,TRN-92061A9A8B274CFD,REC-F2BF5B1C8FD6795E,C,1
MOPD-2AA5C27AF971E29D,2824,TRN-3313193DA515ED56,REC-45487DBF5DF2D40C,A,2
MOPD-35147F2F04BC656B,2825,TRN-BC7D70F1863144CC,REC-8C3CB3E3F6BD9A16,C,1
MOPD-23335211436B7D2F,2826,TRN-852B0BD813B1CA48,REC-E121A41508C87B56,B,2
MOPD-F64A89F5BDE3AD00,2827,TRN-E07EB2136FDB8DF1,REC-48A19A4A950A8DED,A,1
MOPD-2C71BB2463827857,2828,TRN-663A3ADA75CB898E,REC-119C25929B771294,B,2
MOPD-03B1B0774512F909,2829,TRN-06B7E58237457AB4,REC-C6A1F8A6A28357E9,C,1
MOPD-1D9C81A50037F2BE,2830,TRN-3E033B2BBC7D4E36,REC-50FEE49A48B71939,A,2
MOPD-005477D46FE0C1C4,2831,TRN-8D4F3395B2E9C499,REC-4E844101AC4F70B9,C,1
MOPD-FA047DE9C4E0E824,2832,TRN-C6B968CC81EC6A32,REC-B1715318F01848E5,C,1
MOPD-EF3406DE464147DF,2833,TRN-ACC6602FF5A83917,REC-C2DC1251F7FE94BB,C,1
MOPD-429A6731F934F54F,2834,TRN-6F45461F45EEEE4D,REC-3C127ED4CF11F046,B,1
MOPD-03805F4ECF9A1637,2835,TRN-BEBCE01331D0BABD,REC-03918070F53E5848,C,1
MOPD-4B6ABC578ED4A58E,2836,TRN-7A1A2E77357890FE,REC-9FFEE5D05696652F,C,1
MOPD-318D1D8E09B0A28A,2837,TRN-C198C1D919ABFE48,REC-E205BBB174B3CAA5,B,3
MOPD-1B8A1F12E1F92323,2838,TRN-9234C3B39F456913,REC-731A8EFB41F658ED,A,2
MOPD-0E866F4AAF9B2538,2839,TRN-0BB012A2579CB880,REC-3BAB5173CEA20C6E,B,3
MOPD-4607714619E91091,2840,TRN-D1F8F9FC3EDB3503,REC-490FB880E162AEE1,B,1
MOPD-50486113B9D046B5,2841,TRN-E7B9820C038939B6,REC-9DD117F228E8E1C8,B,3
MOPD-D10543D48873F72B,2842,TRN-1C8FFE8BC5674F78,REC-F3912DD0D24047B9,A,3
MOPD-3B677F64B0F2239C,2843,TRN-CC9445A982F3942F,REC-AC0392F6967F4F41,A,2
MOPD-46EAA4A4691C6A0B,2844,TRN-B29CB7F7A61EB3B0,REC-3F26D1810A7A99E1,B,1
MOPD-703B9FD59648DCAD,2845,TRN-61B8E562C1B8818A,REC-21BE786B3394057D,C,1
MOPD-DA9E77EDAF276117,2846,TRN-9014EC4FA6CB630D,REC-F452914B9E534503,A,1
MOPD-26721FB93A0C9143,2847,TRN-30D7D306F6B25E51,REC-2B5660E6075F746C,C,1
MOPD-C0401A073EC2A75F,2848,TRN-30D0E87B64BD1662,REC-4CFFF4E779DA9004,A,2
MOPD-C7E8414315EBD696,2849,TRN-B658692C1C11505F,REC-64EB945B94DFD42E,B,2
MOPD-6B929A888E44B7B8,2850,TRN-0342CEB0B1DD7D6D,REC-A7EF4CDA813E8FD5,B,1
MOPD-CFA2CDDE8F2B5EAE,2851,TRN-D10AA1E1B7932A5D,REC-E643A20530731B51,A,2
MOPD-563FF773B2FFA593,2852,TRN-F175580D0805ECBA,REC-DC4DA752FAAB88B6,A,3
MOPD-221FCC60E0A035B9,2853,TRN-5DD8BEDC5F0F98F5,REC-B928C487C8854E10,C,1
MOPD-EB077C89FC9A4608,2854,TRN-B9E4FEA4AD7ACF54,REC-593680C6319295A7,B,2
MOPD-93507062F6568AFF,2855,TRN-E0B977CF68D18DF0,REC-73D046BF94088733,C,1
MOPD-66657AADD7E96B52,2856,TRN-F5381F5C1BD91418,REC-746944AD5A34D28C,A,1
MOPD-4DC21AB7E2A2B839,2857,TRN-5DED2ECEB3A550E4,REC-A847DF35F6204012,B,2
MOPD-CD855B965B0E6968,2858,TRN-63E8E0866B1752FA,REC-1B8B4641B7F73630,B,3
MOPD-026F09CD4E7ECFC8,2859,TRN-D1425FE94C0E1415,REC-E6764C614BE11C6D,C,1
MOPD-AB72F9602E17A0E3,2860,TRN-CE580A55EFB4F894,REC-CB40D61BBBE89497,C,1
MOPD-67AD69B6C95CDDE9,2861,TRN-CC9A2D378D6A85E2,REC-25B3A6F24DA72060,A,2
MOPD-4E5BDDE52D45B6ED,2862,TRN-1F5BE0AF79E59639,REC-3D1598A1771BC94C,A,3
MOPD-BEE1C70C605C7336,2863,TRN-659E8FFC70338B8E,REC-59B83129614C3FEF,C,1
MOPD-092617B39616D07C,2864,TRN-8E29550881D16AB7,REC-98CC88E4C396293A,A,2
MOPD-D2E6736B1FC2FF0A,2865,TRN-47D057257B51EC56,REC-6FC90EEBD5FF4138,A,1
MOPD-463059BECC6AF9A3,2866,TRN-065E9743E2D37BA2,REC-28438E240DFB2983,C,1
MOPD-6CA6F90022569989,2867,TRN-BC77B736006DF7A4,REC-9EA32496A1143FD7,B,2
MOPD-CDBFCDAC1E47B3CA,2868,TRN-A4ADD8A42C3B45A7,REC-9B8DBCD08C6171C0,A,2
MOPD-CC21638F14852D59,2869,TRN-0F7D4B35EBC8A7AC,REC-F02F3AFF0EBA6E02,C,1
MOPD-A0D77184B02A6C61,2870,TRN-E8C74442EAA8D5FC,REC-5442B7921FDC083C,C,1
MOPD-62F0DCC51E3EC9DA,2871,TRN-5EB9E27966FB1CF3,REC-8928C280573436DE,A,1
MOPD-A566EBC5C6734BF9,2872,TRN-AC0E3A9C7439DD7E,REC-DD7C74CE67638697,A,1
MOPD-98323D5E0FD5D831,2873,TRN-FA9891AEF78AFFC6,REC-CFC2C64B406ED30C,A,2
MOPD-D91E0C99FC8B4B73,2874,TRN-9A0D1993AA1B05BC,REC-4F8FE7B06E33EDC4,C,1
MOPD-0BA5F102EC2D47B6,2875,TRN-43C455BC4AB02975,REC-6EECFB9AA230ADB1,A,2
MOPD-68362B69F65E0D4E,2876,TRN-8590FD3C9141BB58,REC-C7F0225C9908233F,A,3
MOPD-BE9DA5F0D84A819B,2877,TRN-BAF420FEF9BCF182,REC-23A36F91141587F5,C,1
MOPD-A90EBD9BF504C217,2878,TRN-3F08917CB82E0527,REC-1548AF0F3D0D45D7,C,1
MOPD-FD38A67D8FB6497A,2879,TRN-1877FD3E1F4047B1,REC-5FABF737DB1C970B,A,2
MOPD-E3F80B392AC7AFA3,2880,TRN-848988B9480EE293,REC-85CF76E835488BBF,A,3
MOPD-E0E5AD31005D2A98,2881,TRN-E4CB5B9E9FD768B2,REC-313FE9F89D5C78C1,A,3
MOPD-12E9AF7ED4456BE7,2882,TRN-6D03784345CFF000,REC-EA10D7FE86D97488,B,2
MOPD-25F04D7590643407,2883,TRN-734B6DD7630CC447,REC-1B0EF9AAD87CB298,B,2
MOPD-0A0B38DDAB3FF47C,2884,TRN-582B84FF371DD36D,REC-E030FA221B63CB7A,A,2
MOPD-940C054B730C0A72,2885,TRN-967F16D8631E1FF0,REC-572CD192224B7A40,C,1
MOPD-FA5808E7A17BFDDB,2886,TRN-55BD463FE04F95E5,REC-FA8203C52BE2D9BA,A,3
MOPD-952EC7373F3B1F44,2887,TRN-9F29533D73EE53B0,REC-2257260434BF2FB6,B,3
MOPD-7A0F0A479D9CF4DA,2888,TRN-DCE94747893DFAD7,REC-7A96EC7022B7D18B,C,1
MOPD-F1FF7EB12A5B6635,2889,TRN-4325DED72BA2432C,REC-E086FE85E1439D21,A,1
MOPD-9A65055F456F7784,2890,TRN-F597C5449385DE85,REC-8B96AD394F018DD7,C,1
MOPD-AE53565EC273D5C6,2891,TRN-2E4A259852E07BB4,REC-B43A54EA10463161,C,1
MOPD-BFCA8B7F86B2B583,2892,TRN-5A5AF33211C48FAE,REC-62B997283811F2BA,C,1
MOPD-641CC0D080D10850,2893,TRN-B31A8AC5059B1CB4,REC-617A43A73B1DF751,A,3
MOPD-1C9993F904EE2423,2894,TRN-B1D1416AAA0B6ECE,REC-661CB744FBD48B9C,C,1
MOPD-572F6E889D1CF80E,2895,TRN-D88CBD8226AFCECF,REC-91F096110F4D66A2,B,2
MOPD-4DA34FF97D1F9E15,2896,TRN-363443861BDE815F,REC-A6D134A0579C4157,A,2
MOPD-CBFFE86971899817,2897,TRN-D5839A83C51F373F,REC-98681CB713066473,C,1
MOPD-7F8C16747F411336,2898,TRN-F961B4B7CB1EC760,REC-DC49EB7974D053A2,A,2
MOPD-67300D7276FC7AEB,2899,TRN-FCD959C8FAAC7415,REC-D520B8DF3283F317,C,1
MOPD-CF667ADCF996F37E,2900,TRN-E07BA44793E5D16B,REC-5FA40F565064BB41,B,2
MOPD-61C715449E9B6339,2901,TRN-CB04A27A0E6A4A54,REC-351B76FCD274EBE9,B,3
MOPD-A30351C95F80ACD8,2902,TRN-000470B715FE3BBB,REC-B2C00B85F5F861B5,A,2
MOPD-111BE3B41DB25574,2903,TRN-5EB9E27966FB1CF3,REC-8928C280573436DE,A,2
MOPD-DC59F76B556BBE5E,2904,TRN-B39F95CE2A649CFB,REC-9D408C7250516E2A,A,2
MOPD-BB6ED549AE7871F7,2905,TRN-CD753B18A906E545,REC-04BDB023001398B5,C,1
MOPD-DEC93C41F17CA370,2906,TRN-EBFC80E8A91F3D29,REC-6DE8D0B656226F6F,A,2
MOPD-097D79FAA385F288,2907,TRN-9E0D370D2FAAB563,REC-62F3F3026A2E327B,C,1
MOPD-631D18F7315966F4,2908,TRN-671A1469C5D1B2D5,REC-0381B97EED35C311,B,2
MOPD-9C6F25E0B698C4DA,2909,TRN-E07837C4082E804A,REC-C2CE264666A6F0AA,B,1
MOPD-25717CB412ECFF23,2910,TRN-D88CBD8226AFCECF,REC-91F096110F4D66A2,B,3
MOPD-B36419ADDB878083,2911,TRN-1770CA321E85BB13,REC-D8728DB6C4982D0C,B,3
MOPD-CC4ACB806C72EC02,2912,TRN-5660084269995B9A,REC-9DD4C5F6E9F93047,C,1
MOPD-2361A07FD6E5C3D4,2913,TRN-DDF56B6AB26220EB,REC-BB79180FA5DDCBD9,B,2
MOPD-B4EFF93974B35687,2914,TRN-B9A13F2B4FFCF9F3,REC-6436E2DAA8733643,C,1
MOPD-8FCE75FBBFEBF3C4,2915,TRN-4A2424EE06764719,REC-A0EED4F0170667BD,C,1
MOPD-335D94B0E74567CA,2916,TRN-0EEAB24362E89292,REC-441D73B8ACE728B7,A,1
MOPD-F17856E738767757,2917,TRN-2629B62C244D6FB5,REC-D4195C61F2F1526A,B,2
MOPD-4443C1D876830198,2918,TRN-F43591A27610AE57,REC-C5C4C530D71C1C04,C,1
MOPD-65DD0013E7B3AC47,2919,TRN-844A45D0BC6BCB31,REC-E8030F84E466A81A,B,2
MOPD-D2F22F4A81570693,2920,TRN-2E39908090393B05,REC-4EEF8DF0F1A4A329,C,1
MOPD-92DD872A643C1708,2921,TRN-6D98C8BAAF9E5C9C,REC-85794FAA1A612889,A,2
MOPD-A8045E008BC5B8C8,2922,TRN-EFC20B0CE9EB733F,REC-4390E91DC112AF64,C,1
MOPD-CD57BCE78D7F4B65,2923,TRN-6B5148D701253811,REC-A96A361268144B26,C,1
MOPD-F02CC4236D25A8A9,2924,TRN-A3592003608224E9,REC-7500FC1A1CA1C302,C,1
MOPD-1575C3B3A2A0412A,2925,TRN-EE23D884F258BA2C,REC-F6C8C690844B2937,C,1
MOPD-BF5B8A300D2B480F,2926,TRN-724EA6045F79CD9B,REC-20335496DEA39D68,A,1
MOPD-D07FF914E973D588,2927,TRN-2AF5747BDB487921,REC-0346C8AF79811D09,C,1
MOPD-EB1FA1138E788BBD,2928,TRN-43D92ACB1660D6E2,REC-8EDFFA65E8555A8C,A,3
MOPD-29412318E1E56660,2929,TRN-954261195CFB9734,REC-D9636F0B878C7385,C,1
MOPD-49B4C090F898199B,2930,TRN-91F3323B1659A27B,REC-C8CBC4021AB193EB,C,1
MOPD-8EABEA75C42B8D8C,2931,TRN-D04515FF3F1F38C1,REC-03A1B002B0DC6E2C,C,1
MOPD-DC56F857865FF07E,2932,TRN-8A70B94561570626,REC-55024E09BC42BFC2,A,2
MOPD-BE1FECD369DE06CC,2933,TRN-D3238C4891A71A63,REC-F124773F0488E987,C,1
MOPD-BA060D387B0CC553,2934,TRN-02497F5F70CDEB8E,REC-1116B99D9EE1F3E0,B,2
MOPD-0492DC212B1B6B4D,2935,TRN-49DC81F993C6A74D,REC-576762155656ED10,B,1
MOPD-8F7FA3E783F001F6,2936,TRN-67414FA2399DD582,REC-182DC3C70E9DEA3D,B,2
MOPD-14367B05E631A61A,2937,TRN-D6ABB8A6856317D9,REC-CACA8EB71CA0D739,A,2
MOPD-33FBE4F52EEFDDA7,2938,TRN-0205DD004932A1B8,REC-43F9A8111065D035,A,2
MOPD-6CB9B4CBF8A14206,2939,TRN-4DB52D62A20405AF,REC-EDBC2F03F2AAAA19,A,2
MOPD-133066698F9ECACC,2940,TRN-0342CEB0B1DD7D6D,REC-A7EF4CDA813E8FD5,B,2
MOPD-F28D51FA434FCC44,2941,TRN-C073B6E04FC521D5,REC-B57CA2DBCA7BE99B,C,1
MOPD-BB7EA946D9F7D355,2942,TRN-FEA65789A6E1349D,REC-84BE84074CD0B524,B,2
MOPD-224FD6A2E128DE49,2943,TRN-B52859AA92B16B65,REC-24C31A763390A186,A,2
MOPD-166739905555D94A,2944,TRN-9917F2620F504CDF,REC-069886F546779432,A,3
MOPD-84E6044D1E9979F6,2945,TRN-390C200A428ADD3E,REC-7724C710CD57E03A,B,3
MOPD-430BF66992009BC0,2946,TRN-129BFCEC6FDD8E08,REC-CE08442227E15D1C,C,1
MOPD-CFCCF6AC1C94AEEC,2947,TRN-5B5E45AD50874D55,REC-DE39766D26ABC17E,C,1
MOPD-472ABE7C07B5F816,2948,TRN-92C2B6B3C2741924,REC-83C5861E9C57E945,B,2
MOPD-E0A683C71E3157D3,2949,TRN-AB3B3E4C2E9FB425,REC-196580B92D11F076,B,3
MOPD-FDCAE16619F3D7F2,2950,TRN-3771B5228E454EAC,REC-D43CAACFF7B16E30,C,1
MOPD-ED32210B911E4C23,2951,TRN-687A3CD29B63683E,REC-261C107596E6C6B3,A,3
MOPD-205CE7AFC35BBE42,2952,TRN-25F5E2DDA1371AA2,REC-72497E932A6E2536,A,3
MOPD-8AA05DE08E1C6829,2953,TRN-EFF797EAF7CE3467,REC-E30A115F0A0BFE27,A,1
MOPD-8160E2C12016C85D,2954,TRN-0CB3F34202D600C7,REC-6FB768AEA731A72A,C,1
MOPD-D724D47132E5BCBA,2955,TRN-2856717292C1073C,REC-2F161DE49780DB33,C,1
MOPD-BBBBB8F43F0259F4,2956,TRN-4AC0CC3BD38A3E6E,REC-E49AEE116F5C7045,C,1
MOPD-C47306ABE523D30D,2957,TRN-F109502F0578DE6C,REC-B5BC6AD9E27F6BB4,B,2
MOPD-9E9D9D9E78C1B678,2958,TRN-1B80E08F3FE6F83C,REC-ADBC7F9060D13661,A,1
MOPD-65F45C949E33CB4B,2959,TRN-C7D792707328DEB0,REC-EEE535EB05D224CF,B,3
MOPD-52A6D6A0DD0B9A02,2960,TRN-3A84A15C4714103B,REC-286E61691947D0E8,B,3
MOPD-9C7845AF6DC5F903,2961,TRN-AB27A8B6DCA9D129,REC-9B355CC715C66F9A,B,2
MOPD-2D359110C796973A,2962,TRN-B16C100071CCF68F,REC-1936A1BDD6F2C48B,B,1
MOPD-F23BFC5066095DF9,2963,TRN-016EE6F5D42B9F73,REC-D29A72DDAC60C491,B,3
MOPD-8C5CD35669ACC266,2964,TRN-4F106EA6AB6CBB38,REC-8CE11D9745F75A16,B,2
MOPD-D2453F5C7D515B79,2965,TRN-F72DBDA5B55962B4,REC-DEAC5CF0F5023051,A,2
MOPD-DBEECF4B4FEEECBF,2966,TRN-D729EA48455D4557,REC-794804574E477886,B,3
MOPD-F571BB0B7C60D082,2967,TRN-417F9AD27A357E63,REC-1C825C0D811A83E4,C,1
MOPD-F225270F97EE324A,2968,TRN-5FB35194BAC4F1A8,REC-8D2307633D9DFDB0,B,3
MOPD-177C036D7B7A90E5,2969,TRN-2606FD9F7208E65F,REC-32A49C4384C22688,B,2
MOPD-65982656ABFEB346,2970,TRN-2B982023F4AE79D2,REC-D9940D08D9BB6D3A,A,3
MOPD-0461E5591103EA90,2971,TRN-560EDD43BF060CFE,REC-669491F34CCA0692,A,2
MOPD-A935917CE64C8A59,2972,TRN-346E57E08997C9B7,REC-ACE5B426BC419BBE,C,1
MOPD-95133A802FAEE213,2973,TRN-3A50D961982854D9,REC-5ADF8D48C57DB7F3,C,1
MOPD-5090BC7476F254FF,2974,TRN-902917AF91636B39,REC-99589B7532CEF10C,B,3
MOPD-9F418E73FCA8127E,2975,TRN-9899AF6FAD4DC891,REC-26B8DCB8E6755146,B,3
MOPD-6A1F3BBBA58A820C,2976,TRN-BBA7A90D6AB9AF9C,REC-8414745D10E96934,A,1
MOPD-F7D1CDF963FC7D1F,2977,TRN-DC19E60A123F5EAC,REC-EE26D43E238B79FD,B,3
MOPD-7AC58102399DA2E9,2978,TRN-9B5850B54457FABD,REC-B7D8D721FC990484,C,1
MOPD-C6BDFF92B5BBBE90,2979,TRN-68EA7A801C26D8B3,REC-1C69188F8C718EFD,C,1
MOPD-A72896DE42AC5C92,2980,TRN-A0CFF6FFFB45434C,REC-1AC1728AF5E9288D,A,1
MOPD-6964CD7F6DA87E3F,2981,TRN-4642F13C20134FA3,REC-F334C639FDB10CBE,B,1
MOPD-E00B1A59699FC701,2982,TRN-DAA849B404412EDF,REC-F12CF3FC9477290F,C,1
MOPD-24E6DDD3BFC57796,2983,TRN-E768B6270E615F91,REC-E8F9362BF7CF410E,A,3
MOPD-81B2592A37CCDD4C,2984,TRN-ADEB888B5108BB74,REC-C60A9FF870A636EE,A,2
MOPD-CA9DB169338ED324,2985,TRN-3BBC67E9785651FB,REC-BF9187802A00E0A7,B,3
MOPD-0F1012EB8044B129,2986,TRN-332070BE625944E7,REC-4BC316E2E7621B6F,A,2
MOPD-C6A1627CE0DEACDC,2987,TRN-A26A2CF93676F77B,REC-6DD1A81F4292ADFC,A,2
MOPD-5927F0610F623342,2988,TRN-70E862F57E588087,REC-1D0645E30259021C,C,1
MOPD-A5E86F620C190B8B,2989,TRN-F06868FCABC16C0C,REC-E0B7A4FD5EF0D31C,C,1
MOPD-2DAFE4154D79BF0D,2990,TRN-5D79F5FEC551E598,REC-6D7DE3F5949D9A48,A,1
MOPD-D6B0B5447799BC12,2991,TRN-960437A0AC91004A,REC-C2F007DB3DE953EA,B,3
MOPD-DDB310A1D984BF85,2992,TRN-90EC114B1B107816,REC-BD1896623FFD6C81,B,3
MOPD-4D6EE184043B0D9E,2993,TRN-26D6B89B743F6E80,REC-F633EB16D174E921,C,1
MOPD-C4B198A8AA0215D5,2994,TRN-D85C81B61AFFBB39,REC-F98EEEB7AAAE4158,B,4
MOPD-4E49F617F873D872,2995,TRN-F1441D0491DC7E05,REC-DCFEA1123AFB78CA,A,3
MOPD-0BD2C3646E4B237C,2996,TRN-B848BD299EE213A1,REC-6E86BC4D725024C6,A,2
MOPD-7FAB3413ECF228EB,2997,TRN-07CE9A63CABB0E51,REC-6653D4A1BE9186EF,B,2
MOPD-169C9279C5125A6B,2998,TRN-991236C7C78A20E2,REC-3DB6118EE7A924B4,A,2
MOPD-344DC9D9D797CC0B,2999,TRN-B92B2A502220F004,REC-73D9666A051D39CF,A,2
MOPD-53AD300E33BF0AFF,3000,TRN-6019F5643DA06001,REC-531952A2B827BFB3,B,1
MOPD-D0AF9DC96571F3FD,3001,TRN-AFB40D263C7B4CB1,REC-7BD19A7AA68AF48A,A,2
MOPD-99881EEB17DC3866,3002,TRN-0A98C3CFE7BEF32B,REC-1D0CBFB3D35D1766,B,2
MOPD-B973E33C26D80B99,3003,TRN-07CE9A63CABB0E51,REC-6653D4A1BE9186EF,B,3
MOPD-75C0A355F1431CC9,3004,TRN-923C6548152D8593,REC-E3E266CF76C22655,A,2
MOPD-A855063AA951712D,3005,TRN-F50F2E0302E6578C,REC-5DBD2DB938FE127A,B,3
MOPD-55D611E3FE550ED5,3006,TRN-03C0140326CDD64F,REC-AB1DEE48A598FB29,B,3
MOPD-3F15013975C87BA4,3007,TRN-E07837C4082E804A,REC-C2CE264666A6F0AA,B,2
MOPD-780DC333D7D5C622,3008,TRN-D1B32E310EE285AD,REC-E23FF61B157B7317,B,3
MOPD-8169695AD4778C7C,3009,TRN-7AF61310E60736E3,REC-38FC2D4CB020EFEE,A,3
MOPD-EEEF47F903A298C2,3010,TRN-A235B263A4B41ED5,REC-947A4D05EE9A8DCE,C,1
MOPD-B0777CFAE1739E66,3011,TRN-787D3DD425C5D051,REC-90A85807BD59F3D6,B,1
MOPD-33EA889C9263D8B6,3012,TRN-18EE895DE8A522E0,REC-B4CB8FEF0AE249F1,C,1
MOPD-662892DDA310E9A7,3013,TRN-22C006EDB9EFA248,REC-08F9AB0CC8D843C4,A,3
MOPD-DAC13BF59C1B64FC,3014,TRN-9FF0B59B967A7532,REC-3984E58280F0A097,C,1
MOPD-EC04DEA42FF2947C,3015,TRN-724EA6045F79CD9B,REC-20335496DEA39D68,A,2
MOPD-6E4AF8F0CFEB4470,3016,TRN-65FFE1FDB89ED306,REC-C316AACF5EF55B9A,A,3
MOPD-2F54E04F322DA6EE,3017,TRN-9623FDEECC0439BE,REC-806971BF201B8E65,B,3
MOPD-30A7CF510855A7EB,3018,TRN-BC203A7EDDFD3A88,REC-D98CC7B0FE28E301,C,1
MOPD-0D11DBF9FF8F0126,3019,TRN-24D3B9BE4F1C8160,REC-1B7F4D0380864E52,C,1
MOPD-C89EA37FA70ED586,3020,TRN-6CC3A576CCCA6753,REC-E85EE518EC26430A,B,3
MOPD-DF877C2E24FB3C7B,3021,TRN-A257D3BBE0923CAE,REC-6C3EBAAE1F369F65,A,2
MOPD-422DC03D4137C686,3022,TRN-11C32B5FBB182E8F,REC-4B181B7F7DA19886,C,1
MOPD-AF53C9C29DA9552C,3023,TRN-786412DCEBC76672,REC-5D442F62AF08DDCB,B,3
MOPD-137AB9712243C31E,3024,TRN-038D79469F6FBF39,REC-668D832635686AD7,C,1
MOPD-F09D24544852E5F4,3025,TRN-BC87FA2AC9F40382,REC-F44B1388E327D3FD,B,3
MOPD-990A7A2CE106FB1C,3026,TRN-CC9445A982F3942F,REC-AC0392F6967F4F41,A,3
MOPD-7866B05528976781,3027,TRN-46C18B57A3C6FEDC,REC-B30D31F4E1CB29E7,C,1
MOPD-54A78915050E4054,3028,TRN-51DD57DD8980AAF1,REC-89BB3108D81D4FF8,A,2
MOPD-AAD6A93B9A28AB74,3029,TRN-AFA62337509745CE,REC-D201C152717506D4,C,1
MOPD-B604AA2B0A88BA26,3030,TRN-88A69BE4EAE5176B,REC-117430BAE84FF07A,C,1
MOPD-03416379E6A364DB,3031,TRN-D40866EECA870DF7,REC-2E13BC73F750F87B,A,2
MOPD-FF0923E5ED64FB60,3032,TRN-55C24EFCC955A1DF,REC-CB71B64DA218513E,C,1
MOPD-600261D240178C47,3033,TRN-1F1F399B2C65AC9A,REC-43E5D673C9C64078,A,2
MOPD-E0F51FB2E2F8548E,3034,TRN-FCAE87006B64CBF5,REC-017BA86A3F594EF2,B,2
MOPD-F39DB4E34F35C2E6,3035,TRN-EDBAC4AA76614E6E,REC-790F8E900151CD42,C,1
MOPD-5BBDE3FC54B9AEB3,3036,TRN-9DC2ECC5198D2890,REC-B2D1ECD7109D7526,B,2
MOPD-71622BBDE8EDA3CA,3037,TRN-1351690F083B8001,REC-8BD9EE7EF5B607E2,B,1
MOPD-8E3A8C012FD041EC,3038,TRN-65DD4414E72A0C69,REC-E30CA8A16027836B,A,2
MOPD-B4FE647AFDA890CD,3039,TRN-760D310C99777E91,REC-3146279E8AFA9E27,C,1
MOPD-3C36F6DDF4B7741D,3040,TRN-1391D7404BAE3934,REC-24494DA1C1E54CFA,B,2
MOPD-70115F8B144F1A16,3041,TRN-A3D4C253CFA61FD4,REC-10F944E7A5C15AE2,B,2
MOPD-1D1CF8D4DB7351E3,3042,TRN-EBF10134EC253171,REC-0EDB1CE436D0B1FF,C,1
MOPD-D40DC6C2EA5D6EEA,3043,TRN-670008B5ADA5C3CF,REC-068789A956055F9D,C,1
MOPD-9A13FFCE329662CA,3044,TRN-13B413B02526BB6F,REC-16B5A00E23663927,C,1
MOPD-BA8C401D090764C3,3045,TRN-873407744AD77CE4,REC-A0AA197ECDE609C6,B,3
MOPD-39FAA3D155A017A0,3046,TRN-2E089A32ADA02A88,REC-6F318596A87591F9,A,2
MOPD-C89A2EE2CAF1678A,3047,TRN-9069AB445069E3A2,REC-DB8DF5246BB15FFD,B,3
MOPD-1A95D364DDFEBC55,3048,TRN-7514973ED244EA96,REC-C858C5E510EA3816,B,2
MOPD-F4FD46C3699AB3A0,3049,TRN-9176A22DA7342B81,REC-3991E9CF098E49BF,C,1
MOPD-003AFEB6B45AC555,3050,TRN-CE5DA73A5531D1B8,REC-8434441A8868D368,B,1
MOPD-2C736FBCB4815FF4,3051,TRN-306D51611F97D8F6,REC-8FABD2946B456A0B,A,2
MOPD-18A91F383BE10EB0,3052,TRN-8315E7ECD26A8E6B,REC-B9F7BECE9AA1D8BB,A,1
MOPD-8C29D829747425B2,3053,TRN-260E91DE26D3D311,REC-B786096569E745DB,C,1
MOPD-3278D87F112CB0EC,3054,TRN-3C0F1A1C1695AB68,REC-DACC1FD99C139F63,A,2
MOPD-E4E625226A55F922,3055,TRN-83D3F7A50263E9B7,REC-E12F8078A07C4CC2,B,3
MOPD-9F312A240ADF94A8,3056,TRN-6CA99CA66B0ABC01,REC-FFD19584E0650DB7,A,1
MOPD-2DC427E8513B738A,3057,TRN-1AC981DD6E28E1BC,REC-1EBB8AEC6FB88A4C,A,2
MOPD-2E68A63909210D38,3058,TRN-B154E86EF58F841F,REC-A905A756D0589F90,B,3
MOPD-7AA663C246FCCC2C,3059,TRN-B911A651D0B03625,REC-506D87EA60D11B53,A,2
MOPD-AF3A06547DD29BC2,3060,TRN-048F98AE5C342C33,REC-FB161FD788DE82B9,A,3
MOPD-4D06607BDA6957A8,3061,TRN-90B4AE1A915020DD,REC-20AE54827422FB6F,C,1
MOPD-9B0D281DD27F53C4,3062,TRN-8EB7FC43FCBFD29E,REC-3A85A60F881A0820,C,1
MOPD-FB94ADCA8CE314B6,3063,TRN-F2CCCDB41DE51F7F,REC-75BA767F8434E8C8,C,1
MOPD-8FAD34D896B56853,3064,TRN-14AB9BCABD516FC9,REC-92E5406600FBB844,B,3
MOPD-CB5E02D02362E8E1,3065,TRN-598CC8BE96874398,REC-8072FDEA4DB433E1,B,3
MOPD-E21EB4ED76460072,3066,TRN-8722678E2C8BD539,REC-C8F4D1FDCA9801E4,C,1
MOPD-564FE752F20DBFC0,3067,TRN-310D5A7819B06FFE,REC-BA6422D9DD6BD7B1,C,1
MOPD-A2C0E117CF9188B6,3068,TRN-D1AC297D0526C493,REC-F3E7BA4F95B28F82,C,1
MOPD-EBE72471CC90AF0C,3069,TRN-7FA5E283B16F594A,REC-FE417EE4A86B22E6,A,2
MOPD-ED7C4F7417520B12,3070,TRN-E4DCD1BF06EC0F1C,REC-65F27C943C8D5AB7,A,2
MOPD-3B111C026C3BD125,3071,TRN-C8506A8419A46E8A,REC-3038D93CAE312D14,B,3
MOPD-A80F2C6896434469,3072,TRN-AB7F6D632656DE0F,REC-68EEE07221CCF80D,A,2
MOPD-C1FA8243342C9C53,3073,TRN-43A3489546D08E7A,REC-83CF5C0E7121E414,A,1
MOPD-0CA7AB4E9BF52FCE,3074,TRN-1E6196F97C387D07,REC-F5DD184589FC10AD,A,2
MOPD-CF2FF7E9A0E313A8,3075,TRN-57AD4525B27FA288,REC-F967A132D1C07897,A,2
MOPD-635C89B3F36AEA1A,3076,TRN-C0540F04A86C2364,REC-A5565D5E244BBC4B,A,1
MOPD-C63042CA3197BF37,3077,TRN-01B83BE4940B9409,REC-FE594E942C18454A,C,1
MOPD-BBCC9639C09131A0,3078,TRN-A2EEDEA25E74D459,REC-4315F37FD2A12449,B,3
MOPD-53B7C52DF41526C2,3079,TRN-1EA30C4382EEA151,REC-4DFA89E84E78F04E,C,1
MOPD-294105067DD54452,3080,TRN-EDB3B8A409B4336E,REC-5593426DF9A67B8C,A,2
MOPD-2F9769D180CD924C,3081,TRN-02AB76E7D510B3DB,REC-8EBD2A90C5C208D7,A,1
MOPD-29FDAFD7D9B36D8F,3082,TRN-D57BF801AD2472C4,REC-54DD5F95193E93AE,B,3
MOPD-2E013EED1A4F30A0,3083,TRN-AD0298D418A48D43,REC-8DDA228E1922B927,C,1
MOPD-4864A72713B68EAD,3084,TRN-04F514C1AA2EE7BE,REC-A48D0B6E51441BE1,B,3
MOPD-F0099DCE52D53FD8,3085,TRN-377097C10D3398E8,REC-90D11C3DF152AB6F,A,1
MOPD-E5C247E8FB2F505A,3086,TRN-D86947A7F7CF7A17,REC-84FA4342EA0DF705,B,2
MOPD-EAE3033022891F73,3087,TRN-CA0E2C576FA78C85,REC-9BA192C1B7C225D9,B,3
MOPD-61C9F377DD380CDE,3088,TRN-7B0A262D917D4310,REC-EFBB370EEBA31D8A,C,1
MOPD-EF0CF07104695B79,3089,TRN-EA34F93B9B6A1A5B,REC-E964A13BBF1034F9,A,3
MOPD-DD9259A66D3A8DE1,3090,TRN-17183D54BCD41B7F,REC-9967A511E2DD4E20,C,1
MOPD-96EFE00FBBE16DE9,3091,TRN-B493E2050EA615FF,REC-76128DCC82A8BC82,A,3
MOPD-9D2F87BB3841755B,3092,TRN-4A150AEC8BEA7BCA,REC-80F7702C351B5E49,C,1
MOPD-0E97C91DFF76C2B1,3093,TRN-78C2CB2A3150A3DE,REC-81CA136C012EAA78,A,2
MOPD-91D5BD6EA01FE2F8,3094,TRN-CECFEF13438CB2A3,REC-BD36266B856DC98D,B,3
MOPD-FB53C4FA802DAAE1,3095,TRN-5DDAADD0B7C2C8D5,REC-25AF7C7A1D69CF26,A,2
MOPD-3846DE958CB37FF6,3096,TRN-91493567AD2B8792,REC-7CED5419F3D6221C,B,2
MOPD-05E88BD846E5F316,3097,TRN-24C8A71B38DDF1B5,REC-C3F68B42892AEC9F,A,2
MOPD-F7E3FBA309BE2F95,3098,TRN-64545695C610111C,REC-BA0070F1110BAF5A,A,1
MOPD-9E5585159C8D181A,3099,TRN-017CFE2E01527FE9,REC-F1AFDC57D87633EC,A,3
MOPD-8AAA821817CFE47A,3100,TRN-AD8F6446B59DA959,REC-5794A5431AD90E2A,A,3
MOPD-C032DAA019C1991A,3101,TRN-EF7FA47732E4AFBD,REC-05AFFD2621899795,B,1
MOPD-65527A19529A3A0F,3102,TRN-7D4C149E5C67C375,REC-EDC27B843DF207A5,A,3
MOPD-BBF2F9071C4AA7A7,3103,TRN-F2F799DA5795BC49,REC-C244453440DD2369,A,2
MOPD-0C66192DED2C9729,3104,TRN-133F1F3C1915506D,REC-D7874678C9622382,C,1
MOPD-61BB1B9B5A798491,3105,TRN-2286B985DE0F1547,REC-201D951909E98947,A,1
MOPD-34D871BF848695F9,3106,TRN-B22524FE3BD68833,REC-0BF3C5569BB89AA6,C,1
MOPD-E8F73FD11C46A865,3107,TRN-9C60ACBFB7A960F5,REC-0E2A5000C3969C2C,B,3
MOPD-04AF8A6794B19407,3108,TRN-EF96CE7CA8F17059,REC-0A652EB6CCA7E9B1,B,2
MOPD-3B16CE7B4AFF4464,3109,TRN-159369C8989C4ACE,REC-12DD4CD346F7E457,C,1
MOPD-2BC0ABF72E9C5638,3110,TRN-05F4F8AFAC0D75A9,REC-64C4E495E495DF68,C,1
MOPD-5D46893B082E288D,3111,TRN-1EF6E85FDD66606D,REC-D4A3B87CD884F689,A,2
MOPD-CEBF9B5F956EBD5C,3112,TRN-3C64970696B305C0,REC-2849EC67B1B35927,A,2
MOPD-3E190B3129C3AEDF,3113,TRN-B29CB7F7A61EB3B0,REC-3F26D1810A7A99E1,B,2
MOPD-CAAA79457C77000C,3114,TRN-49C69412D34D51F1,REC-1C3893BCC790B3E6,C,1
MOPD-78C11A8A137D1AA0,3115,TRN-6D5BFA5426CD0B38,REC-23491B764AA9B401,B,3
MOPD-38E6334953A29942,3116,TRN-85293217959882F7,REC-DCDBA8D827273B99,B,1
MOPD-A71AA6DE5329CE21,3117,TRN-8F593D01B84F0902,REC-726B899E6D97C772,B,3
MOPD-C0EAACFECBADC346,3118,TRN-419FC1E7933C6A24,REC-9BD1D6C7EC9C7988,A,2
MOPD-10C870EEF32EC85D,3119,TRN-23A9994B58562BD8,REC-6C704AD34C7D2A78,B,2
MOPD-763AADC55F78D935,3120,TRN-7113B25E91AD8853,REC-A064ED217C7BDC2D,B,2
MOPD-DA2F172990D2E6A1,3121,TRN-0AABA3A201BCB0E5,REC-B2C614BFC8F33F89,B,2
MOPD-5551E849FB558530,3122,TRN-8BB187365E5410EE,REC-31ABB7D0A4308E4E,C,1
MOPD-12A9237FF3EF4A15,3123,TRN-FD9850C39AB4017E,REC-B9DA707FF61DB3FA,A,1
MOPD-7BC89C7DF3FA7A3A,3124,TRN-158F46491727C007,REC-5D6C11A773F3AB6F,B,3
MOPD-E3A14B26F4FC9AA9,3125,TRN-390C200A428ADD3E,REC-7724C710CD57E03A,B,4
MOPD-6629444BFE496149,3126,TRN-141C1BB26CC28E75,REC-E227713EB645CE2D,A,2
MOPD-64DB13052AFAAD31,3127,TRN-BFF373573C26E05E,REC-157BAC59850749C2,B,2
MOPD-3979A706F5F15696,3128,TRN-306D51611F97D8F6,REC-8FABD2946B456A0B,A,3
MOPD-B507BE62B8C54093,3129,TRN-8C810D35830AB7CD,REC-5060758ACABD4DFB,A,2
MOPD-74AB7B20672DCF06,3130,TRN-0B0B720D89F34201,REC-12890D9C7760D28D,B,1
MOPD-0E93A57B53906BCD,3131,TRN-E8AE01AFD1529168,REC-8FC710E0F783FADF,C,1
MOPD-D967100E08DCA09E,3132,TRN-0322381F14B3EB2B,REC-B9F561B91ACC8144,B,1
MOPD-13998EB1BCD9283F,3133,TRN-94245E2409B94899,REC-6A6FF2676DC9AF84,B,2
MOPD-D577B04813EEC02F,3134,TRN-F531AAA6776EC3BA,REC-F2BFF438C1FCF3E7,B,3
MOPD-BA55F9BFC2A78632,3135,TRN-9135C549E533339A,REC-9CEC2F81B8E1D0DB,A,2
MOPD-B9266C3D583E4BC8,3136,TRN-F392CCBE0F057D03,REC-2298BB3435F12DE4,A,2
MOPD-CF10728F7A83C44E,3137,TRN-43860F4317A50399,REC-13A7EC02FB2588D3,A,2
MOPD-1C9C8550AC30F4C1,3138,TRN-97F10F69B1B1BC72,REC-4B61BF25CDF9943A,C,1
MOPD-DC08DC6413F4614F,3139,TRN-5559CDE0028BC23C,REC-16415D1AE7873B21,B,2
MOPD-ECBF4B7D915F6603,3140,TRN-1B50829715A076C3,REC-6F98D51B465E35B6,B,3
MOPD-55CE1F793AA03156,3141,TRN-6252B6301F9959A3,REC-5D92B630E4AAB2F7,B,3
MOPD-EB329ACD83F4F165,3142,TRN-D2A61B21AFF9C638,REC-9E5E6B5CC5D7F935,A,2
MOPD-974C735A364B21F3,3143,TRN-4A657A949D8AFD34,REC-14160E37ACA0C30C,C,1
MOPD-39B23A19F51B6951,3144,TRN-6FE6F173382FB10E,REC-271D184BF71EF089,C,1
MOPD-5616CB46A63679A6,3145,TRN-C48082073FDBBCD4,REC-85DA754983A4C0C1,C,1
MOPD-DB7A4D61DA07B196,3146,TRN-8F38291755BC53E7,REC-0CCA727E3E3BF678,A,2
MOPD-1E94765F479A00D0,3147,TRN-61B99789598F9D0E,REC-6A29F922948919C0,C,1
MOPD-E5ACEEAE40A3ED56,3148,TRN-24726D7B2F26F253,REC-2B207283ECA273A4,A,3
MOPD-9CF6E42BFFB380E0,3149,TRN-6A271F2DDA95381D,REC-C9CD002E6E2312A9,A,2
MOPD-C3423EC484C8D2C3,3150,TRN-86854808D6F40BAE,REC-6C2000B4B2D37F77,A,3
MOPD-BA406118D9535818,3151,TRN-6A33F382A6BED8DE,REC-A055A6D64A059BB0,A,2
MOPD-2BEC16A879D98821,3152,TRN-D10AA1E1B7932A5D,REC-E643A20530731B51,A,3
MOPD-6DE5CBA97E2A1248,3153,TRN-B2257B2204708DD3,REC-521D696CC84FCE0F,A,3
MOPD-41836B869FA9AC2A,3154,TRN-88075FB8B2046BB0,REC-F37FD0718E88C417,C,1
MOPD-3073012954964F67,3155,TRN-67F6A0120FDD1564,REC-28C0E1D393A43BBB,A,2
MOPD-25344A0A6A8A5167,3156,TRN-BE7EF01A29540EF7,REC-EAF29CF2C32EF3D4,C,1
MOPD-F1B079239D07DEDA,3157,TRN-377097C10D3398E8,REC-90D11C3DF152AB6F,A,2
MOPD-F1193B893D699E30,3158,TRN-70C5F7157939531D,REC-DABBB3A7FDC0A828,A,2
MOPD-7BE27826CC753410,3159,TRN-6FAC8EBDE808932D,REC-0D6087FBAD41CC37,C,1
MOPD-235087DD0CA0D4CD,3160,TRN-06BFA483A2457002,REC-5761DB657BAA9CE1,B,2
MOPD-C87B548636F8EB9F,3161,TRN-0B9088C2180EFB7B,REC-B17C8BC5EE031E01,C,1
MOPD-8B26C6C0283B4CFE,3162,TRN-87B9204BDCBBDFBD,REC-E184CFE617C7A4B5,B,3
MOPD-8FCFA7999936F7BC,3163,TRN-E43FDFF8413CFA9F,REC-8C35B793066AD7D8,B,2
MOPD-E46C957583757770,3164,TRN-238AAC03225D18FE,REC-AE3BA24E1087AF67,C,1
MOPD-3AEBBAC9AA99DA72,3165,TRN-E401D5C40515CE91,REC-FD7B6DDA526324F9,B,3
MOPD-391575F83BBE580E,3166,TRN-02AB76E7D510B3DB,REC-8EBD2A90C5C208D7,A,2
MOPD-61858936D5ED5CB7,3167,TRN-BB15E2E99783EF49,REC-B5488C91C1E6862C,C,1
MOPD-96B1B124ADB619F3,3168,TRN-EF96CE7CA8F17059,REC-0A652EB6CCA7E9B1,B,3
MOPD-C51592AD7FEBC01C,3169,TRN-AA44148EF36F7C64,REC-ABD16225D313ADAC,A,2
MOPD-0552C47165F5E48A,3170,TRN-2240BF09EF66D3AB,REC-EA5E59A4F8207194,A,2
MOPD-4064822CA0410475,3171,TRN-E38D071A166003CF,REC-87E453A5FCD05D4B,B,3
MOPD-95717B79C1B728FA,3172,TRN-5CB6D61104F1DA6D,REC-1EF8FB08DAD75D2F,A,2
MOPD-E80067538FA09F20,3173,TRN-384FD4F6CF526341,REC-88066DAE0C957882,C,1
MOPD-892AF4762CAB9377,3174,TRN-C3ED94F5450C97C2,REC-DD58A6BDFB3A8885,C,1
MOPD-34491A44F9C2732E,3175,TRN-33E983B672DCD72B,REC-2B9AB3BB44104B85,A,3
MOPD-550AC84CE3E9CE6A,3176,TRN-5835F7AA6E46997C,REC-B2825AAF374DE786,C,1
MOPD-22A63E0CADE617F5,3177,TRN-7FFAD27F3C141639,REC-078F3A8F3E7C216D,B,3
MOPD-63715C3A8627FC77,3178,TRN-87BFEC337185A43B,REC-5283B13E6F8624FA,B,3
MOPD-916BEA8F7FD7FFEA,3179,TRN-1F1F399B2C65AC9A,REC-43E5D673C9C64078,A,3
MOPD-8400D420FDAE408D,3180,TRN-766B6F816880EE3D,REC-FA383334F6A47F81,B,3
MOPD-F36740645B454881,3181,TRN-5EE7AF859175C774,REC-56B7C4C7F2DBE709,C,1
MOPD-F1B89F4B5AE9D182,3182,TRN-F7439C101B4C6EB4,REC-10C683C00463ACE8,C,1
MOPD-03F62D218EE8B00E,3183,TRN-69707E3DE33CC455,REC-92A6985E9E2736F4,A,3
MOPD-1460F811C50258E6,3184,TRN-B48D09312D5526E3,REC-8AEC6C3AFA3BFE7F,C,1
MOPD-CED3D654C514F377,3185,TRN-4D234FEB987F2413,REC-10AAC275442A89E6,B,3
MOPD-BDD4DF2749F94015,3186,TRN-409152C69F48AC8B,REC-840D7CF6659E4EC4,B,3
MOPD-1C32CEBF970086C4,3187,TRN-5E56B847F3179F66,REC-F7EC7105B4B373E1,C,1
MOPD-175EFC974EC74868,3188,TRN-3754D1F1E1BF32EA,REC-D254D52A4FE15DF6,C,1
MOPD-89822AEB3792A99A,3189,TRN-77E4017FB81FF6A7,REC-A1D51D3638439411,A,2
MOPD-2B95FB902D23A72D,3190,TRN-2E8B0930E6ACD36F,REC-EB811AB4435390D7,C,1
MOPD-973B949AA975280B,3191,TRN-96778B334FFB554B,REC-644243B62B1647DC,C,1
MOPD-E58401C60B70FA3E,3192,TRN-9D954620D0DCC918,REC-9E92270191EE7818,A,2
MOPD-8205B8357A79AF82,3193,TRN-CA843C7351A4CCE9,REC-628DC93288F25F33,A,2
MOPD-EF4A9E57F65E7F84,3194,TRN-E69AACA3F0DD35CC,REC-8B152EF2730D96B9,B,4
MOPD-DEC7F0AD0A9A540F,3195,TRN-CFB4A119929A8C15,REC-BADA56F976203D61,B,3
MOPD-F9D7670E237FCEE0,3196,TRN-09EB8161DE0475EC,REC-3174F959A809A5E3,B,3
MOPD-9B1D5D72767EAB1D,3197,TRN-AAB83EAE25117DC4,REC-5F88E03EC7306CB0,A,1
MOPD-74C3467AB3497CA4,3198,TRN-F5F4F8806228F3BC,REC-4C248BAF14E6E7EE,A,1
MOPD-7FD2D7A27752A331,3199,TRN-AC2E1587D0BB7634,REC-5DE5AFF7D987327C,A,3
MOPD-705B07AE97334579,3200,TRN-25F22772A3871DB2,REC-76FDC6D3E4E4E4AF,C,1
MOPD-2F378E373CFDBC86,3201,TRN-52AFE822FB908AF8,REC-BBDD74BF4DB22865,C,1
MOPD-0140296A4818860B,3202,TRN-09377B1053F4B9EC,REC-217F1DB80D508E6D,C,1
MOPD-5A3DEFE72B375E27,3203,TRN-7C10A67A8E23CE77,REC-6C1E1D51EDF496A1,A,3
MOPD-1ED44458CF049FF2,3204,TRN-FD3730CE8163B290,REC-037E2896E633C572,C,1
MOPD-61779343F2EF9258,3205,TRN-2BFB321BCA845E01,REC-1AD0B2C312F85F89,C,1
MOPD-35E2818D501C2252,3206,TRN-27783F06CDAA7C43,REC-AA4F36EFB2D843C8,A,2
MOPD-D0C21A9CC321C1D5,3207,TRN-A26A46BBD9D2BCDA,REC-D6DA61DEAF6CA02A,A,2
MOPD-28C5E83FCF388216,3208,TRN-56435A54537EF22A,REC-2B05B27D70BC5C42,C,1
MOPD-BB6A5C5E92DAA28D,3209,TRN-BA834D87E9A6330C,REC-EAC564525C4809AF,B,2
MOPD-74E41C4FB4B69BF8,3210,TRN-4AA3095887EDD5E8,REC-8A116336B83A7352,C,1
MOPD-36D3C891081AF52F,3211,TRN-B0B29440CE0F529B,REC-D076108FA65807F6,A,1
MOPD-1823AE6E2CFCEA28,3212,TRN-62251A580017CC48,REC-7AE0FF81EB3EAF11,C,1
MOPD-90C994129CBA915B,3213,TRN-0EEAB24362E89292,REC-441D73B8ACE728B7,A,2
MOPD-67D9F0890CCB3539,3214,TRN-A59B03D8C2A5F2B3,REC-6F86165B457EB561,C,1
MOPD-40BA5E6E02D0D6FE,3215,TRN-6D9DFB801AF94E43,REC-A5A9281461262718,B,3
MOPD-4AC556DF195B96FE,3216,TRN-2572C6F2C426912F,REC-3FC82C00F404103B,C,1
MOPD-E63DF4E80671A0A6,3217,TRN-4C31B4C64E00E1C1,REC-DA01FB2220FE891D,C,1
MOPD-3B277FB0382830A1,3218,TRN-190AA14AAF5FD0E7,REC-54350EC5763C57D3,B,2
MOPD-DEF5B9307697673E,3219,TRN-289FC662F27BEDA0,REC-9B07DDD0B7D1ECE2,C,1
MOPD-7B6E6EFDDA67138C,3220,TRN-9AE4EAB8602DDF65,REC-3A9D8E44F19108BF,C,1
MOPD-A18A117420709A4B,3221,TRN-CCBC2C4165986071,REC-17DF31868C0169D2,B,2
MOPD-E0A3839CA13B80A2,3222,TRN-FD94FDAAF4B1C893,REC-DD2CD08E86167E7D,C,1
MOPD-510A1D50DB602B7B,3223,TRN-A148CB86F411D189,REC-6A6FF8DF45E6DD94,A,3
MOPD-74B1E8424EDF70E9,3224,TRN-A148746A25C404B3,REC-36E327FF017DD773,A,2
MOPD-0722C1C7A2AA1047,3225,TRN-D41CC9B2746C0256,REC-33E88FFE07D419E5,A,1
MOPD-FC2B19E7EB670AD8,3226,TRN-A8AF190B8987CC4D,REC-08EC0F238BB645CC,A,3
MOPD-A1191C8639AB1FE4,3227,TRN-60E35A500032C427,REC-4E757E4E31279908,A,3
MOPD-ACD903AEE807C536,3228,TRN-9DC57F70963E8715,REC-B993739F2E6E7151,C,1
MOPD-20DAB9793C2786ED,3229,TRN-557ED1B5027DC8AD,REC-6A5CD77604C60F27,A,2
MOPD-6221021C3BAF0B56,3230,TRN-C196ED06FF492F21,REC-493CC2B4B58F477D,C,1
MOPD-6CB46EDD4D2A0C75,3231,TRN-594441E797D69594,REC-13BB0E6B44B89DEA,B,2
MOPD-4C075953B2E8BA5E,3232,TRN-28A5693619C5BE4B,REC-B681456F83734BE6,A,1
MOPD-EDD246F74273FADC,3233,TRN-9127A80E40B6FC3D,REC-CEC0F298CAB5BFC7,C,1
MOPD-F92DE71244D8B338,3234,TRN-BBC85521C158D6FC,REC-4C55D30E87646BA7,C,1
MOPD-AD8531A85C6BD0B1,3235,TRN-EFC75F1B54D27CAC,REC-00E1706A63B1132A,B,2
MOPD-3A825E3208DCE659,3236,TRN-A26A2CF93676F77B,REC-6DD1A81F4292ADFC,A,3
MOPD-964AB465453A98E2,3237,TRN-C678C4AA21820C75,REC-DC2E678E7861AE20,C,1
MOPD-2E7CF47379FAD295,3238,TRN-D3B48992DFBE1F3E,REC-D6C0E6CB5AA084F8,C,1
MOPD-B364BE212F896223,3239,TRN-419990AD31486C91,REC-42F2D07004AFF1BE,C,1
MOPD-D33CCA8980ABEC61,3240,TRN-54F2AB459ECC35C0,REC-D55D016FDBE87D58,B,3
MOPD-6E541BAF4BD97683,3241,TRN-A0A7387D7D386527,REC-0DD5F4BBEA23BC60,C,1
MOPD-42E84EE5A16ACBF0,3242,TRN-51506C2C2C621B33,REC-122BC04EEE42EE93,A,2
MOPD-951978937F1BC1CB,3243,TRN-BBBEED5AEC0179E9,REC-DEA32C8FFCCE4B11,B,2
MOPD-DBEF6D2D1114572B,3244,TRN-B9849CF0F54616B1,REC-4868456027E64B37,A,1
MOPD-6FAC4625CF68AE0A,3245,TRN-966122929FD8624E,REC-D175C739F7E9FF39,A,3
MOPD-EA1CFFAB99BEBB24,3246,TRN-B24BFA9EFBC6AE32,REC-23F64464A41F6D01,C,1
MOPD-997292B904E8DBE6,3247,TRN-D722BCEE8CF5C039,REC-05670057CB19C0A6,B,2
MOPD-F083541CD7D1268D,3248,TRN-E0A830662A93D264,REC-C5E3E1142477E342,C,1
MOPD-389C82D700EBD616,3249,TRN-FAE143EA2D169985,REC-0CBEDD7B19E7BE2C,A,2
MOPD-FCB9681B0059DF22,3250,TRN-9DC2ECC5198D2890,REC-B2D1ECD7109D7526,B,3
MOPD-956E9F0C52BD03D2,3251,TRN-6E24FEF9B71F1323,REC-F88A4AC0E20DDEFF,A,1
MOPD-071B497AEDC18AC5,3252,TRN-4F106EA6AB6CBB38,REC-8CE11D9745F75A16,B,3
MOPD-C26FE33EB5A0C52C,3253,TRN-15EA0ABD6C18717E,REC-A652ACF0239842B9,C,1
MOPD-EFE301E48C50CFD4,3254,TRN-37A6E0BACEC22531,REC-3D6380220ED2FCB7,C,1
MOPD-58C149C00C80E734,3255,TRN-DA6516CD0AECA547,REC-AAC3DA768425BD4E,A,2
MOPD-003347EF0C471A03,3256,TRN-391E81CD51BBBE12,REC-AA104E67A0FD8CEA,B,3
MOPD-70634740C427B941,3257,TRN-E6A538656EB573E8,REC-CF49C923CD6CD67D,C,1
MOPD-FD64FE9FA274EBD9,3258,TRN-F2CDF234C2D7AAA3,REC-D1DC0058DF07E6C3,C,1
MOPD-18C96749862761B1,3259,TRN-137E1FB618DF9398,REC-78BAA45F3C19C8C0,C,1
MOPD-73D08826D46B58E3,3260,TRN-E9D34BD808A40193,REC-43D761D32059ED28,C,1
MOPD-74BF0E7102F07C28,3261,TRN-04A5380B250B8884,REC-BE4392F7DD54D185,C,1
MOPD-F19606B7CC8057F3,3262,TRN-45805A02BC45EAAF,REC-0F59A5F1883BC40A,C,1
MOPD-A95839BF0DC83348,3263,TRN-852B0BD813B1CA48,REC-E121A41508C87B56,B,3
MOPD-1EF33FB1DB442777,3264,TRN-30BCCB28E7F78277,REC-DA15D341600E3A34,C,1
MOPD-FF818EF8F3E8B4FE,3265,TRN-D84C72D83BBABB94,REC-389C081027EA6230,C,1
MOPD-CA256C5AE7AD7C10,3266,TRN-0899755D830DF34C,REC-40124F294E294AA5,A,1
MOPD-93E27FAD5A63B232,3267,TRN-610FAE222E77197B,REC-E6ED61C8069462B2,B,3
MOPD-ADA6622BA7E3C6E6,3268,TRN-5FD717A1D643EFCA,REC-55EC43FC8BED42DE,A,1
MOPD-86C2E50BA00F6B37,3269,TRN-56931068386DCD22,REC-BF779408B25F8B60,C,1
MOPD-A51360D8B280226D,3270,TRN-E491890534486ED4,REC-C87B50A897131BBC,B,3
MOPD-7227018629F73C06,3271,TRN-73D9BEA1DD45F896,REC-E1FA3DFD90DBA5E3,A,1
MOPD-04FA6E56A67FAC74,3272,TRN-E40B9B76823144C2,REC-6AD834D3995ABF27,C,1
MOPD-AA677268DDE0C759,3273,TRN-F76973E2146F00EA,REC-807927647C96499E,A,3
MOPD-5F3A284BFD3E433F,3274,TRN-E47969678BA49ABD,REC-52017524730A51EE,B,3
MOPD-C6DF4E912644D54E,3275,TRN-40705F5E1C47B50C,REC-FB6F99A6587520D5,B,1
MOPD-2B8A40A5863D5241,3276,TRN-F6D7A0BE9E1BA83A,REC-3FE764F5B3C852CF,C,1
MOPD-58F31261F00A08F3,3277,TRN-6970598C13E4E3FE,REC-6B07B592FA0ED58F,A,2
MOPD-716F35F26DCA062B,3278,TRN-6B9B1CBC13D77312,REC-84D8053A1575B61F,C,1
MOPD-8A1D40DE8972533E,3279,TRN-F778BA2DEE20703D,REC-3F1BDDF32F319EDC,A,1
MOPD-BAD013B3F8ED7F6A,3280,TRN-EDD70B0F27246A86,REC-0291D5C5E141E5AA,C,1
MOPD-E4C29FAF1C1C7632,3281,TRN-EE649843EDB1F4FD,REC-6A4AED06AE746A29,B,3
MOPD-EEEA4B02C5E88C2C,3282,TRN-AA545C296D3E058F,REC-2C837EC3963F433C,A,2
MOPD-B3F9C63D8F1A1633,3283,TRN-38816213364B0EAA,REC-2CF0501C070B346D,C,1
MOPD-DE62087D8C2FC8F0,3284,TRN-40C0BCB71889DE7D,REC-4F88C6FF64F4FA9D,C,1
MOPD-EFDA74AD02175890,3285,TRN-1AB09B6EB29F5DEF,REC-B93CB64C7E2F63C0,B,4
MOPD-8AE758702BADC945,3286,TRN-EFF797EAF7CE3467,REC-E30A115F0A0BFE27,A,2
MOPD-38C2AEBB86C8D6E1,3287,TRN-2FCCA9C1ED0F1F4E,REC-540427FFFD3C49C3,B,2
MOPD-6358B174D4F5073E,3288,TRN-A757716E9EAF2BE6,REC-CBCFDF75AC33D29B,A,2
MOPD-E5361C5CD4DB65B1,3289,TRN-8485A87A8DF8F8CC,REC-9F7873DCF6F366CA,C,1
MOPD-3412DEB65C1452C0,3290,TRN-55B3258FB22E4C3C,REC-EAEADA14551D5647,C,1
MOPD-952F55D06850DBA4,3291,TRN-E8828B6779F7FA7F,REC-4A68F825F5A9F9A2,A,2
MOPD-D33FD2E06915E86F,3292,TRN-CBD238316445EF9E,REC-E65A11D4302AC9BD,C,1
MOPD-7990010EC7637F6C,3293,TRN-7FEBA6762C340A14,REC-8BDCB3256F53A667,A,3
MOPD-331F0AA702AB34A6,3294,TRN-61E33DA2389E9004,REC-BF9C19D2A13B6C75,C,1
MOPD-3C08F7F2BF142A10,3295,TRN-DECF8EB42319431E,REC-2DD6B26D99512182,B,3
MOPD-91567FA69AED0ABD,3296,TRN-BAFAF985BCC0B207,REC-A9A7A0DA395059B8,A,3
MOPD-2DDAF71E4B5F4E0B,3297,TRN-BC1832F4F6747A22,REC-77B82C019733438C,C,1
MOPD-3AA342A4872B7678,3298,TRN-284B9D662BC1E176,REC-E336697FE199DCAB,A,3
MOPD-FEF1E95A6F13F5DB,3299,TRN-713F38029CB374ED,REC-D61B42CF98642037,C,1
MOPD-4A802F0484FFC36E,3300,TRN-11E589CCB05725CB,REC-11194C0E7940919A,A,2
MOPD-81A680B0D0B89F7D,3301,TRN-59D059D324CB4B83,REC-4CEB2467D2ED0BB9,C,1
MOPD-283EEE3C56DC7177,3302,TRN-42B4B187E5BE19BA,REC-0252767E4B707DE2,B,2
MOPD-908BF0A5579C893D,3303,TRN-FD9850C39AB4017E,REC-B9DA707FF61DB3FA,A,2
MOPD-49B44CFD9D8DC9DB,3304,TRN-B51365D4C85A4512,REC-7F84CEF9751DF1AB,A,2
MOPD-37AC8688B3EC5E38,3305,TRN-39C85774148D8C52,REC-424447A4FC9E7EA0,C,1
MOPD-C4E9C27A79EF5A0C,3306,TRN-FEA65789A6E1349D,REC-84BE84074CD0B524,B,3
MOPD-77EDE1713D7B854A,3307,TRN-A6F864D8970CAF41,REC-715B79825A6CEFE6,B,1
MOPD-BCDB2C8C1780192B,3308,TRN-1B0D1DA8E42416E2,REC-1EFD392D629FB90C,B,3
MOPD-A2ECDC02B2857CFF,3309,TRN-9014EC4FA6CB630D,REC-F452914B9E534503,A,2
MOPD-18BF35354C1E107E,3310,TRN-249C9534076F1560,REC-5DCFED2210157368,A,2
MOPD-D68C7B16C818FCDF,3311,TRN-6022292B0A2635A8,REC-C16F0F86656B1ED0,C,1
MOPD-A7B4BCAC8FCE92E6,3312,TRN-C218174ED270F9EA,REC-ACEB256461928E85,A,2
MOPD-36811E16058DF99D,3313,TRN-DCAF3D962D199638,REC-F84A65A2B1C99967,C,1
MOPD-0423D720E77B2404,3314,TRN-62D719D130A03F79,REC-CF5145DA27979A79,A,2
MOPD-13F27DE84FD1A420,3315,TRN-2B8B15D19BD9C97D,REC-ACBB13A7169027BD,B,1
MOPD-43DBCF87A7EF4B15,3316,TRN-60E627128DB13ADA,REC-3BDC3CD111B96EF7,A,3
MOPD-C2CDBCF36FF69216,3317,TRN-7BE7266454A728BC,REC-918D4644677C75F5,C,1
MOPD-AD502105A37BE440,3318,TRN-A1F2B4B56564E7C1,REC-559984AD1F5790A2,C,1
MOPD-D54D5F8F7C3362C7,3319,TRN-26A5017D8C53DBAB,REC-AA58077FF1D845BC,C,1
MOPD-E9FE8F3213941456,3320,TRN-671A1469C5D1B2D5,REC-0381B97EED35C311,B,3
MOPD-52D8105EEED9EA68,3321,TRN-0B9062E4BE2A288A,REC-113761EADD3C41C7,A,2
MOPD-D2CC2A7F612870BA,3322,TRN-6B11ED56C9FA1317,REC-83E52BCBEF622CD9,C,1
MOPD-85E24D433DAE54CA,3323,TRN-E5FCB70AF60EDE17,REC-841D61D5A2F9A723,B,2
MOPD-0D5F9445E6F5FB31,3324,TRN-F4DF3807353D9A93,REC-591157BC2AA25546,A,2
MOPD-673DEBAA2DA4288B,3325,TRN-7D43438864E70963,REC-105ED6DD0FEF9910,A,1
MOPD-3D4AB1B51315CA9A,3326,TRN-6970598C13E4E3FE,REC-6B07B592FA0ED58F,A,3
MOPD-5D96833363B193EE,3327,TRN-102247B14BD0505B,REC-5CF9FF918A665C1F,B,2
MOPD-F178D6D177E7DD2C,3328,TRN-D20A2E738BFE3EA2,REC-7F32DF006E42C438,B,3
MOPD-A410A638B0FBC24D,3329,TRN-B39F95CE2A649CFB,REC-9D408C7250516E2A,A,3
MOPD-DF796F87FB5A956D,3330,TRN-6363F0B34BEDB787,REC-08DBAD2B1F6C3F50,A,1
MOPD-179DDC18661C0BDA,3331,TRN-8152219DBE680ACA,REC-327457548F92BA8B,C,1
MOPD-E224AFD185B99E82,3332,TRN-899B76EAA24F29EA,REC-DECBAA294524CC64,A,3
MOPD-8BB422BEB870507D,3333,TRN-0F46C559D7CC748B,REC-5BB2DC49E4ECE95E,A,3
MOPD-AC24D5E938E40A2C,3334,TRN-89BF476CC91A2F8C,REC-54A043ACDDF55E4B,B,2
MOPD-7A92C6FB4E34CD98,3335,TRN-CA843C7351A4CCE9,REC-628DC93288F25F33,A,3
MOPD-5A65AAFDD2A1F471,3336,TRN-74888549B2347CB1,REC-8917FD44EFAC1A8A,A,1
MOPD-94B6D0FA422F5BEB,3337,TRN-BE251DA5E44DE081,REC-8B379A571F1A879A,B,3
MOPD-E4E3DCADED26460B,3338,TRN-772F1B2E21E094BC,REC-778F753A5501C458,B,3
MOPD-8FA6D55C0364130D,3339,TRN-9DE6B66E0B7B941D,REC-9581C2A621C7ACAA,C,1
MOPD-EDBA6D1BE879FBE0,3340,TRN-FFBD1FB01525CB4D,REC-9ABD950B217B442F,B,2
MOPD-CFD7498E9A5DAC97,3341,TRN-1B3DCEA8E6663E44,REC-20DD6909A0CB2D5C,A,3
MOPD-3ECE192B58F98B62,3342,TRN-EDAA8916102819E3,REC-CB4818683DD4C484,A,1
MOPD-6C2EE220FF460FBA,3343,TRN-F555A76BAC718E45,REC-51A295760319CE08,C,1
MOPD-68486F62D48AD658,3344,TRN-EBEB5D559B9AA5A5,REC-223779DA10E78D23,C,1
MOPD-9857D2CB29AA49AC,3345,TRN-25427B7CE64A87D0,REC-EF25CEDDE66B622F,B,2
MOPD-0E56CB24DD43C7C4,3346,TRN-85B5F49A0A6456B3,REC-A8CABE4729AF7282,B,3
MOPD-C43D22E072E617AA,3347,TRN-5CB6D61104F1DA6D,REC-1EF8FB08DAD75D2F,A,3
MOPD-8727DA128C4765E7,3348,TRN-18DF01D17EB789A1,REC-4908549DAE395F7D,C,1
MOPD-21AAF9AFDDBA78C9,3349,TRN-8F00C9944A9AA93C,REC-0BEC8F9501E4B715,C,1
MOPD-DA57403A756F09CE,3350,TRN-3FB4D6C0E2C4EAF4,REC-4D10E49B2C2B8F9C,A,2
MOPD-75DE3DD8DD4000E3,3351,TRN-DD58D305B1B1F85B,REC-F69D3F956F187130,C,1
MOPD-A45EB31BBC8DD7E0,3352,TRN-52209532020B2A8E,REC-3E5E39C868C23783,B,2
MOPD-98AB638355740589,3353,TRN-A6E8CC36049FE63B,REC-3649A65A98AF8EE9,C,1
MOPD-617735F25E2D5CBB,3354,TRN-29421BA843847558,REC-DE0A1FBC802C9075,C,1
MOPD-E527412EEFC6787F,3355,TRN-C60797814E1A0232,REC-58A4F48A6B7D63B0,B,3
MOPD-5B9498ECC0D9486F,3356,TRN-7BCC1E2EBF59A0BF,REC-9F92D55E9A9DB6E8,A,2
MOPD-C4E69CC5558E4CCE,3357,TRN-373B762ED3BA8AD1,REC-58FF114D62506964,C,1
MOPD-C5634A7D5EED3DA0,3358,TRN-E2D5488BB070D1EC,REC-C6A646CE97B40FF2,C,1
MOPD-419555E2E3B25447,3359,TRN-1E062D458663D212,REC-30C5B83D40B2A523,B,3
MOPD-3B57D1A8B1570DAC,3360,TRN-594441E797D69594,REC-13BB0E6B44B89DEA,B,3
MOPD-D855AF8556E673FF,3361,TRN-222C70E711B8C061,REC-62058A8DAF99D767,B,2
MOPD-0235E33FB6D7DD7D,3362,TRN-F55543FE2629C7AA,REC-BD6DA1CB395C1178,A,3
MOPD-9D6AC4E119D06163,3363,TRN-A20D2FB9D0094796,REC-68212C3CEF737E08,C,1
MOPD-ADF346739A3CB50F,3364,TRN-9D17E7323DFCB006,REC-B4CC00E2079ADB83,A,1
MOPD-A8CE055C91BF3668,3365,TRN-78C2CB2A3150A3DE,REC-81CA136C012EAA78,A,3
MOPD-35F1170C717203EE,3366,TRN-3A97C2AA76BCDA42,REC-51EDBF3C7D622C0E,A,3
MOPD-F022ED0CB9B47998,3367,TRN-14E7604B1E48316B,REC-D270B050CBC00F09,A,3
MOPD-3F108BD19DE6E6BA,3368,TRN-3D4DDE0588642DA3,REC-24FD3B0967B8CDDF,C,1
MOPD-4760FFAC75A561AF,3369,TRN-AE0821819461DD33,REC-DF44B7D9BEE8507A,C,1
MOPD-CFEB7F1C92F75323,3370,TRN-1877FD3E1F4047B1,REC-5FABF737DB1C970B,A,3
MOPD-858F63C18BD0E7FF,3371,TRN-6ACDF7F711E60A25,REC-4899E7276B192FFA,A,2
MOPD-1E7723254174CC6D,3372,TRN-D095A6067FA63420,REC-44EC43297C30CA0C,B,4
MOPD-6A462CB9A0D048C4,3373,TRN-AD21520A2EC3E69E,REC-C8FC10E48334B9BC,A,2
MOPD-A356709DF4E7D4ED,3374,TRN-FC3582F7D8C595DA,REC-9F9D4174E650E05D,B,2
MOPD-09A254A854032E4C,3375,TRN-EDD8FD5DD4191801,REC-66C5724A05E63234,A,2
MOPD-55C49BB3D5CDA70D,3376,TRN-E5A7C0ED8C61430A,REC-12DA0971F5E008A6,C,1
MOPD-64D38218C1C65BB6,3377,TRN-6AEE3E628BB9A196,REC-26DB7954C8BB9709,C,1
MOPD-D0F76E8709D90CE6,3378,TRN-182346FB9AB05EA0,REC-C0945519C6322ECE,C,1
MOPD-3385749647AFD2D2,3379,TRN-088E89A8F4A56323,REC-4EF027BD728024CA,B,3
MOPD-BE532CFA9FFDF682,3380,TRN-A95D1A3B30C05499,REC-D7410B12B5EACE32,B,2
MOPD-660BA5FEDA85A3DC,3381,TRN-A71D0177568B5A06,REC-9C100861C29B98B7,A,2
MOPD-04B29D4D6C7C6FD3,3382,TRN-73D9BEA1DD45F896,REC-E1FA3DFD90DBA5E3,A,2
MOPD-48A591119D1EDB72,3383,TRN-E6FAFBD7EFF7D1F7,REC-5E25DC01BD282A5B,B,3
MOPD-9CA448A62F92CEC3,3384,TRN-A148746A25C404B3,REC-36E327FF017DD773,A,3
MOPD-4F0CBA7E6BFCBE41,3385,TRN-1E48B1DE996A67BB,REC-262C4BD57235E815,B,3
MOPD-44340504E61D1923,3386,TRN-43A3489546D08E7A,REC-83CF5C0E7121E414,A,2
MOPD-6EE6A2B8A97311B4,3387,TRN-1B00DF1DC6E577D8,REC-487064179EEF47B2,B,3
MOPD-D78E4D649AB2A7C8,3388,TRN-D52EB8A61D848ED6,REC-FD0DC3B43EB02BDA,B,2
MOPD-32B7F61702AF43A1,3389,TRN-6FD9C8BF231F2B9F,REC-C6EC90B14E1AD24F,C,1
MOPD-6DA52FEA43407B85,3390,TRN-25E03A6A8D30C3F0,REC-021CF09858290EF9,B,3
MOPD-D0AEFE07A4C2296F,3391,TRN-A75C12E2137A8216,REC-77256ACFB9C7567A,C,1
MOPD-40B5074D540C63C1,3392,TRN-EFC7A0108BDBED58,REC-FDA2957B371DF52E,B,2
MOPD-334C69781D1C81BF,3393,TRN-F9C46625EE973CF8,REC-4F6C9142065A00D6,C,1
MOPD-17E5DA1060B9E682,3394,TRN-CB6B79D040B7CAFE,REC-6C37AD67FCA8F8EB,A,2
MOPD-F68ACAF398D42C60,3395,TRN-2CC503BBD7B96FD6,REC-2281F7080F6259B3,A,2
MOPD-5A9A9E16F7614DDD,3396,TRN-D92DFAAE47B8BB43,REC-E5E10E489614B93F,A,2
MOPD-2CC7AB0A8A2372A5,3397,TRN-C44B75D22F93B30C,REC-4116C8DF98772E43,C,1
MOPD-480988C6DB38E545,3398,TRN-EA8BC2BE1F67FAAA,REC-A7FC23444D1ADB18,B,3
MOPD-FBD1BA98B59B7435,3399,TRN-EF7FA47732E4AFBD,REC-05AFFD2621899795,B,2
MOPD-A72C218FE1849CA0,3400,TRN-1B2EAB02B7D4B637,REC-61F84D5CB6D05BFA,C,1
MOPD-162A00F2FECB96F0,3401,TRN-DC757431D57E64C8,REC-CDA090D96AB5F420,C,1
MOPD-CFE8D6958E302837,3402,TRN-D1F8F9FC3EDB3503,REC-490FB880E162AEE1,B,2
MOPD-0DBB29422935EF58,3403,TRN-E73A220D86F3DFC2,REC-7595E95690293D61,B,1
MOPD-FA51EE5AF4262BA0,3404,TRN-7C416602535246FC,REC-D18B2B50F569375F,C,1
MOPD-CC0A2D318FAE66C6,3405,TRN-608BB5393A53D209,REC-3E5788D71851A3F8,B,2
MOPD-ADD718363A512A8D,3406,TRN-953785BA44224707,REC-998C3FF319A07947,A,3
MOPD-B835FB2EE6C95106,3407,TRN-486248BA2DEAD918,REC-AA805C5976002882,B,2
MOPD-13F9141AEC7E127C,3408,TRN-22014EF936F0D889,REC-C5115CD6500A63FD,C,1
MOPD-2479489F85A196D9,3409,TRN-71F7906758EE6DCA,REC-3EF4FADB6D204C6D,C,1
MOPD-C2B0F81711F9A516,3410,TRN-C78D730FB19DB921,REC-5356DD6EA0C19BBF,A,1
MOPD-7F436FA8B6626B73,3411,TRN-D6E2134103BABDB2,REC-A67EE393BC0881A5,C,1
MOPD-8E02D306D0D117A5,3412,TRN-44F154A7841967E4,REC-EDEF394F6BA3C838,A,2
MOPD-E3A865517656054F,3413,TRN-B5C198086069CD8E,REC-E6D85AC297B631FE,C,1
MOPD-55E0ACB636E46858,3414,TRN-D90603C30136051C,REC-1A7F7CEB77093942,A,1
MOPD-4D4DE787FF3991E8,3415,TRN-24DB5C8994E97B0A,REC-9800C907BA15758F,B,2
MOPD-489FFBF20EEDF14E,3416,TRN-22159B32AD16D41E,REC-E0ED4081282AD135,B,3
MOPD-11DDD00FA75E70B3,3417,TRN-4DB52D62A20405AF,REC-EDBC2F03F2AAAA19,A,3
MOPD-426D3E3ED72C8C42,3418,TRN-A8CEF623B9BF2675,REC-6DBF3DDA8835357E,C,1
MOPD-100E65A653A3D55C,3419,TRN-AABA16933EABF96F,REC-86990F272ADBB672,C,1
MOPD-62BF1CA8C5CC8D8C,3420,TRN-825B478F0630EE72,REC-B93EAC7F1332776B,C,1
MOPD-41CD8997478E3258,3421,TRN-61E8810E9160A7C7,REC-5E589E4121BC9B51,A,2
MOPD-2576C106D1BFD61A,3422,TRN-C92B63258DF41880,REC-99F392E1E61C01C0,B,4
MOPD-1DCDDC87E32676EF,3423,TRN-C269CBC2781DEDFF,REC-ED97F622CA44ED0F,C,1
MOPD-1A115724E1A9F5EE,3424,TRN-4ABE6D271D5B454E,REC-2A5A99CAB5AD012E,B,3
MOPD-507D667ECEBDB0C4,3425,TRN-55F8777006BDB055,REC-AF44BB5D72650488,B,2
MOPD-29B45E8E06A3B0C6,3426,TRN-A7BA1EDDD5EE71E3,REC-8C504BE0291BE26C,A,2
MOPD-E8DC55F28B686E75,3427,TRN-1782297FAE4525DD,REC-B49F271FEA6F4CBB,C,1
MOPD-92E1B241FB5CD198,3428,TRN-31527E85B2DABBF2,REC-BAA2C41B448E5D22,A,3
MOPD-008395C8D8155CCD,3429,TRN-283AE1CDABA5B8C2,REC-AA75D607BEEB60EC,B,2
MOPD-301A5F204D85EAC3,3430,TRN-7240A1CC9E4DA600,REC-64DBDDC06A3768FD,C,1
MOPD-715CA3613E97A71D,3431,TRN-6363F0B34BEDB787,REC-08DBAD2B1F6C3F50,A,2
MOPD-2E7624E5F7830386,3432,TRN-0EF24C39B33FD30D,REC-6B2E5F4166155E94,A,2
MOPD-8190E9370FB7F513,3433,TRN-B1984C2DA1747917,REC-163462C240444770,C,1
MOPD-8671064813B7ECF7,3434,TRN-4131A695CFF4697F,REC-B88F6538AC35726F,B,2
MOPD-AAEA0D3315030FDF,3435,TRN-0ABB44EB410F9BE4,REC-EB3D079CB92388DF,B,3
MOPD-51DE1BC1B691CEA5,3436,TRN-64B73BEAA64F6FBB,REC-07B9D3ECF89C3347,C,1
MOPD-99575E1D4B334359,3437,TRN-3152676F820705F1,REC-2A85FEF962CFFFC8,C,1
MOPD-16E82C61A4744591,3438,TRN-2031B8ADA3954970,REC-1E481F7963D46E90,C,1
MOPD-53C0C8C34D1E1928,3439,TRN-1204F7D38F44B51E,REC-D694424665365BED,B,2
MOPD-B096E889B3E24AE3,3440,TRN-FA9891AEF78AFFC6,REC-CFC2C64B406ED30C,A,3
MOPD-BB25536F7FD55B43,3441,TRN-B211369DD1CC6A92,REC-B7F9412345CCD580,C,1
MOPD-520ABF6E32017053,3442,TRN-0545A17FDCB4554C,REC-62635103A5797C0C,A,2
MOPD-6F3E49DE2735E1E7,3443,TRN-94C25DC096B92380,REC-A3811BCAEF9E8BE1,C,1
MOPD-67E68B377DDB1F18,3444,TRN-2D28F0C51E879CE5,REC-AD7F388D7A07D90D,A,3
MOPD-41D0ABAE157B7A53,3445,TRN-3D599F36D245B844,REC-F704A975F9A99CEC,A,1
MOPD-9961800A5A6095E7,3446,TRN-4B9DCC1879851B47,REC-6A6560F787242493,C,1
MOPD-574F3AEA0B16432A,3447,TRN-5A67E19A88C2B58A,REC-BC5C34D15A86EB41,A,3
MOPD-0C03ED4E1F19B2BE,3448,TRN-12E63A7FFAC6D33B,REC-58C216F3F38ACEB9,C,1
MOPD-6C79BEFB4AC503BD,3449,TRN-F353EE8AEFC8699F,REC-05AA7CC9BE780D45,C,1
MOPD-1E99E58FC75ECE4F,3450,TRN-7AF709F8A0FEBA15,REC-1019664E02D16C16,A,2
MOPD-7087982F0D87CE94,3451,TRN-C1F256A7F94E901D,REC-216B0B20C34E2546,C,1
MOPD-53FDA0D04E307345,3452,TRN-B72F0BA1CA4335C5,REC-371799BB4776F0FB,A,1
MOPD-C3047EA85632EF96,3453,TRN-5D79F5FEC551E598,REC-6D7DE3F5949D9A48,A,2
MOPD-6D32545EB7973046,3454,TRN-E25F8B4FD0993CA1,REC-61196DB9E49482A4,B,3
MOPD-E827943C1323813B,3455,TRN-BFE204B1151CA750,REC-37A129A25DD2BD5B,A,3
MOPD-1A90554ACDEFD214,3456,TRN-D9D950D6428E3391,REC-C559C7F072B4F37F,C,1
MOPD-402130FFEDA81E01,3457,TRN-9EA6650E68A557F3,REC-96210246C42FBCF8,C,1
MOPD-D0146A6257FE626E,3458,TRN-3969BA7C0C3110C4,REC-40E4FED615D80F79,C,1
MOPD-2049C41FD1071A3E,3459,TRN-3ABF597F529161DE,REC-8CDF08B6F0954A6D,C,1
MOPD-B22BEF3AD684459E,3460,TRN-B0B29440CE0F529B,REC-D076108FA65807F6,A,2
MOPD-C42AE68A052B006A,3461,TRN-633A00A9BE26A3ED,REC-63AEB32272139625,C,1
MOPD-237A5130E1ECBCC7,3462,TRN-774266EFD4187791,REC-E4027DCEFFB2ADA5,C,1
MOPD-54DED941C128469C,3463,TRN-65757554D07F458F,REC-5A623C40D55118B1,C,1
MOPD-CCEB879B619CEDC0,3464,TRN-E13C858B86E6C0FA,REC-B2E2106CE106A7CC,A,2
MOPD-8DA277F5257981B3,3465,TRN-453072C91AD45116,REC-D979374FBC6BC456,B,4
MOPD-8F95A6E72FEC1487,3466,TRN-0EDA5E9E810A70A4,REC-1ABA8AC9FAEE5418,B,4
MOPD-3E73532185CFB8D3,3467,TRN-E050D1EEDBA4F8AB,REC-C579FBBE4A926A73,B,3
MOPD-C6B9BAC78A079530,3468,TRN-2E60037F5EEAA8B5,REC-DD3FE9ECA2B074BE,B,2
MOPD-B85222F474FBA556,3469,TRN-B658692C1C11505F,REC-64EB945B94DFD42E,B,3
MOPD-F2C9053D07BDAA71,3470,TRN-615551CCD64F3891,REC-6ADE04EDCA5DFDFE,C,1
MOPD-087E6663EEE8EB10,3471,TRN-39924DE32C4372F8,REC-0D2F1AD04D293F29,C,1
MOPD-D3036A22EEDBE134,3472,TRN-BB6798FEE54BD2E9,REC-4505524800BABFD6,B,2
MOPD-B03FE6F22564CC5C,3473,TRN-6A33F382A6BED8DE,REC-A055A6D64A059BB0,A,3
MOPD-399D9D0CD3C87129,3474,TRN-2B061BF4802CBE46,REC-EAA3ABE8B6C6C764,C,1
MOPD-6D214A31B8343C3F,3475,TRN-73E30CA3EA506D6A,REC-A81810D585703DCA,B,4
MOPD-84F495DDFE3052BA,3476,TRN-FE4FDABB89698E9F,REC-3AEE3DF16D525531,C,1
MOPD-C362A0B226CCB8F8,3477,TRN-2CB97BF0A78D7138,REC-BE76DECD5B174264,A,2
MOPD-E0B1B8B47CFE6729,3478,TRN-3831829205A7E1AB,REC-06F1E4DFABEF0D4C,C,1
MOPD-FFDDF931744D46FD,3479,TRN-EEF9B14ADBA76D53,REC-F1115D317B4988F9,C,1
MOPD-4DB3C501FF8B8CB9,3480,TRN-407B20D722D0A488,REC-F4B691152EE79BB6,C,1
MOPD-D916F923FBAC7433,3481,TRN-45192E70F65E1120,REC-43A9612AF738081C,A,2
MOPD-7BF2313A01863570,3482,TRN-61E8810E9160A7C7,REC-5E589E4121BC9B51,A,3
MOPD-BF651BA10F084238,3483,TRN-E36D57FBA03CF276,REC-44B5588FF5C77335,C,1
MOPD-359C46577510F01E,3484,TRN-C48218ED9854620B,REC-19B0217E12591B82,C,1
MOPD-60A522E0AC3369B5,3485,TRN-496B5677AFF6DA48,REC-859859873907D49B,B,3
MOPD-9485E9291F1A8B6B,3486,TRN-1B3D8EB36BEE4AB4,REC-9C6E7F151DCB272E,C,1
MOPD-3B79F7D7AEFDB668,3487,TRN-B29CB7F7A61EB3B0,REC-3F26D1810A7A99E1,B,3
MOPD-8D7D8DC75DC6A692,3488,TRN-48A0399C58DC7951,REC-238231EED553C1B1,A,2
MOPD-548B3FEE138268AB,3489,TRN-14DBF901E04D575A,REC-E4EF3D442273514B,A,2
MOPD-3CA5702731E7A78D,3490,TRN-4A733FDD63CF8548,REC-A346C2C06794D62C,A,2
MOPD-4EA3040EBC9E5953,3491,TRN-20C9E81ED36D04C6,REC-870D631762765697,B,1
MOPD-DFD35665260CA4B1,3492,TRN-0B0B720D89F34201,REC-12890D9C7760D28D,B,2
MOPD-A28CD738F46BC348,3493,TRN-9F3ABD7603F1FDE1,REC-9C4F78C8E17FD1A5,C,1
MOPD-0E4AD53A27D7F31B,3494,TRN-3DED2EB3C532B914,REC-8BCFCA37DDF3C067,C,1
MOPD-B6DB9516821CD0BD,3495,TRN-07851DE09074DAE5,REC-3B4301A64EA9D5E8,A,1
MOPD-9A84E3FCAC719D83,3496,TRN-3E033B2BBC7D4E36,REC-50FEE49A48B71939,A,3
MOPD-AAE3E11CBC58843D,3497,TRN-9DF2C38C6D0BF027,REC-92091A550775F84B,B,2
MOPD-AAFA33960249D72F,3498,TRN-C1A4AD900FAE2E25,REC-330F217DC25E2F99,A,3
MOPD-053900F6ADD4D55A,3499,TRN-5C68EDDC6E0DA5C7,REC-17FD264C0AB3B24F,B,3
MOPD-F81E9237325EA247,3500,TRN-77E4017FB81FF6A7,REC-A1D51D3638439411,A,3
MOPD-21F8F17DB859645C,3501,TRN-FDFF918A255F03A1,REC-566E0F58FA7ED661,A,2
MOPD-4ECBDEFF60B4C5E4,3502,TRN-CDDD5BE430697193,REC-12D54B89A3CC0CF3,A,2
MOPD-6916E0BD73459652,3503,TRN-DBD06BF9DE009F45,REC-456E63702A3CFAC4,C,1
MOPD-8591379F6E1D000F,3504,TRN-949D46CE09003909,REC-E9E6E4882EE0C4B3,C,1
MOPD-89C27E949B7E8C20,3505,TRN-99903EA1117EA542,REC-0EE5D1459E5E0C96,B,3
MOPD-917CCDF89A3EABD8,3506,TRN-87BFEC337185A43B,REC-5283B13E6F8624FA,B,4
MOPD-70AFC64B7F948A54,3507,TRN-EF27FB7CE65C7B56,REC-C96805D17C577DB9,B,2
MOPD-19B907213482C159,3508,TRN-B89990820777FF0C,REC-43CDE4B77F4F2B28,A,3
MOPD-673379116BFF11EF,3509,TRN-24DB5C8994E97B0A,REC-9800C907BA15758F,B,3
MOPD-05F367F75A2DD06D,3510,TRN-9D5F3C7FA6F201C9,REC-1082E2582C7BB13F,C,1
MOPD-01F73BA11ED87F92,3511,TRN-34C943432F84B6E3,REC-6047AB988B7634F7,A,3
MOPD-51D8C94786584B30,3512,TRN-F4A644402A01B633,REC-60A04D968889FB15,B,3
MOPD-8843535C5C873C85,3513,TRN-8EE19607A12FC24C,REC-FE2B5DD07FD60332,A,2
MOPD-7C0444D5D4329DB9,3514,TRN-E59EBE7E3FF1AC16,REC-99929FD4CB13912E,B,1
MOPD-C22391B6F927CF45,3515,TRN-6CEF477C7FCBC4C0,REC-F8E05B6CE5FFCAC5,A,2
MOPD-DEE066E1B28CF3F9,3516,TRN-5487CA47DB1BA6C6,REC-C8CCC1F30AED3BD3,A,2
MOPD-E9B9BF9D384DAE6C,3517,TRN-2D36747443EF0845,REC-CA0C8F92B2CC65BC,C,1
MOPD-BB0DD86391B6B18C,3518,TRN-0EEAB24362E89292,REC-441D73B8ACE728B7,A,3
MOPD-D5185E3C302CD003,3519,TRN-EEA55BC5790C36F2,REC-028C2E853337532C,A,3
MOPD-B4F5C78142808F6F,3520,TRN-8BA4FBD7F0CCB26F,REC-DBF4BAD6CA57880C,B,3
MOPD-8B0209AC797E34DE,3521,TRN-EB760FB4B94AE0E9,REC-64A57A98510A149A,A,3
MOPD-CB42C502444E9D7E,3522,TRN-6461AA6EF5996253,REC-98B5866F79161945,C,1
MOPD-EDBEA1078846983C,3523,TRN-A7592B5FFD38902A,REC-AF0401C4A9C1D708,C,1
MOPD-1985BFB19009A002,3524,TRN-F82EE47A629B64ED,REC-C0EE544AEA6FD751,A,3
MOPD-9B76B9FB2F77AF5F,3525,TRN-783644D951E8DA91,REC-C52A93EEAD97E87F,C,1
MOPD-42E1F847E9672F49,3526,TRN-5AE05B80DDAD83A5,REC-69D2D53F84311CDC,C,1
MOPD-42717A975C98647C,3527,TRN-E49C4CCA565C44B6,REC-5D430078D9A1C6D6,B,3
MOPD-064FF3DC1070A35F,3528,TRN-0D4CFA757373C79D,REC-D4443FD03CFC0926,C,1
MOPD-35BF24989C2DFB30,3529,TRN-2D50D9C9DD40294F,REC-5924ED4BF5F4BD65,C,1
MOPD-AFEA04C457C0C33A,3530,TRN-5084412AFECC2D65,REC-75E6C61273AE2C06,A,2
MOPD-169856998BC03498,3531,TRN-9315D7147682092E,REC-82E88B8E4BEEAC4D,B,2
MOPD-804724140D087C7E,3532,TRN-529BD319C6AB702F,REC-9E9F3A1C50D1E68C,B,3
MOPD-F9835F20133DDEA7,3533,TRN-402648E54CE1E862,REC-911001323BDD0D32,B,3
MOPD-B5E9813E912D9428,3534,TRN-569D2F130D41BBB9,REC-3E6CAA632EE2D6AC,A,2
MOPD-79F9C72B385475E9,3535,TRN-3F5998E87E4AAC44,REC-A87A000A1480389F,C,1
MOPD-F40EB8889877E795,3536,TRN-466BB9D8C198A9BB,REC-E355AE28D91271E4,A,2
MOPD-64F3ABE13899AAE4,3537,TRN-B084A02FD770CE65,REC-E1601027CFCAE209,B,4
MOPD-1499B8668B1EF81B,3538,TRN-821E802C14117AE4,REC-D9EFA24EDFBE0D77,C,1
MOPD-EDEF54A25070FC41,3539,TRN-3A6E768847347A2A,REC-E8F4EF63AC1AE3B2,B,2
MOPD-F1EF3A8E46C34062,3540,TRN-5FB35194BAC4F1A8,REC-8D2307633D9DFDB0,B,4
MOPD-A7FB2C3AA62A2585,3541,TRN-04E8B261D741A822,REC-D7ABE9684B7014BD,A,2
MOPD-4A3B77142F994AF6,3542,TRN-6885522589BE6F40,REC-32398528572BA594,A,1
MOPD-8B84895254A2BE44,3543,TRN-EC5D5E777C8F8A84,REC-76BDD88302B7F7D9,C,1
MOPD-1537963D06E06197,3544,TRN-7EDCC55E624D8E37,REC-54AD5760D5004317,A,2
MOPD-8E5C990A8A6185A6,3545,TRN-F730F88BA55B4747,REC-7F4AC6ACD95CE11C,A,2
MOPD-1F112886A13110ED,3546,TRN-D7D302227A8C67D5,REC-49FC3B36F2956E26,A,2
MOPD-9116A06C3BAB9608,3547,TRN-58778702A590D183,REC-8B0D8CE167B55EFE,B,3
MOPD-B7EAB4CC0F5BAD32,3548,TRN-39E9055F8B3A0060,REC-09B1F7173DEA3B89,C,1
MOPD-967BFBE1AD13C0E1,3549,TRN-309DEA73A7BEF2EA,REC-B3FC41B5F15CC86B,B,3
MOPD-20274D75C32C1672,3550,TRN-F21368E6FCFAE06A,REC-B9F98DA52A20AB68,B,2
MOPD-6091A72A5BFE80C6,3551,TRN-AB25FF7982807B48,REC-E16834648235B26B,A,2
MOPD-C40DC7A5CAAC07D4,3552,TRN-D1142254290CD82A,REC-C9D097CDF1017645,C,1
MOPD-A9DB992D3036A276,3553,TRN-3C63B9524C79122E,REC-3740AC78A556F8C1,A,2
MOPD-A9372BF3098DFE7B,3554,TRN-78048878B82562B7,REC-F1A714435753C217,C,1
MOPD-F667A2CFB9DC56F7,3555,TRN-68EA183B71B509C8,REC-E3A1064BF1094A9F,A,3
MOPD-5DA6985D057E664A,3556,TRN-C54122660AB00E12,REC-4B48410A8A6B96FB,C,1
MOPD-4B155FB3C64D3F51,3557,TRN-86D06E1236DD6D78,REC-F18A645B6865963D,C,1
MOPD-7891426CBB58080F,3558,TRN-34E2B6DBDB7FF9E3,REC-FC0C902312EB8FB2,B,3
MOPD-F49358CB16061AEE,3559,TRN-31D951385097101F,REC-88C49BC0D87E06F7,A,3
MOPD-4E295CAAC78DAF2C,3560,TRN-1D8ED87FC03F8031,REC-91543CA638DFFC28,B,2
MOPD-F97D55CA8936A83C,3561,TRN-45DF7DB7049FE3B7,REC-4D1342AE3EA79271,B,1
MOPD-D079ECAD73AB6EFE,3562,TRN-FBC3DB0C17042B23,REC-6CD0CCAD67E06636,A,2
MOPD-68D48DAA4DD5424C,3563,TRN-FCD8128394E03B8B,REC-968B25AC947284B3,B,2
MOPD-B324DF52848CEF22,3564,TRN-E7D8348220874151,REC-F5128134D3FCAFBB,B,3
MOPD-60B94AAE55DF950A,3565,TRN-2B5F2E78D1247128,REC-7FFDC027F6EE4B6E,C,1
MOPD-D34E269A5D774A59,3566,TRN-A00F6955EA7EF4E6,REC-EB8BCE0C0E34F4C8,C,1
MOPD-58564374B634744F,3567,TRN-93EE86A760F2C94C,REC-E4DF26D15E08F3FC,A,1
MOPD-30CF9A3EA393C00A,3568,TRN-BBA7A90D6AB9AF9C,REC-8414745D10E96934,A,2
MOPD-74844FE7D3C67EC3,3569,TRN-8C1C7B9D9CF25DE8,REC-F075CD848625DAB2,C,1
MOPD-EC6D0883C30BB910,3570,TRN-D6C6219C8F39C548,REC-AA22760B36D16717,C,1
MOPD-4C9762F8710FA6AB,3571,TRN-BE32EBA8FBE1D10F,REC-E07109A5CAD92017,A,3
MOPD-67A3FB85174C575D,3572,TRN-5487CA47DB1BA6C6,REC-C8CCC1F30AED3BD3,A,3
MOPD-FAE6B60374DBE918,3573,TRN-621E34941E2FF39A,REC-1889B612803B212C,B,2
MOPD-6AEE5AE1413EF246,3574,TRN-E3E62973CC004D4F,REC-238BE62A100A2A1E,B,3
MOPD-9E16BDC066DBA6A3,3575,TRN-3A9D41BC3EF50A5F,REC-8CF0049ECE212DF7,A,2
MOPD-8510614F28F9AD66,3576,TRN-AC505A4750A31EEF,REC-E961DDC660D716DD,B,2
MOPD-7A1E65DCDB71839D,3577,TRN-F9F715F67A68E532,REC-004010E38D0B29E1,C,1
MOPD-06677207F256F088,3578,TRN-4B9B12D68EE8011F,REC-868B518EDF0C03EE,C,1
MOPD-BDB48C0FF316AF63,3579,TRN-9B336C22711040ED,REC-397705B728ABE7EF,B,3
MOPD-0C8DCCAA57026CC6,3580,TRN-F2F799DA5795BC49,REC-C244453440DD2369,A,3
MOPD-1DA2E6016469B7B1,3581,TRN-49B0087C76103DFF,REC-9414E25041662E78,B,3
MOPD-89D90F052F931B21,3582,TRN-7BAFEA5DEC2FFD54,REC-B2A24FA5AC50C894,C,1
MOPD-4BB4E71DF5F58C8B,3583,TRN-68BCF67E4ABF8A5D,REC-AB472901DD36DBC9,C,1
MOPD-69B01AFC1A7BC9DA,3584,TRN-EB4B1C03DA6F859B,REC-AD48E4D43359CD65,C,1
MOPD-773085A57DDC931D,3585,TRN-A04C08AC4A882C68,REC-3B3938DFDCCBF249,A,2
MOPD-C038F5DA1D529A14,3586,TRN-45DF7DB7049FE3B7,REC-4D1342AE3EA79271,B,2
MOPD-C7A3B939FDCB88AA,3587,TRN-FA18F7E067038225,REC-1AEC22EDD6A4CDC7,A,3
MOPD-9044BCCA1288478E,3588,TRN-9F6E6E3C417FD114,REC-287B167776272F2D,C,1
MOPD-1B62D797B803E26A,3589,TRN-5C39828714305DF0,REC-A998275C6182539C,C,1
MOPD-128BA36296D53E82,3590,TRN-17A4F9268BF0F261,REC-39BD17533BB95786,B,2
MOPD-5205D2972E86C932,3591,TRN-61576D67857E3FFD,REC-23A05D1E5EC64047,C,1
MOPD-6B95D36DE20C595C,3592,TRN-1E6196F97C387D07,REC-F5DD184589FC10AD,A,3
MOPD-9EC9BBA7CFA5C43E,3593,TRN-7474499CF6FFD558,REC-7024F52E29958A1A,B,2
MOPD-9F5566A8311B59B3,3594,TRN-F778BA2DEE20703D,REC-3F1BDDF32F319EDC,A,2
MOPD-650E6F4AA7CE3149,3595,TRN-64545695C610111C,REC-BA0070F1110BAF5A,A,2
MOPD-B4098E6130093CB2,3596,TRN-618B5065FBE91EDA,REC-120DA70BE237CD3D,A,3
MOPD-EF50A902648019AD,3597,TRN-CB630BE84CD67CD0,REC-2021A426026BDE23,B,3
MOPD-B6AA2E8E8936942D,3598,TRN-1875C07E211E32AF,REC-BBE75BD187964284,B,4
MOPD-7192F899F8AA2FAC,3599,TRN-A6951496E6D0285A,REC-4BA27D3C991D1663,C,1
MOPD-C0DED9C1DB47E12A,3600,TRN-94244C479D374C68,REC-E29621090CDA1DCB,A,3
MOPD-FE3B0D8D0F63B2A9,3601,TRN-A429AE461BF0F2D0,REC-C94C345D635761A6,B,2
MOPD-6D95C742E590676E,3602,TRN-D1BAC50737A0F4D0,REC-B4A81273E907C0B9,C,1
MOPD-0044F403E0E8F39E,3603,TRN-AC527C334113F520,REC-DABF2228EA7802B0,A,1
MOPD-D9BC26313DFD4771,3604,TRN-CEDC169F65C960D0,REC-7AA0AC35BCE7B99F,C,1
MOPD-FE4D90BCAA625FE9,3605,TRN-7BC0BB3990F5B60F,REC-053D2F550CAD841E,C,1
MOPD-6EF3ACEDB9B04AAC,3606,TRN-A5796660A441CCC0,REC-2618BEC009E3504D,C,1
MOPD-360FC2E1B87E4397,3607,TRN-9B2A4142D3E75571,REC-BCE45337F01B9924,C,1
MOPD-7DF5033DC57735F9,3608,TRN-23AD702003B5AAA2,REC-A9232E6456F71903,A,2
MOPD-255312CDCC78AB16,3609,TRN-862B35FF7992B6C3,REC-48C0E5D2B2463E0A,B,2
MOPD-58F965CDB289A7E6,3610,TRN-605DE85C1C654B77,REC-EC6A45A7285F6778,A,2
MOPD-887E26ECDEDD77CC,3611,TRN-CD97A276640BFF71,REC-E048AF3CFAB4A21C,A,3
MOPD-D36AD00073F32A9D,3612,TRN-58D55015CCF1CD70,REC-27058DFBF8928141,C,1
MOPD-61CEC43AC1E69F11,3613,TRN-004EF7EB2A58BCE2,REC-D640F035D004C92F,A,2
MOPD-AE34D869EFE68B15,3614,TRN-1204F7D38F44B51E,REC-D694424665365BED,B,3
MOPD-FDFCD46ADF8B03F6,3615,TRN-D479F9DBD4262A14,REC-C3F442FFFC5B816F,A,2
MOPD-B7B174D32C85496D,3616,TRN-0E8715DB9CB374C4,REC-E3F9C41B991B6FAB,C,1
MOPD-F5342229F1CA2CB9,3617,TRN-0C344A77F9439644,REC-8F5DBD5F6361E572,C,1
MOPD-8B655C123F53BFA7,3618,TRN-A42C9EA7C7A8987B,REC-86E3034CD1F70819,C,1
MOPD-B298EC0E80FC9D54,3619,TRN-F72DBDA5B55962B4,REC-DEAC5CF0F5023051,A,3
MOPD-8082D759DA0DD87C,3620,TRN-47DB03903303FB54,REC-025EA40CA140BBD7,C,1
MOPD-C2682C5B60D25C3C,3621,TRN-983F3EB2A47C13FE,REC-1AF64F2CDA1B00F6,B,1
MOPD-7184871B002BD51C,3622,TRN-92CFFF442435FD04,REC-05BE943F7B081323,A,2
MOPD-37AAA0221DDA305D,3623,TRN-AAD319A0AB8F8395,REC-078F919A3B68D5E6,B,3
MOPD-70DA66D880841708,3624,TRN-54A5EE58993ECFCF,REC-AB7F410891864A43,C,1
MOPD-A48E7003C9B1B05C,3625,TRN-50F693F547606FB3,REC-5BFF6B07D31E3C81,C,1
MOPD-3FF47BCE46903D1C,3626,TRN-6CA99CA66B0ABC01,REC-FFD19584E0650DB7,A,2
MOPD-4E428F413008F62B,3627,TRN-CFB4A119929A8C15,REC-BADA56F976203D61,B,4
MOPD-47F267BD1C12BD75,3628,TRN-765FA506FDE081E1,REC-4A2588EDC5DF1F4D,A,2
MOPD-1ECC8A227997A434,3629,TRN-391E81CD51BBBE12,REC-AA104E67A0FD8CEA,B,4
MOPD-F32131834C0DFC40,3630,TRN-BA79C4A74A7B0250,REC-895926B9FF67F1C7,C,1
MOPD-6EFE330B556BC51F,3631,TRN-EF96CE7CA8F17059,REC-0A652EB6CCA7E9B1,B,4
MOPD-7C0340A3D0046530,3632,TRN-16DEBD756FF9CF71,REC-86D1599462B187DA,A,3
MOPD-FCE39E8FA3460D32,3633,TRN-47362936D9C0D766,REC-6477CD533D1205D2,B,3
MOPD-8BE7494DE479020E,3634,TRN-93B9AD6CD890346D,REC-2051ABAF05D079F6,A,2
MOPD-A6A97A071F5BA4DB,3635,TRN-A3E6D6670C34D921,REC-2470216517E3CF0A,B,3
MOPD-1DEB0C7C53B7F8FD,3636,TRN-92EF237DF7ADE71A,REC-CBDA9CBCFEDEA1E3,A,3
MOPD-199F1F0795F4969B,3637,TRN-6885522589BE6F40,REC-32398528572BA594,A,2
MOPD-EE58696AD6F9D30C,3638,TRN-A25DE5A2C96A15C4,REC-8255B56EA32006BF,C,1
MOPD-4E47A052F6994A3E,3639,TRN-7F4558BB3EFF39CC,REC-E91C789441718212,B,2
MOPD-35CD3E70FA6BDDF9,3640,TRN-44A33FAF847990E1,REC-D22D9D15304CF8D4,A,1
MOPD-D83A6FCA383EE636,3641,TRN-8006FA7CF1AB635A,REC-A3C4213E624B53C3,C,1
MOPD-0DFC5A89909DA0B8,3642,TRN-437271DE12B2DE05,REC-7A76434446D4742B,A,3
MOPD-BC00164109CA7ED1,3643,TRN-B72F0BA1CA4335C5,REC-371799BB4776F0FB,A,2
MOPD-A9D8AAE2D9C75EAC,3644,TRN-61B72CE4377FD8F4,REC-8209CD2B7BF1DCDD,C,1
MOPD-17BF2690442491B7,3645,TRN-363443861BDE815F,REC-A6D134A0579C4157,A,3
MOPD-1B4CF66E59BDCE5C,3646,TRN-EF9F937BC86230AD,REC-22BFFE0E53C485F7,A,3
MOPD-DFB66DB7114545E5,3647,TRN-302FE3094031970C,REC-930BC09F2D506655,C,1
MOPD-2489FE143CAAC7A5,3648,TRN-C382C5AFAD537F6F,REC-9BC99EAA19FCAF2F,C,1
MOPD-7B2F8C8F5D200DBA,3649,TRN-1B80E08F3FE6F83C,REC-ADBC7F9060D13661,A,2
MOPD-E895656CC302BC21,3650,TRN-749A8FABE187D4B1,REC-2863237C82D1CCCD,C,1
MOPD-F8577871CC10F897,3651,TRN-F1373CBE330D6EFD,REC-559466B2BE43EC8C,B,1
MOPD-C2C855C0EDBA3A0A,3652,TRN-16A669F4CC64AF57,REC-ED7484C53C21E9CA,C,1
MOPD-26FE3A34AC8843E5,3653,TRN-21FF51706FC59F52,REC-9E315074F9D7E580,C,1
MOPD-C74102D0B1800D06,3654,TRN-1D7ABD5AFC8BC8A3,REC-032DFF0B23B10D7A,A,3
MOPD-38E758C991C60889,3655,TRN-7148E074B137CEC8,REC-B212680E87970C2D,C,1
MOPD-6BBEC59BAC2C8DE5,3656,TRN-1AC981DD6E28E1BC,REC-1EBB8AEC6FB88A4C,A,3
MOPD-E4B0B38F403BD6ED,3657,TRN-E1495BC6D4551298,REC-1D85D6A68CE24E28,A,2
MOPD-716A49A027442C26,3658,TRN-A89B3686D81C6D62,REC-2E7F114F89A8CB4C,A,2
MOPD-1A4B65E79FACC455,3659,TRN-DECEE7082907A739,REC-EBBB76CD3944B6E1,C,1
MOPD-C7568E22BF21946E,3660,TRN-7816D496F8C2121C,REC-7884AA225241219E,A,2
MOPD-8147D11CEF93474E,3661,TRN-AD21520A2EC3E69E,REC-C8FC10E48334B9BC,A,3
MOPD-F937A042B8BECB68,3662,TRN-D188E7A41FDC94F9,REC-5CF303617C1E2BF8,A,1
MOPD-7F66ED4FF69E092C,3663,TRN-49DC81F993C6A74D,REC-576762155656ED10,B,2
MOPD-319889D17D061F3D,3664,TRN-C57272AEE55BD063,REC-4D9C1B631825ACCD,C,1
MOPD-F3A8D10DC907DF0C,3665,TRN-FD87E40422099885,REC-B0D6211F4F25DD27,C,1
MOPD-E3C19D14F456E146,3666,TRN-DC128B772041F1F8,REC-67059C09C281BD43,A,3
MOPD-83ADF3318FB54CBC,3667,TRN-57AD4525B27FA288,REC-F967A132D1C07897,A,3
MOPD-07198FF39C15A1A6,3668,TRN-65FE073EEA0154AE,REC-7D911E5CDB13583B,A,2
MOPD-056C65D3B15704CB,3669,TRN-B385326B523BE71C,REC-48676853C1EEA145,A,3
MOPD-0017CC2023D04E8D,3670,TRN-E537689D73752319,REC-E80D3FEB43C4C7D6,A,2
MOPD-D4FC6EC6579E8B89,3671,TRN-B7A58406C2699487,REC-4C787699EA9D4B75,C,1
MOPD-69E5D67D2EA3325C,3672,TRN-F2DA9D88FFCBF01A,REC-AE130145F9896D03,C,1
MOPD-391CF2F1E0B9B69D,3673,TRN-06223677706F6605,REC-38F6765525734701,C,1
MOPD-111CEAD730E33296,3674,TRN-D554436C31FA1BEB,REC-8F60E94EE5DD455F,C,1
MOPD-6DEB6FA7C79E1636,3675,TRN-AD7C7DCA22A5318B,REC-73A0D99B9F59BC05,C,1
MOPD-9CFDFBDCCC9978D5,3676,TRN-34ADFE99B4CA52B9,REC-7E5336C1AB76AA2C,B,3
MOPD-8DCCAB0932A6C1A7,3677,TRN-7113B25E91AD8853,REC-A064ED217C7BDC2D,B,3
MOPD-F887F8C4BF2D61E0,3678,TRN-E14F3266B1D84755,REC-F302A41FE83C28CA,C,1
MOPD-522563CD1E913D09,3679,TRN-C7BCB0DC25530517,REC-0F3422A310158CB8,B,2
MOPD-1B6DA4ABE3F21BFA,3680,TRN-B52859AA92B16B65,REC-24C31A763390A186,A,3
MOPD-C0DFB32A56B39FD3,3681,TRN-01564B7C4CA9DC8C,REC-EE3BBC60060DE989,B,3
MOPD-E94F23C0F1CF584E,3682,TRN-CED4419ECCF68376,REC-3CA5A5C2C714E350,A,2
MOPD-2EB0ECBBF7E771F0,3683,TRN-E5A72DE11656072B,REC-3D1A479FD3B716E8,B,2
MOPD-26D49F16C67A3C87,3684,TRN-F71B53157A76815A,REC-94E0346B2F34A0A0,B,3
MOPD-D298A7F66719E02B,3685,TRN-2495235CA402A503,REC-4E370CD6432AE043,B,3
MOPD-55D76EFCEAC2ED32,3686,TRN-779C1A8E9D11BC78,REC-AB924AF056230F52,C,1
MOPD-6C9388071815C67D,3687,TRN-4131A695CFF4697F,REC-B88F6538AC35726F,B,3
MOPD-1E401D6B7D08BD9D,3688,TRN-BC00A8DEAAA2550A,REC-20DC620D0D8FA86C,C,1
MOPD-A85117981FE3979D,3689,TRN-C44A54EA24906FC9,REC-1397B472A9A98B52,C,1
MOPD-5EDD5E4C1CC8CB0A,3690,TRN-7CC97B1B65359791,REC-A7CC137639358A76,B,2
MOPD-87825F0553B21630,3691,TRN-8E0C383CE692294B,REC-E0B082D5555B2749,A,2
MOPD-61822F1626A97E90,3692,TRN-2245F5479ADFF48A,REC-7AD200151E1933DC,B,4
MOPD-40C4FF3425ACF245,3693,TRN-E5A0A44AE9221CDB,REC-8B9591E9C78D89B3,B,3
MOPD-5172F5A482B296A0,3694,TRN-D6ABB8A6856317D9,REC-CACA8EB71CA0D739,A,3
MOPD-44897F8DF5DA2577,3695,TRN-533AB42E4F85F7C4,REC-5F60D81A0BE042C2,A,3
MOPD-11BBD438773BE6A7,3696,TRN-A5400E65B2686BAA,REC-54FD8AAFE000E344,C,1
MOPD-77B959984FC6FD2A,3697,TRN-74915C8432A814A0,REC-BE287C3CC4901361,B,4
MOPD-D039926401CD877B,3698,TRN-65DD4414E72A0C69,REC-E30CA8A16027836B,A,3
MOPD-542D00A0E38FA297,3699,TRN-CED4419ECCF68376,REC-3CA5A5C2C714E350,A,3
MOPD-620DBC1C73C5CB8A,3700,TRN-A7CF1FF1D63DA911,REC-B893AD273EC456F6,B,3
MOPD-2AE7AFDAC517DCAC,3701,TRN-1160ECFC51A79ABF,REC-DE523DE32B10DF3A,B,3
MOPD-2D97C130B7558258,3702,TRN-48AA0490D9DBAC44,REC-76ABCA91BD9C0AF4,C,1
MOPD-5A45B7FEE88EBC77,3703,TRN-E73A220D86F3DFC2,REC-7595E95690293D61,B,2
MOPD-6A79EA999E7693A3,3704,TRN-4F560AA4CBD84708,REC-3E497A00776748F6,C,1
MOPD-895EEF357CB35C5C,3705,TRN-75D6609761D0E8CE,REC-348FD094E94F344B,A,2
MOPD-877D9ED42F164F97,3706,TRN-A4D18897BE1CC18A,REC-AEADE79346FCC705,C,1
MOPD-2AB207762EB3D5DF,3707,TRN-B16C100071CCF68F,REC-1936A1BDD6F2C48B,B,2
MOPD-2422B44A3E28C50C,3708,TRN-A4ADD8A42C3B45A7,REC-9B8DBCD08C6171C0,A,3
MOPD-5AA947D1E2ABC033,3709,TRN-5492BAB4956228A2,REC-5F82375757ED7C57,B,4
MOPD-64C26024E8E22562,3710,TRN-8ECA0FA35F41B2C9,REC-3BCA65222F4B3127,C,1
MOPD-3A0F730DBBFFB54B,3711,TRN-AF63911B4475F8FE,REC-E0D0C6FB89EBCC2F,C,1
MOPD-0CF9D9461EFE38C1,3712,TRN-734B6DD7630CC447,REC-1B0EF9AAD87CB298,B,3
MOPD-671C69E92096C6FF,3713,TRN-A960F11794E52B3B,REC-32AE7B8277D3B7B2,C,1
MOPD-A5F78FA9C3E6E8CF,3714,TRN-674C867398AB29C7,REC-91DE265CB5221D40,C,1
MOPD-74D3043F54946612,3715,TRN-B58F9AB1E01EFA67,REC-561B600FA04957F4,C,1
MOPD-F002EF2A8D8D4F40,3716,TRN-5C4DAE83DABA3B2B,REC-1957E49F9A025AC4,C,1
MOPD-204EC7BA7378F239,3717,TRN-7A25F1120F34935A,REC-98D6D4FE99B47494,C,1
MOPD-E0E6FEE0FF632229,3718,TRN-368412DFE9BD0B4A,REC-063E71599BD0A894,C,1
MOPD-195AC6C7DE37A9E3,3719,TRN-F3ACCED737B0B42C,REC-84885F73069FABB5,A,2
MOPD-119BFF1A690F657E,3720,TRN-189DF6EB5FEDBA7F,REC-372C629F0E8E4088,C,1
MOPD-B5680667A709D646,3721,TRN-379F936547F0046F,REC-C260F42D67FF372D,C,1
MOPD-58A9563E184E4FC7,3722,TRN-7AF709F8A0FEBA15,REC-1019664E02D16C16,A,3
MOPD-C6E34E7DB4D975D6,3723,TRN-ED57DEB00D329DBD,REC-2F2F8D70E7037F6F,C,1
MOPD-5CB4663FAF1DB362,3724,TRN-FFBD1FB01525CB4D,REC-9ABD950B217B442F,B,3
MOPD-090CE55EC4DFBD6E,3725,TRN-58778702A590D183,REC-8B0D8CE167B55EFE,B,4
MOPD-6E9C737892A47D1C,3726,TRN-B777C31208E7279A,REC-BDC2A6F887CE6E48,A,2
MOPD-FDFA0595F0319043,3727,TRN-7D15E2CE35AC1A29,REC-BB7F347037CF60EF,B,1
MOPD-F2234DB8D2332593,3728,TRN-019D0094C9A24CF6,REC-856B10385C87D491,C,1
MOPD-E38509F3F1C56C9B,3729,TRN-80E87448046C5122,REC-B1DDAA9EE7D5CB6B,C,1
MOPD-CA585C6499902845,3730,TRN-CC9A2D378D6A85E2,REC-25B3A6F24DA72060,A,3
MOPD-EEA096CBE2F51A5F,3731,TRN-7F6488EED1487FB1,REC-0B9AE699F4F2046A,B,4
MOPD-EDEC4E7D5FFF55BE,3732,TRN-8D50885B61C95E7F,REC-6D9FF4CC28F9D2D3,C,1
MOPD-B8745AA3DB03421A,3733,TRN-95EE8B644237EA06,REC-FC83998B4FAD5984,A,3
MOPD-F808F64EBD44F806,3734,TRN-63E92EEA5E2F12AF,REC-CE32A408E2D16C7F,B,2
MOPD-7D8EFD628AFD4958,3735,TRN-915E54E116DFB471,REC-C9CFF437C78C0BC2,B,2
MOPD-24509294D887DA90,3736,TRN-9C4F4F1E5DA6DF79,REC-225EE8462D1CA7B9,C,1
MOPD-CFBB5247D5147779,3737,TRN-A02A03A2BD1F5899,REC-836B3EDDF5AD50EE,C,1
MOPD-73731C1A0CCF1DD4,3738,TRN-A04FA3DD230BA726,REC-03E4D2C5F007B55D,A,3
MOPD-315EB1F977725349,3739,TRN-7FC2656C728FE513,REC-C0AEC0C508C8BFA7,C,1
MOPD-87685F838E554305,3740,TRN-5DED2ECEB3A550E4,REC-A847DF35F6204012,B,3
MOPD-7B7B82F6DB0C22A8,3741,TRN-4F106EA6AB6CBB38,REC-8CE11D9745F75A16,B,4
MOPD-6330979EC78D3BE8,3742,TRN-225F84879E74B746,REC-F078C14131A721E8,B,2
MOPD-C23582A054AD81DE,3743,TRN-1499BEE9F1187314,REC-7D5C6EC1ED378EB0,A,2
MOPD-A56CE4BDDB3EA2BF,3744,TRN-94245E2409B94899,REC-6A6FF2676DC9AF84,B,3
MOPD-7F20A193F9E4BA41,3745,TRN-6CEF477C7FCBC4C0,REC-F8E05B6CE5FFCAC5,A,3
MOPD-6932DAB0CDAD63D8,3746,TRN-C9C8CD1049454F96,REC-2C39B4E77DA3CB36,B,3
MOPD-5A0A5DA22DCE4109,3747,TRN-102247B14BD0505B,REC-5CF9FF918A665C1F,B,3
MOPD-53849B81C74E3222,3748,TRN-1E4BA474AA91C168,REC-6DA67081EE8A72A5,C,1
MOPD-668722A2C72FFB47,3749,TRN-E59EBE7E3FF1AC16,REC-99929FD4CB13912E,B,2
MOPD-90A26A6F219E4364,3750,TRN-F98FFA237ACF0DB4,REC-B20B1582E2F47587,B,3
MOPD-6BC236969014AD68,3751,TRN-B2CAD1D3F892FD3C,REC-2349D6A1AA41AFE2,A,2
MOPD-91A061445428420C,3752,TRN-7EE0F3FEAEE52334,REC-B5850EED4EAC3EF5,C,1
MOPD-ED7730A0B9A99884,3753,TRN-3E4385868968FDB7,REC-5383D8B14F5B200D,C,1
MOPD-69FC8025376283E6,3754,TRN-2629B62C244D6FB5,REC-D4195C61F2F1526A,B,3
MOPD-B137A506BACDC95D,3755,TRN-8E9F723CF5E86570,REC-C5899351914CD792,C,1
MOPD-4203D4BBE34DA0AF,3756,TRN-DEF0DA5DA9F98956,REC-268091D80DD726F4,B,2
MOPD-F6A019A8D493479C,3757,TRN-419FC1E7933C6A24,REC-9BD1D6C7EC9C7988,A,3
MOPD-0989E2023B0BE490,3758,TRN-B01636449D216381,REC-AA9BE7DF16B58B08,C,1
MOPD-E0822E0151B3FDFA,3759,TRN-A915DFF428690870,REC-59FD22B0704AE17D,B,2
MOPD-D0E89566D17B3670,3760,TRN-1832F6344E6909C8,REC-C7B625AC5494B028,C,1
MOPD-74B0E43B4C986881,3761,TRN-5DDAADD0B7C2C8D5,REC-25AF7C7A1D69CF26,A,3
MOPD-CED5EA012F10F156,3762,TRN-10A03C174AD64769,REC-C6BEC07AB9A1132A,A,3
MOPD-BDD8BCD37C0BCDAD,3763,TRN-67414FA2399DD582,REC-182DC3C70E9DEA3D,B,3
MOPD-61D8A00622D461A9,3764,TRN-D07F0846C400F739,REC-2E8D8090D19A4DBE,C,1
MOPD-B811C6C29A90312E,3765,TRN-71FD2FB833427C73,REC-0022476E57878C5A,A,1
MOPD-BB61F23A1038F4A8,3766,TRN-073ECC6103FE5013,REC-C328D7BE8E730729,C,1
MOPD-0C33FF7338B93B99,3767,TRN-222C70E711B8C061,REC-62058A8DAF99D767,B,3
MOPD-ECD66D89A1C4D2B1,3768,TRN-A8E9EFDBE05B4F45,REC-0B9FE65B544D01B7,B,2
MOPD-5DA7DC617BBD822A,3769,TRN-892B85C5C3E5172C,REC-55BD95E20EDD6D20,A,2
MOPD-45C58CC2A02137DF,3770,TRN-E07EB2136FDB8DF1,REC-48A19A4A950A8DED,A,2
MOPD-045E0517F3F2E686,3771,TRN-F109502F0578DE6C,REC-B5BC6AD9E27F6BB4,B,3
MOPD-E8854902D86E9051,3772,TRN-8C1E22CF514356E0,REC-489B27ABACEB8F58,C,1
MOPD-A1372D0FF685C208,3773,TRN-86E12948710E2280,REC-BBC733FDA6435045,B,1
MOPD-5B3E4830CC9B406F,3774,TRN-4B34528DE6C021C7,REC-E3BFE5496EE2A404,B,2
MOPD-FB0680E3B5C78E56,3775,TRN-91737DD180EA4002,REC-F525A3419386AC0D,B,1
MOPD-3F8F11C108F02001,3776,TRN-6FAA766CEFDFA02C,REC-006DFF678E898F4D,A,2
MOPD-52C922FA10BE79CE,3777,TRN-798DB4EE02DA52C1,REC-7D808C85FFD22DB9,A,2
MOPD-13E0FDFE9A01A360,3778,TRN-9494C892B2BBDDD8,REC-953467815285C0E8,B,1
MOPD-CAE0F98B4B394590,3779,TRN-41E8D1959C002EF2,REC-F01D9C76BB71809E,B,3
MOPD-A8B796C18BBDC85F,3780,TRN-659E710199041329,REC-67511B680932E0FB,B,4
MOPD-B4C9FAC3B13B79E5,3781,TRN-FCD8128394E03B8B,REC-968B25AC947284B3,B,3
MOPD-F1C0CEDC6473CB8D,3782,TRN-A0B90FFEBD4241CB,REC-A2F627E21EDB0E81,C,1
MOPD-6602B38A6D2A2C44,3783,TRN-20C9E81ED36D04C6,REC-870D631762765697,B,2
MOPD-289D3CEEB77776A2,3784,TRN-B0957F51B8BC62F0,REC-A96CED70A5055C47,A,3
MOPD-5DF6A124E9C56B81,3785,TRN-45DF7DB7049FE3B7,REC-4D1342AE3EA79271,B,3
MOPD-2C7F4AC39EA09DC1,3786,TRN-907333981E4B0510,REC-313F2E3E74483779,B,2
MOPD-9A5B7CD8FE3AF832,3787,TRN-56B20139059736EE,REC-439BACFB1EAC7EF4,C,1
MOPD-FAD996DB90E6A932,3788,TRN-8E29550881D16AB7,REC-98CC88E4C396293A,A,3
MOPD-A35E945D1959B22F,3789,TRN-0EF24C39B33FD30D,REC-6B2E5F4166155E94,A,3
MOPD-95FD3DEA6FB29F4B,3790,TRN-111E03803BECEF8E,REC-1C4627362441D489,C,1
MOPD-A5D41F99D04B8B8E,3791,TRN-75FCC497E170B528,REC-CFFD6D36432A82C9,A,2
MOPD-B673FDE3FE5C9EB0,3792,TRN-1EF6E85FDD66606D,REC-D4A3B87CD884F689,A,3
MOPD-18C8F8E42513D2BB,3793,TRN-0EE4BF1185DF1CD6,REC-8C186D3923505CFE,C,1
MOPD-020BD61537E30BBE,3794,TRN-44725D5E3D1CEC41,REC-5900A3BB34481581,A,3
MOPD-D98198A8C0593803,3795,TRN-B89993162ABC13C4,REC-1800284D66246427,C,1
MOPD-49138576A6FD94C1,3796,TRN-402648E54CE1E862,REC-911001323BDD0D32,B,4
MOPD-13C3F4FA3797022A,3797,TRN-D183E4F29CD30B8E,REC-6B2A7D45E45E4B38,A,3
MOPD-0FDB6C3E6C19BADF,3798,TRN-E85E4849EA2AB779,REC-68CE461DBD6801DE,C,1
MOPD-B01EB2CCFC93D44B,3799,TRN-B16C100071CCF68F,REC-1936A1BDD6F2C48B,B,3
MOPD-7DD341C7D3EDE79C,3800,TRN-E73A220D86F3DFC2,REC-7595E95690293D61,B,3
MOPD-1119F37A62326082,3801,TRN-5559CDE0028BC23C,REC-16415D1AE7873B21,B,3
MOPD-F4077B61D1458F50,3802,TRN-15D89BE3BA663673,REC-F9A644CA8198773A,A,3
MOPD-9D99CB149D79AF79,3803,TRN-AC527C334113F520,REC-DABF2228EA7802B0,A,2
MOPD-8EEBB81DC983E0FF,3804,TRN-BE15414604B69C8A,REC-D5254EBEF2BF3626,B,1
MOPD-B04E489BCB33F128,3805,TRN-60B4DD41D268D758,REC-BF6065DDBBC0C044,B,3
MOPD-80D5D8F8F17BAF19,3806,TRN-3674CE4E04FA705D,REC-A8C2CE6BC55D38C9,C,1
MOPD-F3F14656CD935C22,3807,TRN-8AF6081A7F1F8F81,REC-7D0C9AD283F080DD,C,1
MOPD-B43C8677C4200F94,3808,TRN-E5CC73B5D9F99524,REC-07AA86CA8621F852,C,1
MOPD-7B46BD036C9E447A,3809,TRN-9315D7147682092E,REC-82E88B8E4BEEAC4D,B,3
MOPD-4A950647D937C557,3810,TRN-DBFB84646656EC83,REC-EBE110A231D2DAB5,C,1
MOPD-8F22F558978441E1,3811,TRN-66B5C532D7586BA2,REC-8A43D6CCF67DA20D,B,2
MOPD-7D5A5437207E9863,3812,TRN-6E45B1B302180767,REC-9E30E3EB0FADB86B,B,1
MOPD-2B9E8CB989E59656,3813,TRN-7D898D50F38A551A,REC-12399052BEAFBBF2,B,2
MOPD-09CC15FF13E8032D,3814,TRN-BF4A5C7D58C2DB6D,REC-C02701F76C021BE7,C,1
MOPD-F72C56F1576A18DB,3815,TRN-E1495BC6D4551298,REC-1D85D6A68CE24E28,A,3
MOPD-F83FCB2CDFBF59CB,3816,TRN-663A3ADA75CB898E,REC-119C25929B771294,B,3
MOPD-2A06DDA5DD029943,3817,TRN-427A8BE1A3D8C468,REC-E31F1A803373996C,B,3
MOPD-DFBD4CBFB39C9F85,3818,TRN-7B2B5CC8F1756F72,REC-F4BE081B4E28387F,B,4
MOPD-DFB6D1C6C4400292,3819,TRN-2F9786AD1FBFD5FD,REC-905FEE757A4BFFEC,A,3
MOPD-3BF023ADC159919D,3820,TRN-85CB405E738AB7A7,REC-FBC42329A0EDB8C0,B,4
MOPD-DEB6A75E7F2C1121,3821,TRN-55947DBA66852C1E,REC-025B18B98539E67C,A,3
MOPD-FC5FF3FB3382302A,3822,TRN-9D954620D0DCC918,REC-9E92270191EE7818,A,3
MOPD-DDC891B2010AD808,3823,TRN-3E7524E66FF9DEC3,REC-F410BF2AB821C5FA,A,2
MOPD-FC84342CA51798A0,3824,TRN-3A6E768847347A2A,REC-E8F4EF63AC1AE3B2,B,3
MOPD-2FABCEE5E85D80DA,3825,TRN-C56FFB4DFCF45E79,REC-F9B0AA9BF0839325,A,2
MOPD-69E90961D5317ECE,3826,TRN-862B35FF7992B6C3,REC-48C0E5D2B2463E0A,B,3
MOPD-9B21095B2694A05A,3827,TRN-F6083703318AC62F,REC-2A49F556C5E626C2,C,1
MOPD-8D8EE5B693D720E0,3828,TRN-6C118F6123DC85FA,REC-B903B85098E5DCFE,C,1
MOPD-E006A3EB60546264,3829,TRN-663A3ADA75CB898E,REC-119C25929B771294,B,4
MOPD-61AC0E70C3169DA5,3830,TRN-71E345F36F834FFF,REC-4CCFFD8A53043EAC,C,1
MOPD-D2F79663B1C0523A,3831,TRN-8B78AF116D4C17C0,REC-DFF8F84109A5B4CB,C,1
MOPD-64E59CA94DC01F5E,3832,TRN-2B0D9B2769395ED0,REC-4E2FBA71BE97B629,C,1
MOPD-4D24BD2286715847,3833,TRN-9A989D117F2C4049,REC-315A865313761216,A,2
MOPD-94BD99E12BF7E0F5,3834,TRN-F5A561F82FBC33DB,REC-323ECD52A473CAD6,A,1
MOPD-BBD687C6DD905383,3835,TRN-13B5838CC6778631,REC-B3845C08DB549098,C,1
MOPD-3E253C218828E8A8,3836,TRN-2AB1E31972BB75FA,REC-E7C3F4DCD9804610,C,1
MOPD-DC1E2A466D391554,3837,TRN-2449ABA6FEE0AD30,REC-AA26B1EBE4EBBCEA,B,2
MOPD-8A54B566CEC418F9,3838,TRN-1B0D1DA8E42416E2,REC-1EFD392D629FB90C,B,4
MOPD-6B376C6B4AFBB20E,3839,TRN-8DCCF1D70EC77F3D,REC-380509D01BF45C03,C,1
MOPD-04122216E6A82F1D,3840,TRN-A287004341238AED,REC-302D8D06BE39870D,C,1
MOPD-AF62A19ED6DADB74,3841,TRN-B2B783E03DCEAD09,REC-ED303A0D5CD1ABF8,B,3
MOPD-77A80A83B8658270,3842,TRN-9B4DA2EAC367A3AC,REC-494A53AA12F4F020,A,3
MOPD-9A73E4A04A830565,3843,TRN-A26A46BBD9D2BCDA,REC-D6DA61DEAF6CA02A,A,3
MOPD-16B9BF5B9C4A9A0F,3844,TRN-BF06CE68B77E7CDA,REC-A0DB63B0D8D49310,A,2
MOPD-B07D63C45835C4F6,3845,TRN-016EE6F5D42B9F73,REC-D29A72DDAC60C491,B,4
MOPD-98B4CB9A1E73DFB9,3846,TRN-5FEE33917FB24005,REC-6517F853D5945AEA,C,1
MOPD-D6661DA162F246AB,3847,TRN-44F154A7841967E4,REC-EDEF394F6BA3C838,A,3
MOPD-7DBC875857481690,3848,TRN-AECB386F50F57241,REC-EDE2032B939B6F01,B,2
MOPD-6DDC8F286C31CB06,3849,TRN-51DD57DD8980AAF1,REC-89BB3108D81D4FF8,A,3
MOPD-D1A699C682A641B1,3850,TRN-49DC81F993C6A74D,REC-576762155656ED10,B,3
MOPD-0C7F86BB2C5C6FDE,3851,TRN-1DD9FA8E431F4928,REC-5B1FB1DCAFC187C5,B,3
MOPD-EC8AECBFD53AEAB2,3852,TRN-CB6B79D040B7CAFE,REC-6C37AD67FCA8F8EB,A,3
MOPD-2511EEEA4DDB32E9,3853,TRN-3B858BB0BC0C4F18,REC-71D72DC5661EBE0A,A,2
MOPD-7945D55CC72BEC37,3854,TRN-4B53C2790E84B7A3,REC-7144D424130359C5,C,1
MOPD-D762487FB45606EE,3855,TRN-3CF5E8E69A8BFADD,REC-DF565C4F1E60A12A,B,1
MOPD-910A323459371C83,3856,TRN-56A56BFF5C53DE59,REC-796495E538EDA0C0,C,1
MOPD-3472C099630142E5,3857,TRN-5BF17F083743163D,REC-1D96D6E988DE9500,B,3
MOPD-D1D567AAC8CD2993,3858,TRN-E54CDFA8C0B8F2CE,REC-3F958025F2E5A5C7,A,3
MOPD-6B686CA27A765120,3859,TRN-CB3D90ADE0A30E88,REC-0B5E3B21E0E0D896,C,1
MOPD-60549AA5A0FCE5B6,3860,TRN-069B342EB5EBFA78,REC-F02CF6EB04018EAB,A,2
MOPD-FC43E62A887E8AF7,3861,TRN-29E87D508A470842,REC-7D2F847067A79AD7,C,1
MOPD-B78ACA23371B7164,3862,TRN-21A69286AC98B453,REC-9453E43E8EC83F9E,C,1
MOPD-A8F6DA4B589D9712,3863,TRN-898B3A3F2799C973,REC-C0679EA997F2FD60,B,3
MOPD-7E204A83F1798B2E,3864,TRN-261BF8BE1CF05169,REC-46404F479CB1FAE4,A,3
MOPD-19F41FD51CDD56F0,3865,TRN-3C6A3829EC03882B,REC-7DD4C1C6FC3BCB48,A,2
MOPD-A513BF847AC29B61,3866,TRN-DBCAF6CB18E461E1,REC-A92B7F1423B21B68,C,1
MOPD-B97F5467A9323776,3867,TRN-3E280F72E78A95BD,REC-D3D304D772E2657A,C,1
MOPD-AC5EAB38B0B11EB6,3868,TRN-3A9D41BC3EF50A5F,REC-8CF0049ECE212DF7,A,3
MOPD-F974A61085AB4E15,3869,TRN-6792491473B606ED,REC-9D8CC61D2F6C9438,A,3
MOPD-3E974D84A303031E,3870,TRN-61335761F502A3CB,REC-B58FE4E9B84A807A,B,3
MOPD-95F72418EFB5E32E,3871,TRN-B163B689D56D0F07,REC-6F7A457B8F0ECF92,B,3
MOPD-AE3835A970640047,3872,TRN-1B72A11A7D2D3F6E,REC-297A30F462F15689,C,1
MOPD-BEDA22964FE88C65,3873,TRN-65241B426375CE78,REC-C7488C6690FA7C46,B,2
MOPD-1CA8DE0F3A9C25EE,3874,TRN-FD9A2FC9BBEED5DC,REC-30E4F123C0AC9CCA,C,1
MOPD-5BFB97C57CE2C84D,3875,TRN-48A0399C58DC7951,REC-238231EED553C1B1,A,3
MOPD-DA51E6B96DF4D095,3876,TRN-71FD2FB833427C73,REC-0022476E57878C5A,A,2
MOPD-D63E409A02152E27,3877,TRN-0C71AB0A2612E503,REC-229A7F2974B538A1,C,1
MOPD-0769BC1AD2010750,3878,TRN-B70D566A0E19AF31,REC-5F2505ED7BAB1652,C,1
MOPD-C6A3A40529F4D567,3879,TRN-7C257B331293E00C,REC-13EC63DD385DABCA,C,1
MOPD-E3D0755AEFE4B35B,3880,TRN-B9E4FEA4AD7ACF54,REC-593680C6319295A7,B,3
MOPD-C02349F3F040BFCA,3881,TRN-07CF84199DD2A4B8,REC-800766FD61F6A95C,A,3
MOPD-4772A2AA29D7A0CA,3882,TRN-19DD2F6E4EE12C95,REC-D6F232E69BD04E12,B,3
MOPD-A5E7D79A32B8DBDE,3883,TRN-D45472179450215F,REC-6A4051529EE5203C,A,1
MOPD-692935CABDA518ED,3884,TRN-DBB34031823E2AE7,REC-08F793A5FEBD2FF7,B,3
MOPD-80CF01A6A8CE296E,3885,TRN-201EFF58DBD210B7,REC-C958CB0002E82672,A,2
MOPD-36C774D49FD37CF4,3886,TRN-B6974FF9FE6756F4,REC-7B14FCFA883751BD,C,1
MOPD-03F93493ABC8BFB1,3887,TRN-89A587266D311A9D,REC-DB60DD5ACB2B1B07,C,1
MOPD-756A9C18CB93F4B2,3888,TRN-4CD568B85BCAA3C3,REC-1888C2AA04F6DE77,C,1
MOPD-71E914D345C0F969,3889,TRN-6F141FC9A6B355AC,REC-EFF6B4C80E9FE99E,A,2
MOPD-7645967ADCEEC35D,3890,TRN-827206087B28B12D,REC-279860D6091E569C,A,3
MOPD-5E0D0ED48267E235,3891,TRN-BE22C480EA37ECDB,REC-EC921BE06C560CC0,C,1
MOPD-385CB545E10B4FB1,3892,TRN-6DC8E77EF6FBA296,REC-64923AFC02E92DC5,C,1
MOPD-6EFEB5F3CDD98A8E,3893,TRN-123E2F5A3717558F,REC-41CB3522C2146CA8,C,1
MOPD-AB4A2053DB294475,3894,TRN-44196D2C657E606C,REC-24A0CEF8E5313728,C,1
MOPD-55CB87D051F1D60B,3895,TRN-58ED50B434E70E09,REC-9A1C5CBE892309DD,A,3
MOPD-25A004CDAA20CC94,3896,TRN-33BCD757DAA6D29B,REC-BF83952635CC2A50,B,1
MOPD-5F664332FD712A99,3897,TRN-D117BF53733089F6,REC-00367EB32B89E9EC,B,3
MOPD-8135C631FD85EA7B,3898,TRN-33DEBAB4296A28A4,REC-6BDE58E00530C95B,C,1
MOPD-F6626044734657B8,3899,TRN-B777C31208E7279A,REC-BDC2A6F887CE6E48,A,3
MOPD-6D4D1E83AFA47A84,3900,TRN-DD5FA49651CD1218,REC-7BA1EA77E9BD155A,A,3
MOPD-FA0D2CA92BF924F6,3901,TRN-BDA8A7AFD5A5FC62,REC-C416D962B5F5F16A,C,1
MOPD-FC9AE5C3242C2F87,3902,TRN-2240BF09EF66D3AB,REC-EA5E59A4F8207194,A,3
MOPD-59744855D9F3C8BA,3903,TRN-57F473042C32D353,REC-514A71E1EC5ED538,B,2
MOPD-CCA83174517055C3,3904,TRN-519D3A34A03ACDBB,REC-4D3C78D4C6C9CFEE,C,1
MOPD-7FF5A2564E26EE6C,3905,TRN-F897B8F9312E8500,REC-782BE98058C93745,C,1
MOPD-6227F35B55B69995,3906,TRN-537354BF8029EE6A,REC-378A4F66AF05DD02,B,3
MOPD-FDDC85807A455023,3907,TRN-641D9AA7B28717E9,REC-C64A11FA8D53E364,C,1
MOPD-AF8A3BC561686745,3908,TRN-578E43369DCFEC8E,REC-01AC5CAF14149363,C,1
MOPD-CF9F4C5CD05A65E6,3909,TRN-A568CA2237DA5AD9,REC-151DBDB08835B82E,C,1
MOPD-1D0C81BA3C0381D6,3910,TRN-6690FA199629FF9C,REC-57FA94CCEBE152FC,A,2
MOPD-BF3DDD23C90267B6,3911,TRN-512FEF63E5C439E4,REC-0873937598B5E863,A,3
MOPD-6EF2CD3B95731E62,3912,TRN-A8C0DFD0878441B4,REC-3A7C6D78E6978065,B,4
MOPD-31472707442C7C6B,3913,TRN-5DE7FA78759E6A6C,REC-69B1EF4E1D433D27,A,2
MOPD-9DCC2D3F86453980,3914,TRN-E63E3D4AAE50CA51,REC-1D152A95BBE85F01,A,3
MOPD-C7D09E9D1F5A76C3,3915,TRN-2A003099702131DC,REC-687F2F63492E2DAB,A,3
MOPD-FE650199574AFDF2,3916,TRN-8ECA9505885B8806,REC-EB0A436D370265F0,C,1
MOPD-9B91967B69E18AEF,3917,TRN-0B0B720D89F34201,REC-12890D9C7760D28D,B,3
MOPD-0F57756024E4242B,3918,TRN-19789970275ECD26,REC-1D3510019393B7FA,C,1
MOPD-0D1B7F87C4F0BBEB,3919,TRN-3B81147E4D5FC3A3,REC-7BD353DAD8E91463,A,3
MOPD-5D3B2E566A7A9038,3920,TRN-DFBE3A48E49DD614,REC-9C5838C56015D112,B,3
MOPD-593B1CE8B83D5CF8,3921,TRN-7D35BEBE8E7C0A61,REC-AB46834F3A0327B7,C,1
MOPD-B0BEC33B97CA1437,3922,TRN-803FA6273F160426,REC-E0AFA557DEC15D4A,A,3
MOPD-D0ED97CF47E01422,3923,TRN-1B17154315442681,REC-02EEFA6054814898,C,1
MOPD-E943C4EBE87E4982,3924,TRN-B009D35F358466BF,REC-BCAD4E5E354F01E2,B,2
MOPD-D216A2C8C17110C5,3925,TRN-AA1AB52D30626F71,REC-15A013D957198086,B,2
MOPD-6B75E36BA314A6E1,3926,TRN-2449ABA6FEE0AD30,REC-AA26B1EBE4EBBCEA,B,3
MOPD-078254EF64133620,3927,TRN-46B3798B1CF7CC1C,REC-28D07247BFB942F8,C,1
MOPD-2EB5C21B7A47D22B,3928,TRN-E39FA775FD76346D,REC-41DF7C9603D7E729,A,2
MOPD-9CF66BDF732880D4,3929,TRN-341A476B7104C4B6,REC-1C58AA5234487606,C,1
MOPD-A94B3A7E289A6C0E,3930,TRN-621E34941E2FF39A,REC-1889B612803B212C,B,3
MOPD-B5339B3E1BC5665D,3931,TRN-4EE0323DD9383A91,REC-184BAB4328260435,C,1
MOPD-D987F0FF611B9584,3932,TRN-043D6AAE0345E974,REC-3A05C5015F0779EF,B,2
MOPD-4981D8EA7F86FED1,3933,TRN-3FB4D6C0E2C4EAF4,REC-4D10E49B2C2B8F9C,A,3
MOPD-884ED31537F4DE8E,3934,TRN-34BEC79B61F8C1F8,REC-425496169AAE9138,A,2
MOPD-4E51558C93D2F051,3935,TRN-3C733FE5DBDF1849,REC-9BE027D1433E2528,C,1
MOPD-F80CFFBB7EE5349D,3936,TRN-3B692A8025951E76,REC-8AC622006F9108F3,C,1
MOPD-56969612C3FFC5CB,3937,TRN-C901EEF07510B6F8,REC-D502E0FD07F8FF31,A,1
MOPD-C3E4526023360696,3938,TRN-EE5E19CFB9DB96D1,REC-34BBC992BEC14520,A,2
MOPD-D2A28C894E891D36,3939,TRN-6E45B1B302180767,REC-9E30E3EB0FADB86B,B,2
MOPD-E91107FBC8487433,3940,TRN-7514973ED244EA96,REC-C858C5E510EA3816,B,3
MOPD-659F04275E79CF25,3941,TRN-3CFAE000B4BEF89B,REC-62FDB674FAEDC61A,A,3
MOPD-1DF1192C1A2D55D9,3942,TRN-7EF054D6A5759AAE,REC-AAD1F5CD412CABF4,C,1
MOPD-44E2DE43A106E85C,3943,TRN-4B62538C9A471848,REC-B18A39095E312BAD,B,3
MOPD-178D561A2F1C2A7D,3944,TRN-20E8FF0E5B65D890,REC-1574AE6872DBC735,A,3
MOPD-636E0DD6E8D69942,3945,TRN-9D17E7323DFCB006,REC-B4CC00E2079ADB83,A,2
MOPD-3D036DC35CCCBD82,3946,TRN-4FBDEA60E356AA10,REC-A94D9EE199BFA812,B,1
MOPD-6E10190BE446F6A8,3947,TRN-798DB4EE02DA52C1,REC-7D808C85FFD22DB9,A,3
MOPD-00BB6193794847C1,3948,TRN-2F14F31693F52D97,REC-19A33077BFF6FEAC,A,3
MOPD-A9EED77858BB0FB6,3949,TRN-8A905F59E376D4B6,REC-AD696AC88D3B354C,A,3
MOPD-E3C13142A78945C5,3950,TRN-0378B814F24440C5,REC-73FAB5FCE4015A25,C,1
MOPD-D2356AE538E6FE83,3951,TRN-833E6E747916A7D1,REC-DC3C68FE8B503839,A,1
MOPD-371EE468BF8DE833,3952,TRN-93B9AD6CD890346D,REC-2051ABAF05D079F6,A,3
MOPD-C1A449792482F57B,3953,TRN-F1373CBE330D6EFD,REC-559466B2BE43EC8C,B,2
MOPD-EE93B53A327B6F1C,3954,TRN-8B745F871187D576,REC-10166F8779A31FD1,C,1
MOPD-110BC1A7124CC8E2,3955,TRN-58600270F31AE8AA,REC-36DD401D596D40AF,B,3
MOPD-08E63481BAAEE849,3956,TRN-D722BCEE8CF5C039,REC-05670057CB19C0A6,B,3
MOPD-1AB4CD331369C7F4,3957,TRN-66B5C532D7586BA2,REC-8A43D6CCF67DA20D,B,3
MOPD-49E46807197A1CD0,3958,TRN-039B4CC941C6561D,REC-5CB8C8ECBFF0044A,C,1
MOPD-03382E8FBE94B409,3959,TRN-5A39B58D2065973E,REC-BF46BD152195B68F,C,1
MOPD-9F4FA32CF6695DA7,3960,TRN-17A4F9268BF0F261,REC-39BD17533BB95786,B,3
MOPD-C07785D643E6C330,3961,TRN-AA1E634CD4B525D5,REC-D70A520ED940A3A3,B,2
MOPD-40745365B70F71F8,3962,TRN-350828417A66BADA,REC-2E995C8F8E74602F,C,1
MOPD-F7F73435A90D1221,3963,TRN-3D2923D695A00B4E,REC-95591C4C8504527F,C,1
MOPD-67262CC202A97D1D,3964,TRN-5634E27D1EC99D4A,REC-974665EE99642921,A,2
MOPD-8E9D650DD9927C9D,3965,TRN-8D039F56C9D5B57C,REC-7B402B335362B523,A,3
MOPD-6E80477D8AE2E3DA,3966,TRN-25A3B9D42D68EEBD,REC-9EE5F8E458E8B484,C,1
MOPD-32B8152C9D9F5C89,3967,TRN-BB6798FEE54BD2E9,REC-4505524800BABFD6,B,3
MOPD-E260CD8B1EBD1286,3968,TRN-D41CC9B2746C0256,REC-33E88FFE07D419E5,A,2
MOPD-322CD3FCAE841BF0,3969,TRN-6246C40B78A0C5D5,REC-ECEE2763AFA4EB99,C,1
MOPD-4AF60D481A912C5D,3970,TRN-4AB8BDEE8557195D,REC-C294C5F4EB87C943,C,1
MOPD-3286EC6E69EAC6F4,3971,TRN-935E5771F1222055,REC-9643D449466B645D,A,3
MOPD-4484C97147ACEDC7,3972,TRN-729B2F35DF0E29B3,REC-D2C52CEF6AF4DAE7,C,1
MOPD-748A418860AE4518,3973,TRN-4642F13C20134FA3,REC-F334C639FDB10CBE,B,2
MOPD-75EB5AA30AD9E0EE,3974,TRN-893F97694E7542D5,REC-5CB1812917F56B95,C,1
MOPD-02E669740613ECF7,3975,TRN-90193FED8E501340,REC-C0048BA2525375D8,A,3
MOPD-08DCBA1591C9C577,3976,TRN-3D599F36D245B844,REC-F704A975F9A99CEC,A,2
MOPD-8498B99AF1C4D62A,3977,TRN-35EEB80E4314EDD2,REC-2A5580B2FFFC0F66,B,4
MOPD-BEC26F299F24F1E8,3978,TRN-B1A1E7122B0E6A2C,REC-D40155704B3A9178,C,1
MOPD-05680F02CA15DC52,3979,TRN-FAE143EA2D169985,REC-0CBEDD7B19E7BE2C,A,3
MOPD-DAC51A21A433182A,3980,TRN-4F84F2ADB68A0B83,REC-89CBEB6085EB813F,C,1
MOPD-793E69D450CC5ABC,3981,TRN-95F40F68A9882F10,REC-385AFE4C09666327,B,3
MOPD-4F27C21F09CE2FBD,3982,TRN-C8FE4C0B1B53B10F,REC-8D765C6C55E026D7,A,1
MOPD-A173BAE8FFF50E5B,3983,TRN-D52EB8A61D848ED6,REC-FD0DC3B43EB02BDA,B,3
MOPD-34E2BA401CCE19F6,3984,TRN-2A03E1CD11615F2D,REC-06449D77496FB1FF,B,2
MOPD-9148D146988B73A7,3985,TRN-7C7B552B967F88A6,REC-8DF48CCBD5A252EC,C,1
MOPD-3AAC71FECEC8A4DE,3986,TRN-43860F4317A50399,REC-13A7EC02FB2588D3,A,3
MOPD-91FCE80FEDC59FB8,3987,TRN-9DF627A03FC7AFE9,REC-A4F8A9716D714D53,A,3
MOPD-F9BCA438A7354A4A,3988,TRN-D7D302227A8C67D5,REC-49FC3B36F2956E26,A,3
MOPD-E5BD4E253E32B0FB,3989,TRN-A0CFF6FFFB45434C,REC-1AC1728AF5E9288D,A,2
MOPD-B75982D930185D95,3990,TRN-F7D8AFC7387227DE,REC-06ADA77EE5FB5275,B,2
MOPD-D7C97F744C49889F,3991,TRN-756717FE36F65889,REC-326CEB87E237E9EB,B,2
MOPD-A40388574198C5E7,3992,TRN-A908791C9A8F81B0,REC-1BF86C928E579309,A,1
MOPD-10922EFFDF9BDC46,3993,TRN-E308DEACE261C6B4,REC-B44B6DE23251A1B2,A,2
MOPD-601EAB1F9D3D6894,3994,TRN-36221B7BEC9C2C34,REC-1F5BB543562354CE,A,2
MOPD-C8D71BBE25017311,3995,TRN-37BFAEF492D54652,REC-E2267E2170C44883,A,1
MOPD-A234D26CBB4BD1B7,3996,TRN-9DA8D2C202A5BF34,REC-81A28017605280BE,A,2
MOPD-B4D8742EEDFD6DB6,3997,TRN-486248BA2DEAD918,REC-AA805C5976002882,B,3
MOPD-A6F1BEE91A13EEF9,3998,TRN-BB32A9A89AC9FFB8,REC-A7798630E0974F0E,A,1
MOPD-D62743637A39066E,3999,TRN-F6C08C6A4A48876A,REC-0529B47D8C679253,A,2
MOPD-EF8B7B8DE5FCF3BD,4000,TRN-158004DE7E1CA3AC,REC-88B1F4A9189924CA,A,2
MOPD-82CFD2AF8136BBE1,4001,TRN-F15E964B1EFFAD25,REC-838E78E12A7F574E,A,3
MOPD-7DF3BB57ACA63B47,4002,TRN-77C32857F0E8BE17,REC-ACC723105836E910,B,2
MOPD-C5DCAFDBB0707B30,4003,TRN-B7D562CDD4D5FAF4,REC-243388F6C704C946,C,1
MOPD-167EAD9218450AB5,4004,TRN-3E17D0EAA132F410,REC-810D982FB34830CA,C,1
MOPD-E08EFBC20BB02301,4005,TRN-C78D730FB19DB921,REC-5356DD6EA0C19BBF,A,2
MOPD-E9F898EAF873A5B8,4006,TRN-D3F78C81837A48F1,REC-8E087014A87DCE06,A,3
MOPD-0FB65567BF2FFCFF,4007,TRN-081B06256E404ABB,REC-A69B70F7488E3F13,B,2
MOPD-C2850B054C8BF63D,4008,TRN-85D9F972E547C666,REC-6787A916C64DFEB9,C,1
MOPD-E50B3960DD9C3D4C,4009,TRN-44444E8E02AD6E3A,REC-7782565D961C45FE,A,3
MOPD-5DDE9DC634118FA5,4010,TRN-61DDF24B3904E35C,REC-3DE12B609024B1C0,C,1
MOPD-B051D34800C56E91,4011,TRN-F2143BA48BF9A25F,REC-F988F261A50518DB,C,1
MOPD-3CBF1943B7ADF0F9,4012,TRN-53A4151B4F494028,REC-577BE66DF346575E,C,1
MOPD-DE252E3FEF74C95E,4013,TRN-2A409A4018F50148,REC-20727D07DBC05581,C,1
MOPD-738152AFC21B45B6,4014,TRN-B0D37BD62191D533,REC-AC0D73443A76C848,B,3
MOPD-CE021087D5ED2F60,4015,TRN-1A3ACFAFD1E36686,REC-126CFA11C809C6F3,C,1
MOPD-976AD676F48D5D0A,4016,TRN-60381DE91E2F0192,REC-3375191E7D4DE39C,C,1
MOPD-DF8F632BA881D583,4017,TRN-983F3EB2A47C13FE,REC-1AF64F2CDA1B00F6,B,2
MOPD-DFA3B494CDF61EEA,4018,TRN-51506C2C2C621B33,REC-122BC04EEE42EE93,A,3
MOPD-14148D1BCEE25A89,4019,TRN-AC505A4750A31EEF,REC-E961DDC660D716DD,B,3
MOPD-C6F875C20D720E8D,4020,TRN-BC98A68D40312279,REC-E3E5C3B18A1D12C0,B,3
MOPD-E3427A0C90972089,4021,TRN-44A33FAF847990E1,REC-D22D9D15304CF8D4,A,2
MOPD-5F7205BD4A7C1819,4022,TRN-EFC75F1B54D27CAC,REC-00E1706A63B1132A,B,3
MOPD-5FAC8ECC328A08F1,4023,TRN-B367F2F3E812C3A2,REC-F6DA8DB1D7102662,C,1
MOPD-8034E275EFB752F9,4024,TRN-EE38D73BE6B3C35C,REC-056059F13F08E9A0,A,3
MOPD-34633D6698933AC7,4025,TRN-CCBC2C4165986071,REC-17DF31868C0169D2,B,3
MOPD-8BB8204A6F0890CD,4026,TRN-58DD6CC9DFA5EE7A,REC-C09A9D81C4D5A0B4,C,1
MOPD-BEF0C2283A4398A7,4027,TRN-6D9DFB801AF94E43,REC-A5A9281461262718,B,4
MOPD-C412883B42B1DA1C,4028,TRN-9FE6ED77D8DB1F70,REC-825C7794B6170CD4,B,1
MOPD-C812044304B4B512,4029,TRN-D68316F07AB7B3EF,REC-74B019C2FC2BE898,C,1
MOPD-B8DE29B91E08B3C5,4030,TRN-9B6D569CD0DAC943,REC-880637118E62B8CA,A,2
MOPD-3320021C3A669EB3,4031,TRN-B392C4C3D2635F42,REC-FB057C926E733B36,A,2
MOPD-5312E51449A842B7,4032,TRN-40A598E9C0EB1A3A,REC-4BE6720F216FFD27,C,1
MOPD-8706276F568F35CC,4033,TRN-F47F3957251669E2,REC-99C017F5C6D22696,C,1
MOPD-3493E126AD21C905,4034,TRN-D360A477B31212A9,REC-52F79A22B8C022B1,A,1
MOPD-FB020BBA72DE354D,4035,TRN-4C211F2212B17B53,REC-97C9A25E6D167C27,C,1
MOPD-E74E843621E2A76E,4036,TRN-4B382785B98168DC,REC-F82CA19C6CE8D6B7,C,1
MOPD-86B4673572A5F75B,4037,TRN-BE251DA5E44DE081,REC-8B379A571F1A879A,B,4
MOPD-0A4DC277B67787C4,4038,TRN-2D534FB548F7C581,REC-84C5101407093F71,A,2
MOPD-063EEEB1966CAF7D,4039,TRN-D78800914638D0DB,REC-40DDE09360CB881D,C,1
MOPD-7B729EB19488C911,4040,TRN-6E4C212C5E5C32F6,REC-694D21C95F5CA1F2,B,4
MOPD-EF78A379DFBD911E,4041,TRN-F1FD519947E3FA33,REC-1D21AC82F25F97C9,C,1
MOPD-19F642625BA4C5E8,4042,TRN-0FDB9C7E9FEFF192,REC-CFE1F8EE6E85BACC,B,3
MOPD-CC97EE766BE29510,4043,TRN-E6A612FAAC763974,REC-6B1931BE7B08DF14,A,3
MOPD-303ECEF906B343DE,4044,TRN-3FB641583E1B1F1A,REC-25B8C4C4DEBC79F8,C,1
MOPD-6A8469FAD43F3895,4045,TRN-3D599F36D245B844,REC-F704A975F9A99CEC,A,3
MOPD-CCBBC3A4700B845E,4046,TRN-5FB3E15519356DB2,REC-1A1E2B7E272EF855,A,1
MOPD-20773319BB08148C,4047,TRN-413C86C984315058,REC-E22827D0EAB33335,C,1
MOPD-B26ADB1A1A23EBE9,4048,TRN-F3F2C88E9FA6FCA0,REC-06943C26521199C7,C,1
MOPD-DC28E379355F828F,4049,TRN-FCAE87006B64CBF5,REC-017BA86A3F594EF2,B,3
MOPD-4E54CA11AA96EDC5,4050,TRN-28A5693619C5BE4B,REC-B681456F83734BE6,A,2
MOPD-E03ED212B3998292,4051,TRN-F7BFA312FA65E0E5,REC-1784F4E78DE39C63,C,1
MOPD-56151EF3767AA5E0,4052,TRN-6B6218D32FF78457,REC-C5C0A0B330676D94,C,1
MOPD-125C88031247E619,4053,TRN-37B65D327A627591,REC-DE87F8077C06D3D5,B,2
MOPD-27B7A5BFA1742F6B,4054,TRN-92CFFF442435FD04,REC-05BE943F7B081323,A,3
MOPD-6D29C6E65098667E,4055,TRN-AA1AB52D30626F71,REC-15A013D957198086,B,3
MOPD-F7673CE7D3CBD098,4056,TRN-831E67E452C7D8DB,REC-E9DD0312BEF835A2,A,2
MOPD-386799BF63CC36FA,4057,TRN-C03907E4B90E6E2D,REC-44D9EB26ECF82E56,B,3
MOPD-6BA1089466FDB090,4058,TRN-040F485CFDE95B4F,REC-C4778EE49758A4F4,B,2
MOPD-4E796B78A8DCF463,4059,TRN-F7D8AFC7387227DE,REC-06ADA77EE5FB5275,B,3
MOPD-C64762934B949C18,4060,TRN-C844FE8CB03CB789,REC-FECB116E626F26DF,C,1
MOPD-F140C7452AAD0BEA,4061,TRN-D12616A9952C7804,REC-4E01BE616B86245C,C,1
MOPD-56AB9AEE278B83D4,4062,TRN-58ED7E57CC11D0B9,REC-3DE046A93A5CDD6D,B,1
MOPD-0C1F4D470871FAC0,4063,TRN-4DA4FEDA516D5E00,REC-5A6847D1D00DA6C7,C,1
MOPD-1FC2BA32A646BCA7,4064,TRN-F5A561F82FBC33DB,REC-323ECD52A473CAD6,A,2
MOPD-1509090555CE1450,4065,TRN-10CF14E7DBC8C243,REC-2C31A63AF5A8FAAB,C,1
MOPD-1261CF05D3215CDE,4066,TRN-67B48930DEC4743D,REC-2F323474FD0A1E10,B,3
MOPD-87AF6021706B515F,4067,TRN-4A5AF906C763065B,REC-9575E3F543B0A189,A,3
MOPD-0341D72AB6E40E0C,4068,TRN-EFB731837AE10FDE,REC-1D00E650DCA7046F,A,3
MOPD-2E01A8C40FB4BAE8,4069,TRN-E43FDFF8413CFA9F,REC-8C35B793066AD7D8,B,3
MOPD-6228FDA40E05F621,4070,TRN-FBC3DB0C17042B23,REC-6CD0CCAD67E06636,A,3
MOPD-5447B003D1AB04BD,4071,TRN-F7A5331816DB75A0,REC-5319D13C0E44D35F,A,2
MOPD-741831C5B7DF2587,4072,TRN-B28DCB80284E983C,REC-10EE063BF2048A37,A,1
MOPD-2A7915918896B5E4,4073,TRN-8688BD3284C07EAD,REC-7D0060E9A908228C,A,3
MOPD-3536E75DA2FF92E6,4074,TRN-E59EBE7E3FF1AC16,REC-99929FD4CB13912E,B,3
MOPD-6340BB1C93144747,4075,TRN-9C6C760E9A8FC9D9,REC-13F991CCDE8D7575,B,3
MOPD-BDCBA009A9813753,4076,TRN-9A2D84FA663C5A19,REC-9E33AE872808F175,C,1
MOPD-D22534235F475D55,4077,TRN-45EB39CF307E9AF0,REC-5F4A08F1E11D0665,B,3
MOPD-49DFDC36EED9FC7E,4078,TRN-AA545C296D3E058F,REC-2C837EC3963F433C,A,3
MOPD-E23ECF4122070FD0,4079,TRN-E33CEE4C9B5D03E8,REC-84F1AA5CAE4B0B81,B,3
MOPD-BE78E0A2D86C4128,4080,TRN-75FCC497E170B528,REC-CFFD6D36432A82C9,A,3
MOPD-03632A2145A61BCD,4081,TRN-FBDE6680F36D4F08,REC-D993EBDF6949D6DA,C,1
MOPD-5850DF90EE4879A7,4082,TRN-C7BCB0DC25530517,REC-0F3422A310158CB8,B,3
MOPD-20B72FF3725D32C3,4083,TRN-3D50AB6D3600887B,REC-C08958B2D9C8A402,B,2
MOPD-E6B6E69E41403A7B,4084,TRN-D9AF5E15A820DE45,REC-DBD47F3CA73DE615,C,1
MOPD-5950D3B890573402,4085,TRN-4E27EE81D566E57C,REC-564007AF191D2DE8,C,1
MOPD-F8D610124933D224,4086,TRN-57A81AD0242BD993,REC-A2E97453B420FFCB,C,1
MOPD-D442A37BDBBF45FB,4087,TRN-D966FA3E608ACC41,REC-DE548224FBD4F840,A,3
MOPD-689F61DD321894B8,4088,TRN-E3234C251BAB9648,REC-9750B7EE7DC7DAED,A,3
MOPD-D31A384321400F74,4089,TRN-E3AE07090DE999F8,REC-1210C392DA252C84,B,2
MOPD-904214208E1A86A1,4090,TRN-E123055F8F26D4A7,REC-34E1C543F9B9B19C,A,3
MOPD-70503DD0DA4E3CAC,4091,TRN-B911A651D0B03625,REC-506D87EA60D11B53,A,3
MOPD-9BCE9BB85F665B01,4092,TRN-D02ABA69E6D7C28F,REC-DFF84404E3E959C3,C,1
MOPD-63A3F2B90439BBFB,4093,TRN-94245E2409B94899,REC-6A6FF2676DC9AF84,B,4
MOPD-FF79238F5BC73917,4094,TRN-07851DE09074DAE5,REC-3B4301A64EA9D5E8,A,2
MOPD-FAE7551A202AE1B4,4095,TRN-2E60037F5EEAA8B5,REC-DD3FE9ECA2B074BE,B,3
MOPD-4A19B2B1BEA8727E,4096,TRN-0750343EB1F5D44F,REC-DEDEFF74F8241803,C,1
MOPD-0EAE69325893411D,4097,TRN-FCDB9FB5F136AE0D,REC-EB3A4C061E4E891B,C,1
MOPD-F8CE41E4213516E7,4098,TRN-BA834D87E9A6330C,REC-EAC564525C4809AF,B,3
MOPD-07C10FDAC7B4C8AD,4099,TRN-0B0B720D89F34201,REC-12890D9C7760D28D,B,4
MOPD-725BC6272132AC34,4100,TRN-AFDEBCA86421A716,REC-ED60431A13ECF8A4,C,1
MOPD-F800AD86B5552330,4101,TRN-8C4415904EFB1ECD,REC-1954891A32BDCC59,C,1
MOPD-F97549E61A01290F,4102,TRN-2B8B15D19BD9C97D,REC-ACBB13A7169027BD,B,2
MOPD-36D0B75C351EB508,4103,TRN-A83C1E535E4B0650,REC-D04C1767D94865A7,A,2
MOPD-7C05AF3A8652767F,4104,TRN-65FE073EEA0154AE,REC-7D911E5CDB13583B,A,3
MOPD-8E66CF40AD8B2B16,4105,TRN-E8510667FF28C4D2,REC-8C381AA3FD2DE2EB,C,1
MOPD-219FBEE8335CBC48,4106,TRN-201EFF58DBD210B7,REC-C958CB0002E82672,A,3
MOPD-2BE7A8402EE5B08E,4107,TRN-330810C5D45AB9D2,REC-6B64CFA1C76856B0,A,2
MOPD-36A8894FEFF2F660,4108,TRN-CC05F760D9E594CB,REC-E35C88B51DD3AB6F,A,2
MOPD-E432FDC453225CE1,4109,TRN-B1DE1543A31431B7,REC-B21B22079931DD87,C,1
MOPD-391C374C1482F161,4110,TRN-B3C55D8DB0231133,REC-432792F125164EF8,C,1
MOPD-CFE05DD31F4C097D,4111,TRN-1EB090E17B720963,REC-CC6BB292E7C84606,A,1
MOPD-EFFBB1819AB59A60,4112,TRN-A6F864D8970CAF41,REC-715B79825A6CEFE6,B,2
MOPD-8E2EF92E2A88D358,4113,TRN-EF7FA47732E4AFBD,REC-05AFFD2621899795,B,3
MOPD-0916C91B6781489C,4114,TRN-765FA506FDE081E1,REC-4A2588EDC5DF1F4D,A,3
MOPD-F375B7E42E80DC0C,4115,TRN-42B4B187E5BE19BA,REC-0252767E4B707DE2,B,3
MOPD-3227235241734ACA,4116,TRN-E537689D73752319,REC-E80D3FEB43C4C7D6,A,3
MOPD-9D9D6223D3CAC93E,4117,TRN-46A197B52805BAF2,REC-AC7BAC8903FDD5CA,C,1
MOPD-55BE0C610394460A,4118,TRN-A9BFEDDAE868285E,REC-1E74D952EB60A247,B,3
MOPD-F85532EB5775378E,4119,TRN-553C94CDDF2C6DD8,REC-D74BFFF204A22613,B,2
MOPD-54E9BD61A3FE9FF9,4120,TRN-0FA1363721F26E70,REC-DCCAF55FB66E44D1,C,1
MOPD-0147AACBC2095D37,4121,TRN-6E24FEF9B71F1323,REC-F88A4AC0E20DDEFF,A,2
MOPD-636E119FD780DEF5,4122,TRN-92D68104D1899059,REC-46A0581D0BE2FF6B,A,3
MOPD-1D18EF10EC16F874,4123,TRN-4FBDEA60E356AA10,REC-A94D9EE199BFA812,B,2
MOPD-C8F90D9FC4D7352F,4124,TRN-94B0F9B6FBD86E8F,REC-F7969E778C2BF7FA,B,1
MOPD-114CB716B4D1DDE4,4125,TRN-89BF729F458C5C2B,REC-5815C8C471169B62,B,2
MOPD-120A08DC3D7CACF1,4126,TRN-EE649843EDB1F4FD,REC-6A4AED06AE746A29,B,4
MOPD-3F9ACF51C16E9702,4127,TRN-CF93EC152A34AC7E,REC-7C991FDC5AD582A7,B,3
MOPD-991B3FAD7F7E0848,4128,TRN-2D970A7A9A503060,REC-638F7F5925D900B7,A,1
MOPD-B3AFE72FA7F52429,4129,TRN-8502549423474AEC,REC-C0CFECA942A28239,C,1
MOPD-E7C84D29497E4E4C,4130,TRN-69F75655E6C6D713,REC-80B3D59261CBDBEB,C,1
MOPD-9769F7FE675DFD98,4131,TRN-1351690F083B8001,REC-8BD9EE7EF5B607E2,B,2
MOPD-7B9226E812AAF316,4132,TRN-5DDA197CA515F40D,REC-7554860E2E7AD493,C,1
MOPD-A9D41D70B9C1CD82,4133,TRN-9F2A28E7D4619BF1,REC-57107DF49EBEB789,C,1
MOPD-8C900466663E7300,4134,TRN-6BD644B57D0CB426,REC-9D85B6B475509D3C,C,1
MOPD-FA66D514CF06E96F,4135,TRN-27BBA37CC608A665,REC-639109BF0E974296,B,1
MOPD-49D5805F6431B976,4136,TRN-FF8D82BE171567E2,REC-C8FFDCBE60301113,A,3
MOPD-C7A930BA680052BF,4137,TRN-F5381F5C1BD91418,REC-746944AD5A34D28C,A,2
MOPD-1DC611391042BF2E,4138,TRN-F5DC8AB11AA6CA83,REC-2D2ABA4C962F8A81,C,1
MOPD-D617E24080F75350,4139,TRN-ADEB888B5108BB74,REC-C60A9FF870A636EE,A,3
MOPD-17023361A2B0E0E7,4140,TRN-608BB5393A53D209,REC-3E5788D71851A3F8,B,3
MOPD-917A03E0959E7A7C,4141,TRN-486248BA2DEAD918,REC-AA805C5976002882,B,4
MOPD-1ECC4A482F0E8801,4142,TRN-069B342EB5EBFA78,REC-F02CF6EB04018EAB,A,3
MOPD-D13FEEC6DF9E80FB,4143,TRN-509E2F10DCC5A61B,REC-1935BEF1D16CAE09,A,2
MOPD-E58088A1A925484F,4144,TRN-72BC2C166EF1694F,REC-576C59B448E3D138,C,1
MOPD-E2C7A13A7D92AC8C,4145,TRN-A0A2768EFF496A88,REC-7429197403A06EBE,C,1
MOPD-B604AFBF8BCB588C,4146,TRN-F63C2CD8FF21B2C7,REC-677C0D2639C98FFA,C,1
MOPD-A9958B829BB9A046,4147,TRN-35998C8B627C10B1,REC-75CF8AF56D40FA3B,C,1
MOPD-A528A5E62B52915F,4148,TRN-D2A61B21AFF9C638,REC-9E5E6B5CC5D7F935,A,3
MOPD-09D72B0BC4A035B7,4149,TRN-2A6BC1D7512DE704,REC-81DBEFBA067CC98D,C,1
MOPD-0E06EC66101378B0,4150,TRN-BA834D87E9A6330C,REC-EAC564525C4809AF,B,4
MOPD-7BEC90DCFF979EE6,4151,TRN-F805B170CEF6EF4D,REC-5F17064AC432009A,C,1
MOPD-051714A25DEF9328,4152,TRN-34BEC79B61F8C1F8,REC-425496169AAE9138,A,3
MOPD-69443427FF4236B0,4153,TRN-AA1AE10788F846B1,REC-32C47D93CAF2326E,A,2
MOPD-1D5585CF31FB3A88,4154,TRN-7587EC6ED711C6B5,REC-380029EDFFECC38D,A,2
MOPD-5DE71D3D7DEDDD7A,4155,TRN-AB7F6D632656DE0F,REC-68EEE07221CCF80D,A,3
MOPD-20800AD00986A6D9,4156,TRN-0D1BC7D342B84EC6,REC-3D953FFB9B21FBFC,C,1
MOPD-F2FC4D40BB328D2E,4157,TRN-D68BDDD8AA9D938F,REC-B2FF66F359BF1B11,B,3
MOPD-9EF70DC0D830EA08,4158,TRN-A3B4E0521D49EEEF,REC-0EA712E2756718D5,A,2
MOPD-3E892AB61266B6E7,4159,TRN-6870C597DEEFC463,REC-683737C2EB923F83,C,1
MOPD-0A113A2D81E5AFD3,4160,TRN-A95D1A3B30C05499,REC-D7410B12B5EACE32,B,3
MOPD-5B2CBA1982A13C34,4161,TRN-7E068BB8C628F3FD,REC-D573A63D6937EC27,A,1
MOPD-786B820247EC4DE5,4162,TRN-126A63EAD42BB71B,REC-B886E8BCF7EBCDFA,A,2
MOPD-E78D048E1CB8E552,4163,TRN-B68D5E6A5F416650,REC-BF9E6DC94E3B119C,C,1
MOPD-99C4639134D262B3,4164,TRN-C05DBE3E893AB018,REC-9E738F818F446090,A,3
MOPD-5FEE56FF3FE6DBFF,4165,TRN-9CCBFA6DAB9ACECE,REC-49CE1CCD67856BFC,A,2
MOPD-8C57E00A83EA422E,4166,TRN-47024C71B9D6C765,REC-A5D90521389B1285,C,1
MOPD-A6BC2E47F6EBC653,4167,TRN-141C1BB26CC28E75,REC-E227713EB645CE2D,A,3
MOPD-F4535E4CEC384EE4,4168,TRN-FC3582F7D8C595DA,REC-9F9D4174E650E05D,B,3
MOPD-7E650FE2278732C2,4169,TRN-10860A3C056D4F26,REC-73748819A0FF3C38,C,1
MOPD-B0A886AAC01D71C1,4170,TRN-9014EC4FA6CB630D,REC-F452914B9E534503,A,3
MOPD-3270F169A18E4F69,4171,TRN-BB3436FACBA3BFC7,REC-50709F1EA08F9425,B,3
MOPD-03788F865B35897F,4172,TRN-6A46C849D9D95637,REC-E19A3DF4D4EC1F9F,C,1
MOPD-EE011CF06F2C012A,4173,TRN-47D057257B51EC56,REC-6FC90EEBD5FF4138,A,2
MOPD-9DF8D4A1A24F970B,4174,TRN-4325DED72BA2432C,REC-E086FE85E1439D21,A,2
MOPD-7464E8C5B47B54C0,4175,TRN-7AFE64F361FA7112,REC-BC2F9707B7EC1511,B,2
MOPD-06FFB52EF208D6D8,4176,TRN-34FF4ECD6D09D45C,REC-129E4BF060B3756E,C,1
MOPD-99FCB8A41A918DAB,4177,TRN-EC0C58C395DF4970,REC-830DAA8A4EBD12C1,B,3
MOPD-F02B08E774A87AFD,4178,TRN-8FC54F3C2B8CE4E6,REC-91F27DF98D99FE24,A,2
MOPD-7522411ABFC933A8,4179,TRN-EAD13991C16C83D6,REC-43BB6B9D625BB41F,B,2
MOPD-B59DA12244240C31,4180,TRN-1EBB70275777C11E,REC-3586BD04571863E5,C,1
MOPD-A7A38BB88CCDE6D0,4181,TRN-77B3C0D3015B2125,REC-D3857B3BBA916DCA,A,1
MOPD-6972D6C3D3CD81B2,4182,TRN-948A4E1D5BB8ADAF,REC-C65325BEB877AAEE,C,1
MOPD-445D3C10CC6E13BB,4183,TRN-91D27DD4F5ABFCA2,REC-423560153BB974D2,C,1
MOPD-C8F1D5E46D24DB38,4184,TRN-D40866EECA870DF7,REC-2E13BC73F750F87B,A,3
MOPD-DC8F8D832DCC3F5F,4185,TRN-E43B8C4B702661A2,REC-DD5C64575CABFD3C,C,1
MOPD-87166DEB40017285,4186,TRN-115BC482BA5DDDCC,REC-676F0387F7AE5E28,B,3
MOPD-6E11BFF3A4561381,4187,TRN-00B8098A9CE4AEE9,REC-1D95C1D50BD0152E,B,3
MOPD-D2CD618EB91D05FE,4188,TRN-1DD6D6941AFEA89F,REC-01DDBF0E54728350,C,1
MOPD-7DE08D014ADC6BF4,4189,TRN-6F45461F45EEEE4D,REC-3C127ED4CF11F046,B,2
MOPD-6FF112FB278DA48B,4190,TRN-47DA52A14E8FA658,REC-93CEA376A7DC0AF1,C,1
MOPD-79A3B6FA9C01B41B,4191,TRN-2495235CA402A503,REC-4E370CD6432AE043,B,4
MOPD-FE4506FD6E3FF2D8,4192,TRN-5DBE3C3FC36495AA,REC-5FE02DAE2785CF61,C,1
MOPD-6D2C8E467CB95040,4193,TRN-07851DE09074DAE5,REC-3B4301A64EA9D5E8,A,3
MOPD-773CEC6D36B252CF,4194,TRN-D45472179450215F,REC-6A4051529EE5203C,A,2
MOPD-B13FE9F648FB17CB,4195,TRN-2A3006EE75435E66,REC-329B1E026F45FB3E,B,3
MOPD-91B272897B6F05B1,4196,TRN-A3D4C253CFA61FD4,REC-10F944E7A5C15AE2,B,3
MOPD-1B45F3F6CB543F73,4197,TRN-7D3447C4ACCC0B75,REC-14C78F5C5A3711E5,A,1
MOPD-D110527C367AC573,4198,TRN-37DC360E3B9A5990,REC-875139A2DF22D4DA,C,1
MOPD-8082F5FBAF6B77FB,4199,TRN-E21FCA9BE36D77C3,REC-156A7B38293F2D45,B,2
MOPD-73198C972054011F,4200,TRN-6E24FEF9B71F1323,REC-F88A4AC0E20DDEFF,A,3
MOPD-94CFF0C8DC9A10F8,4201,TRN-20925F4FAEA079B1,REC-9491360DA179E37E,B,3
MOPD-B3BE29A6519D880D,4202,TRN-724EA6045F79CD9B,REC-20335496DEA39D68,A,3
MOPD-676327ABFA8BF395,4203,TRN-52209532020B2A8E,REC-3E5E39C868C23783,B,3
MOPD-B9E82CAF63BC3C01,4204,TRN-6D964F3573E11773,REC-943BECF9F10E3B01,A,3
MOPD-50A3767676BC465F,4205,TRN-D86947A7F7CF7A17,REC-84FA4342EA0DF705,B,3
MOPD-B7C8E51EC5BEA360,4206,TRN-934EB5BAB44B079D,REC-5839B2F9EAE20338,B,3
MOPD-2BDEDF91628E8605,4207,TRN-62D719D130A03F79,REC-CF5145DA27979A79,A,3
MOPD-EAA482004C79801B,4208,TRN-7D15E2CE35AC1A29,REC-BB7F347037CF60EF,B,2
MOPD-BEFA2814270FD6E2,4209,TRN-F8B02CD09219C391,REC-7127162EDE907BE0,B,3
MOPD-709AC24FD97D6D70,4210,TRN-6F45461F45EEEE4D,REC-3C127ED4CF11F046,B,3
MOPD-FE59F2C6B8CF609F,4211,TRN-D9AB9254F0D72E5B,REC-B1077B5E8A142F6F,B,2
MOPD-DF4275D6275602ED,4212,TRN-ABFFC383465539BC,REC-C438B0E4718F06B7,B,2
MOPD-391687E8BBC8E200,4213,TRN-89171054E2F4225B,REC-AACB272640C3474E,A,1
MOPD-B9189CDDABE1CE7F,4214,TRN-0B9062E4BE2A288A,REC-113761EADD3C41C7,A,3
MOPD-8C0A5B2548FAB6BF,4215,TRN-BAB421F3CAB0C04D,REC-17A60AFBC146D409,A,3
MOPD-718C24532C5B2FDC,4216,TRN-29FDA14377880CB1,REC-9BE1852D845EBA7F,A,2
MOPD-75AE2922D88DA9A7,4217,TRN-28345C76E81DD9CA,REC-1BEE8EF8B01B9F69,C,1
MOPD-20225A7FC5502723,4218,TRN-2201171670D0E79D,REC-1DAEF3E4370886D6,C,1
MOPD-6E0A3AFDE77694F8,4219,TRN-E7686A9C760FB355,REC-449A3DAFFD397754,C,1
MOPD-88016BA4FEC7A185,4220,TRN-7EDCC55E624D8E37,REC-54AD5760D5004317,A,3
MOPD-D85C4280199E650C,4221,TRN-468AE4AB3B769291,REC-44F189CBB6599B48,C,1
MOPD-051F5944120818A9,4222,TRN-8C0726A63B7B7C11,REC-D669E484B683EFAB,C,1
MOPD-C59FB5E35AC751A2,4223,TRN-0A313803711E2C92,REC-13C4050A2243A038,B,3
MOPD-29237ED41948CF52,4224,TRN-B4E6CB3C0041D41C,REC-E51B1B03C849BE8C,B,3
MOPD-405846DBD18020FB,4225,TRN-A81340919AE2CA0A,REC-F2FDC8A576E60D6A,C,1
MOPD-6DBEC115A987E7BE,4226,TRN-94B0F9B6FBD86E8F,REC-F7969E778C2BF7FA,B,2
MOPD-B8C32EE102C47131,4227,TRN-2286B985DE0F1547,REC-201D951909E98947,A,2
MOPD-552183735E6D8C22,4228,TRN-E21FCA9BE36D77C3,REC-156A7B38293F2D45,B,3
MOPD-AD4668B2B0590842,4229,TRN-9511E2C2137A4915,REC-DF7D48B04CE85236,C,1
MOPD-B60EE7B946140312,4230,TRN-BE89028D2C73AE72,REC-CE26D47C2C7B3EAE,C,1
MOPD-3569407252A9E414,4231,TRN-82CAFFC37D65A214,REC-1EF3214F2E4CB4BD,B,2
MOPD-7C9934AA6C8DBF81,4232,TRN-AECB386F50F57241,REC-EDE2032B939B6F01,B,3
MOPD-D9DF563DBFF90740,4233,TRN-D00EF8AAF99997DA,REC-49D3C619E9AB7DC8,C,1
MOPD-AF003995B8FBB377,4234,TRN-89171054E2F4225B,REC-AACB272640C3474E,A,2
MOPD-BFEEB8E91E14737C,4235,TRN-E709BEB7F9BE0AEC,REC-2816C45325F783AE,B,1
MOPD-2249A5240387266F,4236,TRN-DEF0DA5DA9F98956,REC-268091D80DD726F4,B,3
MOPD-4EC41CE1D182857A,4237,TRN-B0438D505366B6C7,REC-97AFA57EAE0E327F,C,1
MOPD-5991B4F39EE06494,4238,TRN-A915DFF428690870,REC-59FD22B0704AE17D,B,3
MOPD-DCA3F7444CC8708B,4239,TRN-F86940FE58677FD6,REC-C11920F3DBBF603F,A,3
MOPD-A65F75C237BA9B6C,4240,TRN-F8146E23CE0C0DBE,REC-BC5409CB78E65BAE,B,4
MOPD-E45EAB2BC68AFE30,4241,TRN-27BBA37CC608A665,REC-639109BF0E974296,B,2
MOPD-838311EC09D7EE83,4242,TRN-F1B644A283C4812C,REC-A879AB37CBB31D1C,C,1
MOPD-1484818575D88FAB,4243,TRN-D875638D8C0F9B24,REC-F074C811F0000115,C,1
MOPD-66C633AE3D96E5A6,4244,TRN-A8E9EFDBE05B4F45,REC-0B9FE65B544D01B7,B,3
MOPD-0E252A8F898F03CF,4245,TRN-F17D57162C43CA3A,REC-9BC9718118AC368F,C,1
MOPD-BE2797C8303750BF,4246,TRN-F4F634C7DEF50AB8,REC-7BD55FDAFE3AD240,C,1
MOPD-00626BBD0ACF3E3B,4247,TRN-065B9866E9E3B336,REC-460EA131D9545C3F,A,2
MOPD-2E2C86087D002BF9,4248,TRN-AD47D40DEAFDE980,REC-AFBF3E70C374A6E4,C,1
MOPD-7CF9D44E6B78B7D0,4249,TRN-C21AC329C0D3BDB3,REC-5B4EB62CFC775E3C,C,1
MOPD-D75D0F06393894B3,4250,TRN-596A2E87A8DEA819,REC-6C580D288ABAD59C,A,2
MOPD-CEB14AD4D7F53DA0,4251,TRN-A7F4777D625A1354,REC-D65B6471E654F96E,A,2
MOPD-84AEB9CA6B0DE255,4252,TRN-330810C5D45AB9D2,REC-6B64CFA1C76856B0,A,3
MOPD-B4C681B02A910C84,4253,TRN-35EB58372181B02B,REC-2FA28A6A4C5EB039,C,1
MOPD-854E645ED103AD9E,4254,TRN-1E8D635B3C4DC62C,REC-BBCBB4C2CEBF2A24,C,1
MOPD-7592AC1917C45F10,4255,TRN-9DF2C38C6D0BF027,REC-92091A550775F84B,B,3
MOPD-9C7972FB8AA1B8B6,4256,TRN-8E5230ADA844A4FF,REC-698A91480416647E,C,1
MOPD-0F317A4E470E85C0,4257,TRN-E74A0609F493B491,REC-0667494BDDADBEEF,C,1
MOPD-101A27672579D6CD,4258,TRN-3CF5E8E69A8BFADD,REC-DF565C4F1E60A12A,B,2
MOPD-9D0AE4A05B96EFA0,4259,TRN-D4396F48CB4BABC9,REC-0631F965B57C9039,C,1
MOPD-0047AB0010F55998,4260,TRN-BF44E4C23C980D45,REC-51DB7139AB38355E,C,1
MOPD-922CDDFE2BA6D11D,4261,TRN-E5A72DE11656072B,REC-3D1A479FD3B716E8,B,3
MOPD-BDE46FDE6E9F2811,4262,TRN-3E2706F14686F5EE,REC-2B0BB5CD15242DE8,C,1
MOPD-19CC77B8192A0D56,4263,TRN-FC3582F7D8C595DA,REC-9F9D4174E650E05D,B,4
MOPD-A19828FB658C7ACD,4264,TRN-BE15414604B69C8A,REC-D5254EBEF2BF3626,B,2
MOPD-7E50C7B7D550E8A2,4265,TRN-D479F9DBD4262A14,REC-C3F442FFFC5B816F,A,3
MOPD-53876E1393E4B193,4266,TRN-F588A8200C762A7D,REC-D22E8D146927A8F6,A,3
MOPD-B8899BB8C7AD3B5E,4267,TRN-A0661B44EABA49F7,REC-9D030B17EADF0DC1,A,3
MOPD-F410496178420686,4268,TRN-8A7C9D47E1019AF6,REC-475AF392B59FBABB,B,3
MOPD-F317CB1F688B9C4A,4269,TRN-126A63EAD42BB71B,REC-B886E8BCF7EBCDFA,A,3
MOPD-899C0265EB0ECC94,4270,TRN-97FBB7DE43F1155D,REC-6D8C7A2D5C199DC1,C,1
MOPD-623D226A29954548,4271,TRN-560EDD43BF060CFE,REC-669491F34CCA0692,A,3
MOPD-F1BEC749F867B798,4272,TRN-37BFAEF492D54652,REC-E2267E2170C44883,A,2
MOPD-7A61DB937F291099,4273,TRN-520656D21ED526DF,REC-957ADEF500EAD2B7,C,1
MOPD-760E02607AFFD1DB,4274,TRN-3809824FBCFF5B90,REC-6B388F45F50CFA5A,C,1
MOPD-D25405853E6F7DF8,4275,TRN-907333981E4B0510,REC-313F2E3E74483779,B,3
MOPD-3FDF79BDD50E711F,4276,TRN-7F39B9458FAA5C32,REC-8803896627644ED0,C,1
MOPD-869E4C783D1E8F46,4277,TRN-A6F864D8970CAF41,REC-715B79825A6CEFE6,B,3
MOPD-EEAB3B52F845301B,4278,TRN-5E59E28B1C3BB9CE,REC-C160F1801486583F,C,1
MOPD-E3C4CBB631F8B7B2,4279,TRN-C8D1E0FD0896ABCB,REC-A3799A69F08ADADA,C,1
MOPD-4F13EF66ECB5FC39,4280,TRN-F5A561F82FBC33DB,REC-323ECD52A473CAD6,A,3
MOPD-D8A1D085AEA1296D,4281,TRN-3C0F1A1C1695AB68,REC-DACC1FD99C139F63,A,3
MOPD-9CFB3EF2CC0F2BC2,4282,TRN-60B2270D000D42E9,REC-BB3AD45FDCAAB903,C,1
MOPD-8A5C39FED070B86C,4283,TRN-3F883D1FE2AA1823,REC-1781FC44115D9312,A,3
MOPD-ED84FBDB358D332B,4284,TRN-892B85C5C3E5172C,REC-55BD95E20EDD6D20,A,3
MOPD-47E82D3B2DD8F3FC,4285,TRN-060C3C7491D6F43E,REC-11BFC841FF50AC78,C,1
MOPD-E7F216FA012E1B6B,4286,TRN-6F141FC9A6B355AC,REC-EFF6B4C80E9FE99E,A,3
MOPD-DF6EB196E830407F,4287,TRN-CDB0E6B28D7A24F7,REC-C1EBE3AC42AF1ECF,A,3
MOPD-DA02E5C56E2D6EB5,4288,TRN-787D3DD425C5D051,REC-90A85807BD59F3D6,B,2
MOPD-4D5A4D3B092AF849,4289,TRN-E5A72DE11656072B,REC-3D1A479FD3B716E8,B,4
MOPD-F50D655315B09923,4290,TRN-8FC54F3C2B8CE4E6,REC-91F27DF98D99FE24,A,3
MOPD-379433877EF08CC3,4291,TRN-9FE6ED77D8DB1F70,REC-825C7794B6170CD4,B,2
MOPD-B85B342553BCC29D,4292,TRN-A0715748BC68A86B,REC-F87D79EB299C5670,C,1
MOPD-37143EA47A0D82EF,4293,TRN-2B97461DBC1C600B,REC-7D9B75FAC8F71A9D,A,3
MOPD-0AA900F3704B0AAB,4294,TRN-ADDC2AEC706A6639,REC-09752896497D2D64,B,2
MOPD-C82B55F758F44131,4295,TRN-94B0F9B6FBD86E8F,REC-F7969E778C2BF7FA,B,3
MOPD-DB76C8FF606821B9,4296,TRN-218A9612006BDBE4,REC-D54CCE8DF428DB55,C,1
MOPD-F13CE119669CEACF,4297,TRN-F531AAA6776EC3BA,REC-F2BFF438C1FCF3E7,B,4
MOPD-78EC07B73BD9B3D6,4298,TRN-EA0D3C28E60D1046,REC-2954B5AC846B8E5C,C,1
MOPD-2CF85AB6E4F2D7E3,4299,TRN-358EB7EAC6EB76FF,REC-55B481D825A3F819,B,3
MOPD-172EDE7DDE887E0F,4300,TRN-BB32A9A89AC9FFB8,REC-A7798630E0974F0E,A,2
MOPD-72CCCF9D1CF91FB5,4301,TRN-F71DF3009848C94D,REC-B7B20D35034FEF29,B,3
MOPD-38D839A22F50E470,4302,TRN-35204140A221ABB0,REC-3FC3177A1C7CB81E,A,3
MOPD-467FA88F2DAFABD9,4303,TRN-9BAE0A244FD84532,REC-DA984FEA84E02ECE,B,3
MOPD-16CB7242E4C233AB,4304,TRN-D68F973063118F70,REC-9EF77FC56653FD5B,B,2
MOPD-CD89B2B068262D56,4305,TRN-393D9E09D093D2DD,REC-C9EC9EFE23233508,C,1
MOPD-A0C1B9CB05ADA297,4306,TRN-9617FB693FD61B5F,REC-B696B876D3B17FB7,C,1
MOPD-57A96F75A10DBDD5,4307,TRN-2606FD9F7208E65F,REC-32A49C4384C22688,B,3
MOPD-02EA4C0CFC527BA0,4308,TRN-FB275022E0CC75E2,REC-36CA6BFEAB751C8C,A,2
MOPD-8B45C527738CEA14,4309,TRN-A64EC7A22844C5D6,REC-C303836C55F25252,C,1
MOPD-3849C8BF1A6AEF26,4310,TRN-A71C46AC2F8EE331,REC-68E42A942E72DF27,C,1
MOPD-4F1D3FA3E4C7F3CC,4311,TRN-95C2D9B925CAE077,REC-88B7C546A3703BDC,C,1
MOPD-027FABB70B3F6F6F,4312,TRN-761425ED02043E1E,REC-9446DD45B045C01A,C,1
MOPD-257B55AD9AC4BBBD,4313,TRN-80466A6E32088094,REC-FA64BC514D1083A9,B,3
MOPD-48C6AD0436421530,4314,TRN-A04C08AC4A882C68,REC-3B3938DFDCCBF249,A,3
MOPD-67D47A9DD878DB95,4315,TRN-9602EF679C6F2C81,REC-8DD2D1333ED903E2,B,3
MOPD-8F4D4B342784F03D,4316,TRN-126E9D1A9D5ACBBC,REC-FED7033B463676FD,C,1
MOPD-5FBBDA3C612CBC08,4317,TRN-3623EF94F1EDC173,REC-4E6F149708B3EDEA,A,3
MOPD-0E4E204C309AFAF2,4318,TRN-A74E274B038DC962,REC-CA26E7F83C3093D8,A,2
MOPD-F665F26FB9718019,4319,TRN-E967AD35540F3E13,REC-9FEE9CFA53D9F4E9,C,1
MOPD-3FDF8530AC6475B6,4320,TRN-0322381F14B3EB2B,REC-B9F561B91ACC8144,B,2
MOPD-5E4ED7B299183A67,4321,TRN-74888549B2347CB1,REC-8917FD44EFAC1A8A,A,2
MOPD-57920692A2E38578,4322,TRN-9D2B67E0B24B049B,REC-FAB7EA7C9E80482F,C,1
MOPD-E5DFBAFEBD501716,4323,TRN-5D79F5FEC551E598,REC-6D7DE3F5949D9A48,A,3
MOPD-E871A5F7FD616CF3,4324,TRN-F730F88BA55B4747,REC-7F4AC6ACD95CE11C,A,3
MOPD-741A41FE1A57DB44,4325,TRN-B0237D96ACA9BED1,REC-9FD52645610ADB2E,A,2
MOPD-3311185682599AED,4326,TRN-AA1AE10788F846B1,REC-32C47D93CAF2326E,A,3
MOPD-B0276CC730078224,4327,TRN-86E12948710E2280,REC-BBC733FDA6435045,B,2
MOPD-582B9827160267B0,4328,TRN-8E725FED4A5FBB35,REC-30E8B7B6FF0927FD,C,1
MOPD-9228CCC01409CA17,4329,TRN-A4F040728070F5C3,REC-C953DD44B1442217,A,3
MOPD-3A4290B63420B119,4330,TRN-A6BF04353C8EC8D8,REC-95EFC5166BEA77E2,C,1
MOPD-F57A3581B66BFE5F,4331,TRN-26D89C787775A532,REC-EE7F5B44577C2CB8,A,2
MOPD-7A8B4D3B2B23E837,4332,TRN-4D08EC403CA1F4DC,REC-E2A64E7461DFA822,C,1
MOPD-5F818F654267F8A0,4333,TRN-831E67E452C7D8DB,REC-E9DD0312BEF835A2,A,3
MOPD-E5E455FDDFFD403D,4334,TRN-013538F79DC7D105,REC-C389C08E145E3676,A,3
MOPD-CDC201380818409A,4335,TRN-76FD977C9F2A8781,REC-326287F21BCF1395,B,3
MOPD-BE73D07C0E51ED58,4336,TRN-0AAC118DC1F0AA08,REC-94F5C910D4D9FB10,C,1
MOPD-345A852F62B7CD7F,4337,TRN-DB73559EB7C22624,REC-72CBC929110D89A5,C,1
MOPD-FCB882F13295D993,4338,TRN-3F14051A4E27F4D9,REC-8DA210383EC32A5E,B,2
MOPD-D7A9C430EF257B74,4339,TRN-0F0F17499DF0F513,REC-921DD118436E883B,C,1
MOPD-57C1E7114957D460,4340,TRN-065B9866E9E3B336,REC-460EA131D9545C3F,A,3
MOPD-415E88EB54C4498E,4341,TRN-3F14051A4E27F4D9,REC-8DA210383EC32A5E,B,3
MOPD-A9DBFD2373892012,4342,TRN-ABB08771E5191F1B,REC-7BC7EB8FB3B2DBAE,B,3
MOPD-9D33E0114B03E6FD,4343,TRN-6BB0A767E79E2B9B,REC-FD223062FFBF18DA,A,3
MOPD-306BEC7F622C8B5F,4344,TRN-9083A9041AFDD341,REC-16CCE4D22D251F14,C,1
MOPD-709B25C8CBE5F826,4345,TRN-95AEFCDCD5D61C4D,REC-8722664CE3470D4F,A,2
MOPD-AEAACDFCFD7F3426,4346,TRN-F3FAE49C8D46F1B4,REC-1390C53610AFB94B,B,3
MOPD-0B0AB0B7E432BCAD,4347,TRN-AFB40D263C7B4CB1,REC-7BD19A7AA68AF48A,A,3
MOPD-7CEA134AC2583612,4348,TRN-C2A528595C2CC90D,REC-07C8A32D1535BFE9,C,1
MOPD-499B11E1947DF181,4349,TRN-1916B31E442EFDDD,REC-2BDA2963DA7E5EDF,C,1
MOPD-F7893AF47E22C188,4350,TRN-178E68CBB972D903,REC-680616092F538C72,C,1
MOPD-FDDDE485A68D9C6F,4351,TRN-A74360F250E6BA8C,REC-90A14C7FA79D6E96,B,3
MOPD-B4D1A8036AE136E8,4352,TRN-B23DD06C37887709,REC-4E342986CBAB6C57,A,2
MOPD-ACFE0F91B749BF7B,4353,TRN-1059D3C309E7582A,REC-67BD344B86F00BD0,A,2
MOPD-CB14DA10752115DA,4354,TRN-BE009F008C6170C8,REC-BD44470CF83A92C6,C,1
MOPD-7F75A0911425E8CA,4355,TRN-55078EF5F55EE952,REC-DA29285AFDF46BC4,C,1
MOPD-8B5E8DB51D797F90,4356,TRN-28A5693619C5BE4B,REC-B681456F83734BE6,A,3
MOPD-2F7614B49644A5A4,4357,TRN-01758F61A60F2530,REC-648A3742FD0BC343,C,1
MOPD-1E4CD1A2403421D2,4358,TRN-E709BEB7F9BE0AEC,REC-2816C45325F783AE,B,2
MOPD-6FB4785384A638D8,4359,TRN-81688AEE4BC43B9F,REC-AE3E36C53CB41371,A,3
MOPD-4EB32FF6B039CB04,4360,TRN-3A7B6421891414F6,REC-EA1448A54C960C45,C,1
MOPD-71E6CDB7778B7E13,4361,TRN-7F90DAE727711CFA,REC-5606AD4D2F5FF65A,C,1
MOPD-C4FB97DEB96A0107,4362,TRN-BD82CE8783E42105,REC-F79E5642BC5EC3DA,C,1
MOPD-62921440C123602C,4363,TRN-D4AE99F067D8F07E,REC-28F390BC34531582,A,3
MOPD-6CD6A2DCA9340D5B,4364,TRN-4DE8DDFD1BDBB283,REC-684F7F06BC6D7AB9,C,1
MOPD-9B1E919362A31948,4365,TRN-C5005A3835BF54EC,REC-A1F10A0D6A32042A,A,3
MOPD-AE373D1B7D30C33F,4366,TRN-88351D9F82EF69A2,REC-404D3DC1C2F71B62,A,3
MOPD-104CADB1A7296E15,4367,TRN-754FF6BD7E4A12F2,REC-92D361B7E96FAF84,A,3
MOPD-429D7093D1DC3EA2,4368,TRN-A4B33D3C154A7D31,REC-530CC85CA696A6E6,A,3
MOPD-B474C4ED9102B46E,4369,TRN-AB27A8B6DCA9D129,REC-9B355CC715C66F9A,B,3
MOPD-B3EABE56BB748FAA,4370,TRN-6C3CEE74717AB272,REC-82F31569B138C22F,C,1
MOPD-42F5527E69DC5CD0,4371,TRN-A80522A791FB6A36,REC-0706A726A7D82479,C,1
MOPD-651AE3B1D3196F9C,4372,TRN-B17C7236FEFA095D,REC-0AAB29F440A520C7,A,2
MOPD-817195F677C225C2,4373,TRN-E4DCD1BF06EC0F1C,REC-65F27C943C8D5AB7,A,3
MOPD-FE7DAFC8AA05DE2C,4374,TRN-6A5FA8EC10C2AC99,REC-BC1848C1E2371FCE,C,1
MOPD-524859512D6E3740,4375,TRN-5399E41EF3BF4DF2,REC-256D815ACC208141,A,3
MOPD-BE15100F5AD2B6F4,4376,TRN-C56FFB4DFCF45E79,REC-F9B0AA9BF0839325,A,3
MOPD-7344E464AA0E4672,4377,TRN-DEE431459A7CF7FE,REC-136E0D7B6FF64E34,A,3
MOPD-D1F14F47DC7C8526,4378,TRN-B72F0BA1CA4335C5,REC-371799BB4776F0FB,A,3
MOPD-4A3801F82E61B1E6,4379,TRN-2F35EC4D9A97330B,REC-E1A697ED2D6BC005,A,3
MOPD-2D762F3BE9950FEB,4380,TRN-76FD977C9F2A8781,REC-326287F21BCF1395,B,4
MOPD-38E07A7955C0A287,4381,TRN-553C94CDDF2C6DD8,REC-D74BFFF204A22613,B,3
MOPD-7DA6683B17908FBF,4382,TRN-5634E27D1EC99D4A,REC-974665EE99642921,A,3
MOPD-68FE95F2BD3849F4,4383,TRN-6F45461F45EEEE4D,REC-3C127ED4CF11F046,B,4
MOPD-94F19384C76B10D9,4384,TRN-2CC503BBD7B96FD6,REC-2281F7080F6259B3,A,3
MOPD-3B426BF224FF4C46,4385,TRN-23A9994B58562BD8,REC-6C704AD34C7D2A78,B,3
MOPD-86381002297ABFE1,4386,TRN-93EE86A760F2C94C,REC-E4DF26D15E08F3FC,A,2
MOPD-CC021D570BB289C2,4387,TRN-915E54E116DFB471,REC-C9CFF437C78C0BC2,B,3
MOPD-B82F5B11DF488B2F,4388,TRN-AF6E9C39C13CEA5C,REC-974D0C6E4B7DA183,A,3
MOPD-72DE9FFA70EC976B,4389,TRN-2D970A7A9A503060,REC-638F7F5925D900B7,A,2
MOPD-E90035AF99F9AE5F,4390,TRN-AA1E634CD4B525D5,REC-D70A520ED940A3A3,B,3
MOPD-91DF5EFDAD2D60FE,4391,TRN-FADA856E233F939F,REC-E6DEB7750472E23B,C,1
MOPD-AE8EE3AFF7935B58,4392,TRN-8F99C0A7426E9B3D,REC-2820A5734C2BE25E,C,1
MOPD-D450BEBF8AFFA152,4393,TRN-EC4C65F7357AAD83,REC-D86CADC7944F2933,A,3
MOPD-46782CA719048E4A,4394,TRN-AD72FA45AA462504,REC-D5EAE07570651807,B,3
MOPD-1B2E669D013BFE62,4395,TRN-4DB797206DAB2D50,REC-208289A886D1FC41,C,1
MOPD-C6BC5BE6D79298AA,4396,TRN-7FA5E283B16F594A,REC-FE417EE4A86B22E6,A,3
MOPD-1652D0BF525F8A60,4397,TRN-40705F5E1C47B50C,REC-FB6F99A6587520D5,B,2
MOPD-B404CA5E16B66EE5,4398,TRN-5FD717A1D643EFCA,REC-55EC43FC8BED42DE,A,2
MOPD-230B69D4C223D441,4399,TRN-92C2B6B3C2741924,REC-83C5861E9C57E945,B,3
MOPD-03AF4EBB05055A55,4400,TRN-3D0579BADDA4DB16,REC-73568A754871D3E4,A,3
MOPD-FEB5A477D716EBE1,4401,TRN-6042057F25783928,REC-036EAE3B2AC1619F,C,1
MOPD-4AD58CB49497A187,4402,TRN-C3E541022E703BB6,REC-19DC1E725048FB9A,B,3
MOPD-44B612743F2F304B,4403,TRN-004EF7EB2A58BCE2,REC-D640F035D004C92F,A,3
MOPD-056D8EFF6B770314,4404,TRN-0C5254CC39E94900,REC-7A8AEED8A2453323,A,3
MOPD-E10FA0292A477133,4405,TRN-FEB716C229CC1C0D,REC-E5A851B471DDE436,C,1
MOPD-BFD76FFA12FDD4F0,4406,TRN-EDB9F6D41A2C7941,REC-9368334D753D3430,C,1
MOPD-110634ED51B21FBA,4407,TRN-C75D7B26D29B2347,REC-FB0F543DE4498D9F,C,1
MOPD-3541681E2DD7C481,4408,TRN-87CEFEF94C70E0A1,REC-0CFDD09430619A19,C,1
MOPD-C3B94B37B6FA8BDF,4409,TRN-844A45D0BC6BCB31,REC-E8030F84E466A81A,B,3
MOPD-8F2FDDF1A374EA57,4410,TRN-919FC16F66BC376C,REC-93BDEE0F610E7D13,B,4
MOPD-C32A966261D3888C,4411,TRN-EDAA8916102819E3,REC-CB4818683DD4C484,A,2
MOPD-49BABEBF9DDBD7D2,4412,TRN-E6FF93F69ECD46AC,REC-B304BAB0E500A3AC,C,1
MOPD-C4ACB31EDB64F4FE,4413,TRN-F449318A8B257EBF,REC-2ED394FD21940DC0,B,3
MOPD-0B682352F254477D,4414,TRN-CC8DE3489B9F6046,REC-5CF646E556D7933E,A,3
MOPD-D298B166A6DD8F10,4415,TRN-DD78856C6E8D6A5A,REC-CF44D2E18E73A79D,A,2
MOPD-0E615FD55DD16653,4416,TRN-59BBA8FF646636BD,REC-397FE80D38288551,A,3
MOPD-D9C8FCE1DF7B0AF4,4417,TRN-64E0B4CB6716D088,REC-9171094EFA74E5A0,C,1
MOPD-9CA5BE5F5073F861,4418,TRN-F3ACCED737B0B42C,REC-84885F73069FABB5,A,3
MOPD-79E9A7BD88BF6447,4419,TRN-98C2757FBDF1EE65,REC-6D37AD57A5354E96,C,1
MOPD-E950DDE44EFC2591,4420,TRN-214D6E0AF9A67AFE,REC-9CC21DFE356C3322,B,4
MOPD-F308DD4DB36795FC,4421,TRN-7E068BB8C628F3FD,REC-D573A63D6937EC27,A,2
MOPD-2C963BB0F61A5E04,4422,TRN-428E0702EB0B7A5B,REC-B723FE2396C3A0C6,C,1
MOPD-DA4694AC552B5D7D,4423,TRN-1174F8855C631339,REC-78B1195042A5BE27,B,3
MOPD-725125FBC6E92572,4424,TRN-787D3DD425C5D051,REC-90A85807BD59F3D6,B,3
MOPD-21D0F8DFFEEA9867,4425,TRN-119D311037A23643,REC-83753E171AF67124,C,1
MOPD-70BFD4F08686CEF5,4426,TRN-F1373CBE330D6EFD,REC-559466B2BE43EC8C,B,3
MOPD-F71FA83D83EE870F,4427,TRN-B9A92DA46CF8ABDF,REC-04BB175E33EB3A3E,C,1
MOPD-B968E5BD657FCE0E,4428,TRN-7F4558BB3EFF39CC,REC-E91C789441718212,B,3
MOPD-70D5393685A6A048,4429,TRN-14F20B4E1FAF6819,REC-54A59261B399235D,A,3
MOPD-D7B493C179DACD8A,4430,TRN-E0EE27C68DE1D9DC,REC-02A8BFFB6D6A327A,A,3
MOPD-637E8CC60BB91526,4431,TRN-C2978C01494D94E9,REC-0549BFF4305FF17C,C,1
MOPD-F140935768FBDCD4,4432,TRN-46AAD94CD990B5CE,REC-0F259196E7CD7353,C,1
MOPD-4BCD089A4F757F4E,4433,TRN-005B2EC41F89680B,REC-F55E161FC52B6776,B,3
MOPD-F87EBA11E8743DFA,4434,TRN-7474499CF6FFD558,REC-7024F52E29958A1A,B,3
MOPD-558C7AA3F5EF3C47,4435,TRN-1EB090E17B720963,REC-CC6BB292E7C84606,A,2
MOPD-6A46AE0D745A71D9,4436,TRN-AC527C334113F520,REC-DABF2228EA7802B0,A,3
MOPD-15E4BC99C791263C,4437,TRN-6D03784345CFF000,REC-EA10D7FE86D97488,B,3
MOPD-CE74E8178992F6B4,4438,TRN-B392C4C3D2635F42,REC-FB057C926E733B36,A,3
MOPD-B20A3F105EE2F31A,4439,TRN-77B9EC11B7751252,REC-AF172CD1C9B667EE,C,1
MOPD-8F6E886C48CDE7AD,4440,TRN-0931040AC4049D75,REC-5178FA8D9E1387C4,A,2
MOPD-94790FA4AAB2F439,4441,TRN-97B0EC29C8D52192,REC-F6036BF85673836D,A,3
MOPD-FD46705C2329193B,4442,TRN-CDA531E2E77044CB,REC-7181AB2AF45704FA,A,3
MOPD-DDB92EDC8CDB7A74,4443,TRN-3CF5E8E69A8BFADD,REC-DF565C4F1E60A12A,B,3
MOPD-1ADC995C2F4A8DBB,4444,TRN-72EDD9B698D78D5F,REC-74BBD5C6ADBD20BC,C,1
MOPD-E0C826E7718BDFFD,4445,TRN-773C502028D4E3D5,REC-F92355D146983232,C,1
MOPD-B0D7145D5C41EDA8,4446,TRN-85293217959882F7,REC-DCDBA8D827273B99,B,2
MOPD-35BC361C674D8CC6,4447,TRN-4CD80D6EC14C65D4,REC-D7C232CD2DAB10F1,C,1
MOPD-4C5D1BF412311AA9,4448,TRN-B8966AD59DCB5D10,REC-E177539BDDBC4C92,C,1
MOPD-BEF6D915FCF511CC,4449,TRN-67B48930DEC4743D,REC-2F323474FD0A1E10,B,4
MOPD-3E2D8C73E72DD1D1,4450,TRN-2A5802C13E525722,REC-97FAC3035A586BA7,B,4
MOPD-CA7C7857C7F121E0,4451,TRN-992B879D89E2446D,REC-86FD651672F805F2,C,1
MOPD-FB8E3FB2C8C66C09,4452,TRN-7B58EBB0613736A7,REC-1D457106AF690A3D,B,3
MOPD-CBEE68CF822D1393,4453,TRN-545B4ACCB2D530C9,REC-4290D3A73CEECE3A,C,1
MOPD-F11A33DFBAD36044,4454,TRN-269F4AF6341FD8EF,REC-2B827010F078C8D9,A,2
MOPD-32C0CAE3DFBCBE40,4455,TRN-4642F13C20134FA3,REC-F334C639FDB10CBE,B,3
MOPD-C2192FDD7D64CC13,4456,TRN-4FBB343ECD89882C,REC-75C0BE42A77D912D,B,3
MOPD-E670CADC9CAD19DF,4457,TRN-ED0F0EF02A7516F1,REC-EF2B8C1D13110CD8,C,1
MOPD-DC4C582842B0FFE8,4458,TRN-2A03E1CD11615F2D,REC-06449D77496FB1FF,B,3
MOPD-335BEF4B558FE18D,4459,TRN-842F925B111287D4,REC-A29E78324148E908,C,1
MOPD-B3D5C3A2D071CAD2,4460,TRN-991236C7C78A20E2,REC-3DB6118EE7A924B4,A,3
MOPD-C6CA54CBCE14FF1E,4461,TRN-6CA99CA66B0ABC01,REC-FFD19584E0650DB7,A,3
MOPD-BEFA32295B6379D8,4462,TRN-85293217959882F7,REC-DCDBA8D827273B99,B,3
MOPD-E5A4BF63CA9CD5CA,4463,TRN-2381D51A914ED3FC,REC-ADD3166DD519BD00,A,2
MOPD-11A563C8718A96CA,4464,TRN-461FDFEC3D08785B,REC-FA623BC8C3A4BDB5,C,1
MOPD-3CE775D42CE66406,4465,TRN-040F485CFDE95B4F,REC-C4778EE49758A4F4,B,3
MOPD-809B06BB33B0D79F,4466,TRN-F900F3F35268D70A,REC-29D714DD963AF7B9,A,3
MOPD-25B667DFDD806442,4467,TRN-4773EEC432B4687C,REC-37D1E55B3CD048B2,B,4
MOPD-97FD5F0B7308EE90,4468,TRN-7D43438864E70963,REC-105ED6DD0FEF9910,A,2
MOPD-6C6B1E4BAEC422C9,4469,TRN-FCDC8B50ABFE690D,REC-5A9351EBF0221BEA,C,1
MOPD-0B7F08AF109355B1,4470,TRN-325C4377EEF68A21,REC-393E56BD2792A779,A,2
MOPD-F24E904EE7E899BE,4471,TRN-62A8B2393EBE5D1C,REC-2DD11F0DB154132B,B,4
MOPD-D9514C586633F068,4472,TRN-74888549B2347CB1,REC-8917FD44EFAC1A8A,A,3
MOPD-8FFF9FF33E8C7C6A,4473,TRN-1391D7404BAE3934,REC-24494DA1C1E54CFA,B,3
MOPD-B5273822AF9E22E9,4474,TRN-7BCC1E2EBF59A0BF,REC-9F92D55E9A9DB6E8,A,3
MOPD-A10B70F2AAD59C4A,4475,TRN-DA37333AC968DF38,REC-0EAC09C7898F9E14,A,3
MOPD-CD2F7FB7A9AA6305,4476,TRN-123D7F27F302B653,REC-32D33B2A266AB78A,B,3
MOPD-DEA09507F3334D63,4477,TRN-77C32857F0E8BE17,REC-ACC723105836E910,B,3
MOPD-48A1B68C5B2D2887,4478,TRN-0CED7243A1D46BDB,REC-4D834CBEC0D407CA,B,3
MOPD-441CA472F685F81B,4479,TRN-3747C53E3FAC9BF4,REC-543DE0CD6D23F1F7,C,1
MOPD-1D27C82CEE4BAD04,4480,TRN-6873E9CE077E44EE,REC-873DD274BE11F410,B,2
MOPD-4490E17910EF9743,4481,TRN-F5F4F8806228F3BC,REC-4C248BAF14E6E7EE,A,2
MOPD-41906DB434DF7418,4482,TRN-AB25FF7982807B48,REC-E16834648235B26B,A,3
MOPD-CA3F2715D1AA640D,4483,TRN-1DD9FA8E431F4928,REC-5B1FB1DCAFC187C5,B,4
MOPD-DB1913E9C58E5755,4484,TRN-A908791C9A8F81B0,REC-1BF86C928E579309,A,2
MOPD-849E2ABDC1CBEF29,4485,TRN-1EA1763299F1FA49,REC-AEED8CFB2F0C1F9F,B,4
MOPD-330862E7137F8682,4486,TRN-EDB3B8A409B4336E,REC-5593426DF9A67B8C,A,3
MOPD-B2468B88F5BE88B5,4487,TRN-C34C9BD7896C4343,REC-DBC58EB392A9AEA7,B,3
MOPD-DAA8C0D1DD011A0A,4488,TRN-0A98C3CFE7BEF32B,REC-1D0CBFB3D35D1766,B,3
MOPD-745B259CC8B775AE,4489,TRN-DFFE3FD6C6ABEF94,REC-3603AFC6F4B1F5C3,C,1
MOPD-CF2B5ADDE3E095B5,4490,TRN-8A9DC12866DC6CD7,REC-5A642F29495F6759,C,1
MOPD-3EC402499F8879D5,4491,TRN-594441E797D69594,REC-13BB0E6B44B89DEA,B,4
MOPD-01A07A6AEA80688A,4492,TRN-77A31533D6A6FEF3,REC-5935F9E1376B87F0,C,1
MOPD-A798B26A124282A9,4493,TRN-3F0E1D72DF2E873B,REC-9AC83BB3D7A26E6A,A,3
MOPD-BD54F4C5DE6701F5,4494,TRN-AC6608777E759780,REC-C847344EAC65555E,C,1
MOPD-1B41F364D463F379,4495,TRN-043D6AAE0345E974,REC-3A05C5015F0779EF,B,3
MOPD-F3AE47079F262440,4496,TRN-50FFA55227CBD027,REC-B7D82A6F84D54D98,A,3
MOPD-2E6C107CEBD94966,4497,TRN-65594F711086EC82,REC-0DAA5714575E6132,B,3
MOPD-A61DFE44772F3CFF,4498,TRN-DFBDE139FB742695,REC-7E17422041767F81,B,3
MOPD-DD24320B65E11D61,4499,TRN-081B06256E404ABB,REC-A69B70F7488E3F13,B,3
MOPD-412DB35401EABAC9,4500,TRN-CEB0F66CC9EA5948,REC-29FCC1431B583948,A,2
MOPD-419FB13F1451A6EB,4501,TRN-33BCD757DAA6D29B,REC-BF83952635CC2A50,B,2
MOPD-0A91DAF534B7505E,4502,TRN-3C63B9524C79122E,REC-3740AC78A556F8C1,A,3
MOPD-93EDA7F0C64AAC8C,4503,TRN-5EB2B17AA6ACCA0D,REC-ABC89C0B14A5DD77,B,3
MOPD-F6244AA984E6E466,4504,TRN-E93B14AD6733E481,REC-868EAACFD13A61E6,C,1
MOPD-F96A219F1476DB97,4505,TRN-9A8A4223D9F32DBF,REC-F9845FD96859C711,C,1
MOPD-FA3CEBDD024FED9C,4506,TRN-A7CF1FF1D63DA911,REC-B893AD273EC456F6,B,4
MOPD-9DA1917AAEBF55C4,4507,TRN-FDC6A3D9DF8A8A47,REC-9580A589A0FA0471,C,1
MOPD-1B3490967CD7C09A,4508,TRN-9BAE0A244FD84532,REC-DA984FEA84E02ECE,B,4
MOPD-D831D2C8FCE95CCB,4509,TRN-902FC55679D0ACC6,REC-6C2AA61109149B9C,C,1
MOPD-6DDD0D69DDD30FC7,4510,TRN-CD8772F38045FA4E,REC-FF0622FBFFC2D4AD,B,3
MOPD-E2793E03E6A741B7,4511,TRN-C5F23F9602C5B9B6,REC-28247546B43E3F6E,C,1
MOPD-31E7E740990A4228,4512,TRN-F91A2EB032182A64,REC-DAF6B2EFDA7FAB73,A,3
MOPD-6D2F633D3C409751,4513,TRN-8B6537A779ABCDB6,REC-A10427BD714848F0,C,1
MOPD-84A7B4A2BD706127,4514,TRN-0931040AC4049D75,REC-5178FA8D9E1387C4,A,3
MOPD-56898AE7987173FC,4515,TRN-8CDFBAD7B0C94F62,REC-F2DA66AF25097C62,C,1
MOPD-E885C18DB9F85715,4516,TRN-E6E795F36D1B07F1,REC-F8BEDE26C12808D1,B,4
MOPD-7CB65E48E4BB5B5A,4517,TRN-91493567AD2B8792,REC-7CED5419F3D6221C,B,3
MOPD-5D53CE17823B55F5,4518,TRN-2FCCA9C1ED0F1F4E,REC-540427FFFD3C49C3,B,3
MOPD-8165B9C377EB41F9,4519,TRN-B28DCB80284E983C,REC-10EE063BF2048A37,A,2
MOPD-6C9CD598AE4304A4,4520,TRN-B846B1B28DDF99A5,REC-9ABBA6A19CC419CA,C,1
MOPD-BEFDCECFE81E7215,4521,TRN-D722BCEE8CF5C039,REC-05670057CB19C0A6,B,4
MOPD-250049DE9ED66E33,4522,TRN-0CFF5D2A5ACAA7D4,REC-E220452967A76EEB,A,2
MOPD-B2908FB52888CC34,4523,TRN-72691FD14F0A2F1E,REC-136E4D6FE313B239,A,2
MOPD-79DDEB0CC6AB621E,4524,TRN-2CA8A05D43F9FAE0,REC-4AA27E8B3C746F23,C,1
MOPD-CB4858A07646AEF3,4525,TRN-1351690F083B8001,REC-8BD9EE7EF5B607E2,B,3
MOPD-9FD8289F12D220DC,4526,TRN-B67DBE6BCF1005FC,REC-3C6A94763395E0B8,B,2
MOPD-CA983F7A36339454,4527,TRN-9DA8D2C202A5BF34,REC-81A28017605280BE,A,3
MOPD-848D88B00A6CB126,4528,TRN-A475FDADDE8F1D24,REC-01858ACA93B91F1C,B,3
MOPD-52D83BC88049DB8D,4529,TRN-0AFB5D1D3374C07B,REC-F5515E69BCDEC37B,C,1
MOPD-1F3CA6D883609407,4530,TRN-F37EBDBE20231EAE,REC-E0C2871B27FD001E,C,1
MOPD-64860B09B716800A,4531,TRN-27BBA37CC608A665,REC-639109BF0E974296,B,3
MOPD-93D927999480A6F7,4532,TRN-ABFFC383465539BC,REC-C438B0E4718F06B7,B,3
MOPD-95A52113E94FEBCD,4533,TRN-A98C8574DF76E7F4,REC-0431059C270E2EB3,B,3
MOPD-2B36E6C39A71A569,4534,TRN-665C6AED8B81BBB3,REC-4618B8E01564D05A,C,1
MOPD-A25547E103194273,4535,TRN-D86947A7F7CF7A17,REC-84FA4342EA0DF705,B,4
MOPD-FE93A3EF71DAAD6F,4536,TRN-4FC474A5C59E5273,REC-24D683BFA5A11B68,B,3
MOPD-7C600ED82DB06040,4537,TRN-9EA8A495A0F22540,REC-9C6D03E4756FB2A2,C,1
MOPD-C0771F03F3CA4739,4538,TRN-D188E7A41FDC94F9,REC-5CF303617C1E2BF8,A,2
MOPD-733E66795B0F3768,4539,TRN-CBC2F17702669E16,REC-F8D0053ECA561734,A,3
MOPD-63DF47AD8BFA5E64,4540,TRN-D91FAD1F2722DEC9,REC-02C83462C0BCCA26,A,3
MOPD-822B1540E4A35FB3,4541,TRN-2F36AC62763E724B,REC-E036AF5A55E16C0B,C,1
MOPD-B09A3F7A804886FD,4542,TRN-EFC7A0108BDBED58,REC-FDA2957B371DF52E,B,3
MOPD-E3E98133290B7832,4543,TRN-722FEE10E75CC1B7,REC-7D7AE9B22914F25F,C,1
MOPD-31683DE6D7955025,4544,TRN-E5FCB70AF60EDE17,REC-841D61D5A2F9A723,B,3
MOPD-26A1D2EAD5434613,4545,TRN-43C455BC4AB02975,REC-6EECFB9AA230ADB1,A,3
MOPD-022C9605112C396F,4546,TRN-2D534FB548F7C581,REC-84C5101407093F71,A,3
MOPD-36A7C2BF51AE7F4B,4547,TRN-75025A9B666A2626,REC-0FF16F625F72B078,B,3
MOPD-CBBF7D1F32E36861,4548,TRN-6019F5643DA06001,REC-531952A2B827BFB3,B,2
MOPD-A1A8A325ABA6FB3E,4549,TRN-D4F4B090126AB7C6,REC-8C4BA5952B374914,A,3
MOPD-1A68108DC1B867E9,4550,TRN-B004296BA231EFE4,REC-93793636011833CC,C,1
MOPD-FDF0D30F5467AD07,4551,TRN-D3EAFF2BDADCED77,REC-4BA9E2A7538CE1BB,C,1
MOPD-42B38BA03C42FC0C,4552,TRN-BBA7A90D6AB9AF9C,REC-8414745D10E96934,A,3
MOPD-F2D1C8617E386C54,4553,TRN-E0A781CB7D675DFD,REC-B622E785FFFB1995,A,2
MOPD-2D1F32829290D1BC,4554,TRN-EBD907AE42ED9D6E,REC-D580B71E3450C882,B,3
MOPD-4BD71E124C356250,4555,TRN-AC0E3A9C7439DD7E,REC-DD7C74CE67638697,A,2
MOPD-F9FF1DF3F8EC20A3,4556,TRN-7C6FDB6631101BFA,REC-4A70EBFB54821365,B,3
MOPD-AA441BEE6C4D9AC3,4557,TRN-7C8F11E4D539076D,REC-363F8FF39DCB90BB,C,1
MOPD-9347DAB80BCDEA50,4558,TRN-E709BEB7F9BE0AEC,REC-2816C45325F783AE,B,3
MOPD-E61E0AE7990A16A0,4559,TRN-FD2A9D7375AE203F,REC-575C9BE3F9E1ABF5,B,2
MOPD-7AA9F02C13A174C3,4560,TRN-D1A8A7FA55FFF95C,REC-EE853663189DBF2C,C,1
MOPD-F121FA959629380F,4561,TRN-A71D0177568B5A06,REC-9C100861C29B98B7,A,3
MOPD-E5B116E9C759A60A,4562,TRN-0DEFACB9D437EC5E,REC-9596FBF90FAB4389,B,4
MOPD-FDCDD524A6275AC2,4563,TRN-F109502F0578DE6C,REC-B5BC6AD9E27F6BB4,B,4
MOPD-7535C156CC50D93A,4564,TRN-983F3EB2A47C13FE,REC-1AF64F2CDA1B00F6,B,3
MOPD-907829A83E878D66,4565,TRN-96A17591F49C9EA1,REC-364DA4DDBEF0CC57,C,1
MOPD-04C12BA5306454B0,4566,TRN-37B65D327A627591,REC-DE87F8077C06D3D5,B,3
MOPD-B68B11647DFB51D9,4567,TRN-047904192E013882,REC-5255301090FF6DFF,A,2
MOPD-65187ADEE0BD3100,4568,TRN-DDC06326C46DFDE2,REC-4C679D6461A0A8B4,C,1
MOPD-22C6D43D1C3E00FE,4569,TRN-C8A78DF08DF3AA2D,REC-44D90EB79C287AE1,A,2
MOPD-55CD13058787B196,4570,TRN-051B77C8B920CFBB,REC-DCE698332379506A,C,1
MOPD-533C18393670A122,4571,TRN-D5FC1FBBDBE1D6BE,REC-AD2A6C26FEF04080,C,1
MOPD-867D3646BE4E5324,4572,TRN-596A2E87A8DEA819,REC-6C580D288ABAD59C,A,3
MOPD-ECDED32FE872D582,4573,TRN-2340C335E04C0A57,REC-43B640ED9127E79E,B,3
MOPD-84D898DF9C85819E,4574,TRN-4EA901732289302F,REC-87F9C7912F2BC885,B,3
MOPD-6B67C96A0CCCC0F4,4575,TRN-B2343DEEAAA38F85,REC-82A76250D0398FCB,C,1
MOPD-5F8FDB84E9D58AAA,4576,TRN-4902D6D34D19D1B0,REC-76C2C526E522779F,C,1
MOPD-2D6FB23D315C10FC,4577,TRN-06BFA483A2457002,REC-5761DB657BAA9CE1,B,3
MOPD-2F953800B626F771,4578,TRN-3D50AB6D3600887B,REC-C08958B2D9C8A402,B,3
MOPD-25E8732046A55A5C,4579,TRN-8E935916079B4A3E,REC-FED7481BF207C96D,B,2
MOPD-CC095DE8F782A5F9,4580,TRN-55F8777006BDB055,REC-AF44BB5D72650488,B,3
MOPD-D0EC00C8BC18EEAF,4581,TRN-F4DF3807353D9A93,REC-591157BC2AA25546,A,3
MOPD-909B75AEF61DF24C,4582,TRN-DA6516CD0AECA547,REC-AAC3DA768425BD4E,A,3
MOPD-2776A10AED65274B,4583,TRN-9CCBFA6DAB9ACECE,REC-49CE1CCD67856BFC,A,3
MOPD-0314600597381C99,4584,TRN-17A4F9268BF0F261,REC-39BD17533BB95786,B,4
MOPD-3FAE7E66E45546F8,4585,TRN-D18EE59E3F730271,REC-24A4B39A1CD85876,C,1
MOPD-A62811B4E7E55578,4586,TRN-3EC8DD94CB72AA89,REC-5D5C7627B2888140,B,3
MOPD-86F04A45D06B1C6F,4587,TRN-569D2F130D41BBB9,REC-3E6CAA632EE2D6AC,A,3
MOPD-1DA1A9030F693F80,4588,TRN-34D9B1E0CE8AA379,REC-E7ADD4D8FCD4FB8F,A,3
MOPD-0A01FEF9E030F15C,4589,TRN-E0A8DA6204D25400,REC-B900AFB53272B02B,C,1
MOPD-41E77C4FCA245CB1,4590,TRN-4A9135581C9546C1,REC-5AA51D963FB2BA0D,C,1
MOPD-C5DD757C7C1A87A9,4591,TRN-0149504B59C606F3,REC-44BBE015270DBA7E,C,1
MOPD-E65B2B1355ABBA67,4592,TRN-072AA7E7EDF4EBCC,REC-7C98747AD87D9FE9,C,1
MOPD-6F835DA31B0B6036,4593,TRN-14DBF901E04D575A,REC-E4EF3D442273514B,A,3
MOPD-0D8D8CCC649D8506,4594,TRN-D8DC3ECF393C52A9,REC-FE0EED574E4F90C3,C,1
MOPD-0E0BA6DAB8D8EEA1,4595,TRN-DA8E16C580C1B34F,REC-B0D3CD99CF808DFB,A,3
MOPD-51E57E2B14880EFB,4596,TRN-B009D35F358466BF,REC-BCAD4E5E354F01E2,B,3
MOPD-96D7B219F8654E3A,4597,TRN-7B0B2873B62434B8,REC-706A20698E6819D0,C,1
MOPD-0FF0445ADCB7DF7C,4598,TRN-09A63CAE8DE48EB1,REC-7E305BA1722A0456,B,3
MOPD-427B67270621A13C,4599,TRN-B8F1558F49A011C7,REC-38647F6DA1FABF80,C,1
MOPD-9AA8464248A7A0C0,4600,TRN-A9BFEDDAE868285E,REC-1E74D952EB60A247,B,4
MOPD-3E5815462937B6ED,4601,TRN-0F0CC2CE7CB3F821,REC-CFF5758CB6E463BD,A,3
MOPD-7272BC1E189C98B6,4602,TRN-CBC2128F777CB68C,REC-18B25197480BF476,C,1
MOPD-0F2F41E1F7E7F73E,4603,TRN-91737DD180EA4002,REC-F525A3419386AC0D,B,2
MOPD-36B520BEC5E69647,4604,TRN-2286B985DE0F1547,REC-201D951909E98947,A,3
MOPD-4B9ECB397C491A2D,4605,TRN-E26FE7013E5DEDD0,REC-0D0669C3CC70768B,A,2
MOPD-9160E8FFE460A902,4606,TRN-6690FA199629FF9C,REC-57FA94CCEBE152FC,A,3
MOPD-10FBA6ED078E182F,4607,TRN-EF69F8DC8431D3B5,REC-47B2B122B8FDF3E6,C,1
MOPD-04895CA85D460571,4608,TRN-5FB3E15519356DB2,REC-1A1E2B7E272EF855,A,2
MOPD-BAA5F17E4203C344,4609,TRN-84A6AEE5277123EC,REC-BCBD05DD0F9F2574,B,3
MOPD-BAF5088AE576B2DD,4610,TRN-0342CEB0B1DD7D6D,REC-A7EF4CDA813E8FD5,B,3
MOPD-6F322CA184EF09B7,4611,TRN-0322381F14B3EB2B,REC-B9F561B91ACC8144,B,3
MOPD-2811358CEBC9848F,4612,TRN-A7D1856B51EA97C5,REC-92BCD11CFDE09B60,C,1
MOPD-ED0DDB6CB288E5F1,4613,TRN-583507EE4F30EF32,REC-69EA4203CA3D35C9,C,1
MOPD-2B5BA679D379D960,4614,TRN-01710183D9A6C696,REC-9E80CDDFEABDEFCE,C,1
MOPD-B96CC20411E281B4,4615,TRN-8134AE8F5F0357E3,REC-A0725D593FC78F94,B,3
MOPD-97F12C6C2B466771,4616,TRN-BAF36504DA7E5133,REC-094F1ECB8A6CDFEE,C,1
MOPD-0009DCBD3159FB8A,4617,TRN-73A1EF8AF1B48060,REC-468F62BE2D6F3C75,A,2
MOPD-6832ECF71DFED9E7,4618,TRN-1839BB9CF31B9435,REC-A4DE0B86B1753530,C,1
MOPD-0C2C0A3AA6E202C4,4619,TRN-DDB3030BB206CF03,REC-1060122D9EC61EB7,C,1
MOPD-BEB1024CA17110B4,4620,TRN-C0540F04A86C2364,REC-A5565D5E244BBC4B,A,2
MOPD-C4C383BADBAE696C,4621,TRN-FEB42201C84D7914,REC-40DECB43236AF533,A,2
MOPD-FA10D48BDC30902B,4622,TRN-E6915EE6318661AB,REC-96E66465ACA4A0AA,A,2
MOPD-2A434159B4E32342,4623,TRN-5C0861529237DF3E,REC-7099B29F0B13944A,C,1
MOPD-841A16E3B16C0BB7,4624,TRN-2257D1FD71B0AF37,REC-38DBB5554F6D5110,C,1
MOPD-E3E6665A0245AED3,4625,TRN-BB32A9A89AC9FFB8,REC-A7798630E0974F0E,A,3
MOPD-053BFA5C8B1D80B8,4626,TRN-E49FB8CB2D0B6FAA,REC-5C65F4C441191964,B,2
MOPD-8BE37E149ADF73B5,4627,TRN-B86D718AFA353130,REC-17C9DE15C730AA19,A,2
MOPD-F119A765AAC8BBEC,4628,TRN-B003B640A697AEAD,REC-5037215EFF497377,B,3
MOPD-98FF183B534FC7E2,4629,TRN-87524296AAC820F7,REC-D8B6F3D82EAAFBB9,B,3
MOPD-E45E7CC0BDFD304F,4630,TRN-4B34528DE6C021C7,REC-E3BFE5496EE2A404,B,3
MOPD-0B8A58145D22B4C8,4631,TRN-40705F5E1C47B50C,REC-FB6F99A6587520D5,B,3
MOPD-BDA686C627668F2B,4632,TRN-DC90475814E043E8,REC-2F1D606ACDA1CA1B,A,3
MOPD-957EA2F93863BD70,4633,TRN-F1F86DA2F4561C7F,REC-A6909BF84AA36BF1,B,3
MOPD-10087E2CB275CF7E,4634,TRN-4EA901732289302F,REC-87F9C7912F2BC885,B,4
MOPD-8482F56813A8A807,4635,TRN-BD07A5A324777056,REC-DB15848EC9DC125C,C,1
MOPD-77A73DA0F6E479B2,4636,TRN-43A3489546D08E7A,REC-83CF5C0E7121E414,A,3
MOPD-11C56E06453953E1,4637,TRN-9B0C6A4EEA4DE7A6,REC-D288322FDE8875B0,C,1
MOPD-8FD8162E8E8FA3AB,4638,TRN-2606FD9F7208E65F,REC-32A49C4384C22688,B,4
MOPD-9B21707751D132B8,4639,TRN-8F593D01B84F0902,REC-726B899E6D97C772,B,4
MOPD-E23E103E6775AA7D,4640,TRN-DC715D94B2B6C64F,REC-E5BDE2EC3F0BFDF1,C,1
MOPD-4056776103801A64,4641,TRN-02B4F104D975A6CC,REC-3A5F6BDA24AA7AD6,C,1
MOPD-4A26A39A09A1CE22,4642,TRN-98BED4E7C850731B,REC-DE3E5FB7856B6EC2,C,1
MOPD-8C456635FBC3BB16,4643,TRN-86DD03C3FF6946C2,REC-29301E421F698A8F,C,1
MOPD-877DEA5E1B4D3231,4644,TRN-E49FB8CB2D0B6FAA,REC-5C65F4C441191964,B,3
MOPD-8199FDBFF405A988,4645,TRN-509E2F10DCC5A61B,REC-1935BEF1D16CAE09,A,3
MOPD-A51244E1090C696A,4646,TRN-2617535DCFFE1810,REC-F1287769B6488A64,C,1
MOPD-FA9647B5F7E31596,4647,TRN-78A80299F86DCD2A,REC-819E4F8E34AFA05A,C,1
MOPD-44B1153F1A7EAE73,4648,TRN-D68F973063118F70,REC-9EF77FC56653FD5B,B,3
MOPD-0F5A83851FEEAED6,4649,TRN-C901EEF07510B6F8,REC-D502E0FD07F8FF31,A,2
MOPD-9B955AE2BCFD3144,4650,TRN-4ADCF0687F42F59A,REC-89704502B16E51BC,C,1
MOPD-1442F9D8EB66078D,4651,TRN-46F63082D3D21C9A,REC-49484FBAED1B8D3C,C,1
MOPD-5C540CD312264687,4652,TRN-A3B4E0521D49EEEF,REC-0EA712E2756718D5,A,3
MOPD-EC719549A09F1993,4653,TRN-F21368E6FCFAE06A,REC-B9F98DA52A20AB68,B,3
MOPD-641A1FF3C46A56CB,4654,TRN-BE15414604B69C8A,REC-D5254EBEF2BF3626,B,3
MOPD-0653DB1E57D824CD,4655,TRN-CE5DA73A5531D1B8,REC-8434441A8868D368,B,2
MOPD-3FD45D3E8F5F1560,4656,TRN-FEB42201C84D7914,REC-40DECB43236AF533,A,3
MOPD-D5EA45DBD0B7F25F,4657,TRN-B357C8428096D760,REC-C7FD8828360F20BA,C,1
MOPD-793ED138334E47B0,4658,TRN-B451BC2A6EB511D4,REC-5CAF2F3F1F1B8F87,C,1
MOPD-E50672A7B05A8D45,4659,TRN-61EA73522A12B00F,REC-170A31BF81A30DEA,B,3
MOPD-A81B2380C662C801,4660,TRN-619D1C7179215890,REC-C4CA1168504DCD10,B,3
MOPD-CA3302FEEEB18E1B,4661,TRN-AA91AB4618DF833C,REC-98A307212ADD8B23,A,1
MOPD-E053FB2CC2AF9D42,4662,TRN-09A63CAE8DE48EB1,REC-7E305BA1722A0456,B,4
MOPD-F7C35EAFCA789A4C,4663,TRN-1120B3C98B9E4953,REC-42ED3DBA35025E01,C,1
MOPD-9D5BBAD90D00D52E,4664,TRN-A5C051604B796798,REC-AC39E02AF34B20F5,C,1
MOPD-4508B41B3EBF9B3C,4665,TRN-F778BA2DEE20703D,REC-3F1BDDF32F319EDC,A,3
MOPD-929C481E636DB462,4666,TRN-32D76F2B130543A8,REC-9C981E03D394EAE0,C,1
MOPD-8DF70737A7536F29,4667,TRN-3AA7A668E741C859,REC-E7BEA4012E1CA4A0,B,3
MOPD-A56C1FE886E60C12,4668,TRN-DA32C0385C2FDE12,REC-F4C0680608BF70E5,C,1
MOPD-E150F5B6F8031A6F,4669,TRN-C8A78DF08DF3AA2D,REC-44D90EB79C287AE1,A,3
MOPD-F6199EC1DAEE4DB2,4670,TRN-DC051760549482EA,REC-4A7534788744C7DB,C,1
MOPD-8D2031516A7D07AA,4671,TRN-2CB97BF0A78D7138,REC-BE76DECD5B174264,A,3
MOPD-3B8D3992BE993664,4672,TRN-64EAC9A9263E624E,REC-5338B782FC5C32E6,A,2
MOPD-FB7948D3DB9B7B62,4673,TRN-381E531F9C9E0C2D,REC-B5D8E1C059F05A31,A,3
MOPD-34184D7B416AAE94,4674,TRN-87BA2AE54AF153B2,REC-DC9F5BFB8BB75880,C,1
MOPD-C65232133EF2F3D4,4675,TRN-EF09E751F64FBA23,REC-21959733F5A857B1,C,1
MOPD-C955D9B0E7AEA30D,4676,TRN-8DE60AA445B9DCEB,REC-7B3F999F6442FCF7,A,3
MOPD-E482B0C49C241384,4677,TRN-DDF56B6AB26220EB,REC-BB79180FA5DDCBD9,B,3
MOPD-D06F2748D4797C9E,4678,TRN-7749943D3CD8E455,REC-4AE6FA900E0D74C1,A,2
MOPD-577B36FE9219BF2D,4679,TRN-7CC97B1B65359791,REC-A7CC137639358A76,B,3
MOPD-9F1C348526F39730,4680,TRN-36221B7BEC9C2C34,REC-1F5BB543562354CE,A,3
MOPD-336B6A24D7994864,4681,TRN-B654D118B62E1B8A,REC-31DE3B2E7891178E,C,1
MOPD-201943505C3A6D5B,4682,TRN-2CB5F70BD5024E7B,REC-BB018389959A032A,C,1
MOPD-B144BDCEA706676B,4683,TRN-9F2F2FD128C16BE2,REC-F6B5EAEECB51D89B,B,3
MOPD-C5A70027ADA2D7B3,4684,TRN-00ACA74A7941F6FC,REC-E5A2E113DF790CDA,C,1
MOPD-3540D4EDE5F01C2B,4685,TRN-EFF797EAF7CE3467,REC-E30A115F0A0BFE27,A,3
MOPD-4A1642877661728D,4686,TRN-65E614AB89AEA481,REC-39FBE7F4E008336A,C,1
MOPD-C1104C63DFF810D5,4687,TRN-20C612DCA7D03A9D,REC-6164486DDBCC73A3,C,1
MOPD-B61CE6965F2878BD,4688,TRN-AAB83EAE25117DC4,REC-5F88E03EC7306CB0,A,2
MOPD-FB5988231CAD2C4C,4689,TRN-B0B29440CE0F529B,REC-D076108FA65807F6,A,3
MOPD-F7B8515887DFE4E0,4690,TRN-0899755D830DF34C,REC-40124F294E294AA5,A,2
MOPD-B639BEC08C134894,4691,TRN-E8828B6779F7FA7F,REC-4A68F825F5A9F9A2,A,3
MOPD-34F65D03CCD191A8,4692,TRN-E109061DD1715EA0,REC-7F8A7197A7F98E22,B,3
MOPD-7E30DAA9322D0E69,4693,TRN-2D970A7A9A503060,REC-638F7F5925D900B7,A,3
MOPD-C6E3A888F3FA43F4,4694,TRN-B9849CF0F54616B1,REC-4868456027E64B37,A,2
MOPD-574CBF9D019801BA,4695,TRN-20C9E81ED36D04C6,REC-870D631762765697,B,3
MOPD-3AD8E87EAF578F93,4696,TRN-7D898D50F38A551A,REC-12399052BEAFBBF2,B,3
MOPD-895301FA83B3AAAC,4697,TRN-ED776249A679A325,REC-436839510C541225,A,2
MOPD-86214BC6CA78FD7C,4698,TRN-6E45B1B302180767,REC-9E30E3EB0FADB86B,B,3
MOPD-5532F80B52E2EBA5,4699,TRN-55C4E945D8DAC5FE,REC-EEC31783BDACBE10,B,3
MOPD-D5353E97BA9D65F8,4700,TRN-6F2C65855A13FBF2,REC-73F25D1B25989388,B,4
MOPD-735B0AFADDC8EA12,4701,TRN-4325DED72BA2432C,REC-E086FE85E1439D21,A,3
MOPD-83B906F43913FFBC,4702,TRN-BBC1AB43EE920F3E,REC-4C1EA73E9BD8797F,A,3
MOPD-7BA20F98F4C7256A,4703,TRN-1EB090E17B720963,REC-CC6BB292E7C84606,A,3
MOPD-2C6FC3165A0E6645,4704,TRN-2B8B15D19BD9C97D,REC-ACBB13A7169027BD,B,3
MOPD-7E0F12376AA886B2,4705,TRN-14C88818C8533FE7,REC-9D45B0383C2D8B0A,A,3
MOPD-850D76312D5D95D6,4706,TRN-F5381F5C1BD91418,REC-746944AD5A34D28C,A,3
MOPD-70543A49149FEF9D,4707,TRN-6C44576722765FEB,REC-F1A7E79299E22979,C,1
MOPD-B1CCD7CC97BB3D0B,4708,TRN-159369C8989C4ACE,REC-59F01419D79EBB0A,C,1
MOPD-DC930B28EFE25EFF,4709,TRN-9494C892B2BBDDD8,REC-953467815285C0E8,B,2
MOPD-B061098093DC8206,4710,TRN-30463AA784C65FF6,REC-990DA9A86E333DC5,B,3
MOPD-3ED834C1B1AC0EC6,4711,TRN-BC77B736006DF7A4,REC-9EA32496A1143FD7,B,3
MOPD-C5505D100034F96A,4712,TRN-C8FE4C0B1B53B10F,REC-8D765C6C55E026D7,A,2
MOPD-9D7CDCE1E93BD35D,4713,TRN-BA254DD340CC88B3,REC-55DDBE5352815DD9,B,3
MOPD-3E0B01D041838C2A,4714,TRN-225F84879E74B746,REC-F078C14131A721E8,B,3
MOPD-B9342EA3CA5E2D1C,4715,TRN-CE5DA73A5531D1B8,REC-8434441A8868D368,B,3
MOPD-BC0C0190E563575D,4716,TRN-0537A5DD06DBF1F3,REC-D5EFC077FD31DBE8,A,2
MOPD-9D85E02D551B45AB,4717,TRN-6138B7DA2508AF33,REC-F59F1A4A8376E1C2,C,1
MOPD-FA65BF4CDE512E80,4718,TRN-890927CAA11334E3,REC-78C7DB65F4BBFCB9,C,1
MOPD-E5AA6EB675356ACB,4719,TRN-F71DF3009848C94D,REC-B7B20D35034FEF29,B,4
MOPD-9506B73F92FA3CBE,4720,TRN-B75AB1557F33F446,REC-C4853B10C74CE31A,C,1
MOPD-A68847A0F5765A85,4721,TRN-8C267E6EFD94A08F,REC-FB2F16CFBE7A7824,B,2
MOPD-4686FA99A35E82BD,4722,TRN-CEF30B1DD15DD0AE,REC-7D3279B9B354BEFF,A,2
MOPD-FA5F95683DEE97A0,4723,TRN-EDACB2C20270D69E,REC-4B655AE287947468,A,3
MOPD-AB0BFAAC4DCAB3C2,4724,TRN-0CFF5D2A5ACAA7D4,REC-E220452967A76EEB,A,3
MOPD-E341B2115B9FD6C3,4725,TRN-4624F7E540366C47,REC-81D564F5CC393011,A,3
MOPD-DB2F651FD349D9E3,4726,TRN-1B541A3B2E81C5D3,REC-7949EF6B207B0D6A,A,2
MOPD-B4DC5DB98CC6C477,4727,TRN-249C9534076F1560,REC-5DCFED2210157368,A,3
MOPD-EA6ABDDF17AB256E,4728,TRN-E1F5375630771831,REC-8B4103BA1248C42B,B,3
MOPD-C75B0FB2CB9446BF,4729,TRN-8DEF6EB55D7FA904,REC-8B0240D945A8D28A,C,1
MOPD-06CCB3CA0BAD4491,4730,TRN-4E3E2CDCEFEE357C,REC-2142602CC6FCA685,A,2
MOPD-B4BAA486E953B2FD,4731,TRN-40705F5E1C47B50C,REC-FB6F99A6587520D5,B,4
MOPD-50FCBAD8C150014D,4732,TRN-5391D1329ECED335,REC-6BFB5005655162D3,C,1
MOPD-460A11B1559F4D46,4733,TRN-6885522589BE6F40,REC-32398528572BA594,A,3
MOPD-A61C2DB61E791E06,4734,TRN-DB10BE73265ACE8B,REC-CFC10F71D0868F57,A,2
MOPD-009D923693D39D22,4735,TRN-6B079739E11258E2,REC-7578E5F394E4562A,B,3
MOPD-CBFF6752207ED9FD,4736,TRN-95F40F68A9882F10,REC-385AFE4C09666327,B,4
MOPD-037392F911952A76,4737,TRN-6A2D797DC0CF54CA,REC-5D8A5438BD454230,A,2
MOPD-B442520020458222,4738,TRN-D34F8CEF80431108,REC-C906D40CCC85752D,B,3
MOPD-3844A5394682079C,4739,TRN-F4A942D7F8BC5EDA,REC-8ACE56E703AA3429,A,3
MOPD-672E148A52F196B2,4740,TRN-0D190D2C6F79AA91,REC-A613B8550E1696FD,C,1
MOPD-C1AF89E19AB0E894,4741,TRN-D90603C30136051C,REC-1A7F7CEB77093942,A,2
MOPD-792442CE44D8572F,4742,TRN-B51365D4C85A4512,REC-7F84CEF9751DF1AB,A,3
MOPD-B21AA1C4A4EACB14,4743,TRN-24A5C7F4EB3ADC2E,REC-4A261331F99FB914,A,2
MOPD-1BC15A390658C8CA,4744,TRN-BBBEED5AEC0179E9,REC-DEA32C8FFCCE4B11,B,3
MOPD-9056DB5AB843A43C,4745,TRN-0AABA3A201BCB0E5,REC-B2C614BFC8F33F89,B,3
MOPD-99FB7D704133A2F3,4746,TRN-FA6B55433987F390,REC-9F6691F74270F4FC,B,3
MOPD-AF2FFC4DA394CC39,4747,TRN-AD84B925F8A722A0,REC-493BBAF0F0F153C0,B,2
MOPD-A86A4628B6FF84A2,4748,TRN-70CDC746C026AB99,REC-6B30CB2664C2948C,A,2
MOPD-881BBD07520F1381,4749,TRN-7D15E2CE35AC1A29,REC-BB7F347037CF60EF,B,3
MOPD-B588A84D0E4B5E4B,4750,TRN-EE714E6360FA87B0,REC-47C58F4AFA853381,C,1
MOPD-A481E48E1E2681FB,4751,TRN-B67DBE6BCF1005FC,REC-3C6A94763395E0B8,B,3
MOPD-F9F13862E64E5D18,4752,TRN-7189370A7664BFD8,REC-716304449242D401,C,1
MOPD-C45BAD3DCD091EA9,4753,TRN-E07837C4082E804A,REC-C2CE264666A6F0AA,B,3
MOPD-B294DB11B5588C19,4754,TRN-E13C858B86E6C0FA,REC-B2E2106CE106A7CC,A,3
MOPD-548060F8C9BC6C88,4755,TRN-7072933C745A224B,REC-0871F12765FFA490,B,3
MOPD-8E4BF2CE885B3E71,4756,TRN-EE925236863045B4,REC-9D1294675CB0F371,C,1
MOPD-2CE65C59269F142A,4757,TRN-DECF8EB42319431E,REC-2DD6B26D99512182,B,4
MOPD-3D7BF03B616103EF,4758,TRN-34ADFE99B4CA52B9,REC-7E5336C1AB76AA2C,B,4
MOPD-4C00AF795235F933,4759,TRN-20AD8C3F40C6D4B5,REC-022CF828D3249EA1,C,1
MOPD-CDC6EA3E48B4F2A5,4760,TRN-F961B4B7CB1EC760,REC-DC49EB7974D053A2,A,3
MOPD-8A1EB8AD60D078E1,4761,TRN-B98157A7E011E8D9,REC-FBEE808CE2AD13DA,B,3
MOPD-7E51D29350C6D811,4762,TRN-27BFBF3946606437,REC-8C0F11B36F7C4C82,C,1
MOPD-FAEA89137A5F18EE,4763,TRN-F5305F7C52C7EF3A,REC-C0532ADA6D3D7D69,A,3
MOPD-BA401FB07CC226C3,4764,TRN-86E12948710E2280,REC-BBC733FDA6435045,B,3
MOPD-77C3E8C15C73A8BF,4765,TRN-A429AE461BF0F2D0,REC-C94C345D635761A6,B,3
MOPD-180E1336E56FC069,4766,TRN-47D057257B51EC56,REC-6FC90EEBD5FF4138,A,3
MOPD-BA93132B61FC9BF1,4767,TRN-536C16B8FBB9061D,REC-FEE4AF2A9BB8C704,C,1
MOPD-010CBE6DB470AACD,4768,TRN-190AA14AAF5FD0E7,REC-54350EC5763C57D3,B,3
MOPD-AC766B8E85EEAD99,4769,TRN-5580553DF0EAB200,REC-4BA917BC1C34B1BE,C,1
MOPD-52E111C4E55A6D2B,4770,TRN-DD78856C6E8D6A5A,REC-CF44D2E18E73A79D,A,3
MOPD-314AEACCCE3B1434,4771,TRN-723B8E03F218BD29,REC-9340473459CB3B10,C,1
MOPD-75CBAF5AF7FAF8DF,4772,TRN-DB3306517B22FC70,REC-02C40E79FADFCCD6,A,3
MOPD-852D8E0EDBCB123E,4773,TRN-C8EC506DA0D6151C,REC-0564BECCBAA1B7C5,C,1
MOPD-9273A5ED5031078F,4774,TRN-8E099ED7609BE9BB,REC-7D2FBF4320C3A023,C,1
MOPD-ABA002F34E198432,4775,TRN-89171054E2F4225B,REC-AACB272640C3474E,A,3
MOPD-A20F27A565E116CA,4776,TRN-CEF30B1DD15DD0AE,REC-7D3279B9B354BEFF,A,3
MOPD-58AF134C4A4601B4,4777,TRN-EFC7A0108BDBED58,REC-FDA2957B371DF52E,B,4
MOPD-A2CAC04188BEC50E,4778,TRN-D360A477B31212A9,REC-52F79A22B8C022B1,A,2
MOPD-814756B2BA43EB2B,4779,TRN-E3ECAA718D008292,REC-50DC1EED3CA5BB45,C,1
MOPD-EB93F9F27457082A,4780,TRN-63E92EEA5E2F12AF,REC-CE32A408E2D16C7F,B,3
MOPD-814FA3131FFA9030,4781,TRN-10309C8F15C4C9B6,REC-3F3E390508D253BE,C,1
MOPD-5ABF2473BCF8B5EC,4782,TRN-23AD702003B5AAA2,REC-A9232E6456F71903,A,3
MOPD-1315B9F76DC48E20,4783,TRN-A0DE21F9805FCA6D,REC-7E708653309B48FE,C,1
MOPD-3D2BFE8EDB8F518F,4784,TRN-30C3C7913036A1A8,REC-F8C8ADFB7E8251C7,C,1
MOPD-4194BF280D96F2CC,4785,TRN-2929E6BE4002D4ED,REC-B8518814F6BEA87D,C,1
MOPD-169CD6150FCE25A9,4786,TRN-D5952D4D41B0138F,REC-E7233DC282588AE1,A,3
MOPD-A04B2E1C94A7D978,4787,TRN-77B3C0D3015B2125,REC-D3857B3BBA916DCA,A,2
MOPD-A6E8E4C31EA0DD1C,4788,TRN-ABCF843E60B06ABF,REC-EA7BD62B4B22376B,B,4
MOPD-5B8889C4F32CD705,4789,TRN-71FD2FB833427C73,REC-0022476E57878C5A,A,3
MOPD-3B68395C93ABAA37,4790,TRN-EF27FB7CE65C7B56,REC-C96805D17C577DB9,B,3
MOPD-C59B1C5AAE738E19,4791,TRN-73652BD66DB3653D,REC-2D7404F0D80488DA,C,1
MOPD-39ED3000FE120B10,4792,TRN-ACAC63E0AA8E3C76,REC-1040F13033B94FAC,B,4
MOPD-3C8462C7F0472B72,4793,TRN-A9A60F6867BB55B5,REC-28C6A72AB1C8E2DB,C,1
MOPD-8AD7C8615B0FC42B,4794,TRN-D360A477B31212A9,REC-52F79A22B8C022B1,A,3
MOPD-31B71E18CBDE759A,4795,TRN-66E3A8D8FF09C4A5,REC-FB89FEB31C203393,C,1
MOPD-3A3902D4DEC5722C,4796,TRN-792181F3117EF7FA,REC-401C12FEE475D5EE,C,1
MOPD-A783C22B5C2C6BC3,4797,TRN-AEC2C9E1BBE1B278,REC-1B7F01DFC1098CC3,C,1
MOPD-54C84FF06347684D,4798,TRN-F4A644402A01B633,REC-60A04D968889FB15,B,4
MOPD-B26F1B6620BE1470,4799,TRN-40CAFB2C8E574FD1,REC-812FC117680C71D7,C,1
MOPD-7EDB6B4B44A0760E,4800,TRN-D210ADC5970EE350,REC-045E370A00E6C816,C,1
MOPD-0DE1174CFF8AE53C,4801,TRN-913E024CB4A9453B,REC-40656C00A7659491,C,1
MOPD-8D425E7E68F0E5F8,4802,TRN-3C6A3829EC03882B,REC-7DD4C1C6FC3BCB48,A,3
MOPD-76B4EC2E0B53BEF2,4803,TRN-F7A5331816DB75A0,REC-5319D13C0E44D35F,A,3
MOPD-AF9609EEFE20739F,4804,TRN-6DEB4537B400BF99,REC-1E63B864825384D1,C,1
MOPD-5558AC769090D01B,4805,TRN-64FFC7A2F0C8DD82,REC-4DF4137301BFAA4A,B,3
MOPD-16A6539B7C45385E,4806,TRN-B44DD0471C870B43,REC-FF8870653FB09605,C,1
MOPD-198D37CFB142BAD8,4807,TRN-C0CACADEC13F5A6A,REC-6B105F0D1876E5CA,B,3
MOPD-975B8D53D7B5A8AA,4808,TRN-CFC669B0DB39C310,REC-4F9F21BABC438642,C,1
MOPD-0500CCD7475B03E7,4809,TRN-C218174ED270F9EA,REC-ACEB256461928E85,A,3
MOPD-074FB1E87EFA7F0C,4810,TRN-A28D3BDAC9B3F528,REC-B17F6E85C280EDB1,B,2
MOPD-AEB09A5B37EC3B5C,4811,TRN-ED545CD8ED5A9BB3,REC-29A35E5FBDE5D95C,A,3
MOPD-5FD3BC71B0093420,4812,TRN-756717FE36F65889,REC-326CEB87E237E9EB,B,3
MOPD-75D48EBD31E1D07E,4813,TRN-5EB9E27966FB1CF3,REC-8928C280573436DE,A,3
MOPD-60C465B897E5946D,4814,TRN-833E6E747916A7D1,REC-DC3C68FE8B503839,A,2
MOPD-4F3191E8B6AB596E,4815,TRN-B3DE7C8968B7BE51,REC-25E8DAAA37DAC617,B,4
MOPD-42FD89915B573A4C,4816,TRN-1B541A3B2E81C5D3,REC-7949EF6B207B0D6A,A,3
MOPD-744436E3E545AD03,4817,TRN-5FD717A1D643EFCA,REC-55EC43FC8BED42DE,A,3
MOPD-E686C028F6083C14,4818,TRN-27783F06CDAA7C43,REC-AA4F36EFB2D843C8,A,3
MOPD-57BA51920B35F8AA,4819,TRN-37BFAEF492D54652,REC-E2267E2170C44883,A,3
MOPD-0E0CE2023C51F433,4820,TRN-EC0C58C395DF4970,REC-830DAA8A4EBD12C1,B,4
MOPD-303C81AA5E6AD67A,4821,TRN-7BCC25A3B35351D2,REC-14B96F468EDF3226,C,1
MOPD-8E243BA6201269EE,4822,TRN-7A22BEFB83E71732,REC-273299286E7F85B9,B,3
MOPD-9567F03CD29DED08,4823,TRN-8475C3E52E202D86,REC-55FB25DAC40D8791,C,1
MOPD-0212A436B187E215,4824,TRN-EB98485F29FD6927,REC-C035ABD0142FCD0B,B,3
MOPD-502CC4A0DB00A4E4,4825,TRN-62CD7A81E2F44F1C,REC-5386CC8BDAA23593,C,1
MOPD-61D1A7588DAC319F,4826,TRN-5540DA5FE6329CD7,REC-655F9E4229D262CB,C,1
MOPD-7CAEF9EFEE3B6D98,4827,TRN-57F473042C32D353,REC-514A71E1EC5ED538,B,3
MOPD-FA72A5B7B2B33A6C,4828,TRN-83C1E6C074C4274E,REC-937F63EE211CD15A,A,3
MOPD-2FF0B6510DFC42BE,4829,TRN-E7A656D65427FCFF,REC-0030A4CE1AD1F9E3,C,1
MOPD-71997862454A5300,4830,TRN-ADDC2AEC706A6639,REC-09752896497D2D64,B,3
MOPD-DD7B3889231C9502,4831,TRN-DD8FE7895C70C859,REC-52048228BE4DFFC3,C,1
MOPD-F7FF1CAD05A7CE26,4832,TRN-C539CA88E73AB1EC,REC-95D321AFCBF695AF,B,2
MOPD-2A6C25B8541E12C2,4833,TRN-FB55116F4C299D95,REC-45F6A0DCFFA2BBFC,C,1
MOPD-1F26F9C4847DA415,4834,TRN-C539CA88E73AB1EC,REC-95D321AFCBF695AF,B,3
MOPD-6735DC2C13BCF96A,4835,TRN-377097C10D3398E8,REC-90D11C3DF152AB6F,A,3
MOPD-0A7C38EC9C17A050,4836,TRN-8E0C383CE692294B,REC-E0B082D5555B2749,A,3
MOPD-86A2FE1D9752F0DD,4837,TRN-0028BDFFB81852A4,REC-155670BA1D13AA81,C,1
MOPD-63DF17666B7B6310,4838,TRN-8CA2FD92D92C509C,REC-3C9FC2197B05428C,B,4
MOPD-1D5D615F59226747,4839,TRN-4F9CB600F74F7312,REC-607A824205AFF0B6,B,4
MOPD-120404268B1D92DF,4840,TRN-E503524B98FC59BD,REC-FEB116158B53BB32,A,3
MOPD-90796F774B599B95,4841,TRN-ABD917ADEDEBF352,REC-88CEB7F82AD6552A,A,2
MOPD-292035AE6499218B,4842,TRN-FC39B61A3667B65B,REC-521F292839220FE7,B,4
MOPD-582BCBD74E3821FC,4843,TRN-9D17E7323DFCB006,REC-B4CC00E2079ADB83,A,3
MOPD-E6749CB6C47F7726,4844,TRN-58ED7E57CC11D0B9,REC-3DE046A93A5CDD6D,B,2
MOPD-82F2CA01A347DEEB,4845,TRN-5E9A1F43EA204C9F,REC-BF585DF528F3DB4D,B,3
MOPD-CD79AA4FDE289BE6,4846,TRN-EAD13991C16C83D6,REC-43BB6B9D625BB41F,B,3
MOPD-913AD79C948C2A33,4847,TRN-D3507510FE3A6BBE,REC-BF4DCBA4E86FA8A8,A,3
MOPD-3D0E152CAB356D94,4848,TRN-E39FA775FD76346D,REC-41DF7C9603D7E729,A,3
MOPD-67D0B83F135AF848,4849,TRN-EDAA8916102819E3,REC-CB4818683DD4C484,A,3
MOPD-C896BCB115FDACDE,4850,TRN-724957405868C8A5,REC-33F988D94FFBC5AA,C,1
MOPD-47F7AC128BD8E62C,4851,TRN-8E935916079B4A3E,REC-FED7481BF207C96D,B,3
MOPD-8EB12CA82F7807AD,4852,TRN-E6915EE6318661AB,REC-96E66465ACA4A0AA,A,3
MOPD-3FB4A5E37EC779C7,4853,TRN-D78F673429DFCBF0,REC-0E1EC779B1C7C65C,B,3
MOPD-6EDF2EC1EA244D47,4854,TRN-11035CB6A670BA9F,REC-5CEE2791AD3ADD11,C,1
MOPD-2373B26B5478D606,4855,TRN-82CAFFC37D65A214,REC-1EF3214F2E4CB4BD,B,3
MOPD-94DF1E52198A9269,4856,TRN-61EE647611FE5FB7,REC-A045FF103A25F903,A,3
MOPD-9F82E4B40B64A6CD,4857,TRN-58ED7E57CC11D0B9,REC-3DE046A93A5CDD6D,B,3
MOPD-CB33F1F0E587D702,4858,TRN-8315E7ECD26A8E6B,REC-B9F7BECE9AA1D8BB,A,2
MOPD-BF96B861CAEB51F1,4859,TRN-C6739FC125CE50A0,REC-4B7A5C957EA04E14,C,1
MOPD-68C9BC64AECE7F45,4860,TRN-621E34941E2FF39A,REC-1889B612803B212C,B,4
MOPD-6027A751AE4F2C53,4861,TRN-E07BA44793E5D16B,REC-5FA40F565064BB41,B,3
MOPD-AE27CFA92C443C5D,4862,TRN-E3AE07090DE999F8,REC-1210C392DA252C84,B,3
MOPD-3411514E1BDCDB22,4863,TRN-73D9BEA1DD45F896,REC-E1FA3DFD90DBA5E3,A,3
MOPD-C3B69BD55291FFF0,4864,TRN-6D03784345CFF000,REC-EA10D7FE86D97488,B,4
MOPD-F3BB430FA847EC0C,4865,TRN-49A6A7C85BED30BF,REC-F4D93B1A3B63C736,B,3
MOPD-B3B19CADD2DA0053,4866,TRN-FB581D01481D4EF2,REC-64988CBCFF7ADB12,C,1
MOPD-FD81B25B145B5DB5,4867,TRN-0AB34BA9C0AB08CC,REC-7B03DC551BD0D051,A,2
MOPD-727D296F4176B917,4868,TRN-63FE7F30BB171711,REC-497C0299D48036A1,C,1
MOPD-0D8E734E96A20FDF,4869,TRN-FDFF918A255F03A1,REC-566E0F58FA7ED661,A,3
MOPD-F3FD6D6E90E68934,4870,TRN-AD07872ED17B9F97,REC-2ADDF9C282A21AF5,A,3
MOPD-28C5F43A426BC2BE,4871,TRN-622841FB337938DA,REC-C7CEADE25F634850,C,1
MOPD-F4AFD63C7FD4DD22,4872,TRN-86B793FB0755FFE4,REC-9588F7C004EF255A,C,1
MOPD-3B3EE28EF352C8D6,4873,TRN-F50C3B2788432DB9,REC-DCB64AFE545AFB4C,C,1
MOPD-36AF9A2A6E378E0B,4874,TRN-4FBDEA60E356AA10,REC-A94D9EE199BFA812,B,3
MOPD-E18D5470D9B9DD1A,4875,TRN-26D89C787775A532,REC-EE7F5B44577C2CB8,A,3
MOPD-2B7A3F3E78DA50BC,4876,TRN-557ED1B5027DC8AD,REC-6A5CD77604C60F27,A,3
MOPD-9B008EB24B019C17,4877,TRN-8AF2642265C6EEFC,REC-102D7C7506E31407,A,3
MOPD-952E820C2F277778,4878,TRN-A257D3BBE0923CAE,REC-6C3EBAAE1F369F65,A,3
MOPD-03077111C4ED1B26,4879,TRN-3353EFE69F2C370D,REC-78597948BBA82E7A,A,3
MOPD-2ED2CEDFE268C0F7,4880,TRN-4E7889764642571C,REC-D4C3C17535D9CDCE,C,1
MOPD-2A7615CC1AB8E06A,4881,TRN-BFF373573C26E05E,REC-157BAC59850749C2,B,3
MOPD-86144F7E28194411,4882,TRN-AC0E3A9C7439DD7E,REC-DD7C74CE67638697,A,3
MOPD-264960D9A56C6F61,4883,TRN-7D3447C4ACCC0B75,REC-14C78F5C5A3711E5,A,2
MOPD-1733B54519D30D2F,4884,TRN-A28D3BDAC9B3F528,REC-B17F6E85C280EDB1,B,3
MOPD-E12AF6F911487813,4885,TRN-65241B426375CE78,REC-C7488C6690FA7C46,B,3
MOPD-4AA418D3270C37D4,4886,TRN-335C8CF59E16871A,REC-D695E980679EFC9C,A,3
MOPD-4467C79F53480DE1,4887,TRN-B2CAD1D3F892FD3C,REC-2349D6A1AA41AFE2,A,3
MOPD-1AC41198F2E99470,4888,TRN-2A6954C03396A53B,REC-1C1A4E4E29F88D1E,A,2
MOPD-F486F442F51A5DB9,4889,TRN-02497F5F70CDEB8E,REC-1116B99D9EE1F3E0,B,3
MOPD-732EF1834F525108,4890,TRN-6019F5643DA06001,REC-531952A2B827BFB3,B,3
MOPD-65F92434263CE938,4891,TRN-D63360BB09FCBBAA,REC-52A5E2F064B518D3,C,1
MOPD-1F0C36857A5C4229,4892,TRN-33BCD757DAA6D29B,REC-BF83952635CC2A50,B,3
MOPD-012E5AB5368586B0,4893,TRN-D88CBD8226AFCECF,REC-91F096110F4D66A2,B,4
MOPD-DEE414D6CA0C6F2C,4894,TRN-6873E9CE077E44EE,REC-873DD274BE11F410,B,3
MOPD-7E04A7995BC62CE3,4895,TRN-9F9510D3A4EEA727,REC-1C69621EE64FA99E,B,2
MOPD-6B6FDE2EE80C9606,4896,TRN-D9AB9254F0D72E5B,REC-B1077B5E8A142F6F,B,3
MOPD-5FA82CCC96AB501A,4897,TRN-CC26CD7565DA856A,REC-A7404E6590CB8DEB,A,1
MOPD-03052CB10771556C,4898,TRN-D599994BA7BF704B,REC-040D6E8D695244BD,B,4
MOPD-B12B8C6E639C61DE,4899,TRN-1D8ED87FC03F8031,REC-91543CA638DFFC28,B,3
MOPD-0838D4B3D396E695,4900,TRN-283AE1CDABA5B8C2,REC-AA75D607BEEB60EC,B,3
MOPD-CC4FBB8855B14C6C,4901,TRN-FD2A9D7375AE203F,REC-575C9BE3F9E1ABF5,B,3
MOPD-5E033E6A1C663E03,4902,TRN-9EF7B54C72074B22,REC-A19C6C220C93F739,C,1
MOPD-649B66C08E3EFED2,4903,TRN-82CC73D56818DCA8,REC-810F2B5A5784FFF7,B,3
MOPD-B0560458D69069D9,4904,TRN-1D3FE50573EBA6A2,REC-6C0CAD2737434075,C,1
MOPD-D53D8D0FB5483413,4905,TRN-45192E70F65E1120,REC-43A9612AF738081C,A,3
MOPD-4730F6BAF3543C02,4906,TRN-25427B7CE64A87D0,REC-EF25CEDDE66B622F,B,3
MOPD-81AC1131BFDCCFD8,4907,TRN-E6178F7E3969DDAF,REC-EE3498FC731E6999,C,1
MOPD-26D471194A288232,4908,TRN-89BF729F458C5C2B,REC-5815C8C471169B62,B,3
MOPD-EB52539174C1C71B,4909,TRN-5978963EB3ABD45D,REC-21ECCFDFE85F7B65,B,3
MOPD-23D46092A4495555,4910,TRN-47853C989A4A2672,REC-C09AAC7B75093C37,C,1
MOPD-3F6E2BC07BBEAC49,4911,TRN-AA91AB4618DF833C,REC-98A307212ADD8B23,A,2
MOPD-35610504D592C519,4912,TRN-D1F8F9FC3EDB3503,REC-490FB880E162AEE1,B,3
MOPD-4F5BC08518419ACA,4913,TRN-BF89229EC051008D,REC-4170CCF1FC70AF77,C,1
MOPD-66FE65C9BB8E2BF2,4914,TRN-3D8696DE5029332B,REC-BF515D7947BEBC90,C,1
MOPD-C36F1D20E697A3FB,4915,TRN-48AA34281955F5A7,REC-B58393C10130826B,C,1
MOPD-32C8E76119C68D58,4916,TRN-CC26CD7565DA856A,REC-A7404E6590CB8DEB,A,2
MOPD-42E288C37B770EE9,4917,TRN-1A4CCBA95886AD24,REC-5826BE449F561E03,A,3
MOPD-141CA6276F9493AA,4918,TRN-968153092A21D6BD,REC-2EDEF77BC5545C60,B,3
MOPD-ECEA60D4E25EB387,4919,TRN-D90603C30136051C,REC-1A7F7CEB77093942,A,3
MOPD-AECE8A53B94A7789,4920,TRN-58C41262D4FE143C,REC-7F00D221CDE36C79,C,1
MOPD-0C2970BFCBF9902D,4921,TRN-25E03A6A8D30C3F0,REC-021CF09858290EF9,B,4
MOPD-89693D294E06AC52,4922,TRN-9F29533D73EE53B0,REC-2257260434BF2FB6,B,4
MOPD-F43C3219E49D6227,4923,TRN-9FE6ED77D8DB1F70,REC-825C7794B6170CD4,B,3
MOPD-78F7B66E5DABB530,4924,TRN-71D1FB8992BE82AB,REC-D66BA08037E4C6F1,C,1
MOPD-A4E1C31BFD5E9BF5,4925,TRN-AD84B925F8A722A0,REC-493BBAF0F0F153C0,B,3
MOPD-60C201EAD03BF1E7,4926,TRN-2381D51A914ED3FC,REC-ADD3166DD519BD00,A,3
MOPD-CF96992D6DBF0790,4927,TRN-9118082FFAC55C79,REC-67741EB478DC95C3,C,1
MOPD-0A1C09022A728D74,4928,TRN-8CABA854A32011EF,REC-D1EA69F735E311F1,C,1
MOPD-A1239E6718EA665F,4929,TRN-BE6028C32113507F,REC-B29011DC8326C5A2,C,1
MOPD-43492441D436B084,4930,TRN-944C194A6211A194,REC-85A2BDC8797C5B2C,C,1
MOPD-05DB770DB11A822E,4931,TRN-6DDB16040AE5454E,REC-7BED2CBC1370497A,A,2
MOPD-351B7BDCEDC7E727,4932,TRN-E656BFA995D10497,REC-C23FBE35EFFD77BC,A,3
MOPD-7D93C231386EB014,4933,TRN-70C5F7157939531D,REC-DABBB3A7FDC0A828,A,3
MOPD-B4042CE49F80C193,4934,TRN-16AD3565D424C15D,REC-A7ABA8E4222DEDB0,C,1
MOPD-613CAA92D91F1162,4935,TRN-44A33FAF847990E1,REC-D22D9D15304CF8D4,A,3
MOPD-838C555EE6FBE118,4936,TRN-4D234FEB987F2413,REC-10AAC275442A89E6,B,4
MOPD-207C3F17E9235BB3,4937,TRN-6A271F2DDA95381D,REC-C9CD002E6E2312A9,A,3
MOPD-6A28DA3996F52D62,4938,TRN-5236C8E86CBAB351,REC-21A4F8053A3EE4B6,C,1
MOPD-319BBDDA4A0C7FB2,4939,TRN-25D6081797DA18CB,REC-35DD39B3B11C8C13,C,1
MOPD-96CB8D30A022CC54,4940,TRN-7AFE64F361FA7112,REC-BC2F9707B7EC1511,B,3
MOPD-A722D30FC9004091,4941,TRN-9494C892B2BBDDD8,REC-953467815285C0E8,B,3
MOPD-5124CA59CEBBF70D,4942,TRN-332070BE625944E7,REC-4BC316E2E7621B6F,A,3
MOPD-A4260B5D34D39C58,4943,TRN-89BF476CC91A2F8C,REC-54A043ACDDF55E4B,B,3
MOPD-5032A70864408599,4944,TRN-9F9510D3A4EEA727,REC-1C69621EE64FA99E,B,3
MOPD-C891C84A5B692FA4,4945,TRN-AA7F588DF0E41A3D,REC-A814F8803090BCB8,B,3
MOPD-8602A95FBACA7974,4946,TRN-878C6D4FFFE393AD,REC-BEAE8FFE3FF67A2C,A,3
MOPD-3B0A434B69456C8B,4947,TRN-91737DD180EA4002,REC-F525A3419386AC0D,B,3
MOPD-00BA733F79F75DB4,4948,TRN-8C267E6EFD94A08F,REC-FB2F16CFBE7A7824,B,3
MOPD-0D33386074CD1074,4949,TRN-75D6609761D0E8CE,REC-348FD094E94F344B,A,3
MOPD-0950E790CDF43C89,4950,TRN-DB10BE73265ACE8B,REC-CFC10F71D0868F57,A,3
MOPD-5F1E4C25F15083F4,4951,TRN-AAB83EAE25117DC4,REC-5F88E03EC7306CB0,A,3
MOPD-F8D86D1BBCBB564F,4952,TRN-7A09BB0528E03899,REC-37BB2A7C167F6A7D,C,1
MOPD-5C60E1C91D505630,4953,TRN-5B49A5E856A003FA,REC-23FC6116677C9A05,B,3
MOPD-056B7F0F361ECFDA,4954,TRN-898B3A3F2799C973,REC-C0679EA997F2FD60,B,4
MOPD-A5A282BF2097F83E,4955,TRN-AB7771C229B297A7,REC-EBF3582D57C1CF3C,A,2
MOPD-AF13543B0F54587D,4956,TRN-32276E506E56E286,REC-D24D59061CD64691,B,3
