anon_instance_id,routing_group,source_subset,pooled_record_count
TRN-00013B1E79E92BDA,U,rest_3954,1
TRN-000470B715FE3BBB,A,initial_rl,1
TRN-00087F1972F4A5EC,U,rest_3954,1
TRN-00112045FEE05041,U,rest_3954,1
TRN-0018BB6002AEE4CA,U,rest_3954,1
TRN-001B9AE107D98775,U,rest_3954,1
TRN-00208EB084D722DB,U,rest_3954,1
TRN-0028BDFFB81852A4,C,initial_rl,1
TRN-0043FAC05466F21F,U,rest_3954,1
TRN-004EF7EB2A58BCE2,A,initial_rl,1
TRN-005B2EC41F89680B,B,initial_rl,1
TRN-00609AE00BF09232,C,initial_rl,1
TRN-006CC86B0B3C7B4A,U,rest_3954,1
TRN-00718408537EBB93,C,initial_rl,1
TRN-007819133F955305,U,rest_3954,1
TRN-007FF158D422FD8D,C,initial_rl,1
TRN-00800BAEE88B06B2,U,rest_3954,1
TRN-00ACA74A7941F6FC,C,initial_rl,1
TRN-00B61CE6AC3C96E4,U,rest_3954,1
TRN-00B8098A9CE4AEE9,B,initial_rl,1
TRN-00BA5924FDCCE4C7,C,initial_rl,1
TRN-00C46102B80DCD78,U,rest_3954,1
TRN-00CEDB01262EA8CE,B,initial_rl,1
TRN-00DE53217527EAFF,U,rest_3954,1
TRN-00E4E876B2CC48A9,A,initial_rl,1
TRN-0106255E2DF61C86,U,rest_3954,1
TRN-013538F79DC7D105,A,initial_rl,1
TRN-0147650F359939A0,U,rest_3954,1
TRN-0149504B59C606F3,C,initial_rl,1
TRN-014BE08A6B9A0709,C,initial_rl,1
TRN-014CB7EECDAABFB2,U,rest_3954,1
TRN-01564B7C4CA9DC8C,B,initial_rl,1
TRN-0156DF4FFEA84FC5,C,initial_rl,1
TRN-015CF12182869E6B,A,initial_rl,1
TRN-016EE6F5D42B9F73,B,initial_rl,1
TRN-01710183D9A6C696,C,initial_rl,1
TRN-01758F61A60F2530,C,initial_rl,1
TRN-017CFE2E01527FE9,A,initial_rl,1
TRN-0186A33E9984F437,A,initial_rl,1
TRN-018910097E2B6AC9,U,rest_3954,1
TRN-018A3BDA9E6A8D8E,U,rest_3954,1
TRN-019652D421B100C4,U,rest_3954,1
TRN-019C7905985B9D71,U,rest_3954,1
TRN-019D0094C9A24CF6,C,initial_rl,1
TRN-01AC80128EDC94BD,U,rest_3954,1
TRN-01B83BE4940B9409,C,initial_rl,1
TRN-01BAA03D4E61E7B7,U,rest_3954,1
TRN-01D424C4172881C6,C,initial_rl,1
TRN-01F855816B83F96D,U,rest_3954,1
TRN-0205DD004932A1B8,A,initial_rl,1
TRN-02087A2D83CEDFC7,U,rest_3954,1
TRN-021238C2DD6AFC14,U,rest_3954,1
TRN-021F0D9CCD116BA9,U,rest_3954,1
TRN-02497F5F70CDEB8E,B,initial_rl,1
TRN-0250E27DF0AB5F61,A,initial_rl,1
TRN-02571C117C4092A4,U,rest_3954,1
TRN-025AB13305610894,U,rest_3954,1
TRN-025B51A234F71AD1,U,rest_3954,1
TRN-026D500116AC67AD,U,rest_3954,1
TRN-02852180D7545CA6,U,rest_3954,1
TRN-029E94667FBE2EB2,C,initial_rl,1
TRN-02A7AED0EFF161C3,U,rest_3954,1
TRN-02AB76E7D510B3DB,A,initial_rl,1
TRN-02B4F104D975A6CC,C,initial_rl,1
TRN-02B5B03BB75B222B,U,rest_3954,1
TRN-02CCF5F68B5D2C5B,U,rest_3954,1
TRN-02F933E0D0694800,U,rest_3954,1
TRN-030547D54E9BB725,U,rest_3954,1
TRN-030563C15FB3301E,U,rest_3954,1
TRN-030B5DCCD043E9F3,U,rest_3954,1
TRN-032139F0E1483366,U,rest_3954,1
TRN-0322381F14B3EB2B,B,initial_rl,1
TRN-032E3A6D0AE42E57,B,initial_rl,1
TRN-03414D971A3E5A16,U,rest_3954,1
TRN-0342CEB0B1DD7D6D,B,initial_rl,1
TRN-03513EE008BA78C0,U,rest_3954,1
TRN-035696F69EA3A732,U,rest_3954,1
TRN-03619D6C4A5E47AD,U,rest_3954,1
TRN-036F6128D1CE9D6B,C,initial_rl,1
TRN-0378B814F24440C5,C,initial_rl,1
TRN-0389F87A2C702574,U,rest_3954,1
TRN-038D79469F6FBF39,C,initial_rl,1
TRN-0394B85232A0B9C2,U,rest_3954,1
TRN-039B4CC941C6561D,C,initial_rl,1
TRN-03A40B134B795BB5,C,initial_rl,1
TRN-03A6156ADD94FEF6,A,initial_rl,1
TRN-03A65005A62DB8D9,U,rest_3954,1
TRN-03B405BC07EE61EF,U,rest_3954,1
TRN-03C0140326CDD64F,B,initial_rl,1
TRN-03C8893D99184ACE,U,rest_3954,1
TRN-03CEA5FAB3FFDA0C,U,rest_3954,1
TRN-03D700713A9952AB,C,initial_rl,1
TRN-03E59F53C7066C71,U,rest_3954,1
TRN-03FA34A9FF48943E,A,initial_rl,1
TRN-0404E2A961E3FE10,U,rest_3954,1
TRN-040F485CFDE95B4F,B,initial_rl,1
TRN-04160BD026F9C833,C,initial_rl,1
TRN-04165F8DE05E92ED,C,initial_rl,1
TRN-041EF1FD28720A5E,B,initial_rl,1
TRN-0421E9C22F94C0C1,U,rest_3954,1
TRN-043B3783E1F04625,U,rest_3954,1
TRN-043D6AAE0345E974,B,initial_rl,1
TRN-04536193D1296EED,U,rest_3954,1
TRN-045FD767E6DD5CBF,U,rest_3954,1
TRN-0461A138E6289808,U,rest_3954,1
TRN-047904192E013882,A,initial_rl,1
TRN-0489823D936E86C4,U,rest_3954,1
TRN-048F98AE5C342C33,A,initial_rl,1
TRN-0496DE949F8489F7,U,rest_3954,1
TRN-04A5380B250B8884,C,initial_rl,1
TRN-04BC74D0A5529CD3,U,rest_3954,1
TRN-04C0C6980086600D,C,initial_rl,1
TRN-04C24F281B3EF142,U,rest_3954,1
TRN-04CF2C8F732FAC9B,U,rest_3954,1
TRN-04D90E3BE66E3B09,U,rest_3954,1
TRN-04E8B261D741A822,A,initial_rl,1
TRN-04F514C1AA2EE7BE,B,initial_rl,1
TRN-05094B0D1C1F79E7,B,initial_rl,1
TRN-050AFAB317EFDEC4,U,rest_3954,1
TRN-051B77C8B920CFBB,C,initial_rl,1
TRN-0525DB791776D08A,U,rest_3954,1
TRN-0537A5DD06DBF1F3,A,initial_rl,1
TRN-053869EA29CE65B6,U,rest_3954,1
TRN-0540B145062067AC,U,rest_3954,1
TRN-0545A17FDCB4554C,A,initial_rl,1
TRN-05574A4A3665CD96,U,rest_3954,1
TRN-0563FE1662C78917,U,rest_3954,1
TRN-056804C149954077,U,rest_3954,1
TRN-057C15B7957F0F8A,U,rest_3954,1
TRN-058926CB73D0F552,U,rest_3954,1
TRN-0590CDCFF721FF2C,U,rest_3954,1
TRN-0596B6CFC0C46BAE,U,rest_3954,1
TRN-05B530598CFCEFE6,U,rest_3954,1
TRN-05C2516B064DB7E7,U,rest_3954,1
TRN-05D2B2123B4F00F0,C,initial_rl,1
TRN-05DCE6099C8158CD,C,initial_rl,1
TRN-05E7287CD3F7EB0D,U,rest_3954,1
TRN-05F41A152137175D,C,initial_rl,1
TRN-05F4F8AFAC0D75A9,C,initial_rl,1
TRN-0602B1A6C3423F60,U,rest_3954,1
TRN-060C3C7491D6F43E,C,initial_rl,1
TRN-06118FA13DEB2FC4,B,initial_rl,1
TRN-0613D2D1290F6F4B,U,rest_3954,1
TRN-061D5FA69CECE1E3,C,initial_rl,1
TRN-06223677706F6605,C,initial_rl,1
TRN-0637550234031996,U,rest_3954,1
TRN-06573298A75A8103,U,rest_3954,1
TRN-065B9866E9E3B336,A,initial_rl,1
TRN-065E9743E2D37BA2,C,initial_rl,1
TRN-066179250F5515AE,U,rest_3954,1
TRN-0676A3E655B08B1B,C,initial_rl,1
TRN-06813453985F5C29,U,rest_3954,1
TRN-068704F56077FFD0,C,initial_rl,1
TRN-068F0A838B392F17,U,rest_3954,1
TRN-069370AB286EDC6A,U,rest_3954,1
TRN-069B342EB5EBFA78,A,initial_rl,1
TRN-069E26580110CF18,U,rest_3954,1
TRN-06A29195416183DD,C,initial_rl,1
TRN-06B0C2D5300998B2,U,rest_3954,1
TRN-06B6F2CE8C2020B1,U,rest_3954,1
TRN-06B7E58237457AB4,C,initial_rl,1
TRN-06BFA483A2457002,B,initial_rl,1
TRN-06EC2BFA49BDB548,U,rest_3954,1
TRN-06F261BEAE336B5D,U,rest_3954,1
TRN-0700A6B2E99DF47A,U,rest_3954,1
TRN-07051A6AD643C7A8,C,initial_rl,1
TRN-070863BCCBBDE47F,C,initial_rl,1
TRN-07137974CC0EB431,U,rest_3954,1
TRN-0729BE280172BBFD,U,rest_3954,1
TRN-072AA7E7EDF4EBCC,C,initial_rl,1
TRN-072F021CAAD87ED6,U,rest_3954,1
TRN-073ECC6103FE5013,C,initial_rl,1
TRN-073F431DF256600D,U,rest_3954,1
TRN-07463F31278A21CF,U,rest_3954,1
TRN-0750343EB1F5D44F,C,initial_rl,1
TRN-075304371DE00D1C,U,rest_3954,1
TRN-075B647775B7FBA0,C,initial_rl,1
TRN-0769BDDADD153012,U,rest_3954,1
TRN-076AEE618353605C,C,initial_rl,1
TRN-077791B7DDFD63D6,U,rest_3954,1
TRN-07837119F322EC34,U,rest_3954,1
TRN-07851DE09074DAE5,A,initial_rl,1
TRN-07925DEF1A08EE33,U,rest_3954,1
TRN-07C7A0EDF0517A75,C,initial_rl,1
TRN-07C91B9B8708E28D,U,rest_3954,1
TRN-07CE9A63CABB0E51,B,initial_rl,1
TRN-07CF7159F0177DBC,U,rest_3954,1
TRN-07CF84199DD2A4B8,A,initial_rl,1
TRN-07D8CF29D14A3034,U,rest_3954,1
TRN-07DDCE296B55F3BF,U,rest_3954,1
TRN-07DFACE9F4A86403,U,rest_3954,1
TRN-07E9EF57B42BC6FE,U,rest_3954,1
TRN-07F9B6E7F7F67704,U,rest_3954,1
TRN-07FB86B91930C717,U,rest_3954,1
TRN-0805A45895AA6BC0,C,initial_rl,1
TRN-081B06256E404ABB,B,initial_rl,1
TRN-0824BE5420041947,U,rest_3954,1
TRN-083A9DAA7243A3C2,U,rest_3954,1
TRN-0850593581B03FC6,U,rest_3954,1
TRN-0851A8C7250267EF,C,initial_rl,1
TRN-0875B2723B0EF210,C,initial_rl,1
TRN-087CA54D1E41935F,U,rest_3954,1
TRN-088C071CC18DDC53,U,rest_3954,1
TRN-088E89A8F4A56323,B,initial_rl,1
TRN-0897D6294AF9D30A,U,rest_3954,1
TRN-0899755D830DF34C,A,initial_rl,1
TRN-089C069345012BA6,U,rest_3954,1
TRN-08B583FC83A11C37,U,rest_3954,1
TRN-08B5D8CAB6860AAD,C,initial_rl,1
TRN-08BAAC382570381D,U,rest_3954,1
TRN-08ED934927B36EA7,U,rest_3954,1
TRN-08EF9FCB2E823C34,U,rest_3954,1
TRN-08F3AF4FABA77613,U,rest_3954,1
TRN-08F9E48F8ECDE206,U,rest_3954,1
TRN-08FBE825B2A2D3EF,U,rest_3954,1
TRN-0917D1733E2F1F42,C,initial_rl,1
TRN-091D298CE508AA36,U,rest_3954,1
TRN-092B8A3FE691DC85,U,rest_3954,1
TRN-0931040AC4049D75,A,initial_rl,1
TRN-09346BC8EF14244D,U,rest_3954,1
TRN-09377B1053F4B9EC,C,initial_rl,1
TRN-093C0819736676F6,U,rest_3954,1
TRN-0952EA06EA087189,U,rest_3954,1
TRN-095AFBEB688F120A,U,rest_3954,1
TRN-097271085FCE714C,U,rest_3954,1
TRN-0987253E1A912C5D,U,rest_3954,1
TRN-09A4DCC919BB268C,U,rest_3954,1
TRN-09A63CAE8DE48EB1,B,initial_rl,1
TRN-09A965C9196C8C30,C,initial_rl,1
TRN-09B501833185B382,C,initial_rl,1
TRN-09B5412352E67672,U,rest_3954,1
TRN-09C09B876153321A,U,rest_3954,1
TRN-09C4B3DB32CA4996,C,initial_rl,1
TRN-09C54ABC75D21EA3,U,rest_3954,1
TRN-09D2F6A663981D43,C,initial_rl,1
TRN-09D4A31D64B96966,U,rest_3954,1
TRN-09E89DAA9525D325,U,rest_3954,1
TRN-09EB8161DE0475EC,B,initial_rl,1
TRN-09EFCC6830E2EBEB,U,rest_3954,1
TRN-09F258933C800A43,U,rest_3954,1
TRN-09F8FCA53FFDA336,U,rest_3954,1
TRN-0A104C798D9902E2,U,rest_3954,1
TRN-0A132461115415C9,U,rest_3954,1
TRN-0A18CAB0460D0B68,U,rest_3954,1
TRN-0A220E70257700C3,U,rest_3954,1
TRN-0A313803711E2C92,B,initial_rl,1
TRN-0A355800585C8E74,U,rest_3954,1
TRN-0A422A75253706D8,U,rest_3954,1
TRN-0A427D764B35D560,U,rest_3954,1
TRN-0A54AA4FCB535FAC,U,rest_3954,1
TRN-0A5F111B201A5060,U,rest_3954,1
TRN-0A6311882239466D,A,initial_rl,1
TRN-0A66C0F189FC07E0,U,rest_3954,1
TRN-0A7D17C6E6F730B6,A,initial_rl,1
TRN-0A944D032A6D918F,C,initial_rl,1
TRN-0A96A3967EA8CADA,U,rest_3954,1
TRN-0A98C3CFE7BEF32B,B,initial_rl,1
TRN-0A9FE7AA0C72C4DB,U,rest_3954,1
TRN-0AAAE2E89412AF89,U,rest_3954,1
TRN-0AABA3A201BCB0E5,B,initial_rl,1
TRN-0AAC118DC1F0AA08,C,initial_rl,1
TRN-0AB34BA9C0AB08CC,A,initial_rl,1
TRN-0ABB44EB410F9BE4,B,initial_rl,1
TRN-0ABDE2CFC617668E,U,rest_3954,1
TRN-0ABF5246D29AB022,U,rest_3954,1
TRN-0AC1F2F73E29C6A1,U,rest_3954,1
TRN-0AC266902FDA7A56,U,rest_3954,1
TRN-0ACC2A3209BBD263,U,rest_3954,1
TRN-0ACC457E0BF2AF02,U,rest_3954,1
TRN-0ACF48FCB24C555A,U,rest_3954,1
TRN-0AD0FCC23FA7DFBE,U,rest_3954,1
TRN-0AD8741FAF1D0D15,U,rest_3954,1
TRN-0AE18283817142F8,U,rest_3954,1
TRN-0AED5844E8BDDD54,U,rest_3954,1
TRN-0AF054FEF88A0C04,U,rest_3954,1
TRN-0AF15DDA819E4703,C,initial_rl,1
TRN-0AF63CBB9A960B65,U,rest_3954,1
TRN-0AFB5D1D3374C07B,C,initial_rl,1
TRN-0AFE30A3142002D0,U,rest_3954,1
TRN-0B024C018B38990A,U,rest_3954,1
TRN-0B0A68C139ADCE63,U,rest_3954,1
TRN-0B0B720D89F34201,B,initial_rl,1
TRN-0B11F53CB8FF6010,U,rest_3954,1
TRN-0B3C5E7BB4A088AE,U,rest_3954,1
TRN-0B599E5E984E676C,U,rest_3954,1
TRN-0B608E1DE38763A0,U,rest_3954,1
TRN-0B73E471AF790827,U,rest_3954,1
TRN-0B8FF9EB1C622D0E,B,initial_rl,1
TRN-0B9062E4BE2A288A,A,initial_rl,1
TRN-0B9088C2180EFB7B,C,initial_rl,1
TRN-0BB012A2579CB880,B,initial_rl,1
TRN-0BBC87CA753D8244,C,initial_rl,1
TRN-0BD28B7B581DE959,C,initial_rl,1
TRN-0BDB784F1627ECDE,C,initial_rl,1
TRN-0BDE77367C20FBCD,C,initial_rl,1
TRN-0BDE84ECDBFC9EE9,U,rest_3954,1
TRN-0BECF62E3A34AF97,U,rest_3954,1
TRN-0C0AB2234CA0C0E4,U,rest_3954,1
TRN-0C0F60524717A568,U,rest_3954,1
TRN-0C1F7EADDC4B2546,C,initial_rl,1
TRN-0C2F1899F53DD71E,U,rest_3954,1
TRN-0C31A9BAEF8E9D14,C,initial_rl,1
TRN-0C344A77F9439644,C,initial_rl,1
TRN-0C41EF8EF4B16FE6,U,rest_3954,1
TRN-0C5254CC39E94900,A,initial_rl,1
TRN-0C56F488A781077C,C,initial_rl,1
TRN-0C66849392E1314A,U,rest_3954,1
TRN-0C67434751A84FE3,C,initial_rl,1
TRN-0C71AB0A2612E503,C,initial_rl,1
TRN-0C793AA0CA33D7FA,U,rest_3954,1
TRN-0C7F14ECB4355B51,U,rest_3954,1
TRN-0C90259EAB56E0A7,U,rest_3954,1
TRN-0C99AF449845B834,U,rest_3954,1
TRN-0CAAC06ACC3E6D24,U,rest_3954,1
TRN-0CAED6BE66F69C13,U,rest_3954,1
TRN-0CB3F34202D600C7,C,initial_rl,1
TRN-0CC6DAE4A8AAF509,U,rest_3954,1
TRN-0CE1296F8313B301,U,rest_3954,1
TRN-0CED7243A1D46BDB,B,initial_rl,1
TRN-0CFF5D2A5ACAA7D4,A,initial_rl,1
TRN-0D190D2C6F79AA91,C,initial_rl,1
TRN-0D1A872C0D3A411C,C,initial_rl,1
TRN-0D1BC7D342B84EC6,C,initial_rl,1
TRN-0D1F2F8EE67A36EE,C,initial_rl,1
TRN-0D26AE0AF3B6C9CC,U,rest_3954,1
TRN-0D26D9C8F8C2D0E7,U,rest_3954,1
TRN-0D320DB4628D4C6B,U,rest_3954,1
TRN-0D3B777FC342E6D0,C,initial_rl,1
TRN-0D3CA0438F8875BD,C,initial_rl,1
TRN-0D4CFA757373C79D,C,initial_rl,1
TRN-0D59940EC8DC3EDD,C,initial_rl,1
TRN-0D8A6593F5514B4A,U,rest_3954,1
TRN-0D9BFA4C905595CA,U,rest_3954,1
TRN-0DA1582955C82163,U,rest_3954,1
TRN-0DD1019282DD227B,U,rest_3954,1
TRN-0DE1262AB9BA4BE7,U,rest_3954,1
TRN-0DE229599EC0396D,U,rest_3954,1
TRN-0DED038E59EC20AB,U,rest_3954,1
TRN-0DEFACB9D437EC5E,B,initial_rl,1
TRN-0DF79E2A7C650E90,U,rest_3954,1
TRN-0E34D137BB8E2386,C,initial_rl,1
TRN-0E3F86A9F1E370FF,U,rest_3954,1
TRN-0E407792485439AA,U,rest_3954,1
TRN-0E4079E3A91FA45C,U,rest_3954,1
TRN-0E421CEADE48AD10,U,rest_3954,1
TRN-0E423955ECBFC8EC,U,rest_3954,1
TRN-0E503D26E33C8DD3,C,initial_rl,1
TRN-0E58629105B615EA,U,rest_3954,1
TRN-0E8715DB9CB374C4,C,initial_rl,1
TRN-0E98898FA3053800,C,initial_rl,1
TRN-0EA5C04BC030FBAB,U,rest_3954,1
TRN-0EA989948B9896AF,U,rest_3954,1
TRN-0ED6417A95730A5A,U,rest_3954,1
TRN-0EDA5E9E810A70A4,B,initial_rl,1
TRN-0EE4107AB8248A9F,U,rest_3954,1
TRN-0EE4BF1185DF1CD6,C,initial_rl,1
TRN-0EEAB24362E89292,A,initial_rl,1
TRN-0EF24C39B33FD30D,A,initial_rl,1
TRN-0F0CC2CE7CB3F821,A,initial_rl,1
TRN-0F0F17499DF0F513,C,initial_rl,1
TRN-0F0FE7A088049BA1,U,rest_3954,1
TRN-0F1BA1CFF99209B6,U,rest_3954,1
TRN-0F1DF3FB03972D83,U,rest_3954,1
TRN-0F27CE2C3DA9C02E,U,rest_3954,1
TRN-0F2973D73D81CB45,C,initial_rl,1
TRN-0F2CEF7C16A53591,U,rest_3954,1
TRN-0F34D3D25AAB3DE1,U,rest_3954,1
TRN-0F3AFC3CF019D3E0,U,rest_3954,1
TRN-0F40A5DE8B59B644,U,rest_3954,1
TRN-0F41F5E400E2ED93,U,rest_3954,1
TRN-0F4482E7CC8E52B8,C,initial_rl,1
TRN-0F44FDE0CC5F99F1,U,rest_3954,1
TRN-0F46C559D7CC748B,A,initial_rl,1
TRN-0F5B09F089E54DA7,U,rest_3954,1
TRN-0F6BA60562CDFEA9,U,rest_3954,1
TRN-0F7D4B35EBC8A7AC,C,initial_rl,1
TRN-0F7E200E565F0F87,U,rest_3954,1
TRN-0F82FDCA33438ECE,U,rest_3954,1
TRN-0F844742DD1BAE64,C,initial_rl,1
TRN-0F89297EFFAAB4AA,U,rest_3954,1
TRN-0F9550BA3F9D2EFC,U,rest_3954,1
TRN-0FA1363721F26E70,C,initial_rl,1
TRN-0FB925506E99D837,U,rest_3954,1
TRN-0FC8D0F8F2CE0BEE,B,initial_rl,1
TRN-0FD2F2C8613F4654,U,rest_3954,1
TRN-0FDB9C7E9FEFF192,B,initial_rl,1
TRN-0FE1EAD954959833,U,rest_3954,1
TRN-0FEDD6F2DC1CD7F7,U,rest_3954,1
TRN-0FF9DBC3904AFBE0,U,rest_3954,1
TRN-100341930138285F,U,rest_3954,1
TRN-1016ADDDF12BFBA2,U,rest_3954,1
TRN-1017D1840E8B652E,C,initial_rl,1
TRN-101EB3CF1474F6A9,C,initial_rl,1
TRN-102247B14BD0505B,B,initial_rl,1
TRN-10309C8F15C4C9B6,C,initial_rl,1
TRN-1059D3C309E7582A,A,initial_rl,1
TRN-105A0227E3104323,U,rest_3954,1
TRN-105ED782BB901814,U,rest_3954,1
TRN-10637C9DA61759DB,U,rest_3954,1
TRN-1064B5B0B95174C2,U,rest_3954,1
TRN-10687AF99AE8E060,U,rest_3954,1
TRN-106E2DD044E0F28A,B,initial_rl,1
TRN-10860A3C056D4F26,C,initial_rl,1
TRN-1093295C1D194649,B,initial_rl,1
TRN-109E81748F83E3D1,U,rest_3954,1
TRN-10A03C174AD64769,A,initial_rl,1
TRN-10AAFEEE77A67B06,U,rest_3954,1
TRN-10B97665B2744F7A,U,rest_3954,1
TRN-10BBDC8D9E86119A,U,rest_3954,1
TRN-10C2A04D9F973EDD,U,rest_3954,1
TRN-10CF14E7DBC8C243,C,initial_rl,1
TRN-10D5F8542A813BCD,U,rest_3954,1
TRN-10D84CC3567722A3,C,initial_rl,1
TRN-10DB776DB4A4EFCE,U,rest_3954,1
TRN-10E06B066ABCC84F,U,rest_3954,1
TRN-10E4ECB17F7E8531,U,rest_3954,1
TRN-10F15B057580C1B1,U,rest_3954,1
TRN-10FA0C353487AC3E,U,rest_3954,1
TRN-11035CB6A670BA9F,C,initial_rl,1
TRN-110631192A2923F2,U,rest_3954,1
TRN-111626B6F62AFDD9,B,initial_rl,1
TRN-111E03803BECEF8E,C,initial_rl,1
TRN-1120B3C98B9E4953,C,initial_rl,1
TRN-11255B943E5D891B,U,rest_3954,1
TRN-11293D43409BA404,U,rest_3954,1
TRN-1137EB2A247EDCC1,U,rest_3954,1
TRN-1152D0F7365C02F1,C,initial_rl,1
TRN-115BC482BA5DDDCC,B,initial_rl,1
TRN-1160ECFC51A79ABF,B,initial_rl,1
TRN-11610DA88ABBF7C7,U,rest_3954,1
TRN-116C4FA62F51F83F,U,rest_3954,1
TRN-116F26300550BF2D,U,rest_3954,1
TRN-1174F8855C631339,B,initial_rl,1
TRN-119037837EE4337D,U,rest_3954,1
TRN-1190EED55F424C6A,U,rest_3954,1
TRN-11911801FE3FFBC5,U,rest_3954,1
TRN-119497763A739416,U,rest_3954,1
TRN-11973562E56EAB3F,U,rest_3954,1
TRN-119D311037A23643,C,initial_rl,1
TRN-11B32446569FE25C,C,initial_rl,1
TRN-11B968B98D5B604C,C,initial_rl,1
TRN-11BE8B93E840D030,U,rest_3954,1
TRN-11C32B5FBB182E8F,C,initial_rl,1
TRN-11C9BF6B9A03BEAE,U,rest_3954,1
TRN-11CD1F5054781FE9,U,rest_3954,1
TRN-11DB56ED96D94C1F,U,rest_3954,1
TRN-11E23BB19815096C,U,rest_3954,1
TRN-11E589CCB05725CB,A,initial_rl,1
TRN-11EF44801D7FAA48,B,initial_rl,1
TRN-11FAAE351DD71B6E,U,rest_3954,1
TRN-1204F7D38F44B51E,B,initial_rl,1
TRN-120A569396CB046F,U,rest_3954,1
TRN-1219995DC484B571,U,rest_3954,1
TRN-12229085D21299DD,U,rest_3954,1
TRN-12338DAF2CBF6B15,U,rest_3954,1
TRN-123D7F27F302B653,B,initial_rl,1
TRN-123E2F5A3717558F,C,initial_rl,1
TRN-1244EB60B8742CD0,U,rest_3954,1
TRN-1245D7ABFD4A4EAA,U,rest_3954,1
TRN-12484CDB0C018840,U,rest_3954,1
TRN-1249DF41837AE6CE,C,initial_rl,1
TRN-124D9D8D1F7DD5DC,U,rest_3954,1
TRN-125C6C2B05ACF4A0,U,rest_3954,1
TRN-125C866CE00525F4,C,initial_rl,1
TRN-126A63EAD42BB71B,A,initial_rl,1
TRN-126D85ACA7B9C9CD,C,initial_rl,1
TRN-126E9D1A9D5ACBBC,C,initial_rl,1
TRN-127217E42B85DF7D,U,rest_3954,1
TRN-127950A40C507A59,U,rest_3954,1
TRN-1281D3158BB1A51E,C,initial_rl,1
TRN-128CCDA984627651,C,initial_rl,1
TRN-129BFCEC6FDD8E08,C,initial_rl,1
TRN-12C00F2819641145,U,rest_3954,1
TRN-12C997749287849E,U,rest_3954,1
TRN-12CC7397EAE871B4,U,rest_3954,1
TRN-12CE96685E1CD76F,C,initial_rl,1
TRN-12E63A7FFAC6D33B,C,initial_rl,1
TRN-12EE6C93AB6C1330,C,initial_rl,1
TRN-12F2D575A534655C,U,rest_3954,1
TRN-12F7D3A6447B86B4,U,rest_3954,1
TRN-12FDA60DCAB12B8C,U,rest_3954,1
TRN-1310267D692CF280,U,rest_3954,1
TRN-1310E900BD306A3D,U,rest_3954,1
TRN-131E9ABE4D2E6765,U,rest_3954,1
TRN-13211C424437E2BF,U,rest_3954,1
TRN-13275981BBE44B97,U,rest_3954,1
TRN-132F5C420679E700,U,rest_3954,1
TRN-1330B9723A950083,U,rest_3954,1
TRN-1335CE805CBBE503,U,rest_3954,1
TRN-133F1F3C1915506D,C,initial_rl,1
TRN-134F403630258CB5,U,rest_3954,1
TRN-1351690F083B8001,B,initial_rl,1
TRN-135AD2C0F28F49C5,U,rest_3954,1
TRN-135C0B2109A07DE2,U,rest_3954,1
TRN-1360FCF27504F38F,U,rest_3954,1
TRN-1379C5D8A7BB3118,U,rest_3954,1
TRN-137E1FB618DF9398,C,initial_rl,1
TRN-13905ECEBDEF8983,U,rest_3954,1
TRN-139098C602DD4827,U,rest_3954,1
TRN-1391D7404BAE3934,B,initial_rl,1
TRN-13A4BF9643BDB50C,U,rest_3954,1
TRN-13AA3752F4CA6950,U,rest_3954,1
TRN-13B082CF1A2565F9,U,rest_3954,1
TRN-13B2430867F02D56,C,initial_rl,1
TRN-13B413B02526BB6F,C,initial_rl,1
TRN-13B5838CC6778631,C,initial_rl,1
TRN-13CC5F8539CD2B66,U,rest_3954,1
TRN-13E05C41222FE183,U,rest_3954,1
TRN-13E274AD1FC39171,U,rest_3954,1
TRN-13E4D4F1AA8B96BE,U,rest_3954,1
TRN-13F081D654FC796F,U,rest_3954,1
TRN-13F5B14AFE4378D9,C,initial_rl,1
TRN-13FAB97410513B03,U,rest_3954,1
TRN-13FE9567D21E2233,U,rest_3954,1
TRN-141C1BB26CC28E75,A,initial_rl,1
TRN-14345BEDC2B8C1EA,U,rest_3954,1
TRN-1443D4DE874C97D7,U,rest_3954,1
TRN-14549F36AEE55397,U,rest_3954,1
TRN-145B37C344DC62D0,U,rest_3954,1
TRN-145D128153C8CB10,A,initial_rl,1
TRN-1481FA0826FEC96D,U,rest_3954,1
TRN-1482C72B4D3207E9,U,rest_3954,1
TRN-148443C23274E13D,C,initial_rl,1
TRN-14969FC47434F3F3,U,rest_3954,1
TRN-1499BEE9F1187314,A,initial_rl,1
TRN-14A4671FBD1866B0,U,rest_3954,1
TRN-14A6B1B9F6FCF38A,C,initial_rl,1
TRN-14AB9BCABD516FC9,B,initial_rl,1
TRN-14B26203026C54FB,U,rest_3954,1
TRN-14B275E9ECB05C92,U,rest_3954,1
TRN-14B717C3B09DF963,U,rest_3954,1
TRN-14BAA67EC2894327,C,initial_rl,1
TRN-14BD9F560F041BF6,U,rest_3954,1
TRN-14C88818C8533FE7,A,initial_rl,1
TRN-14D0320F8946D4D0,C,initial_rl,1
TRN-14D1F1F48EC04B98,U,rest_3954,1
TRN-14DBF901E04D575A,A,initial_rl,1
TRN-14E7604B1E48316B,A,initial_rl,1
TRN-14EBBA6370954761,U,rest_3954,1
TRN-14EF1E261D6CC8E3,U,rest_3954,1
TRN-14F20B4E1FAF6819,A,initial_rl,1
TRN-15249DD7C70E227F,U,rest_3954,1
TRN-152515A8AB274AFB,U,rest_3954,1
TRN-1540936E4FF581CA,U,rest_3954,1
TRN-1546676887A65165,C,initial_rl,1
TRN-154E40EB1B9051B2,C,initial_rl,1
TRN-155958202A6A46A8,U,rest_3954,1
TRN-155E76DFA395F72C,C,initial_rl,1
TRN-15633520C92005A6,U,rest_3954,1
TRN-1563E214450FA380,C,initial_rl,1
TRN-1569F0D3F5EE4B23,U,rest_3954,1
TRN-158004DE7E1CA3AC,A,initial_rl,1
TRN-1580BBC355ECF06B,U,rest_3954,1
TRN-158F46491727C007,B,initial_rl,1
TRN-15915B87F601B8C7,U,rest_3954,1
TRN-159369C8989C4ACE,C,initial_rl,2
TRN-159B7C4B25319865,U,rest_3954,1
TRN-159CE4F5FEE10264,U,rest_3954,1
TRN-15B138E54513A8D7,C,initial_rl,1
TRN-15B5CAEB6AEC9F78,U,rest_3954,1
TRN-15CF549A117EC687,U,rest_3954,1
TRN-15D7B6C7E4F14373,U,rest_3954,1
TRN-15D89BE3BA663673,A,initial_rl,1
TRN-15D8B69793F1A602,U,rest_3954,1
TRN-15E08C912536CB93,U,rest_3954,1
TRN-15EA0ABD6C18717E,C,initial_rl,1
TRN-162328DF6313DD8D,B,initial_rl,1
TRN-162457A0D131E7E9,U,rest_3954,1
TRN-1624F038D5DD9ACF,U,rest_3954,1
TRN-16314D2BBFBE8CEC,C,initial_rl,1
TRN-1644581810A1C89F,U,rest_3954,1
TRN-1649D21B27869839,U,rest_3954,1
TRN-16576F820AED6D6A,C,initial_rl,1
TRN-1663E43EB85EC7FD,U,rest_3954,1
TRN-1665753D4AF63FFF,U,rest_3954,1
TRN-166B1057823181D2,U,rest_3954,1
TRN-166D0569043930BB,U,rest_3954,1
TRN-167185F80ADBEC4A,U,rest_3954,1
TRN-167EAEEC6795876E,U,rest_3954,1
TRN-167EDAC42280795B,U,rest_3954,1
TRN-168018D91962D56F,U,rest_3954,1
TRN-168E9EFECCDE11BA,U,rest_3954,1
TRN-168F9E21FEE85B30,U,rest_3954,1
TRN-1699E19B6CEC30C8,U,rest_3954,1
TRN-16A144440D52B110,U,rest_3954,1
TRN-16A669F4CC64AF57,C,initial_rl,1
TRN-16AD3565D424C15D,C,initial_rl,1
TRN-16ADB88C579D006A,U,rest_3954,1
TRN-16B8BB65D6418EFF,U,rest_3954,1
TRN-16C4EFE3916BEF67,U,rest_3954,1
TRN-16D94B1F07E48322,U,rest_3954,1
TRN-16DEBD756FF9CF71,A,initial_rl,1
TRN-16E13B344F2310B6,U,rest_3954,1
TRN-16E822388B37272C,U,rest_3954,1
TRN-16F361300C0DB0A1,U,rest_3954,1
TRN-16F51231020ECEF0,C,initial_rl,1
TRN-170237CF060EDD29,U,rest_3954,1
TRN-170FF5B4C01A3D43,U,rest_3954,1
TRN-17183D54BCD41B7F,C,initial_rl,1
TRN-17232B3CCC969DA7,U,rest_3954,1
TRN-17278B5697A2330C,U,rest_3954,1
TRN-172C77BC7C06E793,U,rest_3954,1
TRN-1730199DB5C161F9,C,initial_rl,1
TRN-17337422C1B6E665,C,initial_rl,1
TRN-175545DC77A5A320,U,rest_3954,1
TRN-1770CA321E85BB13,B,initial_rl,1
TRN-17781E9DACD4F275,C,initial_rl,1
TRN-1782297FAE4525DD,C,initial_rl,1
TRN-1782310209F166C6,U,rest_3954,1
TRN-178C29BCE86830F2,U,rest_3954,1
TRN-178E68CBB972D903,C,initial_rl,1
TRN-17914492E5C56633,U,rest_3954,1
TRN-1797B9C92C44D2E7,C,initial_rl,1
TRN-179F75834F84252B,U,rest_3954,1
TRN-17A4F9268BF0F261,B,initial_rl,1
TRN-17A787666F326A93,C,initial_rl,1
TRN-17D021204CCE3AC4,U,rest_3954,1
TRN-17DEED1358CE54B6,U,rest_3954,1
TRN-17EB630246A24D07,U,rest_3954,1
TRN-17ECCBEA81A93368,U,rest_3954,1
TRN-17EF51512C76A941,U,rest_3954,1
TRN-180A1F45858A0A4C,U,rest_3954,1
TRN-180AFA69D7F9778F,U,rest_3954,1
TRN-180F401D795BEA47,U,rest_3954,1
TRN-18153AC78BF0293A,U,rest_3954,1
TRN-182346FB9AB05EA0,C,initial_rl,1
TRN-182416A523805F83,U,rest_3954,1
TRN-182B47ACA6EA968B,U,rest_3954,1
TRN-1832F6344E6909C8,C,initial_rl,1
TRN-1839BB9CF31B9435,C,initial_rl,1
TRN-183B3DBF05FD5464,U,rest_3954,1
TRN-1841FCB77C14042D,C,initial_rl,1
TRN-184FBF3262F11E46,C,initial_rl,1
TRN-1856A79B23878148,C,initial_rl,1
TRN-186A3403B9B7FF9E,U,rest_3954,1
TRN-1875C07E211E32AF,B,initial_rl,1
TRN-1877FD3E1F4047B1,A,initial_rl,1
TRN-189DF6EB5FEDBA7F,C,initial_rl,1
TRN-18A86968C0CD7640,U,rest_3954,1
TRN-18B01E7B0386BDAA,U,rest_3954,1
TRN-18DE6CBA60DB98A9,U,rest_3954,1
TRN-18DF01D17EB789A1,C,initial_rl,1
TRN-18E0E1A0137BAEC5,C,initial_rl,1
TRN-18E80B1D3F6679F6,U,rest_3954,1
TRN-18EE86A6234C11D4,U,rest_3954,1
TRN-18EE895DE8A522E0,C,initial_rl,1
TRN-1907F61CA32F2BA4,U,rest_3954,1
TRN-190AA14AAF5FD0E7,B,initial_rl,1
TRN-1916B31E442EFDDD,C,initial_rl,1
TRN-193E5AC13B4F3551,U,rest_3954,1
TRN-1944D4D3E31D2415,U,rest_3954,1
TRN-194988A4BA8CA249,U,rest_3954,1
TRN-194AB44C78088F0F,U,rest_3954,1
TRN-194AEA1397616036,U,rest_3954,1
TRN-19521BC781DAAEF4,U,rest_3954,1
TRN-1956AADC0045E8D4,U,rest_3954,1
TRN-195B88BF4CF8EED9,C,initial_rl,1
TRN-195BCA1A742C47A7,U,rest_3954,1
TRN-195EAA5B78BD0BD7,B,initial_rl,1
TRN-19789970275ECD26,C,initial_rl,1
TRN-1997354CF9590942,U,rest_3954,1
TRN-19973BA39B64F908,U,rest_3954,1
TRN-19A5720479BDA8B0,U,rest_3954,1
TRN-19B2F6CE13FB10CC,C,initial_rl,1
TRN-19C3104FEAF76C38,C,initial_rl,1
TRN-19C6CCA0B1936D9E,U,rest_3954,1
TRN-19D0326778CE7408,U,rest_3954,1
TRN-19DD2F6E4EE12C95,B,initial_rl,1
TRN-19F26F4FC61F3052,U,rest_3954,1
TRN-19F34608C9677F6B,U,rest_3954,1
TRN-1A1595092E83BC77,U,rest_3954,1
TRN-1A3ACFAFD1E36686,C,initial_rl,1
TRN-1A437046B7CC1B9C,U,rest_3954,1
TRN-1A4CCBA95886AD24,A,initial_rl,1
TRN-1A59E942B95669C1,U,rest_3954,1
TRN-1A80C768340E265D,U,rest_3954,1
TRN-1A968524568BA6B7,U,rest_3954,1
TRN-1AAD19BB1A5857B9,C,initial_rl,1
TRN-1AB09B6EB29F5DEF,B,initial_rl,1
TRN-1AB97A22CD10AB84,U,rest_3954,1
TRN-1ABAA35A312CFC97,C,initial_rl,1
TRN-1ABAC430AFBF278A,U,rest_3954,1
TRN-1ABEB894643DE672,U,rest_3954,1
TRN-1AC981DD6E28E1BC,A,initial_rl,1
TRN-1AEDF16BD6CBC457,U,rest_3954,1
TRN-1AF5229B5BE43077,U,rest_3954,1
TRN-1B00DF1DC6E577D8,B,initial_rl,1
TRN-1B07826C05B27A13,C,initial_rl,1
TRN-1B08EFC650D57650,C,initial_rl,1
TRN-1B0C9F2746F7C83D,U,rest_3954,1
TRN-1B0D1DA8E42416E2,B,initial_rl,1
TRN-1B15998DAE294FCC,U,rest_3954,1
TRN-1B17154315442681,C,initial_rl,1
TRN-1B1A7F67E0FF85D8,U,rest_3954,1
TRN-1B2B86CA31A64E97,C,initial_rl,1
TRN-1B2EAB02B7D4B637,C,initial_rl,1
TRN-1B33520BBA4EF84F,U,rest_3954,1
TRN-1B3BC548C338F57C,U,rest_3954,1
TRN-1B3D8EB36BEE4AB4,C,initial_rl,1
TRN-1B3DCEA8E6663E44,A,initial_rl,1
TRN-1B50829715A076C3,B,initial_rl,1
TRN-1B541A3B2E81C5D3,A,initial_rl,1
TRN-1B5B074EFA7139E8,U,rest_3954,1
TRN-1B7264690A378BB1,U,rest_3954,1
TRN-1B7285F5233AC3E2,U,rest_3954,1
TRN-1B72A11A7D2D3F6E,C,initial_rl,1
TRN-1B7AAAC9A2FA75E8,U,rest_3954,1
TRN-1B80132D1B056883,U,rest_3954,1
TRN-1B80E08F3FE6F83C,A,initial_rl,1
TRN-1B87B4984A37F670,C,initial_rl,1
TRN-1BC74FC3CC61BC21,U,rest_3954,1
TRN-1BD1298751F76662,U,rest_3954,1
TRN-1BDFEE838E4F2DA9,C,initial_rl,1
TRN-1BE948C727D7B1E3,U,rest_3954,1
TRN-1BF64090AA8B3198,U,rest_3954,1
TRN-1BF9E11732F5AE77,U,rest_3954,1
TRN-1C0DC884119B61BA,C,initial_rl,1
TRN-1C0E28BD818690DD,U,rest_3954,1
TRN-1C11E6419360D0FE,C,initial_rl,1
TRN-1C1239E0E6E0FCBE,U,rest_3954,1
TRN-1C13FB9BF9B646CA,U,rest_3954,1
TRN-1C172F8993958CB7,U,rest_3954,1
TRN-1C27BBBF62B01363,C,initial_rl,1
TRN-1C2A4066CB07112C,U,rest_3954,1
TRN-1C40F5F1BE7DC405,C,initial_rl,1
TRN-1C4527B66689F1FD,U,rest_3954,1
TRN-1C4C23D65B283F6A,U,rest_3954,1
TRN-1C4C8DA3260DC737,U,rest_3954,1
TRN-1C50C7A4425375BE,U,rest_3954,1
TRN-1C6FE53DFF2C6211,U,rest_3954,1
TRN-1C702B5512F7FAA5,C,initial_rl,1
TRN-1C74CE4C257F3A51,U,rest_3954,1
TRN-1C8B1163D8759078,C,initial_rl,1
TRN-1C8FFE8BC5674F78,A,initial_rl,1
TRN-1C9D75C24448DEBA,U,rest_3954,1
TRN-1C9F5D6935469F65,U,rest_3954,1
TRN-1C9F9326241B169A,C,initial_rl,1
TRN-1CB34F9AFB2BC6AC,C,initial_rl,1
TRN-1CBCED409EB34D0E,U,rest_3954,1
TRN-1CD0C87E2BBFCC41,U,rest_3954,1
TRN-1CD68D70D87515F1,U,rest_3954,1
TRN-1CE1A664242EB6DF,U,rest_3954,1
TRN-1CE3753EF77C538C,U,rest_3954,1
TRN-1CEF4E1C1FE0E71D,U,rest_3954,1
TRN-1CFA7B90C8272828,U,rest_3954,1
TRN-1D06C3D9C4CABFC5,U,rest_3954,1
TRN-1D24BF7729C94FFE,U,rest_3954,1
TRN-1D37AC7BD8F977FD,U,rest_3954,1
TRN-1D3FE50573EBA6A2,C,initial_rl,1
TRN-1D4B1184B5B221C0,U,rest_3954,1
TRN-1D6FC5DCE84854D5,U,rest_3954,1
TRN-1D72F96D40C32A60,U,rest_3954,1
TRN-1D78F3B9C7FCD6B8,U,rest_3954,1
TRN-1D7ABD5AFC8BC8A3,A,initial_rl,1
TRN-1D8144187E367324,U,rest_3954,1
TRN-1D8ED87FC03F8031,B,initial_rl,1
TRN-1D91096067C860D6,U,rest_3954,1
TRN-1DD6D6941AFEA89F,C,initial_rl,1
TRN-1DD9FA8E431F4928,B,initial_rl,1
TRN-1DEC78A63241CB12,U,rest_3954,1
TRN-1DF47BDF644E8D3A,C,initial_rl,1
TRN-1E062D458663D212,B,initial_rl,1
TRN-1E0F264EC201972D,U,rest_3954,1
TRN-1E1457C189821EF1,U,rest_3954,1
TRN-1E17A6D29F32962B,U,rest_3954,1
TRN-1E184A2B182246EA,U,rest_3954,1
TRN-1E1D8B5E821AB4EC,U,rest_3954,1
TRN-1E2105364367BBFA,U,rest_3954,1
TRN-1E4824903ED645F6,U,rest_3954,1
TRN-1E48B1DE996A67BB,B,initial_rl,1
TRN-1E4BA474AA91C168,C,initial_rl,1
TRN-1E4F1BE45155B8A8,C,initial_rl,1
TRN-1E610ADC63820D35,U,rest_3954,1
TRN-1E6196F97C387D07,A,initial_rl,1
TRN-1E6F4FB9AA412A8A,U,rest_3954,1
TRN-1E7E2F552BFC4A8A,C,initial_rl,1
TRN-1E88D6B332F918F9,U,rest_3954,1
TRN-1E8D635B3C4DC62C,C,initial_rl,1
TRN-1E8FA20195040964,C,initial_rl,1
TRN-1E90A3CB374A05FF,U,rest_3954,1
TRN-1E9D5BEDCB9EE7CB,U,rest_3954,1
TRN-1EA1763299F1FA49,B,initial_rl,1
TRN-1EA30C4382EEA151,C,initial_rl,1
TRN-1EA8275B7F253B5C,C,initial_rl,1
TRN-1EA82C3595530FE2,C,initial_rl,1
TRN-1EB090E17B720963,A,initial_rl,1
TRN-1EB186608D91AA40,U,rest_3954,1
TRN-1EB64D4938844E8C,U,rest_3954,1
TRN-1EBB70275777C11E,C,initial_rl,1
TRN-1EBE198514B0C329,C,initial_rl,1
TRN-1EC036F521385A77,U,rest_3954,1
TRN-1ECDBABD095340C1,A,initial_rl,1
TRN-1ED5F8B479F9E66C,U,rest_3954,1
TRN-1EF221714CF88754,C,initial_rl,1
TRN-1EF3ECA5105E6006,U,rest_3954,1
TRN-1EF6E85FDD66606D,A,initial_rl,1
TRN-1EFDA1616394B258,U,rest_3954,1
TRN-1F026F42A316A121,U,rest_3954,1
TRN-1F1F399B2C65AC9A,A,initial_rl,1
TRN-1F2A4801D9D7C233,U,rest_3954,1
TRN-1F30213652CFFEA9,U,rest_3954,1
TRN-1F3482A8D5FD0193,U,rest_3954,1
TRN-1F3C40A19D2D118A,U,rest_3954,1
TRN-1F467BF329962502,U,rest_3954,1
TRN-1F5BE0AF79E59639,A,initial_rl,1
TRN-1F5BEE6E122E748F,C,initial_rl,1
TRN-1F5E22ABDCAA4620,U,rest_3954,1
TRN-1F98F4E75F488955,U,rest_3954,1
TRN-1FCB411DA5A551D5,U,rest_3954,1
TRN-1FCC46910D7B1A57,U,rest_3954,1
TRN-1FE999EB3B95C8F1,U,rest_3954,1
TRN-1FF37F8A2E8CDB6F,C,initial_rl,1
TRN-201419D4C5BD12BC,U,rest_3954,1
TRN-2014DE2AC51483CC,U,rest_3954,1
TRN-201EFF58DBD210B7,A,initial_rl,1
TRN-2031B8ADA3954970,C,initial_rl,1
TRN-20388EE2D38BCBE0,U,rest_3954,1
TRN-2049B0CC839303CA,U,rest_3954,1
TRN-204F1D2D9A062D87,U,rest_3954,1
TRN-20501D2904ACC3CB,U,rest_3954,1
TRN-206418D872C382AF,U,rest_3954,1
TRN-20699C2DB4EADFD9,U,rest_3954,1
TRN-206C0FAF18BB91E1,U,rest_3954,1
TRN-2070522276D8FEF5,C,initial_rl,1
TRN-2070BCED0F5A8AC3,C,initial_rl,1
TRN-207681A55ABE87CE,C,initial_rl,1
TRN-20925F4FAEA079B1,B,initial_rl,1
TRN-2098A80B58B8FAAF,U,rest_3954,1
TRN-209A3489BA40157A,U,rest_3954,1
TRN-20A1D6696D71643E,U,rest_3954,1
TRN-20A6DCDBAAE9A715,U,rest_3954,1
TRN-20AD8C3F40C6D4B5,C,initial_rl,1
TRN-20BE063BFFE745A9,U,rest_3954,1
TRN-20C612DCA7D03A9D,C,initial_rl,1
TRN-20C9E81ED36D04C6,B,initial_rl,1
TRN-20CAE10FC947E5AB,U,rest_3954,1
TRN-20E8FF0E5B65D890,A,initial_rl,1
TRN-20F482FA0EBB1880,U,rest_3954,1
TRN-20F98C2922E39BBE,U,rest_3954,1
TRN-2101B2EB18DD4146,U,rest_3954,1
TRN-210A2B22D4B93D97,U,rest_3954,1
TRN-21195DF8C0C1FC47,C,initial_rl,1
TRN-212D9046502F37CA,U,rest_3954,1
TRN-213BFE071A5D40A1,U,rest_3954,1
TRN-214835680765B4A2,U,rest_3954,1
TRN-214D20455DC4C948,U,rest_3954,1
TRN-214D36AD28D624F1,U,rest_3954,1
TRN-214D6E0AF9A67AFE,B,initial_rl,1
TRN-214FFD6CBD279BA1,U,rest_3954,1
TRN-215697A0AE74BF9C,U,rest_3954,1
TRN-216651349F274002,C,initial_rl,1
TRN-216BF59809158C21,U,rest_3954,1
TRN-21707FEF50CD9D42,U,rest_3954,1
TRN-2174D6BACA270AEA,U,rest_3954,1
TRN-2180424539A73FA4,U,rest_3954,1
TRN-218A9612006BDBE4,C,initial_rl,1
TRN-21A293A67E7E6CAE,U,rest_3954,1
TRN-21A69286AC98B453,C,initial_rl,1
TRN-21A7FE5EA7A0419A,U,rest_3954,1
TRN-21ACCC071F7A1C34,U,rest_3954,1
TRN-21BAED661A711D29,U,rest_3954,1
TRN-21BB779BBFA91515,U,rest_3954,1
TRN-21E127509E22D5CD,U,rest_3954,1
TRN-21F28B6AD045F29F,U,rest_3954,1
TRN-21F41CCA1149CE31,U,rest_3954,1
TRN-21FF51706FC59F52,C,initial_rl,1
TRN-2201171670D0E79D,C,initial_rl,1
TRN-22014EF936F0D889,C,initial_rl,1
TRN-220491037D3C54B4,U,rest_3954,1
TRN-22159B32AD16D41E,B,initial_rl,1
TRN-221D2EFF8A1CF70D,U,rest_3954,1
TRN-2224497D4F337D07,U,rest_3954,1
TRN-22285F9A1370AA6C,C,initial_rl,1
TRN-222C70E711B8C061,B,initial_rl,1
TRN-223C87EF75882E34,U,rest_3954,1
TRN-2240BF09EF66D3AB,A,initial_rl,1
TRN-2245F5479ADFF48A,B,initial_rl,1
TRN-2255C784F5603DF0,U,rest_3954,1
TRN-2257D1FD71B0AF37,C,initial_rl,1
TRN-225F84879E74B746,B,initial_rl,1
TRN-2268963F4A5AEB99,U,rest_3954,1
TRN-226BAD5D5F6ABB6E,C,initial_rl,1
TRN-2274AB20147A2D91,C,initial_rl,1
TRN-2286B985DE0F1547,A,initial_rl,1
TRN-22902C34D596C399,U,rest_3954,1
TRN-22902D4C1AAC336C,U,rest_3954,1
TRN-2299D4FC6F2A2199,U,rest_3954,1
TRN-22A5683B7D25AC74,U,rest_3954,1
TRN-22AE9069E4A3C7ED,U,rest_3954,1
TRN-22AE949BE654695B,U,rest_3954,1
TRN-22B65884FCF867A5,U,rest_3954,1
TRN-22BCE7090101F21E,U,rest_3954,1
TRN-22C006EDB9EFA248,A,initial_rl,1
TRN-22C38FA04370E415,U,rest_3954,1
TRN-22C60E48D07E0B70,U,rest_3954,1
TRN-22CB09AD6FB8845C,U,rest_3954,1
TRN-22D99FBE0E8E44F0,U,rest_3954,1
TRN-22E1B5FE52DAD91B,U,rest_3954,1
TRN-22FD313F98D3D94E,U,rest_3954,1
TRN-2306F265EC784C7C,U,rest_3954,1
TRN-231829B7709B268D,U,rest_3954,1
TRN-233ED8A618B2DCB8,C,initial_rl,1
TRN-2340C335E04C0A57,B,initial_rl,1
TRN-234665F9412A65B5,U,rest_3954,1
TRN-2349D33333029C7B,U,rest_3954,1
TRN-234BDE137C084205,B,initial_rl,1
TRN-235FB0AFDC0A92AE,U,rest_3954,1
TRN-23602E3E2F6493B2,C,initial_rl,1
TRN-236EA29D9750FDC2,U,rest_3954,1
TRN-236EE4A7D5549179,U,rest_3954,1
TRN-237828EA76B5D214,U,rest_3954,1
TRN-237B890B152361B3,U,rest_3954,1
TRN-2381D51A914ED3FC,A,initial_rl,1
TRN-238AAC03225D18FE,C,initial_rl,1
TRN-239D8EABF79ABFDA,U,rest_3954,1
TRN-23A3276AE34357E7,C,initial_rl,1
TRN-23A9994B58562BD8,B,initial_rl,1
TRN-23AD702003B5AAA2,A,initial_rl,1
TRN-23C4C9EE307962C8,U,rest_3954,1
TRN-23D8C8CB39BE714D,U,rest_3954,1
TRN-23DF6A784482956D,U,rest_3954,1
TRN-23EA15063FF173FE,U,rest_3954,1
TRN-23EAE13C604CB4B6,U,rest_3954,1
TRN-2408C530D83815E0,U,rest_3954,1
TRN-2410E2AEA5D1CBD9,U,rest_3954,1
TRN-2413B0B823DFACE8,U,rest_3954,1
TRN-241E1D33E2BCEB89,C,initial_rl,1
TRN-2427C995843AE8BB,U,rest_3954,1
TRN-24294920380C55C8,U,rest_3954,1
TRN-243489E5F068A79B,U,rest_3954,1
TRN-244304E33DCD804C,A,initial_rl,1
TRN-2449ABA6FEE0AD30,B,initial_rl,1
TRN-244E11737D9B24CF,A,initial_rl,1
TRN-2461A862B2989141,U,rest_3954,1
TRN-24637FB521F2F41A,U,rest_3954,1
TRN-24726D7B2F26F253,A,initial_rl,1
TRN-248332ADC2B9EA77,U,rest_3954,1
TRN-248D39937746FAB2,U,rest_3954,1
TRN-2495235CA402A503,B,initial_rl,1
TRN-24969E0B6671AF53,U,rest_3954,1
TRN-249C9534076F1560,A,initial_rl,1
TRN-24A5C7F4EB3ADC2E,A,initial_rl,1
TRN-24AAB8E32915E168,C,initial_rl,1
TRN-24B0FF24652CB745,U,rest_3954,1
TRN-24B2594A5C27ABCF,U,rest_3954,1
TRN-24C3ED730BFD6E73,U,rest_3954,1
TRN-24C87FC9472DCB37,U,rest_3954,1
TRN-24C8A71B38DDF1B5,A,initial_rl,1
TRN-24D00DCA9D6E9D5A,U,rest_3954,1
TRN-24D3B9BE4F1C8160,C,initial_rl,1
TRN-24DB5C8994E97B0A,B,initial_rl,1
TRN-24DFC4806F642FF6,U,rest_3954,1
TRN-24E163F8D5265076,U,rest_3954,1
TRN-24EA9C3810246D1B,U,rest_3954,1
TRN-2500823B22436038,U,rest_3954,1
TRN-250F424B52EC873A,U,rest_3954,1
TRN-25114C633BEB93D5,A,initial_rl,1
TRN-25132A2F6AC530E4,U,rest_3954,1
TRN-2521BB601C87C58D,U,rest_3954,1
TRN-252A63563F40296D,U,rest_3954,1
TRN-252B7B3830C809EC,U,rest_3954,1
TRN-253136EB7532222D,U,rest_3954,1
TRN-25384FFA1F30DC1D,U,rest_3954,1
TRN-25389D5035F6B848,U,rest_3954,1
TRN-2538C3B1772C8953,U,rest_3954,1
TRN-2539F686459A229E,U,rest_3954,1
TRN-253E4E66F16982BB,U,rest_3954,1
TRN-25425B00D8F21FD8,U,rest_3954,1
TRN-25427B7CE64A87D0,B,initial_rl,1
TRN-255DF09CA43FB587,U,rest_3954,1
TRN-25629FAC64145A0D,C,initial_rl,1
TRN-2572C6F2C426912F,C,initial_rl,1
TRN-257D5D0B4B8E96BE,U,rest_3954,1
TRN-258B4451F1F72BDD,C,initial_rl,1
TRN-259766A7E19EE652,U,rest_3954,1
TRN-25A3B9D42D68EEBD,C,initial_rl,1
TRN-25B130592A49C04B,U,rest_3954,1
TRN-25CDFD5959FC77AE,U,rest_3954,1
TRN-25D01C79FBDDE7FA,U,rest_3954,1
TRN-25D6081797DA18CB,C,initial_rl,1
TRN-25E03A6A8D30C3F0,B,initial_rl,1
TRN-25E423737F47C980,U,rest_3954,1
TRN-25F22772A3871DB2,C,initial_rl,1
TRN-25F47AD91189D3EC,C,initial_rl,1
TRN-25F5E2DDA1371AA2,A,initial_rl,1
TRN-25FBBAA4DA03F9BF,U,rest_3954,1
TRN-26047A7AFAC2455D,C,initial_rl,1
TRN-2606FD9F7208E65F,B,initial_rl,1
TRN-260B6E4A4C08FBD3,U,rest_3954,1
TRN-260E91DE26D3D311,C,initial_rl,1
TRN-260EE16D52944762,U,rest_3954,1
TRN-2617535DCFFE1810,C,initial_rl,1
TRN-26193061FABC1FCA,U,rest_3954,1
TRN-261BF8BE1CF05169,A,initial_rl,1
TRN-26280288D8D4CAA9,C,initial_rl,1
TRN-2629B62C244D6FB5,B,initial_rl,1
TRN-265731114D0E6BDF,C,initial_rl,1
TRN-265B34E692955B12,U,rest_3954,1
TRN-26644C333BE1BC0F,U,rest_3954,1
TRN-266913FFCAA1B48D,C,initial_rl,1
TRN-2678D14E0163687B,U,rest_3954,1
TRN-267FB3C8E13149AB,U,rest_3954,1
TRN-268B17A93A473F7D,U,rest_3954,1
TRN-268E4F11A730E892,U,rest_3954,1
TRN-268FE26505E85AA0,C,initial_rl,1
TRN-269110A688F90875,U,rest_3954,1
TRN-269F4AF6341FD8EF,A,initial_rl,1
TRN-26A5017D8C53DBAB,C,initial_rl,1
TRN-26B4141431C14238,C,initial_rl,1
TRN-26CC7A7B613DB12A,U,rest_3954,1
TRN-26D6B89B743F6E80,C,initial_rl,1
TRN-26D89C787775A532,A,initial_rl,1
TRN-26DBAA0C87465B7A,U,rest_3954,1
TRN-26EA549952F06209,U,rest_3954,1
TRN-26EDCF5F9E369D98,C,initial_rl,1
TRN-26F79289C756B597,U,rest_3954,1
TRN-27086D69C14969C6,U,rest_3954,1
TRN-274547CAC7BA6EE6,U,rest_3954,1
TRN-2745D6601C7D7B70,U,rest_3954,1
TRN-274B0D1A974C5E5C,U,rest_3954,1
TRN-275B9F8438879451,U,rest_3954,1
TRN-275DD534A58202C7,U,rest_3954,1
TRN-275E15B41BF210B0,C,initial_rl,1
TRN-27602C9A121C0363,C,initial_rl,1
TRN-27631EBC7F7A4D82,U,rest_3954,1
TRN-2775A3839AA55D2D,U,rest_3954,1
TRN-27783F06CDAA7C43,A,initial_rl,1
TRN-277B41495AA770A8,U,rest_3954,1
TRN-277B707C897267B2,U,rest_3954,1
TRN-278A11DFBAD8589C,U,rest_3954,1
TRN-278CAF9DFF0AA0AF,U,rest_3954,1
TRN-279D842009A262D9,C,initial_rl,1
TRN-279E38643CC3AF12,U,rest_3954,1
TRN-27A75622EA7D83AC,U,rest_3954,1
TRN-27AD7CE108EF1905,U,rest_3954,1
TRN-27B02F57A83793E7,U,rest_3954,1
TRN-27BBA37CC608A665,B,initial_rl,1
TRN-27BFBF3946606437,C,initial_rl,1
TRN-27CEEC49D2742B07,U,rest_3954,1
TRN-27D125019698B4AA,C,initial_rl,1
TRN-27DD33B231383091,U,rest_3954,1
TRN-27E0FABCA776D4B3,U,rest_3954,1
TRN-27E977E211ED5B21,U,rest_3954,1
TRN-27F325369F219B8E,U,rest_3954,1
TRN-28032D74D78BFDFA,U,rest_3954,1
TRN-281D48D1DB819EDB,A,initial_rl,1
TRN-28345C76E81DD9CA,C,initial_rl,1
TRN-283AE1CDABA5B8C2,B,initial_rl,1
TRN-2841AC7BEAE2D170,U,rest_3954,1
TRN-2842447ABA5718D4,U,rest_3954,1
TRN-284B9D662BC1E176,A,initial_rl,1
TRN-284E727961C3BD7E,U,rest_3954,1
TRN-2856717292C1073C,C,initial_rl,1
TRN-2866913FCB978C16,B,initial_rl,1
TRN-28674004999A9A79,C,initial_rl,1
TRN-28873A5EE13FB0FC,U,rest_3954,1
TRN-2898A218BF319100,U,rest_3954,1
TRN-289FC662F27BEDA0,C,initial_rl,1
TRN-28A5693619C5BE4B,A,initial_rl,1
TRN-28A8B639B1CE87C0,U,rest_3954,1
TRN-28AA74316D7AD8EC,U,rest_3954,1
TRN-28B7EAC536BBF8E2,C,initial_rl,1
TRN-28BC179852AB926B,U,rest_3954,1
TRN-28C34FCC8B814E47,U,rest_3954,1
TRN-28C5988783FCD43C,U,rest_3954,1
TRN-28E1E55ECB3428C4,U,rest_3954,1
TRN-28E2C1EDD7C66C26,U,rest_3954,1
TRN-28EB48F92F0A0A63,U,rest_3954,1
TRN-28EB621B596E6D59,U,rest_3954,1
TRN-28F7AC26A08F7038,U,rest_3954,1
TRN-28FE4084DF8846B8,U,rest_3954,1
TRN-290FB1D0D9A56B72,U,rest_3954,1
TRN-2929E6BE4002D4ED,C,initial_rl,1
TRN-293E9B01D5DA4029,U,rest_3954,1
TRN-29421BA843847558,C,initial_rl,1
TRN-294F3663D0786E5E,U,rest_3954,1
TRN-295970F0CAA584F0,U,rest_3954,1
TRN-295A1F3EF541BCAB,U,rest_3954,1
TRN-295B860BFEBC9BF8,U,rest_3954,1
TRN-296D9C6F42D20EA9,U,rest_3954,1
TRN-29788E86081EDB28,C,initial_rl,1
TRN-297F058DAC83C912,U,rest_3954,1
TRN-29817EF0743959B8,U,rest_3954,1
TRN-299683FF9F5ADB4F,U,rest_3954,1
TRN-299C29F99BA0C912,U,rest_3954,1
TRN-29BD127DBC4293CF,U,rest_3954,1
TRN-29C97AEBA279E3DB,U,rest_3954,1
TRN-29CFC25137AFE473,B,initial_rl,1
TRN-29D8AFC7AD64EADE,C,initial_rl,1
TRN-29E13E2D70388A59,U,rest_3954,1
TRN-29E20E24EA903313,U,rest_3954,1
TRN-29E87D508A470842,C,initial_rl,1
TRN-29FDA14377880CB1,A,initial_rl,1
TRN-2A003099702131DC,A,initial_rl,1
TRN-2A00C578812B2777,U,rest_3954,1
TRN-2A03E1CD11615F2D,B,initial_rl,1
TRN-2A1A5B00DAE56878,B,initial_rl,1
TRN-2A1BA477550DDB42,U,rest_3954,1
TRN-2A3006EE75435E66,B,initial_rl,1
TRN-2A30C7D1D7C37180,U,rest_3954,1
TRN-2A3278916430B90D,U,rest_3954,1
TRN-2A3B960AC96E300D,U,rest_3954,1
TRN-2A409A4018F50148,C,initial_rl,1
TRN-2A4B95A0BF5A12F7,C,initial_rl,1
TRN-2A519A49ED4E5285,A,initial_rl,1
TRN-2A5802C13E525722,B,initial_rl,1
TRN-2A5AD87155C4EFD5,U,rest_3954,1
TRN-2A60074C16A27118,U,rest_3954,1
TRN-2A6954C03396A53B,A,initial_rl,1
TRN-2A6BC1D7512DE704,C,initial_rl,1
TRN-2A73C3CF14A28862,U,rest_3954,1
TRN-2A7AB886BE10B0B0,U,rest_3954,1
TRN-2A7EBF4263E20B91,U,rest_3954,1
TRN-2A828B33494B51FF,C,initial_rl,1
TRN-2A95EA48772B91BD,C,initial_rl,1
TRN-2AB1E31972BB75FA,C,initial_rl,1
TRN-2ABAC29CA9E58B84,U,rest_3954,1
TRN-2ABC93F88BA27DBF,U,rest_3954,1
TRN-2AF5747BDB487921,C,initial_rl,1
TRN-2AF7B2A593EFC0F3,U,rest_3954,1
TRN-2AF98C51D9C02D1F,U,rest_3954,1
TRN-2AFE8D6570F65617,U,rest_3954,1
TRN-2B00EC084FC763B0,U,rest_3954,1
TRN-2B061BF4802CBE46,C,initial_rl,1
TRN-2B0D9B2769395ED0,C,initial_rl,1
TRN-2B1B1A59A096D521,U,rest_3954,1
TRN-2B3C9E653F8D4102,C,initial_rl,1
TRN-2B4614762B80CA0E,C,initial_rl,1
TRN-2B4B99F0C8E9235B,C,initial_rl,1
TRN-2B4D9E16F50E6FE7,U,rest_3954,1
TRN-2B57E0A76195E902,U,rest_3954,1
TRN-2B5A7683E6D8DA6B,U,rest_3954,1
TRN-2B5E964588DF834B,U,rest_3954,1
TRN-2B5F2E78D1247128,C,initial_rl,1
TRN-2B6E01C9E8853DC2,U,rest_3954,1
TRN-2B75096A0762D722,U,rest_3954,1
TRN-2B7FA6C19C6F842E,C,initial_rl,1
TRN-2B84841EEF3754D3,U,rest_3954,1
TRN-2B8B15D19BD9C97D,B,initial_rl,1
TRN-2B97461DBC1C600B,A,initial_rl,1
TRN-2B982023F4AE79D2,A,initial_rl,1
TRN-2BA04FE79758CDCE,U,rest_3954,1
TRN-2BA45AC94CB0F6DE,U,rest_3954,1
TRN-2BBCA0F29D2C2584,U,rest_3954,1
TRN-2BC87DCF0FD7561B,U,rest_3954,1
TRN-2BCEF6B743F86A90,U,rest_3954,1
TRN-2BCFEA9FB8AA605B,U,rest_3954,1
TRN-2BDF6056247D3190,U,rest_3954,1
TRN-2BE04AF1E3313089,U,rest_3954,1
TRN-2BEDFE8A8D2B70D5,U,rest_3954,1
TRN-2BF5A5B8FE319E4B,U,rest_3954,1
TRN-2BFAD0A56035EE44,U,rest_3954,1
TRN-2BFB321BCA845E01,C,initial_rl,1
TRN-2C01204FC1C14896,U,rest_3954,1
TRN-2C0E1AC783AD018C,U,rest_3954,1
TRN-2C1A7F9ED5BBF3D9,U,rest_3954,1
TRN-2C21567826AF9F11,U,rest_3954,1
TRN-2C25C6205CD2E8EC,U,rest_3954,1
TRN-2C270D130D494643,U,rest_3954,1
TRN-2C29734EAFCEE6FE,U,rest_3954,1
TRN-2C33460A1031A7EC,U,rest_3954,1
TRN-2C33D56973C38A65,U,rest_3954,1
TRN-2C4BD4CED303CFA0,U,rest_3954,1
TRN-2C4D34171C3330A1,U,rest_3954,1
TRN-2C55847CD521080D,C,initial_rl,1
TRN-2C5FCE2FDE7031EE,U,rest_3954,1
TRN-2C703E5E67885054,U,rest_3954,1
TRN-2C79C6BF247181FD,U,rest_3954,1
TRN-2C7B6F0824B086DC,U,rest_3954,1
TRN-2CA46B4FF05EB764,U,rest_3954,1
TRN-2CA8A05D43F9FAE0,C,initial_rl,1
TRN-2CB5F70BD5024E7B,C,initial_rl,1
TRN-2CB97BF0A78D7138,A,initial_rl,1
TRN-2CBFC904D8461196,U,rest_3954,1
TRN-2CC503BBD7B96FD6,A,initial_rl,1
TRN-2CECF0C502D4EC25,U,rest_3954,1
TRN-2CEDD727E6A1756A,U,rest_3954,1
TRN-2CF9D098F87A9098,U,rest_3954,1
TRN-2D20E77A90DE3B20,U,rest_3954,1
TRN-2D27CA6770CD2819,U,rest_3954,1
TRN-2D28F0C51E879CE5,A,initial_rl,1
TRN-2D2C77DCBFD16F19,U,rest_3954,1
TRN-2D34E39DB5FB1785,U,rest_3954,1
TRN-2D36747443EF0845,C,initial_rl,1
TRN-2D435ADEDE2C70F2,C,initial_rl,1
TRN-2D4A274545700774,U,rest_3954,1
TRN-2D4D27B7D2774217,B,initial_rl,1
TRN-2D50D9C9DD40294F,C,initial_rl,1
TRN-2D534FB548F7C581,A,initial_rl,1
TRN-2D689D658937D5FB,U,rest_3954,1
TRN-2D6EF2968F0AD07E,U,rest_3954,1
TRN-2D74C11F6556B4AE,C,initial_rl,1
TRN-2D7A6476BA6B6B98,U,rest_3954,1
TRN-2D8DDB044F877566,U,rest_3954,1
TRN-2D93706ABFB1ECFC,C,initial_rl,1
TRN-2D970A7A9A503060,A,initial_rl,1
TRN-2DB3E560A59A9C60,B,initial_rl,1
TRN-2DC1B83FBC06CF64,U,rest_3954,1
TRN-2DC62F578FB67AD3,C,initial_rl,1
TRN-2DCC3A668EAECD98,U,rest_3954,1
TRN-2DD6126C3264A8EE,U,rest_3954,1
TRN-2DD7CA232FF0280F,U,rest_3954,1
TRN-2DDE512CAAC6F5E2,U,rest_3954,1
TRN-2E089A32ADA02A88,A,initial_rl,1
TRN-2E10F7E2CB517EFB,U,rest_3954,1
TRN-2E13B84A4B9EC751,U,rest_3954,1
TRN-2E1DFD6D9191BE02,U,rest_3954,1
TRN-2E2E767E31257E98,U,rest_3954,1
TRN-2E39908090393B05,C,initial_rl,1
TRN-2E3CE616EA8EB116,U,rest_3954,1
TRN-2E3DD4D945D3ABD4,C,initial_rl,1
TRN-2E4A259852E07BB4,C,initial_rl,1
TRN-2E556C5CD0D5C5A9,U,rest_3954,1
TRN-2E60037F5EEAA8B5,B,initial_rl,1
TRN-2E62C10D14BFA947,C,initial_rl,1
TRN-2E67BF3DAA454446,U,rest_3954,1
TRN-2E6D2F1F1A9085DF,U,rest_3954,1
TRN-2E8466FBFBC219D3,U,rest_3954,1
TRN-2E8B0930E6ACD36F,C,initial_rl,1
TRN-2EAE26AE1B625946,U,rest_3954,1
TRN-2EDBF23AE830ADDA,C,initial_rl,1
TRN-2EF98B0759C49E37,U,rest_3954,1
TRN-2F03B523DA233C1A,A,initial_rl,1
TRN-2F0C36FAEF8605F5,U,rest_3954,1
TRN-2F0C8168FBF83ECD,U,rest_3954,1
TRN-2F0D77EB3C16DD29,U,rest_3954,1
TRN-2F14F31693F52D97,A,initial_rl,1
TRN-2F1CFE2B2993D936,C,initial_rl,1
TRN-2F35EC4D9A97330B,A,initial_rl,1
TRN-2F36AC62763E724B,C,initial_rl,1
TRN-2F3F6D357151C234,U,rest_3954,1
TRN-2F4DF0A1DE79D99F,U,rest_3954,1
TRN-2F65A7C88DBC7FD8,U,rest_3954,1
TRN-2F9786AD1FBFD5FD,A,initial_rl,1
TRN-2F98A36506E1549E,U,rest_3954,1
TRN-2FAF505CF5CC12E2,U,rest_3954,1
TRN-2FB1A29D94A21BD0,U,rest_3954,1
TRN-2FB99F168A3EFCD6,C,initial_rl,1
TRN-2FCCA9C1ED0F1F4E,B,initial_rl,1
TRN-2FF5C93EA669AB45,U,rest_3954,1
TRN-30101C9C5DA57E79,U,rest_3954,1
TRN-3021E27075936317,U,rest_3954,1
TRN-30251699B579C1D0,C,initial_rl,1
TRN-302FE3094031970C,C,initial_rl,1
TRN-30329065A8F884B8,U,rest_3954,1
TRN-3032D7390A0D6700,C,initial_rl,1
TRN-30347A8A5FF2AEEF,U,rest_3954,1
TRN-3040E835519EF169,U,rest_3954,1
TRN-30463AA784C65FF6,B,initial_rl,1
TRN-3048C586705BC8AC,U,rest_3954,1
TRN-306D51611F97D8F6,A,initial_rl,1
TRN-30707266BC352215,U,rest_3954,1
TRN-307210E448798CC1,U,rest_3954,1
TRN-3077538D370B6878,U,rest_3954,1
TRN-3078DEF80AB47E83,U,rest_3954,1
TRN-3080693B7626093D,C,initial_rl,1
TRN-3081B4FACDF01576,C,initial_rl,1
TRN-3084529B8223755F,U,rest_3954,1
TRN-309044EAD8171226,U,rest_3954,1
TRN-309BBCEC51C48953,U,rest_3954,1
TRN-309DEA73A7BEF2EA,B,initial_rl,1
TRN-30A72C1C6A7AD63E,B,initial_rl,1
TRN-30AF688F54F6241A,U,rest_3954,1
TRN-30B49702DACEC257,U,rest_3954,1
TRN-30BC103C11BC9B91,A,initial_rl,1
TRN-30BCCB28E7F78277,C,initial_rl,1
TRN-30C3C7913036A1A8,C,initial_rl,1
TRN-30CC3E0E68C19A9E,U,rest_3954,1
TRN-30D0E87B64BD1662,A,initial_rl,1
TRN-30D15CA9BCC7B2B0,U,rest_3954,1
TRN-30D7D306F6B25E51,C,initial_rl,1
TRN-30E6C3020F98A111,U,rest_3954,1
TRN-30F0B2CBB0E620F9,C,initial_rl,1
TRN-30F4BF0CA4393B73,U,rest_3954,1
TRN-3107AE3ED5109B77,U,rest_3954,1
TRN-310D5A7819B06FFE,C,initial_rl,1
TRN-311327CD7D35201D,U,rest_3954,1
TRN-3113F9BF49ADCC73,U,rest_3954,1
TRN-311649B24787D4FC,U,rest_3954,1
TRN-31190CACDB9B344A,U,rest_3954,1
TRN-311C0D67FBF11918,U,rest_3954,1
TRN-3133097D6DE00DB0,U,rest_3954,1
TRN-313846867AF8F818,U,rest_3954,1
TRN-313B881695FA14F8,B,initial_rl,1
TRN-31432AE53D3FB2A7,U,rest_3954,1
TRN-3152676F820705F1,C,initial_rl,1
TRN-31527E85B2DABBF2,A,initial_rl,1
TRN-3156C6DF1EAC5DE7,U,rest_3954,1
TRN-316F6A56832199A3,U,rest_3954,1
TRN-31774F71BE7DC50D,U,rest_3954,1
TRN-317A220864523E19,C,initial_rl,1
TRN-318AE1DA26C96220,U,rest_3954,1
TRN-318E8B4D9C91E613,U,rest_3954,1
TRN-31A1E36BBB1A2D64,U,rest_3954,1
TRN-31D951385097101F,A,initial_rl,1
TRN-31DDC4DB2B7BC1B9,U,rest_3954,1
TRN-31E0B30BFA2C7BB7,U,rest_3954,1
TRN-31FA6A79C7899D8B,U,rest_3954,1
TRN-320745A32BEC0532,U,rest_3954,1
TRN-320988514D224F65,U,rest_3954,1
TRN-32109B9E82D45C8C,C,initial_rl,1
TRN-32276E506E56E286,B,initial_rl,1
TRN-3232DF694F94DC5C,C,initial_rl,1
TRN-3233AE284686843A,C,initial_rl,1
TRN-32349DBB16BC4CF7,U,rest_3954,1
TRN-323C95B085F3D4FA,U,rest_3954,1
TRN-32512B032DC03842,U,rest_3954,1
TRN-3253E38E2965A907,U,rest_3954,1
TRN-3258F98BE72D5066,U,rest_3954,1
TRN-325C4377EEF68A21,A,initial_rl,1
TRN-325D3CD0C6B07D02,U,rest_3954,1
TRN-325FB0F392E6D51F,B,initial_rl,1
TRN-326A74E672F5472B,U,rest_3954,1
TRN-326F2B21F9B3EEB9,U,rest_3954,1
TRN-3280114AE045534F,U,rest_3954,1
TRN-32804E751FB10ABB,U,rest_3954,1
TRN-32983D61DBCE0754,U,rest_3954,1
TRN-329CA658C9CA9534,U,rest_3954,1
TRN-32BA3169657C0FB5,U,rest_3954,1
TRN-32BE98259EE5CE6B,U,rest_3954,1
TRN-32D76F2B130543A8,C,initial_rl,1
TRN-32F146B8B604DE8B,U,rest_3954,1
TRN-33034774C9522490,U,rest_3954,1
TRN-330810C5D45AB9D2,A,initial_rl,1
TRN-33087060E3BC9A2E,C,initial_rl,1
TRN-330B18F9F4FD9868,U,rest_3954,1
TRN-3312042D873F846B,A,initial_rl,1
TRN-3313193DA515ED56,A,initial_rl,1
TRN-3313ACDCB93FB5EE,U,rest_3954,1
TRN-33172614E2C09299,U,rest_3954,1
TRN-331C951016F5DFDB,U,rest_3954,1
TRN-332070BE625944E7,A,initial_rl,1
TRN-332BA4F24BCA09AC,U,rest_3954,1
TRN-333D9527625EE02F,U,rest_3954,1
TRN-333DB513168364B3,U,rest_3954,1
TRN-333F24EDCFE530D0,U,rest_3954,1
TRN-33494482254BC66A,U,rest_3954,1
TRN-3353EFE69F2C370D,A,initial_rl,1
TRN-335457379DBC7B29,U,rest_3954,1
TRN-33586086F7AA4287,U,rest_3954,1
TRN-335C8CF59E16871A,A,initial_rl,1
TRN-3365B70EDE3D1E0F,U,rest_3954,1
TRN-33662E6CD9D14624,C,initial_rl,1
TRN-336BD89778A16BBF,U,rest_3954,1
TRN-337449D6F354DF1B,U,rest_3954,1
TRN-338F4C7E926EFD49,C,initial_rl,1
TRN-339715FE30A4D7C0,U,rest_3954,1
TRN-339F6170365555CA,U,rest_3954,1
TRN-33A0A4C347E3C9E3,U,rest_3954,1
TRN-33A879EC30E4B401,A,initial_rl,1
TRN-33ADDAEF6D074C10,U,rest_3954,1
TRN-33AFF46E5DF90A9E,U,rest_3954,1
TRN-33B3DA61CE9C3568,U,rest_3954,1
TRN-33B66E9F49555DA4,C,initial_rl,1
TRN-33BCD757DAA6D29B,B,initial_rl,1
TRN-33BF0D7CED2D275B,C,initial_rl,1
TRN-33DEBAB4296A28A4,C,initial_rl,1
TRN-33E983B672DCD72B,A,initial_rl,1
TRN-341A476B7104C4B6,C,initial_rl,1
TRN-342385B3245E1394,C,initial_rl,1
TRN-3423F237FD7E8084,U,rest_3954,1
TRN-342422EBC030B0AC,U,rest_3954,1
TRN-3439A82A1D797A7D,U,rest_3954,1
TRN-344143664A3726A0,U,rest_3954,1
TRN-344D6781E5F15AD2,U,rest_3954,1
TRN-344EB8D8EA9D2E1F,U,rest_3954,1
TRN-34630CBAA2013138,U,rest_3954,1
TRN-346BEB55E851FC32,U,rest_3954,1
TRN-346E57E08997C9B7,C,initial_rl,1
TRN-3473638C3D98E694,U,rest_3954,1
TRN-3491E6E37B4A9A08,U,rest_3954,1
TRN-34942645A140EDEE,U,rest_3954,1
TRN-3498BE627E93CCC1,U,rest_3954,1
TRN-349B78041165F5A9,C,initial_rl,1
TRN-34A372713CD3E94C,U,rest_3954,1
TRN-34A9BFECAC96D253,B,initial_rl,1
TRN-34ADFE99B4CA52B9,B,initial_rl,1
TRN-34BC1499DBB97567,C,initial_rl,1
TRN-34BD9143B1B08033,C,initial_rl,1
TRN-34BEC79B61F8C1F8,A,initial_rl,1
TRN-34C943432F84B6E3,A,initial_rl,1
TRN-34D72A090AD24FFC,U,rest_3954,1
TRN-34D9B1E0CE8AA379,A,initial_rl,1
TRN-34E2B6DBDB7FF9E3,B,initial_rl,1
TRN-34EFE8DEE84A20F7,U,rest_3954,1
TRN-34F04A92B98D3C5C,U,rest_3954,1
TRN-34F870509EAE18A7,U,rest_3954,1
TRN-34FD45BD2F237887,U,rest_3954,1
TRN-34FF4ECD6D09D45C,C,initial_rl,1
TRN-35016BE9AF376B88,U,rest_3954,1
TRN-350828417A66BADA,C,initial_rl,1
TRN-35191E954C7C1A83,U,rest_3954,1
TRN-351F150813E43E30,U,rest_3954,1
TRN-35204140A221ABB0,A,initial_rl,1
TRN-35217F486B8F7C92,U,rest_3954,1
TRN-352251304AD77135,U,rest_3954,1
TRN-3522CCB50BE33A47,U,rest_3954,1
TRN-3530D6CAC16E85BE,U,rest_3954,1
TRN-3536F213549C71D1,U,rest_3954,1
TRN-353FDFE6D246CFCF,A,initial_rl,1
TRN-354250BDD80821E5,U,rest_3954,1
TRN-355E022199B9F6D5,U,rest_3954,1
TRN-3560DD3F8340FE2D,U,rest_3954,1
TRN-356191E622234F3B,U,rest_3954,1
TRN-3576F2F1667FC051,U,rest_3954,1
TRN-358EB7EAC6EB76FF,B,initial_rl,1
TRN-35938A1FE8FCE61C,U,rest_3954,1
TRN-35998C8B627C10B1,C,initial_rl,1
TRN-35A3C3C782A4EAE4,U,rest_3954,1
TRN-35BAE06C9BBCB366,U,rest_3954,1
TRN-35BCEDD614B9108D,U,rest_3954,1
TRN-35E5DFDA627EA6BE,U,rest_3954,1
TRN-35EB58372181B02B,C,initial_rl,1
TRN-35EEB80E4314EDD2,B,initial_rl,1
TRN-35EFCB2704B7D954,U,rest_3954,1
TRN-35F579980445F958,U,rest_3954,1
TRN-35FE21B751F6B109,U,rest_3954,1
TRN-3614D52D5AC3E6F8,U,rest_3954,1
TRN-36170068D0203AF1,C,initial_rl,1
TRN-361A6AA8564B0FDF,U,rest_3954,1
TRN-36221B7BEC9C2C34,A,initial_rl,1
TRN-3623EF94F1EDC173,A,initial_rl,1
TRN-363443861BDE815F,A,initial_rl,1
TRN-3634AE4FD15ABB62,U,rest_3954,1
TRN-363ACD8957E1B673,A,initial_rl,1
TRN-364D30C6000660B1,U,rest_3954,1
TRN-3650DE78A0B3A889,U,rest_3954,1
TRN-365AE059ABBA2FB1,U,rest_3954,1
TRN-3674CE4E04FA705D,C,initial_rl,1
TRN-3676A4D713CBC96D,U,rest_3954,1
TRN-367723D57A04DE35,U,rest_3954,1
TRN-368412DFE9BD0B4A,C,initial_rl,1
TRN-368968D20D557BF1,U,rest_3954,1
TRN-369989C173FD8CA4,U,rest_3954,1
TRN-36AE8AB420E3D121,U,rest_3954,1
TRN-36B230BBFB899CD0,U,rest_3954,1
TRN-36B803B700BCBCD2,U,rest_3954,1
TRN-36B8AB4BFE1CEB39,U,rest_3954,1
TRN-36BA6FE662F44DEF,C,initial_rl,1
TRN-36C564ED3CB5F07E,U,rest_3954,1
TRN-36CF37F5FA543E36,U,rest_3954,1
TRN-36D25675E6E113F5,U,rest_3954,1
TRN-36D55BB367522E3A,A,initial_rl,1
TRN-36D8231AA016C1E8,U,rest_3954,1
TRN-36EFD3C5F011A8CC,A,initial_rl,1
TRN-36FFFAA3D9FDFC7D,C,initial_rl,1
TRN-370510E7B12A577C,C,initial_rl,1
TRN-372EB547B60C7659,U,rest_3954,1
TRN-3733DC827677C663,U,rest_3954,1
TRN-373B6B457A9D994E,U,rest_3954,1
TRN-373B762ED3BA8AD1,C,initial_rl,1
TRN-373D9D34178CE30D,U,rest_3954,1
TRN-3747C53E3FAC9BF4,C,initial_rl,1
TRN-374E6498821DCCB0,U,rest_3954,1
TRN-3754D1F1E1BF32EA,C,initial_rl,1
TRN-377097C10D3398E8,A,initial_rl,1
TRN-3771B5228E454EAC,C,initial_rl,1
TRN-3772D8D4D0B149FD,U,rest_3954,1
TRN-3783135CE280D0A3,U,rest_3954,1
TRN-3797FA8BA25276B0,C,initial_rl,1
TRN-3798EA4BCFEADEE7,U,rest_3954,1
TRN-379F936547F0046F,C,initial_rl,1
TRN-37A6E0BACEC22531,C,initial_rl,1
TRN-37AFA028F21B5251,U,rest_3954,1
TRN-37B65D327A627591,B,initial_rl,1
TRN-37B71DCB9229E773,U,rest_3954,1
TRN-37BFAEF492D54652,A,initial_rl,1
TRN-37D41643616F315F,U,rest_3954,1
TRN-37DB4D9A5572F2C8,U,rest_3954,1
TRN-37DC360E3B9A5990,C,initial_rl,1
TRN-37F093B585E03840,U,rest_3954,1
TRN-37FDFF357C9AFD0F,U,rest_3954,1
TRN-3809824FBCFF5B90,C,initial_rl,1
TRN-381E531F9C9E0C2D,A,initial_rl,1
TRN-382F1CA093C3E6B3,U,rest_3954,1
TRN-3831829205A7E1AB,C,initial_rl,1
TRN-3834B526077DDFB0,U,rest_3954,1
TRN-384FD4F6CF526341,C,initial_rl,1
TRN-3852BBA5EA0BEAC3,U,rest_3954,1
TRN-385D6555F0A58987,C,initial_rl,1
TRN-386F6CE23DA9F754,U,rest_3954,1
TRN-387717FB2132D26B,A,initial_rl,1
TRN-38816213364B0EAA,C,initial_rl,1
TRN-388B9ACBE21556D6,U,rest_3954,1
TRN-38915D2406EB2131,U,rest_3954,1
TRN-38943DFEF81D45CC,U,rest_3954,1
TRN-38988F4BCFF2815C,U,rest_3954,1
TRN-3899F2FE91E72B0A,U,rest_3954,1
TRN-389D71A91B96ED69,U,rest_3954,1
TRN-389DBB76D5D20112,C,initial_rl,1
TRN-38AE79408E225F46,U,rest_3954,1
TRN-38B7A8ED83D2743F,C,initial_rl,1
TRN-38B8ABAD4DAD3E0C,U,rest_3954,1
TRN-38BC07071AFACD82,U,rest_3954,1
TRN-38C6F97363C735C5,U,rest_3954,1
TRN-38C8425A795AFCD3,U,rest_3954,1
TRN-38CD15420F1441D5,U,rest_3954,1
TRN-38D3BF4275C042A2,U,rest_3954,1
TRN-38D56EA721DB7E94,B,initial_rl,1
TRN-38D757EDDD6FD327,U,rest_3954,1
TRN-3902A0AF43D1E65B,U,rest_3954,1
TRN-390C200A428ADD3E,B,initial_rl,1
TRN-391E81CD51BBBE12,B,initial_rl,1
TRN-3921A72DD2301D50,U,rest_3954,1
TRN-393D9E09D093D2DD,C,initial_rl,1
TRN-394760291BCEA0AE,U,rest_3954,1
TRN-394E8D1143DACDFF,U,rest_3954,1
TRN-394F92C974720EB2,U,rest_3954,1
TRN-395FF07F745C5C44,C,initial_rl,1
TRN-3969BA7C0C3110C4,C,initial_rl,1
TRN-396CA16E52F57435,U,rest_3954,1
TRN-396EB176FEA4FB74,U,rest_3954,1
TRN-3975EDCD503E1237,C,initial_rl,1
TRN-39795294CF9BC5F5,U,rest_3954,1
TRN-398A6809DA4E11B2,U,rest_3954,1
TRN-39924DE32C4372F8,C,initial_rl,1
TRN-399A873A7AF46CFD,U,rest_3954,1
TRN-399E558655C179FD,U,rest_3954,1
TRN-39B47F28414241AD,U,rest_3954,1
TRN-39B7F7ED31E37C89,U,rest_3954,1
TRN-39C85774148D8C52,C,initial_rl,1
TRN-39CA54FADF474970,U,rest_3954,1
TRN-39D0C51CCBA14BBD,U,rest_3954,1
TRN-39DC3D1863397FAE,U,rest_3954,1
TRN-39DF5CB03E9E5B00,C,initial_rl,1
TRN-39DF9875526C28AF,C,initial_rl,1
TRN-39E0FE8CAE8E8264,C,initial_rl,1
TRN-39E79C7988AEA538,U,rest_3954,1
TRN-39E9055F8B3A0060,C,initial_rl,1
TRN-39E9400D7A764D30,U,rest_3954,1
TRN-39E9A9D411064687,C,initial_rl,1
TRN-3A07843968EBF9C9,U,rest_3954,1
TRN-3A0911DEEEDFAFBC,U,rest_3954,1
TRN-3A15685AAEA152CF,C,initial_rl,1
TRN-3A1B54CB4307FC83,C,initial_rl,1
TRN-3A3F4E2F47253D91,U,rest_3954,1
TRN-3A46C57BFF601E6B,U,rest_3954,1
TRN-3A4D4E9859AE90F9,U,rest_3954,1
TRN-3A50D961982854D9,C,initial_rl,1
TRN-3A51C5771FC8E639,U,rest_3954,1
TRN-3A59C5C1152CAC3B,U,rest_3954,1
TRN-3A6E768847347A2A,B,initial_rl,1
TRN-3A6F4B6BF3D6E6A9,U,rest_3954,1
TRN-3A772463AEBD9C3E,U,rest_3954,1
TRN-3A772F47452A6FAD,C,initial_rl,1
TRN-3A7B6421891414F6,C,initial_rl,1
TRN-3A84A15C4714103B,B,initial_rl,1
TRN-3A9004932878DE56,U,rest_3954,1
TRN-3A97C2AA76BCDA42,A,initial_rl,1
TRN-3A9B317EC3055058,U,rest_3954,1
TRN-3A9D41BC3EF50A5F,A,initial_rl,1
TRN-3AA7A668E741C859,B,initial_rl,1
TRN-3AAB8F2A41C660E1,U,rest_3954,1
TRN-3AB74761D2E953D2,U,rest_3954,1
TRN-3ABF597F529161DE,C,initial_rl,1
TRN-3ACB4E8710D66348,U,rest_3954,1
TRN-3ACC4989CEE6B4E9,U,rest_3954,1
TRN-3ADDB65B55BC40FF,U,rest_3954,1
TRN-3AE5A5A8F97FB4E7,C,initial_rl,1
TRN-3AFD2A2D98D47E5D,U,rest_3954,1
TRN-3B0A9E19B59B29CA,U,rest_3954,1
TRN-3B2AE34B2E8AD65C,C,initial_rl,1
TRN-3B3E2E9832F75B1E,C,initial_rl,1
TRN-3B411886679ACA31,U,rest_3954,1
TRN-3B43EF22F553F53A,U,rest_3954,1
TRN-3B494F35392EA9F5,U,rest_3954,1
TRN-3B66263EF4935826,U,rest_3954,1
TRN-3B692A8025951E76,C,initial_rl,1
TRN-3B81147E4D5FC3A3,A,initial_rl,1
TRN-3B858BB0BC0C4F18,A,initial_rl,1
TRN-3B859661BC3CBE0A,U,rest_3954,1
TRN-3BB6F1122516027B,C,initial_rl,1
TRN-3BBA3762FF3801E0,U,rest_3954,1
TRN-3BBA5FA62E9324DB,A,initial_rl,1
TRN-3BBC67E9785651FB,B,initial_rl,1
TRN-3BCF6BEE3109B70B,U,rest_3954,1
TRN-3BD21FC84DE38576,U,rest_3954,1
TRN-3BD94B266D78B7D8,C,initial_rl,1
TRN-3BE3F1AED90E0BCB,U,rest_3954,1
TRN-3BE9F8366F657EB7,U,rest_3954,1
TRN-3BEDC95E72A49A67,U,rest_3954,1
TRN-3BF5B891407C52FB,C,initial_rl,1
TRN-3C0714701717FC16,U,rest_3954,1
TRN-3C0941110A712693,U,rest_3954,1
TRN-3C0C4991F9EEDF67,C,initial_rl,1
TRN-3C0F1A1C1695AB68,A,initial_rl,1
TRN-3C28D03396EC4A86,U,rest_3954,1
TRN-3C375CD9ABF6D117,U,rest_3954,1
TRN-3C3E68272012F9C4,U,rest_3954,1
TRN-3C4290AE3B607304,U,rest_3954,1
TRN-3C4515DDFCBE111F,U,rest_3954,1
TRN-3C493E37721B5EE5,C,initial_rl,1
TRN-3C5704F71F1E2B38,U,rest_3954,1
TRN-3C5FCD86812E0907,U,rest_3954,1
TRN-3C63B9524C79122E,A,initial_rl,1
TRN-3C64970696B305C0,A,initial_rl,1
TRN-3C67CA1B204E28FC,U,rest_3954,1
TRN-3C6A3829EC03882B,A,initial_rl,1
TRN-3C733FE5DBDF1849,C,initial_rl,1
TRN-3C9915FD4873F58E,C,initial_rl,1
TRN-3CAF7D063108FF34,U,rest_3954,1
TRN-3CB4126BAF87901F,U,rest_3954,1
TRN-3CBD1E6FADC206F6,U,rest_3954,1
TRN-3CF277CEF643F854,U,rest_3954,1
TRN-3CF5E8E69A8BFADD,B,initial_rl,1
TRN-3CFAE000B4BEF89B,A,initial_rl,1
TRN-3D03F692FEA612B5,U,rest_3954,1
TRN-3D0579BADDA4DB16,A,initial_rl,1
TRN-3D05B9FA26F9204B,U,rest_3954,1
TRN-3D06F610E9C40E6D,U,rest_3954,1
TRN-3D091312D38DEA34,U,rest_3954,1
TRN-3D12529DA7F5935A,C,initial_rl,1
TRN-3D2923D695A00B4E,C,initial_rl,1
TRN-3D2DE2D798AC1BB1,C,initial_rl,1
TRN-3D3551211D5C6B59,C,initial_rl,1
TRN-3D3B7ADFE299E325,U,rest_3954,1
TRN-3D4CBC84732089D3,U,rest_3954,1
TRN-3D4DDE0588642DA3,C,initial_rl,1
TRN-3D4F29EFE37538DC,U,rest_3954,1
TRN-3D50AB6D3600887B,B,initial_rl,1
TRN-3D599F36D245B844,A,initial_rl,1
TRN-3D5A0131CA91D665,U,rest_3954,1
TRN-3D6F7C4C5EDDD168,C,initial_rl,1
TRN-3D73801FED8ECFA5,U,rest_3954,1
TRN-3D8696DE5029332B,C,initial_rl,1
TRN-3D8F3D8100C1601E,U,rest_3954,1
TRN-3DA94B274B0E24B5,U,rest_3954,1
TRN-3DBA3DF8F966BBC8,U,rest_3954,1
TRN-3DBAA63F01B66CB4,C,initial_rl,1
TRN-3DCE3BB74BC969A4,U,rest_3954,1
TRN-3DEB60569AFC3FF6,U,rest_3954,1
TRN-3DED2EB3C532B914,C,initial_rl,1
TRN-3DF4DABEF63BF33C,A,initial_rl,1
TRN-3E033B2BBC7D4E36,A,initial_rl,1
TRN-3E063F7EE758E6EA,U,rest_3954,1
TRN-3E17D0EAA132F410,C,initial_rl,1
TRN-3E1C14B791CD9D9B,U,rest_3954,1
TRN-3E2706F14686F5EE,C,initial_rl,1
TRN-3E280F72E78A95BD,C,initial_rl,1
TRN-3E2EECCE1304ADC5,U,rest_3954,1
TRN-3E321FEF84B14FB9,B,initial_rl,1
TRN-3E32C61922DF9867,U,rest_3954,1
TRN-3E33D34FEE9CF709,C,initial_rl,1
TRN-3E3635B4DFB82891,U,rest_3954,1
TRN-3E42A207B8CEA640,C,initial_rl,1
TRN-3E4385868968FDB7,C,initial_rl,1
TRN-3E5C6EB2CC825D66,A,initial_rl,1
TRN-3E68A6240C0F6E1C,U,rest_3954,1
TRN-3E7524E66FF9DEC3,A,initial_rl,1
TRN-3E75F6B1A0DB60DE,U,rest_3954,1
TRN-3E7B94DFBBD07409,U,rest_3954,1
TRN-3E90001672DBA6ED,C,initial_rl,1
TRN-3E96791AB4A6A8CA,U,rest_3954,1
TRN-3EC8DD94CB72AA89,B,initial_rl,1
TRN-3ECFF2006CD8C58B,U,rest_3954,1
TRN-3EDB74A7AA3B9BF2,C,initial_rl,1
TRN-3EED994D9E7D6056,U,rest_3954,1
TRN-3EFA4A8D33BBF29B,U,rest_3954,1
TRN-3EFBC2321692E1AC,C,initial_rl,1
TRN-3F08917CB82E0527,C,initial_rl,1
TRN-3F0E1D72DF2E873B,A,initial_rl,1
TRN-3F14051A4E27F4D9,B,initial_rl,1
TRN-3F14D0D0562C7C4F,U,rest_3954,1
TRN-3F153177CBDBA8BA,U,rest_3954,1
TRN-3F157EEE84D77967,U,rest_3954,1
TRN-3F19944033F3A431,U,rest_3954,1
TRN-3F19E9D450499AFC,U,rest_3954,1
TRN-3F3000A49B2E312E,U,rest_3954,1
TRN-3F3D9CF84EBD3E6C,U,rest_3954,1
TRN-3F418E3914B478E1,U,rest_3954,1
TRN-3F44ACA5F88D286F,U,rest_3954,1
TRN-3F4A3809E7687162,U,rest_3954,1
TRN-3F51C992913FBF96,U,rest_3954,1
TRN-3F5998E87E4AAC44,C,initial_rl,1
TRN-3F6D41F85F5A0AF7,U,rest_3954,1
TRN-3F7EAF6E3AA60F10,U,rest_3954,1
TRN-3F843CCDE8E806F9,U,rest_3954,1
TRN-3F883D1FE2AA1823,A,initial_rl,1
TRN-3F8C3032A7EDC8A6,U,rest_3954,1
TRN-3F99F887CA448796,U,rest_3954,1
TRN-3FB4D6C0E2C4EAF4,A,initial_rl,1
TRN-3FB641583E1B1F1A,C,initial_rl,1
TRN-3FBB7DEA26F57FD9,U,rest_3954,1
TRN-3FC66525F2E45E78,C,initial_rl,1
TRN-3FDE557107941318,U,rest_3954,1
TRN-3FEF7CE432A2F7EB,U,rest_3954,1
TRN-3FF8B8FC2C489AC5,U,rest_3954,1
TRN-3FFBF4BED7991A6C,C,initial_rl,1
TRN-4002200EE21B66B9,U,rest_3954,1
TRN-400F77F346DCE46D,U,rest_3954,1
TRN-40221A6056E6AA0E,U,rest_3954,1
TRN-402648E54CE1E862,B,initial_rl,1
TRN-402F839A4685460D,U,rest_3954,1
TRN-403C87D0049C1771,U,rest_3954,1
TRN-405371E4F1116A42,C,initial_rl,1
TRN-40705F5E1C47B50C,B,initial_rl,1
TRN-4071218AE9E6033B,U,rest_3954,1
TRN-4075F13F5293DFA8,C,initial_rl,1
TRN-407B20D722D0A488,C,initial_rl,1
TRN-407B5B4EAF975886,U,rest_3954,1
TRN-40807BEECF571D3A,U,rest_3954,1
TRN-408A81285E572A47,U,rest_3954,1
TRN-409152C69F48AC8B,B,initial_rl,1
TRN-40A597F8283D1296,U,rest_3954,1
TRN-40A598E9C0EB1A3A,C,initial_rl,1
TRN-40A8A33814E10C77,U,rest_3954,1
TRN-40B13A9234686C34,U,rest_3954,1
TRN-40BA1904A2E11B3E,C,initial_rl,1
TRN-40BEE59D2D06C25D,U,rest_3954,1
TRN-40C0BCB71889DE7D,C,initial_rl,1
TRN-40C684899C95DDDB,U,rest_3954,1
TRN-40CAFB2C8E574FD1,C,initial_rl,1
TRN-40D21FE28233A007,C,initial_rl,1
TRN-40E03B7505258FE5,U,rest_3954,1
TRN-40F8E5EE98776220,U,rest_3954,1
TRN-40FDF69239064153,U,rest_3954,1
TRN-41118EFF99D4B189,C,initial_rl,1
TRN-4127B5B2BE00B680,C,initial_rl,1
TRN-4131A695CFF4697F,B,initial_rl,1
TRN-413C86C984315058,C,initial_rl,1
TRN-4142F37E08B5300F,U,rest_3954,1
TRN-4144CD7CE024CB21,U,rest_3954,1
TRN-414C03CB9F8520D1,C,initial_rl,1
TRN-414DCB6DBCEAA82B,U,rest_3954,1
TRN-4150C1EAC40BE77A,C,initial_rl,1
TRN-415378DA90290085,U,rest_3954,1
TRN-41651697CC61AB7B,U,rest_3954,1
TRN-417F9AD27A357E63,C,initial_rl,1
TRN-419990AD31486C91,C,initial_rl,1
TRN-419FC1E7933C6A24,A,initial_rl,1
TRN-41A8C8D3A64CFAC1,U,rest_3954,1
TRN-41ABE7A323BE1908,U,rest_3954,1
TRN-41B508DDFA15534C,U,rest_3954,1
TRN-41BA1FADB08CE989,U,rest_3954,1
TRN-41BA9354D5A1D1E8,U,rest_3954,1
TRN-41CC5B13DF102FC5,C,initial_rl,1
TRN-41D0E9FE6799D846,U,rest_3954,1
TRN-41D7D3F26FA8E81B,U,rest_3954,1
TRN-41DF23D2B4A009BA,U,rest_3954,1
TRN-41E8D1959C002EF2,B,initial_rl,1
TRN-41EA7BA552AF4FDB,U,rest_3954,1
TRN-420AFB5245B9681B,U,rest_3954,1
TRN-420F42F1FF8B50AC,U,rest_3954,1
TRN-421959DCAD6A1E69,C,initial_rl,1
TRN-42387751056882B8,U,rest_3954,1
TRN-423F8F75230AA405,U,rest_3954,1
TRN-42434CC5FC4F0CE9,U,rest_3954,1
TRN-4243EC964F53A305,U,rest_3954,1
TRN-42442BE38B04C28A,U,rest_3954,1
TRN-42559E9056D76EBF,U,rest_3954,1
TRN-427A8BE1A3D8C468,B,initial_rl,1
TRN-428E0702EB0B7A5B,C,initial_rl,1
TRN-42954DB60162C933,U,rest_3954,1
TRN-42A2AF8F0BEB3C32,U,rest_3954,1
TRN-42AA7ED5D59DBBD0,B,initial_rl,1
TRN-42AD0A3D84E5EBEA,U,rest_3954,1
TRN-42B4B187E5BE19BA,B,initial_rl,1
TRN-42B6B83E7DDCA6AC,U,rest_3954,1
TRN-42BA9D02D5B22649,U,rest_3954,1
TRN-42C546BA037361CA,C,initial_rl,1
TRN-42D07FA0E8D2998B,U,rest_3954,1
TRN-42D5AE72A1EF29F8,C,initial_rl,1
TRN-42DC71B3FF4E34A2,C,initial_rl,1
TRN-42DF8F222F66DB3C,U,rest_3954,1
TRN-42E7E56AAB978330,U,rest_3954,1
TRN-42E82D90ACBDB7A3,U,rest_3954,1
TRN-42ED100AAF122213,U,rest_3954,1
TRN-42EFDE4D90D30B6F,A,initial_rl,1
TRN-42FAD594408EC05E,U,rest_3954,1
TRN-430501FBB06C1067,U,rest_3954,1
TRN-43053812B93BB9A0,U,rest_3954,1
TRN-4325DED72BA2432C,A,initial_rl,1
TRN-432B705558387E2E,C,initial_rl,1
TRN-432C3DCC8085DA1F,C,initial_rl,1
TRN-432CAA6A10639A27,C,initial_rl,1
TRN-433851775FC6AC68,U,rest_3954,1
TRN-434E154D822BF1D6,C,initial_rl,1
TRN-43672ED1F3A4AD36,U,rest_3954,1
TRN-43713C5D3A64E16D,U,rest_3954,1
TRN-437271DE12B2DE05,A,initial_rl,1
TRN-437A45C4CDE7F963,U,rest_3954,1
TRN-43860F4317A50399,A,initial_rl,1
TRN-43910A01B497A9C9,C,initial_rl,1
TRN-43A3489546D08E7A,A,initial_rl,1
TRN-43A565FFBFEA4582,U,rest_3954,1
TRN-43A66320C8F26129,U,rest_3954,1
TRN-43A9602C1CA7A78D,U,rest_3954,1
TRN-43C455BC4AB02975,A,initial_rl,1
TRN-43CBAE159655C8DC,U,rest_3954,1
TRN-43D01FCBA06F8976,U,rest_3954,1
TRN-43D92ACB1660D6E2,A,initial_rl,1
TRN-43E272E0E6A12F27,U,rest_3954,1
TRN-43F49239803327FB,U,rest_3954,1
TRN-43F8AFB4C8FBB0DC,B,initial_rl,1
TRN-4404DC3CCF33EC87,U,rest_3954,1
TRN-44196D2C657E606C,C,initial_rl,1
TRN-44444E8E02AD6E3A,A,initial_rl,1
TRN-4455F659D733EAA1,U,rest_3954,1
TRN-446EA7F42187B40D,U,rest_3954,1
TRN-44725D5E3D1CEC41,A,initial_rl,1
TRN-44808DB0FF1A61B9,U,rest_3954,1
TRN-44A33FAF847990E1,A,initial_rl,1
TRN-44A81D83A8B69F92,U,rest_3954,1
TRN-44ACAE4F40E24E53,U,rest_3954,1
TRN-44B26D0837BF33E2,U,rest_3954,1
TRN-44DE5FF7A88DD5C4,C,initial_rl,1
TRN-44E2C11856FB0528,U,rest_3954,1
TRN-44F154A7841967E4,A,initial_rl,1
TRN-44F43D1EB1905CBC,U,rest_3954,1
TRN-45192E70F65E1120,A,initial_rl,1
TRN-453072C91AD45116,B,initial_rl,1
TRN-45368AF860CEF46E,U,rest_3954,1
TRN-4539667E03DBF4A4,U,rest_3954,1
TRN-453DF0B0B784EA05,B,initial_rl,1
TRN-453EBC07D51894BC,C,initial_rl,1
TRN-4546621ADBF5FF42,U,rest_3954,1
TRN-4546FC044661EC13,C,initial_rl,1
TRN-4558521C5FD7C145,C,initial_rl,1
TRN-455CA29701420ED9,U,rest_3954,1
TRN-4562C355667BE1E0,U,rest_3954,1
TRN-4565828DF85B86F3,C,initial_rl,1
TRN-4568768F46F2BB5B,U,rest_3954,1
TRN-4579B9F4A6D77A2D,U,rest_3954,1
TRN-457E028834FEE745,U,rest_3954,1
TRN-45805A02BC45EAAF,C,initial_rl,1
TRN-45A31FE3508BC6D4,U,rest_3954,1
TRN-45B9C9ACA9223464,U,rest_3954,1
TRN-45BC0A0040E5BCBE,U,rest_3954,1
TRN-45BF4E38D1F1D251,U,rest_3954,1
TRN-45C5810AE3D2FF9E,C,initial_rl,1
TRN-45CA1F50410B1A33,U,rest_3954,1
TRN-45D64110096836EE,C,initial_rl,1
TRN-45DBB971B56744B6,U,rest_3954,1
TRN-45DF7DB7049FE3B7,B,initial_rl,1
TRN-45E6AB0A9E5DFE3A,C,initial_rl,1
TRN-45EB39CF307E9AF0,B,initial_rl,1
TRN-45ECA59C4CD5BE89,U,rest_3954,1
TRN-45F4BC9AB388EE27,A,initial_rl,1
TRN-460A299937E26C73,U,rest_3954,1
TRN-461FDFEC3D08785B,C,initial_rl,1
TRN-4624F7E540366C47,A,initial_rl,1
TRN-462E0871654D8E79,A,initial_rl,1
TRN-4632AECCB3F866F5,U,rest_3954,1
TRN-463432F1AFFF42F0,U,rest_3954,1
TRN-4642F13C20134FA3,B,initial_rl,1
TRN-4652FF5D616F28E2,C,initial_rl,1
TRN-466BB9D8C198A9BB,A,initial_rl,1
TRN-468AE4AB3B769291,C,initial_rl,1
TRN-468D81A2888B1E88,U,rest_3954,1
TRN-46993151603A15AC,U,rest_3954,1
TRN-469B4DB782EC356F,U,rest_3954,1
TRN-46A197B52805BAF2,C,initial_rl,1
TRN-46A8F41A6DE2DCDB,U,rest_3954,1
TRN-46AAD94CD990B5CE,C,initial_rl,1
TRN-46ADFFA9AB32E624,A,initial_rl,1
TRN-46B3798B1CF7CC1C,C,initial_rl,1
TRN-46C12BEB3A757A37,U,rest_3954,1
TRN-46C18B57A3C6FEDC,C,initial_rl,1
TRN-46D443D1AA1BD902,U,rest_3954,1
TRN-46D5D5ADDC3A2C50,U,rest_3954,1
TRN-46F63082D3D21C9A,C,initial_rl,1
TRN-47024C71B9D6C765,C,initial_rl,1
TRN-47104FE61E14B488,U,rest_3954,1
TRN-471CA0096593E6AE,U,rest_3954,1
TRN-472677613FA52434,U,rest_3954,1
TRN-47362936D9C0D766,B,initial_rl,1
TRN-47638725E89CEC2F,C,initial_rl,1
TRN-4773EEC432B4687C,B,initial_rl,1
TRN-47853C989A4A2672,C,initial_rl,1
TRN-478FC2F66D9B1A33,U,rest_3954,1
TRN-47965EB1A171A322,C,initial_rl,1
TRN-47A37715DFEDA43A,U,rest_3954,1
TRN-47AB81451329CF7E,U,rest_3954,1
TRN-47BB2FDE205DD528,U,rest_3954,1
TRN-47C1586B21483DFD,U,rest_3954,1
TRN-47CBE510E46518DD,C,initial_rl,1
TRN-47D057257B51EC56,A,initial_rl,1
TRN-47D746A47D6EDDB9,A,initial_rl,1
TRN-47DA52A14E8FA658,C,initial_rl,1
TRN-47DB03903303FB54,C,initial_rl,1
TRN-47E3B5D47BDE00E1,U,rest_3954,1
TRN-47F421B91EBE5045,U,rest_3954,1
TRN-480B2E01CDDD6CAD,U,rest_3954,1
TRN-4847F0A7FDEDD1A2,U,rest_3954,1
TRN-485BB43569C29F57,C,initial_rl,1
TRN-486220A89F8E48FB,U,rest_3954,1
TRN-486248BA2DEAD918,B,initial_rl,1
TRN-48A0399C58DC7951,A,initial_rl,1
TRN-48AA0490D9DBAC44,C,initial_rl,1
TRN-48AA34281955F5A7,C,initial_rl,1
TRN-48AF6B84F086CBCD,U,rest_3954,1
TRN-48CECCC43C1B9E9D,B,initial_rl,1
TRN-48E9F38DF87B1BA8,U,rest_3954,1
TRN-48F61B9C34B0D9E1,U,rest_3954,1
TRN-4902D6D34D19D1B0,C,initial_rl,1
TRN-4912827E5E3C4EC3,U,rest_3954,1
TRN-4915D9150BD833DB,C,initial_rl,1
TRN-4918F8F49BAECD5D,U,rest_3954,1
TRN-4921B21164C69498,U,rest_3954,1
TRN-4938BBEAAC12D37D,U,rest_3954,1
TRN-495D2E988A7EAAC9,C,initial_rl,1
TRN-495F999080DBB85D,B,initial_rl,1
TRN-496B5677AFF6DA48,B,initial_rl,1
TRN-497AC7A04CC6EBE8,U,rest_3954,1
TRN-4997A380FDE77DD6,U,rest_3954,1
TRN-499A4A8F6C6720D4,U,rest_3954,1
TRN-499E181FF8E94B21,U,rest_3954,1
TRN-49A6A7C85BED30BF,B,initial_rl,1
TRN-49B0087C76103DFF,B,initial_rl,1
TRN-49B0CDD2F7D7FD1C,U,rest_3954,1
TRN-49BC41E6A46BA699,U,rest_3954,1
TRN-49C554BAA3313FA0,U,rest_3954,1
TRN-49C69412D34D51F1,C,initial_rl,1
TRN-49DC81F993C6A74D,B,initial_rl,1
TRN-49F35DEA41D14AB5,U,rest_3954,1
TRN-4A06A6C9178E9E15,U,rest_3954,1
TRN-4A0B7855120FDBF0,C,initial_rl,1
TRN-4A150AEC8BEA7BCA,C,initial_rl,1
TRN-4A1BE72FA5E62D8D,U,rest_3954,1
TRN-4A1F05C56567526C,U,rest_3954,1
TRN-4A2424EE06764719,C,initial_rl,1
TRN-4A2BC27162050F3C,C,initial_rl,1
TRN-4A3B7C55D980726A,U,rest_3954,1
TRN-4A424E56BF7BE13F,U,rest_3954,1
TRN-4A46945BC171B6C6,U,rest_3954,1
TRN-4A48901DBC8C27DD,U,rest_3954,1
TRN-4A4996E7AB444FF0,U,rest_3954,1
TRN-4A4FE58FEDD87C7D,U,rest_3954,1
TRN-4A59E49E3A806F0B,C,initial_rl,1
TRN-4A5AF906C763065B,A,initial_rl,1
TRN-4A6321FEFD3B2BD6,U,rest_3954,1
TRN-4A63E123748B6F35,U,rest_3954,1
TRN-4A657A949D8AFD34,C,initial_rl,1
TRN-4A6B323EB30E1B8D,U,rest_3954,1
TRN-4A733FDD63CF8548,A,initial_rl,1
TRN-4A79BD69BC231FE1,U,rest_3954,1
TRN-4A7D2431C4A7B0EC,U,rest_3954,1
TRN-4A82A04CEAB1C52A,C,initial_rl,1
TRN-4A90978AF026ACEC,U,rest_3954,1
TRN-4A9135581C9546C1,C,initial_rl,1
TRN-4A9811E3D34C16C3,C,initial_rl,1
TRN-4A9A49FE281112C7,U,rest_3954,1
TRN-4A9C98BCC7D11761,U,rest_3954,1
TRN-4A9D251812405C22,U,rest_3954,1
TRN-4AA3095887EDD5E8,C,initial_rl,1
TRN-4AA64EDCFA385B90,C,initial_rl,1
TRN-4AAEE7739F2619D3,U,rest_3954,1
TRN-4AB4EDED96EF713E,U,rest_3954,1
TRN-4AB8BDEE8557195D,C,initial_rl,1
TRN-4ABE6D271D5B454E,B,initial_rl,1
TRN-4ABEBFAB2B2569EF,U,rest_3954,1
TRN-4AC0CC3BD38A3E6E,C,initial_rl,1
TRN-4AC2D4D104C6A4BF,U,rest_3954,1
TRN-4AC88586D82CEDEB,B,initial_rl,1
TRN-4ADCF0687F42F59A,C,initial_rl,1
TRN-4AED88135E2D45DE,U,rest_3954,1
TRN-4AEE783CACCE62D2,U,rest_3954,1
TRN-4AF2296C3A422168,U,rest_3954,1
TRN-4AFE04F9322F1E84,U,rest_3954,1
TRN-4B0403B520383D1B,U,rest_3954,1
TRN-4B068F38D32A5C86,U,rest_3954,1
TRN-4B2728528C75232C,U,rest_3954,1
TRN-4B28C094F2720F64,U,rest_3954,1
TRN-4B2B985E10FBE964,U,rest_3954,1
TRN-4B34528DE6C021C7,B,initial_rl,1
TRN-4B382785B98168DC,C,initial_rl,1
TRN-4B3AE67C7EAA3E4D,U,rest_3954,1
TRN-4B3EC52A0394C4B6,U,rest_3954,1
TRN-4B4D1D8A55CE530B,C,initial_rl,1
TRN-4B53C2790E84B7A3,C,initial_rl,1
TRN-4B6150F2DCCD148F,U,rest_3954,1
TRN-4B62538C9A471848,B,initial_rl,1
TRN-4B6ED0BEAEFAE8A9,U,rest_3954,1
TRN-4B704B93A55BCB1A,U,rest_3954,1
TRN-4B7369F9EF3D04AA,C,initial_rl,1
TRN-4B76100A6732E5DC,U,rest_3954,1
TRN-4B76186A470F123A,U,rest_3954,1
TRN-4B7DBA95302F01C0,C,initial_rl,1
TRN-4B88766007C7A39A,U,rest_3954,1
TRN-4B8D02B70FB3AE5B,U,rest_3954,1
TRN-4B8E02C12D10CEA8,C,initial_rl,1
TRN-4B9500176BDCE72A,C,initial_rl,1
TRN-4B9B12D68EE8011F,C,initial_rl,1
TRN-4B9DCC1879851B47,C,initial_rl,1
TRN-4BA65D080F09C544,U,rest_3954,1
TRN-4BAC17E27F7BA5B7,U,rest_3954,1
TRN-4BAFAAB7316C6E83,C,initial_rl,1
TRN-4BC8F1959E5A8411,U,rest_3954,1
TRN-4BCD01911C1E9E90,U,rest_3954,1
TRN-4BD29D8126BFC899,U,rest_3954,1
TRN-4BE62E40C7DDB20C,U,rest_3954,1
TRN-4BF7C370EE8DC7AD,A,initial_rl,1
TRN-4C025229C6E3216C,U,rest_3954,1
TRN-4C10EF22676B2474,U,rest_3954,1
TRN-4C211DA4791DAA46,U,rest_3954,1
TRN-4C211F2212B17B53,C,initial_rl,1
TRN-4C2D1A13F1AEE014,U,rest_3954,1
TRN-4C31B4C64E00E1C1,C,initial_rl,1
TRN-4C406CEA37A4EFB3,C,initial_rl,1
TRN-4C472E5E2955E968,U,rest_3954,1
TRN-4C4B3C7BA9EDA3AE,U,rest_3954,1
TRN-4C58EC16E7AB18A9,U,rest_3954,1
TRN-4C5B3B2BCAEF548F,U,rest_3954,1
TRN-4C63030904E45CBE,U,rest_3954,1
TRN-4C7517CA4DE44BC3,U,rest_3954,1
TRN-4C861F0D3ABBAF4F,U,rest_3954,1
TRN-4C9A53576B781C41,U,rest_3954,1
TRN-4CA65FF82EAD43E8,U,rest_3954,1
TRN-4CAA6E9F3498074F,U,rest_3954,1
TRN-4CACC7388FFBCF90,U,rest_3954,1
TRN-4CAE0C15271A9C80,U,rest_3954,1
TRN-4CBF62C2794CEA00,B,initial_rl,1
TRN-4CC2AEB6F7DD6F49,U,rest_3954,1
TRN-4CC485AD39DC4DE7,U,rest_3954,1
TRN-4CD25BBBDA44D99C,U,rest_3954,1
TRN-4CD568B85BCAA3C3,C,initial_rl,1
TRN-4CD80D6EC14C65D4,C,initial_rl,1
TRN-4CE948AE745C8749,U,rest_3954,1
TRN-4CED69AE0B3C96BC,U,rest_3954,1
TRN-4CEF199324C534DB,U,rest_3954,1
TRN-4CF4655F90FBC6C1,U,rest_3954,1
TRN-4CF7533A11D35971,U,rest_3954,1
TRN-4D08EC403CA1F4DC,C,initial_rl,1
TRN-4D099DB65225CE68,C,initial_rl,1
TRN-4D15CCD9B7820335,U,rest_3954,1
TRN-4D21626656B2B29F,U,rest_3954,1
TRN-4D234FEB987F2413,B,initial_rl,1
TRN-4D2E1F675A757020,U,rest_3954,1
TRN-4D3AEB9FDFE5110F,U,rest_3954,1
TRN-4D3DD25E8E38BC8C,C,initial_rl,1
TRN-4D56B5972084E635,C,initial_rl,1
TRN-4D5A4EBE1FD37850,U,rest_3954,1
TRN-4D60D7018F1648A5,U,rest_3954,1
TRN-4D78BD919C43A701,U,rest_3954,1
TRN-4D986233F04C033C,U,rest_3954,1
TRN-4D9C22691123801E,U,rest_3954,1
TRN-4DA0F35C41E12CA7,U,rest_3954,1
TRN-4DA4FEDA516D5E00,C,initial_rl,1
TRN-4DA539E822293085,U,rest_3954,1
TRN-4DB52D62A20405AF,A,initial_rl,1
TRN-4DB53CCF5B4C9579,C,initial_rl,1
TRN-4DB797206DAB2D50,C,initial_rl,1
TRN-4DC2111DAAA2A6D8,U,rest_3954,1
TRN-4DDDFCA0100FCA89,A,initial_rl,1
TRN-4DE8DDFD1BDBB283,C,initial_rl,1
TRN-4DF15416290A8AE1,U,rest_3954,1
TRN-4DF43CBC5B94E694,U,rest_3954,1
TRN-4DF8181E98330CE6,U,rest_3954,1
TRN-4DFD1558254104B4,U,rest_3954,1
TRN-4E0604337F36C707,U,rest_3954,1
TRN-4E185887DD37D7D1,U,rest_3954,1
TRN-4E1B4F175A08F6C0,C,initial_rl,1
TRN-4E27EE81D566E57C,C,initial_rl,1
TRN-4E289D2B0CC21991,B,initial_rl,1
TRN-4E3E2CDCEFEE357C,A,initial_rl,1
TRN-4E4B6804EEE7172D,U,rest_3954,1
TRN-4E54FD5607DB5076,C,initial_rl,1
TRN-4E676D5D7E932F5D,C,initial_rl,1
TRN-4E6BF26D5CF72741,U,rest_3954,1
TRN-4E75E7A81E0628A7,C,initial_rl,1
TRN-4E7640FDCCBED427,U,rest_3954,1
TRN-4E7889764642571C,C,initial_rl,1
TRN-4E7961C1A29DECC6,U,rest_3954,1
TRN-4E888481E2DDDE1B,U,rest_3954,1
TRN-4E91317DD543BE1B,U,rest_3954,1
TRN-4EA09BE5486792D8,C,initial_rl,1
TRN-4EA67432B6F653FB,C,initial_rl,1
TRN-4EA901732289302F,B,initial_rl,1
TRN-4EBEFA8A237D76F3,U,rest_3954,1
TRN-4EBFF77006F923E5,U,rest_3954,1
TRN-4EC77736862B928E,U,rest_3954,1
TRN-4ECCBAEB426E8073,U,rest_3954,1
TRN-4EDE17E3B4D77638,C,initial_rl,1
TRN-4EE0323DD9383A91,C,initial_rl,1
TRN-4EEC59E496E579C0,U,rest_3954,1
TRN-4EEDAAF5FE478222,U,rest_3954,1
TRN-4EF0785248EAB3A6,U,rest_3954,1
TRN-4EFB3EBDC66FD86E,U,rest_3954,1
TRN-4F0A38A8CA6C3D09,U,rest_3954,1
TRN-4F0A436834AF755E,U,rest_3954,1
TRN-4F106EA6AB6CBB38,B,initial_rl,1
TRN-4F13596FF8F9BCDC,U,rest_3954,1
TRN-4F1686861AC44437,C,initial_rl,1
TRN-4F1845EE4972DAE6,C,initial_rl,1
TRN-4F1D1EF6E2A20208,U,rest_3954,1
TRN-4F26043FD0283B23,U,rest_3954,1
TRN-4F274373FFCA921D,U,rest_3954,1
TRN-4F2A419763E95D13,U,rest_3954,1
TRN-4F2AE995F6BF68F7,U,rest_3954,1
TRN-4F30DF4E11A0377D,U,rest_3954,1
TRN-4F3BF386BEDADE0D,U,rest_3954,1
TRN-4F3C63C5E9F63E9B,U,rest_3954,1
TRN-4F413769E9AC2C2F,C,initial_rl,1
TRN-4F560AA4CBD84708,C,initial_rl,1
TRN-4F5F8DA34F88E38F,C,initial_rl,1
TRN-4F691FE400945B7E,U,rest_3954,1
TRN-4F7432CE63732524,C,initial_rl,1
TRN-4F84F2ADB68A0B83,C,initial_rl,1
TRN-4F8B13661BDAEFBF,U,rest_3954,1
TRN-4F90C8A24D31EFF4,U,rest_3954,1
TRN-4F9CB600F74F7312,B,initial_rl,1
TRN-4F9D9E26D8CF491B,U,rest_3954,1
TRN-4FA665CD78EAC93E,C,initial_rl,1
TRN-4FAF2E503A00DDF7,U,rest_3954,1
TRN-4FBB343ECD89882C,B,initial_rl,1
TRN-4FBDEA60E356AA10,B,initial_rl,1
TRN-4FC474A5C59E5273,B,initial_rl,1
TRN-4FD7ADB14E81EF92,U,rest_3954,1
TRN-4FFEBA78870A263B,U,rest_3954,1
TRN-5010047612266453,C,initial_rl,1
TRN-50245B170134578E,C,initial_rl,1
TRN-502759E3EAA493D7,U,rest_3954,1
TRN-50284E679ED29AB0,C,initial_rl,1
TRN-5030BA01D882A469,U,rest_3954,1
TRN-5036FC14263F1E55,U,rest_3954,1
TRN-5038852455FDB72D,U,rest_3954,1
TRN-50527F1441AC10FC,U,rest_3954,1
TRN-506867E14EB5BD58,C,initial_rl,1
TRN-50701E64CAD88FFB,C,initial_rl,1
TRN-5079D49D16D2DE89,U,rest_3954,1
TRN-5084412AFECC2D65,A,initial_rl,1
TRN-5085F5A9024B3756,U,rest_3954,1
TRN-5089D01376C08A5C,C,initial_rl,1
TRN-509457DB3DC3FE5A,C,initial_rl,1
TRN-5096ED9961A1536B,U,rest_3954,1
TRN-509E2F10DCC5A61B,A,initial_rl,1
TRN-50A96EE594C526E3,U,rest_3954,1
TRN-50AFA432990A6A5E,U,rest_3954,1
TRN-50B001886F73D334,U,rest_3954,1
TRN-50BFDED018A48E6B,C,initial_rl,1
TRN-50C4EE3DFACFDBCD,C,initial_rl,1
TRN-50C83A1D2173DF41,U,rest_3954,1
TRN-50DCE58879702229,U,rest_3954,1
TRN-50DEFBA65BF7E09F,U,rest_3954,1
TRN-50DFCFF78F47C4E7,C,initial_rl,1
TRN-50F693F547606FB3,C,initial_rl,1
TRN-50FDAD354BE7CDA0,C,initial_rl,1
TRN-50FE4A72C23F3F86,A,initial_rl,1
TRN-50FFA55227CBD027,A,initial_rl,1
TRN-51063D8B35947FC5,A,initial_rl,1
TRN-51079579F4FE92C1,U,rest_3954,1
TRN-5112EA816AC66779,U,rest_3954,1
TRN-512AD94072578DF8,U,rest_3954,1
TRN-512FEF63E5C439E4,A,initial_rl,1
TRN-5139C95014DAE9F1,U,rest_3954,1
TRN-514FB7A11039721B,U,rest_3954,1
TRN-51506C2C2C621B33,A,initial_rl,1
TRN-5154785E643EACD0,U,rest_3954,1
TRN-5157C7197485E00E,U,rest_3954,1
TRN-5158A1435A0F1CE2,U,rest_3954,1
TRN-516C5F03A24952B2,U,rest_3954,1
TRN-516F742099E944FC,C,initial_rl,1
TRN-51884B7654EF7DB6,U,rest_3954,1
TRN-518B519E53C177D1,U,rest_3954,1
TRN-518EB89A94D2E964,U,rest_3954,1
TRN-518F46DF9B61566C,U,rest_3954,1
TRN-519D3A34A03ACDBB,C,initial_rl,1
TRN-51A2E14E2D8F4942,U,rest_3954,1
TRN-51AD740491DF2B0C,C,initial_rl,1
TRN-51B110DD3813AEAD,C,initial_rl,1
TRN-51C129B334596738,U,rest_3954,1
TRN-51C5A7E385445264,U,rest_3954,1
TRN-51CBA48C2F34FA01,U,rest_3954,1
TRN-51D59EDD670495D3,U,rest_3954,1
TRN-51DD57DD8980AAF1,A,initial_rl,1
TRN-51E466A388C70C9E,C,initial_rl,1
TRN-51ED48E0510C2596,U,rest_3954,1
TRN-51EF1FF15566F83D,U,rest_3954,1
TRN-520656D21ED526DF,C,initial_rl,1
TRN-521D11257EA7C2DB,U,rest_3954,1
TRN-52209532020B2A8E,B,initial_rl,1
TRN-5232D5ACF8826FC7,U,rest_3954,1
TRN-5234E7EF97CA46FB,A,initial_rl,1
TRN-5236C8E86CBAB351,C,initial_rl,1
TRN-52542044D8885200,U,rest_3954,1
TRN-526AF4FDA300919F,U,rest_3954,1
TRN-526C15768767484D,C,initial_rl,1
TRN-526E4197D3959B07,A,initial_rl,1
TRN-52730AC452F8C7CF,U,rest_3954,1
TRN-528A4D6D39E54A00,C,initial_rl,1
TRN-528E086C8FFAB815,U,rest_3954,1
TRN-529BD319C6AB702F,B,initial_rl,1
TRN-52AFE822FB908AF8,C,initial_rl,1
TRN-52CB229375FA65E3,U,rest_3954,1
TRN-52CF99B726106183,U,rest_3954,1
TRN-52E9961146193706,U,rest_3954,1
TRN-52EB13B9FDFC98E6,U,rest_3954,1
TRN-52EFEC261765543D,U,rest_3954,1
TRN-52FF0296B178890D,C,initial_rl,1
TRN-53038F69DF0E4A53,C,initial_rl,1
TRN-53081B6FA4575C16,U,rest_3954,1
TRN-530B1AD4D7F55285,U,rest_3954,1
TRN-5316502D93C1A5EA,A,initial_rl,1
TRN-5316AD1606F59887,U,rest_3954,1
TRN-5321BF57878F8E30,U,rest_3954,1
TRN-5325D8C2717F0C5F,U,rest_3954,1
TRN-5335C5B09B887548,U,rest_3954,1
TRN-533AB42E4F85F7C4,A,initial_rl,1
TRN-533C6019322C52D3,U,rest_3954,1
TRN-534758B86135F6AF,U,rest_3954,1
TRN-53518450787E1F81,U,rest_3954,1
TRN-5365FAA3D9FA2464,U,rest_3954,1
TRN-536C16B8FBB9061D,C,initial_rl,1
TRN-537354BF8029EE6A,B,initial_rl,1
TRN-5379307250D6EE50,U,rest_3954,1
TRN-53870A1AF3994262,U,rest_3954,1
TRN-538767E99097B153,C,initial_rl,1
TRN-5391D1329ECED335,C,initial_rl,1
TRN-5399E41EF3BF4DF2,A,initial_rl,1
TRN-53A4151B4F494028,C,initial_rl,1
TRN-53A456761C64605C,U,rest_3954,1
TRN-53B548CE9FBEAA9E,U,rest_3954,1
TRN-53C2C1EA5BCC50B2,U,rest_3954,1
TRN-53C59D76C9A8FD0D,C,initial_rl,1
TRN-53CBBD925A76FCD6,U,rest_3954,1
TRN-53DAADA337576F8A,C,initial_rl,1
TRN-53E9D9A2F3B0760C,U,rest_3954,1
TRN-53F987FD7307BE28,U,rest_3954,1
TRN-53FF3FCF0CC27638,U,rest_3954,1
TRN-5401EA3FC36EA1EF,U,rest_3954,1
TRN-5419E5608A04C646,U,rest_3954,1
TRN-54288BF9C49BC916,U,rest_3954,1
TRN-542B1E20D58C989A,U,rest_3954,1
TRN-542B7519BC729643,U,rest_3954,1
TRN-5439445323CB80C7,U,rest_3954,1
TRN-5444B227E69E520A,U,rest_3954,1
TRN-545499147F2C4663,U,rest_3954,1
TRN-54564EE222334F67,U,rest_3954,1
TRN-545B4ACCB2D530C9,C,initial_rl,1
TRN-5470D7149F53A430,C,initial_rl,1
TRN-54793697BA56FD45,U,rest_3954,1
TRN-5485CEB2550324F8,U,rest_3954,1
TRN-5487CA47DB1BA6C6,A,initial_rl,1
TRN-548BD94AE648DB2E,C,initial_rl,1
TRN-5492BAB4956228A2,B,initial_rl,1
TRN-549881F46D3BECED,C,initial_rl,1
TRN-54990E17863A7570,U,rest_3954,1
TRN-549D63165096DCC7,U,rest_3954,1
TRN-54A5EE58993ECFCF,C,initial_rl,1
TRN-54B353554B52C2F1,B,initial_rl,1
TRN-54B823C5CF1BC69F,U,rest_3954,1
TRN-54C321B5F13F929F,U,rest_3954,1
TRN-54CCE32C50C6A222,U,rest_3954,1
TRN-54CCE6CC3DD6A43C,U,rest_3954,1
TRN-54F0BDDC4804E4AC,U,rest_3954,1
TRN-54F2AB459ECC35C0,B,initial_rl,1
TRN-54FCAB3B0103E570,C,initial_rl,1
TRN-55078EF5F55EE952,C,initial_rl,1
TRN-551090F6CFA9BE39,U,rest_3954,1
TRN-5512C2A71D2E7C89,U,rest_3954,1
TRN-551338A7255735CB,U,rest_3954,1
TRN-55168975D7ED3BD6,U,rest_3954,1
TRN-5516A1CE332C0080,A,initial_rl,1
TRN-5521FBEA21467993,U,rest_3954,1
TRN-553C94CDDF2C6DD8,B,initial_rl,1
TRN-5540DA5FE6329CD7,C,initial_rl,1
TRN-5559CDE0028BC23C,B,initial_rl,1
TRN-555B3396328A5A56,U,rest_3954,1
TRN-555CE53D09CE9C76,A,initial_rl,1
TRN-555D91AF86F11013,C,initial_rl,1
TRN-5560451E3BB4DCFF,U,rest_3954,1
TRN-5561FCC74CB2D833,U,rest_3954,1
TRN-556928E5F4145F3A,U,rest_3954,1
TRN-557ED1B5027DC8AD,A,initial_rl,1
TRN-5580553DF0EAB200,C,initial_rl,1
TRN-55947DBA66852C1E,A,initial_rl,1
TRN-559E8AA3ABEF0B47,C,initial_rl,1
TRN-55A0A62FA4E6C035,U,rest_3954,1
TRN-55B3258FB22E4C3C,C,initial_rl,1
TRN-55B465BACEDF1729,C,initial_rl,1
TRN-55BB5CDBDCFEB321,U,rest_3954,1
TRN-55BD463FE04F95E5,A,initial_rl,1
TRN-55BDED5A5CC3C72D,C,initial_rl,1
TRN-55C24EFCC955A1DF,C,initial_rl,1
TRN-55C4E945D8DAC5FE,B,initial_rl,1
TRN-55CFAB8AE11D81FD,U,rest_3954,1
TRN-55D3CBFD4D39626D,U,rest_3954,1
TRN-55EF0DE6A1494915,U,rest_3954,1
TRN-55F3E0758943E1BE,U,rest_3954,1
TRN-55F8777006BDB055,B,initial_rl,1
TRN-560E60F634D52B59,U,rest_3954,1
TRN-560EDD43BF060CFE,A,initial_rl,1
TRN-561169397391FE7D,U,rest_3954,1
TRN-56271D91FCA04BAA,U,rest_3954,1
TRN-5634E27D1EC99D4A,A,initial_rl,1
TRN-56435A54537EF22A,C,initial_rl,1
TRN-56464F1BCBE0B748,U,rest_3954,1
TRN-56492DAE7D5D64EA,U,rest_3954,1
TRN-565A9E04865DF148,U,rest_3954,1
TRN-5660084269995B9A,C,initial_rl,1
TRN-5663DC51EEF6FEC1,U,rest_3954,1
TRN-5670A5044A648692,A,initial_rl,1
TRN-567BC07D86DB2BF3,U,rest_3954,1
TRN-56837F18579EF4FD,C,initial_rl,1
TRN-5684CADB1DBFE1F5,U,rest_3954,1
TRN-568D7E793F95FBF7,U,rest_3954,1
TRN-56931068386DCD22,C,initial_rl,1
TRN-569D2F130D41BBB9,A,initial_rl,1
TRN-56A56BFF5C53DE59,C,initial_rl,1
TRN-56A861922947EFB6,U,rest_3954,1
TRN-56B20139059736EE,C,initial_rl,1
TRN-56C39F49BD65C74B,U,rest_3954,1
TRN-56CD1AD40F311F87,U,rest_3954,1
TRN-56D2F248D3A36FD4,U,rest_3954,1
TRN-56D9AAFB39D6ECDB,U,rest_3954,1
TRN-56E6F99C842B7ED1,U,rest_3954,1
TRN-57016A6A4EBFF530,U,rest_3954,1
TRN-573856DF99462591,U,rest_3954,1
TRN-5742649BC23FEA3C,U,rest_3954,1
TRN-575A4D1635801A48,C,initial_rl,1
TRN-57660639FBDEBB60,C,initial_rl,1
TRN-576DADBC283780AC,U,rest_3954,1
TRN-57708ABBE72FABB5,U,rest_3954,1
TRN-577D9E871E6969CE,U,rest_3954,1
TRN-578402F47517531E,C,initial_rl,1
TRN-5789F3D7323BFDD0,U,rest_3954,1
TRN-578E43369DCFEC8E,C,initial_rl,1
TRN-578ED660728CC107,U,rest_3954,1
TRN-579F15C446B10269,U,rest_3954,1
TRN-579F8BD1E7E0428F,C,initial_rl,1
TRN-57A81AD0242BD993,C,initial_rl,1
TRN-57AD4525B27FA288,A,initial_rl,1
TRN-57B858F2EB5D4998,C,initial_rl,1
TRN-57BAC9EE094D8779,U,rest_3954,1
TRN-57C5CA5A3F7A56EE,U,rest_3954,1
TRN-57C7F7A5E550C5B4,C,initial_rl,1
TRN-57D5B0BBF9145212,U,rest_3954,1
TRN-57DADDA5A3C98B63,U,rest_3954,1
TRN-57E2BF7A5A7F4375,U,rest_3954,1
TRN-57F473042C32D353,B,initial_rl,1
TRN-57F8332DDD6BEC5C,U,rest_3954,1
TRN-5806F16B9C6CAEB0,U,rest_3954,1
TRN-5827A08C4CCC6F8E,U,rest_3954,1
TRN-582B84FF371DD36D,A,initial_rl,1
TRN-58316325BD5616FC,C,initial_rl,1
TRN-583277E352BC676E,U,rest_3954,1
TRN-583507EE4F30EF32,C,initial_rl,1
TRN-5835F7AA6E46997C,C,initial_rl,1
TRN-58581DEA8E18B33A,C,initial_rl,1
TRN-58600270F31AE8AA,B,initial_rl,1
TRN-58661E3C4CC974FF,U,rest_3954,1
TRN-586A28E308D09966,U,rest_3954,1
TRN-586A5BACBDC36991,U,rest_3954,1
TRN-586CDDCE8A8CABD1,U,rest_3954,1
TRN-586DAB962B71360B,C,initial_rl,1
TRN-587118B8BACF5F23,U,rest_3954,1
TRN-58754A44B59EAA3F,U,rest_3954,1
TRN-58778702A590D183,B,initial_rl,1
TRN-58836A8B1FB0BF6C,U,rest_3954,1
TRN-588B858574CA9D4E,U,rest_3954,1
TRN-58B1D18DF3BEB68F,U,rest_3954,1
TRN-58B59A930E93421B,U,rest_3954,1
TRN-58B66CD97032465D,U,rest_3954,1
TRN-58B7E576A2DA718F,U,rest_3954,1
TRN-58B9F8F20AF6BFD4,U,rest_3954,1
TRN-58BF954F635CB2CB,U,rest_3954,1
TRN-58C41262D4FE143C,C,initial_rl,1
TRN-58D55015CCF1CD70,C,initial_rl,1
TRN-58DCF7F26818A7F4,U,rest_3954,1
TRN-58DD2A1232064898,U,rest_3954,1
TRN-58DD6CC9DFA5EE7A,C,initial_rl,1
TRN-58E4C83F330A12EF,U,rest_3954,1
TRN-58E619BA80924E58,C,initial_rl,1
TRN-58ED50B434E70E09,A,initial_rl,1
TRN-58ED7E57CC11D0B9,B,initial_rl,1
TRN-58ED8AEE3772EC44,C,initial_rl,1
TRN-58EE240D5E297FBB,C,initial_rl,1
TRN-58FAA657683E0D07,U,rest_3954,1
TRN-590E81E8D4C86B4B,U,rest_3954,1
TRN-5918D4F74C8DA9FF,C,initial_rl,1
TRN-5935E025C5B69FA0,U,rest_3954,1
TRN-594441E797D69594,B,initial_rl,1
TRN-5944906C3E1A98F1,U,rest_3954,1
TRN-595DBF6E63B63F4B,U,rest_3954,1
TRN-596A2E87A8DEA819,A,initial_rl,1
TRN-596D3EB334EA48F7,U,rest_3954,1
TRN-5978963EB3ABD45D,B,initial_rl,1
TRN-597F8B34EA9B842D,U,rest_3954,1
TRN-5983DF28B59D0001,U,rest_3954,1
TRN-598CC8BE96874398,B,initial_rl,1
TRN-5998A80F70353E0D,U,rest_3954,1
TRN-599DAFFE1AA16C56,U,rest_3954,1
TRN-59A56164BCD5CE36,U,rest_3954,1
TRN-59ABD4C780622906,U,rest_3954,1
TRN-59ACA6F9707A5E4C,U,rest_3954,1
TRN-59AED40E1FAC283B,U,rest_3954,1
TRN-59B15D7BFB3FD135,C,initial_rl,1
TRN-59BBA8FF646636BD,A,initial_rl,1
TRN-59D059D324CB4B83,C,initial_rl,1
TRN-59D7C4BEED29E2C8,U,rest_3954,1
TRN-59DDF97A9A22F99E,U,rest_3954,1
TRN-59E86A87F05B9874,U,rest_3954,1
TRN-59E8DA8EB232F373,C,initial_rl,1
TRN-59F0FDC0BD3EBDD0,U,rest_3954,1
TRN-59FF20DAA2282BFC,U,rest_3954,1
TRN-5A012E08739C5042,C,initial_rl,1
TRN-5A28B15AAF8D50A8,C,initial_rl,1
TRN-5A2FB31D5D51EAC4,B,initial_rl,1
TRN-5A33D33F719682C3,C,initial_rl,1
TRN-5A39B58D2065973E,C,initial_rl,1
TRN-5A5AF33211C48FAE,C,initial_rl,1
TRN-5A5E864191DC49FC,U,rest_3954,1
TRN-5A63E35FA3465FA8,U,rest_3954,1
TRN-5A67E19A88C2B58A,A,initial_rl,1
TRN-5A783FE93B590632,U,rest_3954,1
TRN-5A840AF7EFCC1182,U,rest_3954,1
TRN-5A9A050509BAA114,U,rest_3954,1
TRN-5AA5EA324421796F,U,rest_3954,1
TRN-5AB4BE0A830DF143,C,initial_rl,1
TRN-5AB4C6ACEC8AAC22,U,rest_3954,1
TRN-5AC352E8736A68DB,U,rest_3954,1
TRN-5AD76475FE8A2853,U,rest_3954,1
TRN-5ADC9BBEF0EDA71F,B,initial_rl,1
TRN-5AE05B80DDAD83A5,C,initial_rl,1
TRN-5AF71AF896BDF175,U,rest_3954,1
TRN-5B04B52E4E15D0BF,C,initial_rl,1
TRN-5B14A3BE91131284,U,rest_3954,1
TRN-5B1F8AA40990EE16,A,initial_rl,1
TRN-5B200692BC10AC57,C,initial_rl,1
TRN-5B2236D984AF12EC,U,rest_3954,1
TRN-5B33A45007B52CC0,C,initial_rl,1
TRN-5B3889CFC3D70B38,U,rest_3954,1
TRN-5B3A27630E24FCFF,A,initial_rl,1
TRN-5B4574E42BE940D1,U,rest_3954,1
TRN-5B49A5E856A003FA,B,initial_rl,1
TRN-5B4A87EB25FB56D6,U,rest_3954,1
TRN-5B52369A464D808A,U,rest_3954,1
TRN-5B538FF446116FDD,U,rest_3954,1
TRN-5B5988912911E087,U,rest_3954,1
TRN-5B5AEAC26687598D,U,rest_3954,1
TRN-5B5E45AD50874D55,C,initial_rl,1
TRN-5B627F1072E43529,U,rest_3954,1
TRN-5B735752331617A2,U,rest_3954,1
TRN-5B7E8A0A7F26E72D,U,rest_3954,1
TRN-5B823BC63F7F0415,U,rest_3954,1
TRN-5B8E766E1F96E2D9,U,rest_3954,1
TRN-5B904BA0B2DDC256,U,rest_3954,1
TRN-5B94822E6445733F,U,rest_3954,1
TRN-5B9A9A328E8CBDA8,A,initial_rl,1
TRN-5BB078254904C549,U,rest_3954,1
TRN-5BD86A3750F0F77A,U,rest_3954,1
TRN-5BED42CFB67C758C,U,rest_3954,1
TRN-5BEF0BAB6EF3876E,U,rest_3954,1
TRN-5BF17F083743163D,B,initial_rl,1
TRN-5BF216BC28D4E7B7,U,rest_3954,1
TRN-5BF2D81BAF3D9BFD,C,initial_rl,1
TRN-5BFE3DD540CE40BB,U,rest_3954,1
TRN-5C00528904E30B12,C,initial_rl,1
TRN-5C068761CC8BDEBD,U,rest_3954,1
TRN-5C0861529237DF3E,C,initial_rl,1
TRN-5C36ECEA897D2C16,U,rest_3954,1
TRN-5C384CF3379E1472,U,rest_3954,1
TRN-5C39828714305DF0,C,initial_rl,1
TRN-5C4DAE83DABA3B2B,C,initial_rl,1
TRN-5C5344EBCA899440,C,initial_rl,1
TRN-5C6188A6928B87C0,U,rest_3954,1
TRN-5C68EDDC6E0DA5C7,B,initial_rl,1
TRN-5C78DD448418D379,U,rest_3954,1
TRN-5C8D62151068C670,A,initial_rl,1
TRN-5CABE300AC2F941B,U,rest_3954,1
TRN-5CB0471BE020E1CD,U,rest_3954,1
TRN-5CB2DEA460D1931D,U,rest_3954,1
TRN-5CB6D61104F1DA6D,A,initial_rl,1
TRN-5CCE0B17765C55F7,U,rest_3954,1
TRN-5CD3EC73D5B00379,U,rest_3954,1
TRN-5CF6200F90D58609,U,rest_3954,1
TRN-5CF67C89BA2DC870,A,initial_rl,1
TRN-5CFF63FCAF8551CB,U,rest_3954,1
TRN-5D03986104EBF3F1,C,initial_rl,1
TRN-5D0948670547C2D3,U,rest_3954,1
TRN-5D24ADAB73041326,U,rest_3954,1
TRN-5D413F1F4CDC889A,U,rest_3954,1
TRN-5D45964D486AF915,U,rest_3954,1
TRN-5D561C28D1E28E60,C,initial_rl,1
TRN-5D59AB9953B405C0,U,rest_3954,1
TRN-5D6FE064BD6D11DB,U,rest_3954,1
TRN-5D79F5FEC551E598,A,initial_rl,1
TRN-5D7A33A31D391A2B,U,rest_3954,1
TRN-5DBE3C3FC36495AA,C,initial_rl,1
TRN-5DD8BEDC5F0F98F5,C,initial_rl,1
TRN-5DDA197CA515F40D,C,initial_rl,1
TRN-5DDA66FFE9C54A88,C,initial_rl,1
TRN-5DDAADD0B7C2C8D5,A,initial_rl,1
TRN-5DDD6B279462E984,C,initial_rl,1
TRN-5DE7FA78759E6A6C,A,initial_rl,1
TRN-5DED2ECEB3A550E4,B,initial_rl,1
TRN-5DED6C8C246E6F47,U,rest_3954,1
TRN-5DF229C18115ED26,U,rest_3954,1
TRN-5DF5EC200833F568,U,rest_3954,1
TRN-5E07F600F1B6EA3B,U,rest_3954,1
TRN-5E33BAD36DDB5AB3,U,rest_3954,1
TRN-5E4B82B35903F80C,U,rest_3954,1
TRN-5E56B847F3179F66,C,initial_rl,1
TRN-5E59E28B1C3BB9CE,C,initial_rl,1
TRN-5E5CEB28B3C4FB8D,U,rest_3954,1
TRN-5E5FB5BF924B56DC,U,rest_3954,1
TRN-5E6283BC202DED66,C,initial_rl,1
TRN-5E67CE6BF09CB45B,C,initial_rl,1
TRN-5E77AD86698C8C2D,U,rest_3954,1
TRN-5E85722499B5F1D8,U,rest_3954,1
TRN-5E8B0DDD72B956D8,U,rest_3954,1
TRN-5E8F0DA93C231EC0,C,initial_rl,1
TRN-5E9A1F43EA204C9F,B,initial_rl,1
TRN-5EA2760DC771BB0F,C,initial_rl,1
TRN-5EAE0057F650AA01,U,rest_3954,1
TRN-5EB2B17AA6ACCA0D,B,initial_rl,1
TRN-5EB8F9ED0BE126A8,U,rest_3954,1
TRN-5EB9E27966FB1CF3,A,initial_rl,1
TRN-5EC5652D4215B134,U,rest_3954,1
TRN-5EDABE515E85186A,U,rest_3954,1
TRN-5EE167570999991D,U,rest_3954,1
TRN-5EE7AF859175C774,C,initial_rl,1
TRN-5F0AB9C5676D99E7,U,rest_3954,1
TRN-5F2205FE8648ACBF,U,rest_3954,1
TRN-5F222108614E55B5,U,rest_3954,1
TRN-5F34032295ECE650,U,rest_3954,1
TRN-5F466DB33F60F5E2,U,rest_3954,1
TRN-5F4E98C305B50924,U,rest_3954,1
TRN-5F5642040040DC66,U,rest_3954,1
TRN-5F5EB9484E986AE3,U,rest_3954,1
TRN-5F6989128F1EF997,U,rest_3954,1
TRN-5F7AD90B846EA229,U,rest_3954,1
TRN-5F7B4616C246DADA,U,rest_3954,1
TRN-5F859D2BFB80073D,U,rest_3954,1
TRN-5F948979FF418072,U,rest_3954,1
TRN-5FB35194BAC4F1A8,B,initial_rl,1
TRN-5FB3E15519356DB2,A,initial_rl,1
TRN-5FB453F1D0AE56A5,U,rest_3954,1
TRN-5FC807C8445E8325,U,rest_3954,1
TRN-5FD3B6B07514B1F9,U,rest_3954,1
TRN-5FD717A1D643EFCA,A,initial_rl,1
TRN-5FE123B1B4EF15DE,U,rest_3954,1
TRN-5FEA3A8C47666B6F,U,rest_3954,1
TRN-5FEC7911F92F0D9F,C,initial_rl,1
TRN-5FEC9067F0B14F37,U,rest_3954,1
TRN-5FEE33917FB24005,C,initial_rl,1
TRN-5FEF1186BDA42026,U,rest_3954,1
TRN-5FF18DD81F89C549,U,rest_3954,1
TRN-5FFC0E23D8FF99CE,U,rest_3954,1
TRN-600A6C329AB402F1,U,rest_3954,1
TRN-6019F5643DA06001,B,initial_rl,1
TRN-6022292B0A2635A8,C,initial_rl,1
TRN-602B550F84391AA7,U,rest_3954,1
TRN-60381DE91E2F0192,C,initial_rl,1
TRN-603C076596561ADE,U,rest_3954,1
TRN-603F0B5802CE1B51,C,initial_rl,1
TRN-6042057F25783928,C,initial_rl,1
TRN-604239D692D2E8B2,C,initial_rl,1
TRN-604A5EF283428670,U,rest_3954,1
TRN-605DE85C1C654B77,A,initial_rl,1
TRN-607697032AC11C96,U,rest_3954,1
TRN-607B9E4F29B6D954,U,rest_3954,1
TRN-607D087B68585616,U,rest_3954,1
TRN-6085533EA1A701B8,U,rest_3954,1
TRN-608BB5393A53D209,B,initial_rl,1
TRN-609A5A4D07A5B483,U,rest_3954,1
TRN-609EB2273A6B5311,U,rest_3954,1
TRN-60A2A078DE88D2A5,U,rest_3954,1
TRN-60A4AEDBE14DD0E1,U,rest_3954,1
TRN-60AB492B5DF54234,U,rest_3954,1
TRN-60B2270D000D42E9,C,initial_rl,1
TRN-60B4DD41D268D758,B,initial_rl,1
TRN-60BA4B6CC73B119D,C,initial_rl,1
TRN-60C2A60652D010F5,C,initial_rl,1
TRN-60D8A2ADBFC6F23D,U,rest_3954,1
TRN-60DA091EEC9045E4,U,rest_3954,1
TRN-60DEAFE0C1A0F8AD,C,initial_rl,1
TRN-60E0033827E2FF5A,U,rest_3954,1
TRN-60E263676C3D3AFD,U,rest_3954,1
TRN-60E35A500032C427,A,initial_rl,1
TRN-60E627128DB13ADA,A,initial_rl,1
TRN-60E746B3EE44B65F,C,initial_rl,1
TRN-60EAB57F6250D25B,U,rest_3954,1
TRN-60F471066B32BCB0,U,rest_3954,1
TRN-6101BF9D0600A1BE,U,rest_3954,1
TRN-61084C7E9117ACEB,U,rest_3954,1
TRN-610FAE222E77197B,B,initial_rl,1
TRN-6115E0FF3FDF6633,C,initial_rl,1
TRN-6116E58E4D00752A,U,rest_3954,1
TRN-61335761F502A3CB,B,initial_rl,1
TRN-6138B7DA2508AF33,C,initial_rl,1
TRN-6140F0FBFE88D1FC,U,rest_3954,1
TRN-6146A99F32592C1A,U,rest_3954,1
TRN-6151C2997AA03366,U,rest_3954,1
TRN-615551CCD64F3891,C,initial_rl,1
TRN-61576D67857E3FFD,C,initial_rl,1
TRN-6160B553FC0BDEE4,U,rest_3954,1
TRN-61639F2524A60F79,U,rest_3954,1
TRN-617151A94B6900C3,U,rest_3954,1
TRN-617438F79AE17EB4,C,initial_rl,1
TRN-61818C64DBB1BEBF,U,rest_3954,1
TRN-61869D3EE15AF625,A,initial_rl,1
TRN-618B5065FBE91EDA,A,initial_rl,1
TRN-618D09377CAA09C9,U,rest_3954,1
TRN-6195D0965A63A61A,U,rest_3954,1
TRN-6197C4B9DEF7A231,U,rest_3954,1
TRN-619D1C7179215890,B,initial_rl,1
TRN-619E0B25EA224F79,U,rest_3954,1
TRN-61A58BFC065A8576,U,rest_3954,1
TRN-61A5E34FB10C9E49,C,initial_rl,1
TRN-61A8541FB764DF3B,U,rest_3954,1
TRN-61AA44A1061F2DFD,U,rest_3954,1
TRN-61ABF021770952A7,U,rest_3954,1
TRN-61B0307918561945,U,rest_3954,1
TRN-61B72CE4377FD8F4,C,initial_rl,1
TRN-61B8E562C1B8818A,C,initial_rl,1
TRN-61B99789598F9D0E,C,initial_rl,1
TRN-61CD5CBBBE07C7CB,U,rest_3954,1
TRN-61D46FC96FD212B3,U,rest_3954,1
TRN-61DDF24B3904E35C,C,initial_rl,1
TRN-61E33DA2389E9004,C,initial_rl,1
TRN-61E8810E9160A7C7,A,initial_rl,1
TRN-61EA73522A12B00F,B,initial_rl,1
TRN-61EE647611FE5FB7,A,initial_rl,1
TRN-61EF34455AA8D226,U,rest_3954,1
TRN-620D1B0A9B7B706B,U,rest_3954,1
TRN-621E34941E2FF39A,B,initial_rl,1
TRN-62251A580017CC48,C,initial_rl,1
TRN-6228109C327B37AB,C,initial_rl,1
TRN-622841FB337938DA,C,initial_rl,1
TRN-6231B034CB8F3009,U,rest_3954,1
TRN-6238FA10901BF2EE,U,rest_3954,1
TRN-6246C40B78A0C5D5,C,initial_rl,1
TRN-624E90B6A436ECE5,C,initial_rl,1
TRN-624F3B38F8A30118,U,rest_3954,1
TRN-6252B6301F9959A3,B,initial_rl,1
TRN-62533AA7E2C737F5,U,rest_3954,1
TRN-6256B3F44EF7AAEE,U,rest_3954,1
TRN-627A231F747ADECE,U,rest_3954,1
TRN-627A2B30251B2B9B,U,rest_3954,1
TRN-6286925DAA2EF5C2,U,rest_3954,1
TRN-628A95C4CD6EECD2,U,rest_3954,1
TRN-6296DFF7150903C2,U,rest_3954,1
TRN-62A6685358BDDFA7,U,rest_3954,1
TRN-62A741EAAE67186C,U,rest_3954,1
TRN-62A8B2393EBE5D1C,B,initial_rl,1
TRN-62B23DE353FC187A,U,rest_3954,1
TRN-62B55409562617DD,U,rest_3954,1
TRN-62BFAD80F548DE83,C,initial_rl,1
TRN-62CD7A81E2F44F1C,C,initial_rl,1
TRN-62D2ED3A7A16A5D7,U,rest_3954,1
TRN-62D719D130A03F79,A,initial_rl,1
TRN-62F1D12335606903,U,rest_3954,1
TRN-62FBCA1BFBEDD948,U,rest_3954,1
TRN-63027EDB7DD14F57,U,rest_3954,1
TRN-63169087935F12B8,U,rest_3954,1
TRN-6317CFC3845104C6,C,initial_rl,1
TRN-6333B7693BC02CEB,U,rest_3954,1
TRN-633960859A3D92A8,U,rest_3954,1
TRN-633A00A9BE26A3ED,C,initial_rl,1
TRN-6361D41B103B9197,A,initial_rl,1
TRN-6363F0B34BEDB787,A,initial_rl,1
TRN-636B1BD6E7A666B3,U,rest_3954,1
TRN-6370BE09986C536D,U,rest_3954,1
TRN-637B95CB22E2DEE9,C,initial_rl,1
TRN-6380F41E2AB8582C,C,initial_rl,1
TRN-63A44A152935180A,U,rest_3954,1
TRN-63A48610E3C69810,C,initial_rl,1
TRN-63B500E5E0BE232A,U,rest_3954,1
TRN-63BAD7A7780A7936,U,rest_3954,1
TRN-63BB419F58B2BE4C,C,initial_rl,1
TRN-63CB8F03D3D617F6,C,initial_rl,1
TRN-63D2100457DE6AC7,U,rest_3954,1
TRN-63DABD1568D76364,C,initial_rl,1
TRN-63E8E0866B1752FA,B,initial_rl,1
TRN-63E92EEA5E2F12AF,B,initial_rl,1
TRN-63F6F712E98BFE75,U,rest_3954,1
TRN-63FAE6946ECCD491,C,initial_rl,1
TRN-63FE7F30BB171711,C,initial_rl,1
TRN-641D9AA7B28717E9,C,initial_rl,1
TRN-641E0A52A99A37DB,U,rest_3954,1
TRN-64201D49AFEDB0ED,U,rest_3954,1
TRN-643336357C0C069A,U,rest_3954,1
TRN-643C93A892BCED00,U,rest_3954,1
TRN-643ED6425DC0BCC4,B,initial_rl,1
TRN-64545695C610111C,A,initial_rl,1
TRN-645FC56661174D64,U,rest_3954,1
TRN-645FD5C0DAAA6813,U,rest_3954,1
TRN-6461AA6EF5996253,C,initial_rl,1
TRN-646754A0D35DB734,U,rest_3954,1
TRN-6472BBFB9B71BDF6,U,rest_3954,1
TRN-6477C1E28D057150,C,initial_rl,1
TRN-64802DE50A8EA04B,U,rest_3954,1
TRN-64857216E63879CB,U,rest_3954,1
TRN-6485CB17F711D26F,A,initial_rl,1
TRN-6488ADB0C254441A,U,rest_3954,1
TRN-6499064CDE554739,U,rest_3954,1
TRN-649AE92B0E15B786,U,rest_3954,1
TRN-64AFAF37672094B5,U,rest_3954,1
TRN-64B73BEAA64F6FBB,C,initial_rl,1
TRN-64BE0596997B4E80,U,rest_3954,1
TRN-64E0B4CB6716D088,C,initial_rl,1
TRN-64EAC9A9263E624E,A,initial_rl,1
TRN-64ED18C60A68FFD2,U,rest_3954,1
TRN-64FFC7A2F0C8DD82,B,initial_rl,1
TRN-6504F364665946DE,U,rest_3954,1
TRN-65110ED2864976CE,U,rest_3954,1
TRN-65241B426375CE78,B,initial_rl,1
TRN-652A7242CF225BBD,U,rest_3954,1
TRN-65370F937EAC5FBE,U,rest_3954,1
TRN-6548BDF790BCC776,U,rest_3954,1
TRN-65594F711086EC82,B,initial_rl,1
TRN-655FCE8A522BF35F,U,rest_3954,1
TRN-656057EDA359DD0A,C,initial_rl,1
TRN-6569A1A5C120B996,U,rest_3954,1
TRN-656DA18872DCF7FD,U,rest_3954,1
TRN-65757554D07F458F,C,initial_rl,1
TRN-657727AA13E4ABF2,U,rest_3954,1
TRN-6580F088D8CFCBEA,C,initial_rl,1
TRN-659E710199041329,B,initial_rl,1
TRN-659E8FFC70338B8E,C,initial_rl,1
TRN-65B4E91B63F3E45B,U,rest_3954,1
TRN-65D4100FB75676F7,U,rest_3954,1
TRN-65DD4414E72A0C69,A,initial_rl,1
TRN-65E567959B89126B,C,initial_rl,1
TRN-65E614AB89AEA481,C,initial_rl,1
TRN-65F1C53581B2592D,U,rest_3954,1
TRN-65FE073EEA0154AE,A,initial_rl,1
TRN-65FFE1FDB89ED306,A,initial_rl,1
TRN-6603FC3A35F137BF,C,initial_rl,1
TRN-660D233290310116,U,rest_3954,1
TRN-6614C2A464DF036B,U,rest_3954,1
TRN-66195DC43D720F09,U,rest_3954,1
TRN-661B1813CE74525C,U,rest_3954,1
TRN-663422B83529E02E,U,rest_3954,1
TRN-663504AB90A2D239,U,rest_3954,1
TRN-663A3ADA75CB898E,B,initial_rl,1
TRN-663DD45EC18573EF,U,rest_3954,1
TRN-6644B305DD97CE68,U,rest_3954,1
TRN-664610F74A4AA0F6,C,initial_rl,1
TRN-664DC4BE2609AFF5,U,rest_3954,1
TRN-665C6AED8B81BBB3,C,initial_rl,1
TRN-665E19A4F7BCF2C6,U,rest_3954,1
TRN-6665146FCA683759,U,rest_3954,1
TRN-6671889E4DAC4417,U,rest_3954,1
TRN-66772B3D16F42102,U,rest_3954,1
TRN-6690FA199629FF9C,A,initial_rl,1
TRN-66A4C9D192517DB8,C,initial_rl,1
TRN-66AD9EBB4EC69446,C,initial_rl,1
TRN-66B48A2DF2301702,U,rest_3954,1
TRN-66B5C532D7586BA2,B,initial_rl,1
TRN-66BF0F156C7A6551,U,rest_3954,1
TRN-66C2EFE04836055F,A,initial_rl,1
TRN-66CF3EF130275EA1,U,rest_3954,1
TRN-66E3A8D8FF09C4A5,C,initial_rl,1
TRN-670008B5ADA5C3CF,C,initial_rl,1
TRN-6701A0136685F858,U,rest_3954,1
TRN-671A1469C5D1B2D5,B,initial_rl,1
TRN-6729254444CA8F98,U,rest_3954,1
TRN-6738F5F75A03D12F,U,rest_3954,1
TRN-673F2F092EAB6FB2,U,rest_3954,1
TRN-674132EBA32C3D58,U,rest_3954,1
TRN-67414FA2399DD582,B,initial_rl,1
TRN-674A5662BFB0BE13,U,rest_3954,1
TRN-674C867398AB29C7,C,initial_rl,1
TRN-67692BB19E0E6DEF,U,rest_3954,1
TRN-676C94DCADD0FFD2,U,rest_3954,1
TRN-67879CF3CFFB55CF,U,rest_3954,1
TRN-678843A3AFD5C7B0,U,rest_3954,1
TRN-678AE6B58DA9D0F1,C,initial_rl,1
TRN-67917B12CE159FC6,U,rest_3954,1
TRN-6792491473B606ED,A,initial_rl,1
TRN-67B48930DEC4743D,B,initial_rl,1
TRN-67B666A8696552F3,U,rest_3954,1
TRN-67E0E70B536B66F5,U,rest_3954,1
TRN-67E915519BAAA8BB,C,initial_rl,1
TRN-67F45EA99AEA2864,U,rest_3954,1
TRN-67F6A0120FDD1564,A,initial_rl,1
TRN-68071972C03F1C4A,U,rest_3954,1
TRN-68105E70F1BFA107,U,rest_3954,1
TRN-681C0B4129CE543D,U,rest_3954,1
TRN-68537895598D477E,C,initial_rl,1
TRN-68670DB0BF99DCF9,U,rest_3954,1
TRN-6870B5DE2836AB9E,U,rest_3954,1
TRN-6870C597DEEFC463,C,initial_rl,1
TRN-6873E9CE077E44EE,B,initial_rl,1
TRN-6877CC83CA57A6B4,U,rest_3954,1
TRN-687A3CD29B63683E,A,initial_rl,1
TRN-6885522589BE6F40,A,initial_rl,1
TRN-689795A7F6283E6D,U,rest_3954,1
TRN-68A9E5ADCA7469EB,U,rest_3954,1
TRN-68BCF67E4ABF8A5D,C,initial_rl,1
TRN-68C5385F5A7B1954,U,rest_3954,1
TRN-68D62F6467571EC5,C,initial_rl,1
TRN-68E21ED8D43A8F78,U,rest_3954,1
TRN-68EA183B71B509C8,A,initial_rl,1
TRN-68EA7A801C26D8B3,C,initial_rl,1
TRN-68FB23F65146038E,U,rest_3954,1
TRN-690548224D172404,U,rest_3954,1
TRN-691F6134D8E16917,U,rest_3954,1
TRN-692E7F0C39A9C109,U,rest_3954,1
TRN-693890DA7FECEF20,U,rest_3954,1
TRN-693D78B0792F0948,U,rest_3954,1
TRN-696530281FB442D8,C,initial_rl,1
TRN-696B4832C7176A17,A,initial_rl,1
TRN-696B6871BA2D7DDF,U,rest_3954,1
TRN-69703673E856B979,U,rest_3954,1
TRN-6970598C13E4E3FE,A,initial_rl,1
TRN-69707E3DE33CC455,A,initial_rl,1
TRN-6986EBC42DA8D6B6,U,rest_3954,1
TRN-699200A8635FD670,U,rest_3954,1
TRN-699A5867F68D562E,U,rest_3954,1
TRN-69A110BA8ACD1E11,U,rest_3954,1
TRN-69A57CFD1F1E30B0,U,rest_3954,1
TRN-69C01DD20C625372,U,rest_3954,1
TRN-69CA8B9B56CECC56,U,rest_3954,1
TRN-69CF06DF93325B42,U,rest_3954,1
TRN-69E5883EFC6FFE3E,U,rest_3954,1
TRN-69F3D82D9FDF42E1,U,rest_3954,1
TRN-69F75655E6C6D713,C,initial_rl,1
TRN-69F995E89983E9DC,U,rest_3954,1
TRN-69FBD168EA0B5284,U,rest_3954,1
TRN-6A009BE8D52FBA57,U,rest_3954,1
TRN-6A02EB7029AE5F3C,U,rest_3954,1
TRN-6A03494720190F7A,U,rest_3954,1
TRN-6A0613CBB4B7AC77,U,rest_3954,1
TRN-6A0AD2C9B6692A20,U,rest_3954,1
TRN-6A113A8BB1C2F83B,U,rest_3954,1
TRN-6A11C8C23B78B37A,U,rest_3954,1
TRN-6A1C2952B6A7C42B,U,rest_3954,1
TRN-6A22AE0D31CF2A7E,U,rest_3954,1
TRN-6A271F2DDA95381D,A,initial_rl,1
TRN-6A2AD4D88996D28D,U,rest_3954,1
TRN-6A2D797DC0CF54CA,A,initial_rl,1
TRN-6A33F382A6BED8DE,A,initial_rl,1
TRN-6A44510883ED5349,U,rest_3954,1
TRN-6A46C849D9D95637,C,initial_rl,1
TRN-6A4CDF97FDE099B9,U,rest_3954,1
TRN-6A5FA8EC10C2AC99,C,initial_rl,1
TRN-6A611CF89300334F,U,rest_3954,1
TRN-6A706B144B067094,U,rest_3954,1
TRN-6A8573289C57AC64,U,rest_3954,1
TRN-6A85C834D3F033A7,C,initial_rl,1
TRN-6A98D0EA19B2D8D7,U,rest_3954,1
TRN-6A9C648D0B9E8D5E,U,rest_3954,1
TRN-6AAE84984D6EF2CE,A,initial_rl,1
TRN-6AC0D054F882F026,U,rest_3954,1
TRN-6ACB8BB958ED6D15,B,initial_rl,1
TRN-6ACDF7F711E60A25,A,initial_rl,1
TRN-6AEE3E628BB9A196,C,initial_rl,1
TRN-6AFAAB9FC0A2A8F4,C,initial_rl,1
TRN-6B079739E11258E2,B,initial_rl,1
TRN-6B0DCE2C4EA5901C,U,rest_3954,1
TRN-6B0EB872015DBE5C,C,initial_rl,1
TRN-6B11ED56C9FA1317,C,initial_rl,1
TRN-6B1D973E15D5202B,C,initial_rl,1
TRN-6B2CA8F6F69A529E,U,rest_3954,1
TRN-6B32262B829F96C0,C,initial_rl,1
TRN-6B324C746390A395,U,rest_3954,1
TRN-6B37E2B7B5DA44CC,U,rest_3954,1
TRN-6B3B36A6348C3BFE,U,rest_3954,1
TRN-6B41D53F7BC992A0,U,rest_3954,1
TRN-6B5148D701253811,C,initial_rl,1
TRN-6B534639581CF0E2,C,initial_rl,1
TRN-6B6218D32FF78457,C,initial_rl,1
TRN-6B7019A8C404D509,U,rest_3954,1
TRN-6B75DCEC7687AF6F,U,rest_3954,1
TRN-6B82FBB49DE7876F,C,initial_rl,1
TRN-6B91E0356DBD5F4A,U,rest_3954,1
TRN-6B93A589F17A2C6D,U,rest_3954,1
TRN-6B9B1CBC13D77312,C,initial_rl,1
TRN-6BA27C7F9F6C1788,U,rest_3954,1
TRN-6BA3A72D31BEB8F1,U,rest_3954,1
TRN-6BA3C093760E33ED,U,rest_3954,1
TRN-6BA772185CBB7D68,A,initial_rl,1
TRN-6BACAE4735CE2A57,U,rest_3954,1
TRN-6BAF256CA8EC8DC6,U,rest_3954,1
TRN-6BB0A767E79E2B9B,A,initial_rl,1
TRN-6BB6038D0EE23833,C,initial_rl,1
TRN-6BCB887782689AB1,U,rest_3954,1
TRN-6BCD66ECFE4E4555,U,rest_3954,1
TRN-6BD644B57D0CB426,C,initial_rl,1
TRN-6BE09F893C32B8B1,U,rest_3954,1
TRN-6BEC3DFAD8921F85,U,rest_3954,1
TRN-6BEFB67F412B260A,U,rest_3954,1
TRN-6BF4950557DBF6B0,U,rest_3954,1
TRN-6C00DEB698C2EF2C,C,initial_rl,1
TRN-6C0A966092E26D7F,U,rest_3954,1
TRN-6C0CC1CC4604EBE6,U,rest_3954,1
TRN-6C118F6123DC85FA,C,initial_rl,1
TRN-6C188054FA4E285F,U,rest_3954,1
TRN-6C1CAA7A3FBC2F6A,U,rest_3954,1
TRN-6C1DE8C82478FDF1,U,rest_3954,1
TRN-6C3710A50A21CC37,U,rest_3954,1
TRN-6C3CEE74717AB272,C,initial_rl,1
TRN-6C3DEB11514D1CCC,U,rest_3954,1
TRN-6C44576722765FEB,C,initial_rl,1
TRN-6C49484791A9DB89,U,rest_3954,1
TRN-6C5BDB0500825757,U,rest_3954,1
TRN-6C751EC148727151,U,rest_3954,1
TRN-6C7C32325D6F605B,U,rest_3954,1
TRN-6C8164E0507B73F6,U,rest_3954,1
TRN-6C88F96AF20E625F,U,rest_3954,1
TRN-6CA99CA66B0ABC01,A,initial_rl,1
TRN-6CAF59D60F23A534,U,rest_3954,1
TRN-6CB37D79037E6B39,U,rest_3954,1
TRN-6CC3A576CCCA6753,B,initial_rl,1
TRN-6CD57617C0FB4A44,U,rest_3954,1
TRN-6CE977739F5B29BE,U,rest_3954,1
TRN-6CECE11302C194B4,B,initial_rl,1
TRN-6CED83D81D8905E0,C,initial_rl,1
TRN-6CEF477C7FCBC4C0,A,initial_rl,1
TRN-6CF5CD5B85A729C4,C,initial_rl,1
TRN-6D031D013DE4750E,U,rest_3954,1
TRN-6D03784345CFF000,B,initial_rl,1
TRN-6D1037D75D0C93B8,C,initial_rl,1
TRN-6D2A33D96063431F,C,initial_rl,1
TRN-6D32243F764024A9,C,initial_rl,1
TRN-6D454026E05DE788,U,rest_3954,1
TRN-6D4F0E8E551140EA,U,rest_3954,1
TRN-6D55D99A5CD29FA1,U,rest_3954,1
TRN-6D5BFA5426CD0B38,B,initial_rl,1
TRN-6D5C2576886DD4C3,U,rest_3954,1
TRN-6D675F6E769B2D26,C,initial_rl,1
TRN-6D6EE0FACC97BDBF,U,rest_3954,1
TRN-6D706B28A06301C0,C,initial_rl,1
TRN-6D74A75F29E3F1DF,U,rest_3954,1
TRN-6D755B8117DECA5C,U,rest_3954,1
TRN-6D7CB8C15F624DF6,U,rest_3954,1
TRN-6D964F3573E11773,A,initial_rl,1
TRN-6D97E7D8C0EF95E4,C,initial_rl,1
TRN-6D98C8BAAF9E5C9C,A,initial_rl,1
TRN-6D9DFB801AF94E43,B,initial_rl,1
TRN-6DA30C1557F37D43,U,rest_3954,1
TRN-6DB65C3D09481FE3,U,rest_3954,1
TRN-6DC8E77EF6FBA296,C,initial_rl,1
TRN-6DC945A4EF2CAC83,U,rest_3954,1
TRN-6DD4392596B29B27,U,rest_3954,1
TRN-6DDB16040AE5454E,A,initial_rl,1
TRN-6DE28A0939341365,U,rest_3954,1
TRN-6DEB4537B400BF99,C,initial_rl,1
TRN-6DF99054698715A6,U,rest_3954,1
TRN-6E05ED7BEDA30E09,C,initial_rl,1
TRN-6E0E2E2A876D790B,U,rest_3954,1
TRN-6E17E4A24F2FA62D,C,initial_rl,1
TRN-6E18179620882621,U,rest_3954,1
TRN-6E24FEF9B71F1323,A,initial_rl,1
TRN-6E2E33F1F9C45D26,C,initial_rl,1
TRN-6E3964E9F99381A8,C,initial_rl,1
TRN-6E42AFBE528E250B,C,initial_rl,1
TRN-6E45B1B302180767,B,initial_rl,1
TRN-6E473343F60FC68D,C,initial_rl,1
TRN-6E4C212C5E5C32F6,B,initial_rl,1
TRN-6E50F31EFAB901E7,U,rest_3954,1
TRN-6E761D892AE02E5E,U,rest_3954,1
TRN-6E7EF8C465D76E5F,U,rest_3954,1
TRN-6E936E958CE308DB,C,initial_rl,1
TRN-6EA1BA65D179CFEE,U,rest_3954,1
TRN-6EC4FAF5E7FF3276,U,rest_3954,1
TRN-6EC683FB709045F0,U,rest_3954,1
TRN-6ED8658966CDF033,U,rest_3954,1
TRN-6EEEAE575AFB1F41,U,rest_3954,1
TRN-6F0873E09BE384CD,U,rest_3954,1
TRN-6F141FC9A6B355AC,A,initial_rl,1
TRN-6F25D9822FBBF6DD,U,rest_3954,1
TRN-6F29488C7DFE1306,C,initial_rl,1
TRN-6F2C65855A13FBF2,B,initial_rl,1
TRN-6F45461F45EEEE4D,B,initial_rl,1
TRN-6F4CD0BBF4E0A1B5,C,initial_rl,1
TRN-6F4ECC0D10A0122F,U,rest_3954,1
TRN-6F565BA599B135B7,A,initial_rl,1
TRN-6F7C355B6D16DA62,U,rest_3954,1
TRN-6F82872946752423,C,initial_rl,1
TRN-6F8C6E9D0C5ABA85,U,rest_3954,1
TRN-6F959917CB943C3F,C,initial_rl,1
TRN-6F9E0FA06535CA0A,U,rest_3954,1
TRN-6FA68CE1D4450E2F,U,rest_3954,1
TRN-6FA6CC680B813BAB,U,rest_3954,1
TRN-6FAA766CEFDFA02C,A,initial_rl,1
TRN-6FAC8EBDE808932D,C,initial_rl,1
TRN-6FC0B9F7BEB9C7FA,U,rest_3954,1
TRN-6FC2B41A1EFA4F9D,C,initial_rl,1
TRN-6FD2396FD9FE4374,U,rest_3954,1
TRN-6FD65D50946FE958,U,rest_3954,1
TRN-6FD9C8BF231F2B9F,C,initial_rl,1
TRN-6FDC96C4639AACCB,U,rest_3954,1
TRN-6FE6F173382FB10E,C,initial_rl,1
TRN-6FE7D762C68CF411,C,initial_rl,1
TRN-6FEC795F88572CA3,U,rest_3954,1
TRN-6FEE6720CFFA42A5,U,rest_3954,1
TRN-7005DD496799C732,U,rest_3954,1
TRN-7010340C179CAF7D,A,initial_rl,1
TRN-70156FCFC380563B,U,rest_3954,1
TRN-701C4FC8E63ABD89,U,rest_3954,1
TRN-7020FBAA75017B7F,C,initial_rl,1
TRN-703241C3F6687DD8,U,rest_3954,1
TRN-7052508BA7494BD8,C,initial_rl,1
TRN-7072933C745A224B,B,initial_rl,1
TRN-707458714B8F7C71,C,initial_rl,1
TRN-70820484B9E4E2B7,U,rest_3954,1
TRN-70906A34F953DCB2,U,rest_3954,1
TRN-709170F18DFCB16D,U,rest_3954,1
TRN-7091D3B1B4422691,U,rest_3954,1
TRN-709CB9A4A0E2E789,U,rest_3954,1
TRN-70A45F18438D4D26,B,initial_rl,1
TRN-70A5333F7DCE3F70,U,rest_3954,1
TRN-70A712E310AEF546,U,rest_3954,1
TRN-70AD4ED252DC0F96,U,rest_3954,1
TRN-70C278B1735BA6B1,U,rest_3954,1
TRN-70C3CCD0846B59BF,U,rest_3954,1
TRN-70C5F7157939531D,A,initial_rl,1
TRN-70C80075C19D48E5,U,rest_3954,1
TRN-70CCC9486C23BC8A,U,rest_3954,1
TRN-70CDC746C026AB99,A,initial_rl,1
TRN-70D4D55E4BC7CFDA,C,initial_rl,1
TRN-70E200A7357E2F6E,C,initial_rl,1
TRN-70E862F57E588087,C,initial_rl,1
TRN-7113B25E91AD8853,B,initial_rl,1
TRN-712186B6A613BB62,A,initial_rl,1
TRN-71382E04B0AEFFCB,U,rest_3954,1
TRN-713F38029CB374ED,C,initial_rl,1
TRN-7148E074B137CEC8,C,initial_rl,1
TRN-714EB8D1945BAC26,U,rest_3954,1
TRN-716A5C6378DA7500,U,rest_3954,1
TRN-716AB8ADCAE63E2F,U,rest_3954,1
TRN-717BD21BB5147ABB,U,rest_3954,1
TRN-717E867AEE862E54,C,initial_rl,1
TRN-717FFAB671EEB811,U,rest_3954,1
TRN-718786813FD0ED73,U,rest_3954,1
TRN-7189370A7664BFD8,C,initial_rl,1
TRN-71996E325C3C8B4A,U,rest_3954,1
TRN-719987B760A259E1,C,initial_rl,1
TRN-71A575DBBC1D117F,U,rest_3954,1
TRN-71AB2A956E6B593B,U,rest_3954,1
TRN-71BBD34E365FAA56,A,initial_rl,1
TRN-71BD74FD53A0D996,C,initial_rl,1
TRN-71BEB007AD38C790,U,rest_3954,1
TRN-71CF095D5587506A,U,rest_3954,1
TRN-71CF53C8D53057D9,U,rest_3954,1
TRN-71D1FB8992BE82AB,C,initial_rl,1
TRN-71E25FC0BCE3CE48,U,rest_3954,1
TRN-71E345F36F834FFF,C,initial_rl,1
TRN-71E440B0459E2FAE,U,rest_3954,1
TRN-71E8C8EAD334E25F,U,rest_3954,1
TRN-71F7906758EE6DCA,C,initial_rl,1
TRN-71FD2FB833427C73,A,initial_rl,1
TRN-7222CEA9F015720C,U,rest_3954,1
TRN-722B6DB253B14D29,U,rest_3954,1
TRN-722FEE10E75CC1B7,C,initial_rl,1
TRN-722FF27405DF6334,U,rest_3954,1
TRN-723B8E03F218BD29,C,initial_rl,1
TRN-7240A1CC9E4DA600,C,initial_rl,1
TRN-7248B547CE088034,U,rest_3954,1
TRN-724957405868C8A5,C,initial_rl,1
TRN-724EA6045F79CD9B,A,initial_rl,1
TRN-724EC7E6575C9D7E,U,rest_3954,1
TRN-72594FD5DA257D05,A,initial_rl,1
TRN-72633C570D33057A,U,rest_3954,1
TRN-72691FD14F0A2F1E,A,initial_rl,1
TRN-726B65E54B6A0CFA,U,rest_3954,1
TRN-726BD07BE7C9FDA5,U,rest_3954,1
TRN-727113C3AE6E1A4C,C,initial_rl,1
TRN-728172B8F3D87AA0,U,rest_3954,1
TRN-7289E49D855D6706,U,rest_3954,1
TRN-72911C661DBF623D,U,rest_3954,1
TRN-72931D35A7A780C5,U,rest_3954,1
TRN-7299F15B3212561C,C,initial_rl,1
TRN-729B2F35DF0E29B3,C,initial_rl,1
TRN-72A0A5A4EE3CD090,U,rest_3954,1
TRN-72A28357E083B684,U,rest_3954,1
TRN-72A36DF4FA66303D,C,initial_rl,1
TRN-72A507BF965C5668,C,initial_rl,1
TRN-72B29ACCE47D27D8,U,rest_3954,1
TRN-72BC2C166EF1694F,C,initial_rl,1
TRN-72EDD9B698D78D5F,C,initial_rl,1
TRN-72FAF28E66BDEF5E,U,rest_3954,1
TRN-72FE28A2BD652A21,U,rest_3954,1
TRN-72FF6EACF5A8A4F7,U,rest_3954,1
TRN-732DF8E9B24C1262,U,rest_3954,1
TRN-7337BA74EE16AB4E,C,initial_rl,1
TRN-734B6DD7630CC447,B,initial_rl,1
TRN-7356DB70D5A83316,U,rest_3954,1
TRN-73652BD66DB3653D,C,initial_rl,1
TRN-736CBEB8BF921E9D,C,initial_rl,1
TRN-7371761E07B7ED33,U,rest_3954,1
TRN-737A6593C95E752F,U,rest_3954,1
TRN-737ECB13FA1C051E,U,rest_3954,1
TRN-73819D87010401AB,C,initial_rl,1
TRN-7381B7226B114943,U,rest_3954,1
TRN-73A1EF8AF1B48060,A,initial_rl,1
TRN-73B243695566CB0F,U,rest_3954,1
TRN-73C5D00814EEAB7B,U,rest_3954,1
TRN-73D9BEA1DD45F896,A,initial_rl,1
TRN-73DB29DF8E486EA5,U,rest_3954,1
TRN-73E30CA3EA506D6A,B,initial_rl,1
TRN-73EB0A8A5BD3C601,U,rest_3954,1
TRN-73F1C71A9D7C8F4A,U,rest_3954,1
TRN-73F7C81265380B6D,U,rest_3954,1
TRN-73F82C3C1B0AAF7C,U,rest_3954,1
TRN-73FF8AD3367824AD,B,initial_rl,1
TRN-7425A435F1B7A997,U,rest_3954,1
TRN-7428B59B57F388C1,U,rest_3954,1
TRN-744A8FCBDB17D15E,A,initial_rl,1
TRN-74596C60C33BF95C,U,rest_3954,1
TRN-746C0F83E6A74C48,U,rest_3954,1
TRN-746D65631FE72C06,C,initial_rl,1
TRN-7474499CF6FFD558,B,initial_rl,1
TRN-747915D0977D240C,U,rest_3954,1
TRN-74888549B2347CB1,A,initial_rl,1
TRN-748D5F499688C8F6,U,rest_3954,1
TRN-74915C8432A814A0,B,initial_rl,1
TRN-7492F362C6E162CB,U,rest_3954,1
TRN-749A8FABE187D4B1,C,initial_rl,1
TRN-74B36ECA02DCD888,B,initial_rl,1
TRN-74B6BDA5D2F07898,U,rest_3954,1
TRN-74C67F27F6DB5BC4,U,rest_3954,1
TRN-74C77242063D8EED,U,rest_3954,1
TRN-74CFA9242F5DD1CB,U,rest_3954,1
TRN-74E74AE6EE2F0F18,U,rest_3954,1
TRN-75025A9B666A2626,B,initial_rl,1
TRN-750E4987CAB21D47,U,rest_3954,1
TRN-751033567AF993D2,U,rest_3954,1
TRN-7514973ED244EA96,B,initial_rl,1
TRN-7529CE320DA160A1,U,rest_3954,1
TRN-752E2AD220484949,U,rest_3954,1
TRN-7541F97859D1B661,U,rest_3954,1
TRN-754F822BD9111B57,C,initial_rl,1
TRN-754FF6BD7E4A12F2,A,initial_rl,1
TRN-756281D97475FE8F,U,rest_3954,1
TRN-756717FE36F65889,B,initial_rl,1
TRN-75685B3EA3130A73,U,rest_3954,1
TRN-7577D4272F6A2A6D,U,rest_3954,1
TRN-7587EC6ED711C6B5,A,initial_rl,1
TRN-75902B9EDDE92B79,U,rest_3954,1
TRN-75AF6812034602A9,U,rest_3954,1
TRN-75B725C43FECB58D,U,rest_3954,1
TRN-75C639201A08B7A0,U,rest_3954,1
TRN-75CB51A8EC29833C,U,rest_3954,1
TRN-75D6609761D0E8CE,A,initial_rl,1
TRN-75F160A7B6DFB096,C,initial_rl,1
TRN-75F9008461091BE2,U,rest_3954,1
TRN-75F96A7E2B0EAFF5,U,rest_3954,1
TRN-75FAB82E11C65E2E,C,initial_rl,1
TRN-75FCC497E170B528,A,initial_rl,1
TRN-75FDCBDF8E26E67D,U,rest_3954,1
TRN-7602874A4F920FE3,U,rest_3954,1
TRN-760D310C99777E91,C,initial_rl,1
TRN-761132070051C426,U,rest_3954,1
TRN-761425ED02043E1E,C,initial_rl,1
TRN-76219B3958694835,B,initial_rl,1
TRN-763E8D1271C08FE4,U,rest_3954,1
TRN-76417FB1B547C102,U,rest_3954,1
TRN-765349268C65A82A,U,rest_3954,1
TRN-7658277F13A2BD1E,U,rest_3954,1
TRN-765FA506FDE081E1,A,initial_rl,1
TRN-76602DEF6A31BE04,C,initial_rl,1
TRN-766B6F816880EE3D,B,initial_rl,1
TRN-766F8EEE09F78576,U,rest_3954,1
TRN-768524A904FD6CB7,C,initial_rl,1
TRN-768B06E630D79466,U,rest_3954,1
TRN-7696AFA2DD77CA5F,B,initial_rl,1
TRN-769B23D0E0179F81,U,rest_3954,1
TRN-769DF324775C18A5,U,rest_3954,1
TRN-76A716FD5C4CDF68,U,rest_3954,1
TRN-76ABDF016785D4E3,A,initial_rl,1
TRN-76B55ED88B2DFDDD,U,rest_3954,1
TRN-76C173560A9B5A54,C,initial_rl,1
TRN-76C592E9E582E349,U,rest_3954,1
TRN-76CB50B8A804B6A3,U,rest_3954,1
TRN-76CE66F3B284E328,U,rest_3954,1
TRN-76F3AD63212D87BD,U,rest_3954,1
TRN-76F920DB15091A38,U,rest_3954,1
TRN-76FCFD31355D20ED,U,rest_3954,1
TRN-76FD977C9F2A8781,B,initial_rl,1
TRN-770A7185CDABFB2E,U,rest_3954,1
TRN-771FA494BFB852EC,U,rest_3954,1
TRN-772122C5C7A03CBB,U,rest_3954,1
TRN-772AA3A9C1FF8335,U,rest_3954,1
TRN-772F1B2E21E094BC,B,initial_rl,1
TRN-77358E2A1EF10918,U,rest_3954,1
TRN-773C502028D4E3D5,C,initial_rl,1
TRN-774266EFD4187791,C,initial_rl,1
TRN-774899E210BA0256,C,initial_rl,1
TRN-7749943D3CD8E455,A,initial_rl,1
TRN-775EBC747BFFF6C6,U,rest_3954,1
TRN-7766A4179BB98F48,U,rest_3954,1
TRN-77783C6E843C2FF8,U,rest_3954,1
TRN-777E01B0C9B381A5,U,rest_3954,1
TRN-77888AF54BBE7338,U,rest_3954,1
TRN-7797BC6806630ED0,U,rest_3954,1
TRN-779C1A8E9D11BC78,C,initial_rl,1
TRN-779CF13909C9CE04,U,rest_3954,1
TRN-77A31533D6A6FEF3,C,initial_rl,1
TRN-77A4390F284B6B89,U,rest_3954,1
TRN-77A67D2CD68D1EEE,U,rest_3954,1
TRN-77B3C0D3015B2125,A,initial_rl,1
TRN-77B6A591B0A4DFC2,B,initial_rl,1
TRN-77B9EC11B7751252,C,initial_rl,1
TRN-77C32857F0E8BE17,B,initial_rl,1
TRN-77C9C106AB368809,A,initial_rl,1
TRN-77CFCF456B719095,U,rest_3954,1
TRN-77E4017FB81FF6A7,A,initial_rl,1
TRN-77EBD63740D62657,U,rest_3954,1
TRN-78048878B82562B7,C,initial_rl,1
TRN-7809AEEBCF1E0AA3,C,initial_rl,1
TRN-781016FB85699356,U,rest_3954,1
TRN-7816D496F8C2121C,A,initial_rl,1
TRN-782C1A1ECD476DE3,U,rest_3954,1
TRN-7833049E8A019173,U,rest_3954,1
TRN-783451FE10FF6156,C,initial_rl,1
TRN-783644D951E8DA91,C,initial_rl,1
TRN-7836847B8F9F3599,C,initial_rl,1
TRN-783DD4376C817975,U,rest_3954,1
TRN-784312AA9AAD1D9B,U,rest_3954,1
TRN-786412DCEBC76672,B,initial_rl,1
TRN-787900DB6B7257E5,U,rest_3954,1
TRN-787923D96135F5FE,U,rest_3954,1
TRN-787B0A2A3CC75BFE,U,rest_3954,1
TRN-787D3DD425C5D051,B,initial_rl,1
TRN-789B698725F56014,U,rest_3954,1
TRN-78A43B8B0CD6CE6A,C,initial_rl,1
TRN-78A80299F86DCD2A,C,initial_rl,1
TRN-78AE7400115D4D20,U,rest_3954,1
TRN-78C2CB2A3150A3DE,A,initial_rl,1
TRN-78CE0F480074B188,U,rest_3954,1
TRN-78DE44CFBE794C57,U,rest_3954,1
TRN-78EAD36420CE9B6E,U,rest_3954,1
TRN-78EB1C7D5A5D7CCF,U,rest_3954,1
TRN-791B588F192C23B0,U,rest_3954,1
TRN-791E0C026491B018,U,rest_3954,1
TRN-792181F3117EF7FA,C,initial_rl,1
TRN-7928F8F0345E5632,C,initial_rl,1
TRN-7933C043AE176627,U,rest_3954,1
TRN-793A7B587913E35F,U,rest_3954,1
TRN-793B8DAFF7984441,U,rest_3954,1
TRN-793D2ACAAF6E35DD,U,rest_3954,1
TRN-793D2CF6D64813A5,U,rest_3954,1
TRN-794C0D2708FFB568,U,rest_3954,1
TRN-794F33872397BAEF,U,rest_3954,1
TRN-7957FF11D2D6FA7F,U,rest_3954,1
TRN-7960C4162041E271,U,rest_3954,1
TRN-79784431F02D9ECC,C,initial_rl,1
TRN-7981535AFFDF68B0,U,rest_3954,1
TRN-79822E941DF2DC59,U,rest_3954,1
TRN-798B1FCC9D13F526,U,rest_3954,1
TRN-798DB4EE02DA52C1,A,initial_rl,1
TRN-798DD589C8F0158D,U,rest_3954,1
TRN-7992B28FE04274F1,U,rest_3954,1
TRN-79948D8B04D72C57,U,rest_3954,1
TRN-7995E35F1BC1A8B9,U,rest_3954,1
TRN-79AE690FF0E45C7F,U,rest_3954,1
TRN-79B671121958BC08,U,rest_3954,1
TRN-79C42A1132D9775E,C,initial_rl,1
TRN-79E16AB6888011B1,U,rest_3954,1
TRN-79E5EE2A540A0131,U,rest_3954,1
TRN-79E97822E336BD0E,U,rest_3954,1
TRN-79F1CD983F0166B3,C,initial_rl,1
TRN-7A08C0D84B8A6DBB,C,initial_rl,1
TRN-7A09A4E02E9304B7,C,initial_rl,1
TRN-7A09BB0528E03899,C,initial_rl,1
TRN-7A150C1488A93C46,U,rest_3954,1
TRN-7A161145AC88C0C3,U,rest_3954,1
TRN-7A1A2E77357890FE,C,initial_rl,1
TRN-7A21DBF5553673FE,C,initial_rl,1
TRN-7A22BEFB83E71732,B,initial_rl,1
TRN-7A255214F3799EA8,U,rest_3954,1
TRN-7A25A4E4BCD507C2,U,rest_3954,1
TRN-7A25F1120F34935A,C,initial_rl,1
TRN-7A57A267BB932EB9,C,initial_rl,1
TRN-7A79619B5190D57C,C,initial_rl,1
TRN-7A7BF4052CC0EB0F,U,rest_3954,1
TRN-7A830E8F1C3787DB,C,initial_rl,1
TRN-7A915869D9513129,U,rest_3954,1
TRN-7A92DBC99EC9B65A,U,rest_3954,1
TRN-7A9F446BEC84BF11,U,rest_3954,1
TRN-7AA8AAE004541C38,U,rest_3954,1
TRN-7AAE493C6BFE8FA4,C,initial_rl,1
TRN-7AC93E9441AC6069,U,rest_3954,1
TRN-7ACE09EABF7A5519,U,rest_3954,1
TRN-7ADC4E1A988A667E,U,rest_3954,1
TRN-7AEACB89647C8809,B,initial_rl,1
TRN-7AF4A3D56C183C1F,U,rest_3954,1
TRN-7AF61310E60736E3,A,initial_rl,1
TRN-7AF709F8A0FEBA15,A,initial_rl,1
TRN-7AFE64F361FA7112,B,initial_rl,1
TRN-7B0309D970816424,U,rest_3954,1
TRN-7B03A01C77CA447C,U,rest_3954,1
TRN-7B05E0ADFC949DB2,U,rest_3954,1
TRN-7B0A262D917D4310,C,initial_rl,1
TRN-7B0B2873B62434B8,C,initial_rl,1
TRN-7B1A7017FA9618B0,C,initial_rl,1
TRN-7B2B5CC8F1756F72,B,initial_rl,1
TRN-7B3124EE3B396DEE,U,rest_3954,1
TRN-7B378B8A2333207E,U,rest_3954,1
TRN-7B4BC7FD88055E7C,C,initial_rl,1
TRN-7B58EBB0613736A7,B,initial_rl,1
TRN-7B5CB504216C207E,U,rest_3954,1
TRN-7B5E514C5A245DDE,U,rest_3954,1
TRN-7B6431BDD6FB68C6,U,rest_3954,1
TRN-7B6866E9A5FFB73E,U,rest_3954,1
TRN-7B75432D370F5459,C,initial_rl,1
TRN-7B7D13B649C78F7F,U,rest_3954,1
TRN-7B87C5A93379DC3A,C,initial_rl,1
TRN-7B88E9A02982FF48,U,rest_3954,1
TRN-7B8BA4ECBFD6F34F,U,rest_3954,1
TRN-7B8F6C96B60976A4,U,rest_3954,1
TRN-7B9F5955FA2F5DE4,U,rest_3954,1
TRN-7BA1128305D86241,U,rest_3954,1
TRN-7BA89A851AEDA780,C,initial_rl,1
TRN-7BAFEA5DEC2FFD54,C,initial_rl,1
TRN-7BC0BB3990F5B60F,C,initial_rl,1
TRN-7BCC1E2EBF59A0BF,A,initial_rl,1
TRN-7BCC25A3B35351D2,C,initial_rl,1
TRN-7BD22EB1B98D9EB2,U,rest_3954,1
TRN-7BD62A58F00F5E76,U,rest_3954,1
TRN-7BDB9266F4D3EB3E,U,rest_3954,1
TRN-7BDE05474C9F8B28,U,rest_3954,1
TRN-7BE7266454A728BC,C,initial_rl,1
TRN-7BF2BD66E8026211,U,rest_3954,1
TRN-7C10A67A8E23CE77,A,initial_rl,1
TRN-7C1C834D7E137F3A,U,rest_3954,1
TRN-7C25762C73B0F51B,U,rest_3954,1
TRN-7C257B331293E00C,C,initial_rl,1
TRN-7C319957BC233116,U,rest_3954,1
TRN-7C416602535246FC,C,initial_rl,1
TRN-7C58500AD5F70C96,U,rest_3954,1
TRN-7C59F33B224C2498,U,rest_3954,1
TRN-7C633F8F57D48B58,C,initial_rl,1
TRN-7C67C108BC68B339,B,initial_rl,1
TRN-7C6AAE95F73D8F54,U,rest_3954,1
TRN-7C6F872236C2A6FE,U,rest_3954,1
TRN-7C6FDB6631101BFA,B,initial_rl,1
TRN-7C7187BE7758FAA8,U,rest_3954,1
TRN-7C7B552B967F88A6,C,initial_rl,1
TRN-7C7C1004281EE41F,U,rest_3954,1
TRN-7C8322763E66DD6E,U,rest_3954,1
TRN-7C844CC2ADEF3E3B,A,initial_rl,1
TRN-7C8D032914508559,B,initial_rl,1
TRN-7C8F11E4D539076D,C,initial_rl,1
TRN-7C9682D87D25FC2A,B,initial_rl,1
TRN-7CA38482D391AFA3,U,rest_3954,1
TRN-7CC326875FCD31B4,U,rest_3954,1
TRN-7CC97B1B65359791,B,initial_rl,1
TRN-7CC9CC2CAC7ACC9D,B,initial_rl,1
TRN-7CCA1E453DF24174,U,rest_3954,1
TRN-7CD7779EE9DF5BA9,U,rest_3954,1
TRN-7CD8F1B02F371E90,U,rest_3954,1
TRN-7CDBD0BFA34320BF,U,rest_3954,1
TRN-7CE4EE9828279ADB,U,rest_3954,1
TRN-7CEAC968AA07C8A0,C,initial_rl,1
TRN-7D15E2CE35AC1A29,B,initial_rl,1
TRN-7D2BAEFA60F1C1F2,C,initial_rl,1
TRN-7D3447C4ACCC0B75,A,initial_rl,1
TRN-7D35BEBE8E7C0A61,C,initial_rl,1
TRN-7D43438864E70963,A,initial_rl,1
TRN-7D4C149E5C67C375,A,initial_rl,1
TRN-7D616D752823F577,U,rest_3954,1
TRN-7D7F620A877915A1,U,rest_3954,1
TRN-7D898D50F38A551A,B,initial_rl,1
TRN-7D8E0064738DE773,C,initial_rl,1
TRN-7DA89B9C69083662,U,rest_3954,1
TRN-7DAD985E1C14C5BC,C,initial_rl,1
TRN-7DCAD3CBDE592873,U,rest_3954,1
TRN-7DD2897A4A31C27F,U,rest_3954,1
TRN-7DE762BA1BE28E58,U,rest_3954,1
TRN-7E068BB8C628F3FD,A,initial_rl,1
TRN-7E2CA58744E45742,U,rest_3954,1
TRN-7E3ACB846E39D450,U,rest_3954,1
TRN-7E496EE8917970AD,U,rest_3954,1
TRN-7E4B8A46A849FA29,U,rest_3954,1
TRN-7E579D4BBFA8E3AE,U,rest_3954,1
TRN-7E5D14592A5393CF,U,rest_3954,1
TRN-7E7FEE6E8B48BFA2,U,rest_3954,1
TRN-7EA18C6ED0671C81,U,rest_3954,1
TRN-7EBEDF7DCE797DFA,U,rest_3954,1
TRN-7EBF2DED6CC845BD,U,rest_3954,1
TRN-7EDCC55E624D8E37,A,initial_rl,1
TRN-7EDF9D0F4ACFA3DC,U,rest_3954,1
TRN-7EE0F3FEAEE52334,C,initial_rl,1
TRN-7EE11F8D599F47A2,U,rest_3954,1
TRN-7EE1EF604FFC8DF0,A,initial_rl,1
TRN-7EF054D6A5759AAE,C,initial_rl,1
TRN-7EF0A52DAF585A2A,A,initial_rl,1
TRN-7EFC939503731605,U,rest_3954,1
TRN-7F0221A78A754DB2,C,initial_rl,1
TRN-7F0948D122ECA64B,U,rest_3954,1
TRN-7F122D1D0E9106BF,U,rest_3954,1
TRN-7F2448554A0D1DBE,U,rest_3954,1
TRN-7F2ABCC8A6F8044F,U,rest_3954,1
TRN-7F3205801ADC4147,C,initial_rl,1
TRN-7F39B9458FAA5C32,C,initial_rl,1
TRN-7F4422A55D07FDD7,U,rest_3954,1
TRN-7F4558BB3EFF39CC,B,initial_rl,1
TRN-7F48B63A7A8DFD50,U,rest_3954,1
TRN-7F6488EED1487FB1,B,initial_rl,1
TRN-7F6B3A29963DC084,U,rest_3954,1
TRN-7F8BAE69482CC926,U,rest_3954,1
TRN-7F90DAE727711CFA,C,initial_rl,1
TRN-7F954A922F5C298B,U,rest_3954,1
TRN-7F9A8F93AC8FE022,C,initial_rl,1
TRN-7FA0485F555E432A,U,rest_3954,1
TRN-7FA33180991889F3,C,initial_rl,1
TRN-7FA5E283B16F594A,A,initial_rl,1
TRN-7FA71FAB302D71D7,U,rest_3954,1
TRN-7FA79DD43E9D9136,C,initial_rl,1
TRN-7FB1E97BAFCAB0DC,C,initial_rl,1
TRN-7FC22DA08C6F5CAD,U,rest_3954,1
TRN-7FC2656C728FE513,C,initial_rl,1
TRN-7FC7793B3CA63215,A,initial_rl,1
TRN-7FEBA6762C340A14,A,initial_rl,1
TRN-7FF55551B8E038C2,U,rest_3954,1
TRN-7FFAD27F3C141639,B,initial_rl,1
TRN-7FFF3D3FCCED158C,U,rest_3954,1
TRN-80024547E1D475DB,U,rest_3954,1
TRN-800282234C88DC19,U,rest_3954,1
TRN-8004A797C0EAE67D,C,initial_rl,1
TRN-8006FA7CF1AB635A,C,initial_rl,1
TRN-800B26326CFF18A4,U,rest_3954,1
TRN-800CE95543F496A2,U,rest_3954,1
TRN-801B4FA263180A0C,U,rest_3954,1
TRN-8029221B551BACA0,C,initial_rl,1
TRN-803FA6273F160426,A,initial_rl,1
TRN-804404378F71B286,U,rest_3954,1
TRN-80466A6E32088094,B,initial_rl,1
TRN-804DFDA455D8FB1D,U,rest_3954,1
TRN-805E88EDE714C321,U,rest_3954,1
TRN-807BE4CA3EBB8D4F,U,rest_3954,1
TRN-807ED8B1B9089981,U,rest_3954,1
TRN-80A216570B950104,C,initial_rl,1
TRN-80B0B7C2FC850153,U,rest_3954,1
TRN-80BCC076DC6E9975,U,rest_3954,1
TRN-80BDD8D275DF46FC,U,rest_3954,1
TRN-80DDE64630AA983C,U,rest_3954,1
TRN-80E87448046C5122,C,initial_rl,1
TRN-80F3BCDF8C08A510,C,initial_rl,1
TRN-80FA3AD21386CF8F,U,rest_3954,1
TRN-810CAE38D0534407,C,initial_rl,1
TRN-81152264A60ADB87,U,rest_3954,1
TRN-8119DD736A316648,U,rest_3954,1
TRN-811D6EDF35BAE55D,U,rest_3954,1
TRN-81232531F8114319,U,rest_3954,1
TRN-81253E4245DEA135,C,initial_rl,1
TRN-8129A6969514EDD6,U,rest_3954,1
TRN-8134AE8F5F0357E3,B,initial_rl,1
TRN-813664E0C8888425,U,rest_3954,1
TRN-813841836EB3FF16,U,rest_3954,1
TRN-81385E9D922ED94A,U,rest_3954,1
TRN-813A2608070E0BB3,A,initial_rl,1
TRN-8145174F87C324D0,U,rest_3954,1
TRN-8152219DBE680ACA,C,initial_rl,1
TRN-81688AEE4BC43B9F,A,initial_rl,1
TRN-8176B3E84CADF089,U,rest_3954,1
TRN-817EEB95F89D6CA1,C,initial_rl,1
TRN-81A5681F83659B32,C,initial_rl,1
TRN-81DBABF57AC6CAE5,U,rest_3954,1
TRN-81E6BFFE18CAF93B,C,initial_rl,1
TRN-81F5EECC03D4A750,U,rest_3954,1
TRN-81FCEE0EA37AF12F,U,rest_3954,1
TRN-8212018D8DCBE205,C,initial_rl,1
TRN-821C2DA29E0E8C64,C,initial_rl,1
TRN-821E566776C9874D,U,rest_3954,1
TRN-821E802C14117AE4,C,initial_rl,1
TRN-822AA1575AD64943,U,rest_3954,1
TRN-8247B659AF797D0F,U,rest_3954,1
TRN-825221912525C7B3,U,rest_3954,1
TRN-825B478F0630EE72,C,initial_rl,1
TRN-827206087B28B12D,A,initial_rl,1
TRN-82826E7AE99114EB,U,rest_3954,1
TRN-8283D4FBC158FC73,U,rest_3954,1
TRN-828C5EE64E149390,U,rest_3954,1
TRN-828C7051197CEB36,U,rest_3954,1
TRN-828CF7D80E0ADB47,C,initial_rl,1
TRN-829D151E4DC4C658,A,initial_rl,1
TRN-82C234275B1789D3,U,rest_3954,1
TRN-82C8AE0BFDBE4891,U,rest_3954,1
TRN-82CAFFC37D65A214,B,initial_rl,1
TRN-82CC73D56818DCA8,B,initial_rl,1
TRN-8301F6AF0A041F7B,C,initial_rl,1
TRN-8302631B7EAE4198,B,initial_rl,1
TRN-830414ED5E27530B,U,rest_3954,1
TRN-8315E7ECD26A8E6B,A,initial_rl,1
TRN-831936E2EE6C5570,U,rest_3954,1
TRN-8319B4E47F0237C1,U,rest_3954,1
TRN-831E67E452C7D8DB,A,initial_rl,1
TRN-832B24EC1D9601D1,U,rest_3954,1
TRN-833E6E747916A7D1,A,initial_rl,1
TRN-83481293C0A3FA96,U,rest_3954,1
TRN-834A8F40F4984A15,U,rest_3954,1
TRN-834BD5A2C1AA19A4,U,rest_3954,1
TRN-8356123CE9124356,U,rest_3954,1
TRN-8363F8C54DC9BCF4,U,rest_3954,1
TRN-8373C5E7B7D562AF,U,rest_3954,1
TRN-83994C943668BFE2,U,rest_3954,1
TRN-839FA97F3B3ADFE7,U,rest_3954,1
TRN-83A18076C7CA6DE0,C,initial_rl,1
TRN-83C1E6C074C4274E,A,initial_rl,1
TRN-83D3F7A50263E9B7,B,initial_rl,1
TRN-83D835DBC1582049,C,initial_rl,1
TRN-83DCD8F88D8918B8,U,rest_3954,1
TRN-83DEE4C587DE14ED,U,rest_3954,1
TRN-83E5E658C0A1FD0E,U,rest_3954,1
TRN-83E5EF961736983A,U,rest_3954,1
TRN-83F6E8C969FC2DD8,C,initial_rl,1
TRN-840533AF1CEB16E4,C,initial_rl,1
TRN-841B8DA2963E78CB,U,rest_3954,1
TRN-842F925B111287D4,C,initial_rl,1
TRN-8439D619C6FA4636,U,rest_3954,1
TRN-844245A893674250,U,rest_3954,1
TRN-844A45D0BC6BCB31,B,initial_rl,1
TRN-844CC10BF195C73C,U,rest_3954,1
TRN-846964C461257FC4,U,rest_3954,1
TRN-8471FDB3A943013C,U,rest_3954,1
TRN-84754BD52CBC48CF,U,rest_3954,1
TRN-8475C3E52E202D86,C,initial_rl,1
TRN-8485A87A8DF8F8CC,C,initial_rl,1
TRN-8487C9F9753D5553,U,rest_3954,1
TRN-848988B9480EE293,A,initial_rl,1
TRN-84A6AEE5277123EC,B,initial_rl,1
TRN-84A72EBFD1F72508,U,rest_3954,1
TRN-84B0484559FD6C84,U,rest_3954,1
TRN-84CF83B1C70E058D,U,rest_3954,1
TRN-84E22BFAA3BD14A6,U,rest_3954,1
TRN-85001C506D2B6E58,U,rest_3954,1
TRN-85003CE85D8524C9,U,rest_3954,1
TRN-8502549423474AEC,C,initial_rl,1
TRN-8504294A2F7FF5BE,U,rest_3954,1
TRN-85114F9E350ECD77,U,rest_3954,1
TRN-85190BD06C27EF58,U,rest_3954,1
TRN-85293217959882F7,B,initial_rl,1
TRN-852B0BD813B1CA48,B,initial_rl,1
TRN-852BA911D268CC9D,U,rest_3954,1
TRN-852D3A5456C0B0BD,C,initial_rl,1
TRN-853074DB70EE6B8C,U,rest_3954,1
TRN-85331C1A5C68EF44,U,rest_3954,1
TRN-85382D4625AFF779,B,initial_rl,1
TRN-853F6F626FD83811,U,rest_3954,1
TRN-854343D8F33528DD,U,rest_3954,1
TRN-856E03258A43192B,U,rest_3954,1
TRN-8585BC2E10CFD044,U,rest_3954,1
TRN-858CE0237FFE5387,U,rest_3954,1
TRN-8590FD3C9141BB58,A,initial_rl,1
TRN-85938A9EAEB23D26,U,rest_3954,1
TRN-85996791925DAC1A,U,rest_3954,1
TRN-85A3FFC320F211A2,U,rest_3954,1
TRN-85B50BCFBCE5ADF1,U,rest_3954,1
TRN-85B5F49A0A6456B3,B,initial_rl,1
TRN-85CB405E738AB7A7,B,initial_rl,1
TRN-85CCD2C517C009C7,U,rest_3954,1
TRN-85CFCDCD88E1B923,U,rest_3954,1
TRN-85D9F972E547C666,C,initial_rl,1
TRN-85EE11B1EA68E991,U,rest_3954,1
TRN-85EEFFE959C18909,U,rest_3954,1
TRN-85FAAA4289302BF0,U,rest_3954,1
TRN-860A84F0ED10F526,U,rest_3954,1
TRN-86103873151642ED,C,initial_rl,1
TRN-8619CB63EE758B52,U,rest_3954,1
TRN-8620E7DA59CA50CC,U,rest_3954,1
TRN-8626850CDEB66183,U,rest_3954,1
TRN-862B35FF7992B6C3,B,initial_rl,1
TRN-862B8B2DC7C00B2D,U,rest_3954,1
TRN-863F0B23200E1E47,U,rest_3954,1
TRN-86448BF6E7F9CFC8,U,rest_3954,1
TRN-864EC010BB08DF03,B,initial_rl,1
TRN-865872BB05916CCC,U,rest_3954,1
TRN-86854808D6F40BAE,A,initial_rl,1
TRN-8688BD3284C07EAD,A,initial_rl,1
TRN-868A039E9C9D7135,U,rest_3954,1
TRN-86AF9CAE4966B20D,B,initial_rl,1
TRN-86B793FB0755FFE4,C,initial_rl,1
TRN-86BB6122D256EB40,U,rest_3954,1
TRN-86C7E68F723F7CBA,U,rest_3954,1
TRN-86C92D34850A37AB,U,rest_3954,1
TRN-86D06E1236DD6D78,C,initial_rl,1
TRN-86D7379BA4F15682,U,rest_3954,1
TRN-86DD03C3FF6946C2,C,initial_rl,1
TRN-86E12948710E2280,B,initial_rl,1
TRN-86EFFCD6C6BC01B9,U,rest_3954,1
TRN-8707AF91C2081DA3,U,rest_3954,1
TRN-870D461EBEAB5EC3,U,rest_3954,1
TRN-871411FCD7AEA4D2,C,initial_rl,1
TRN-871C1A412BA6E49A,C,initial_rl,1
TRN-8722678E2C8BD539,C,initial_rl,1
TRN-87278B19AC5B330A,U,rest_3954,1
TRN-873407744AD77CE4,B,initial_rl,1
TRN-873879A83E235A82,U,rest_3954,1
TRN-873BDEA5D1B49875,U,rest_3954,1
TRN-874A77CFD858ABF9,U,rest_3954,1
TRN-87524296AAC820F7,B,initial_rl,1
TRN-8752ACAC9D87E1BB,U,rest_3954,1
TRN-8760A7BE6B809CC4,C,initial_rl,1
TRN-87771816DCB6E271,U,rest_3954,1
TRN-8777C0D3A8D2335F,C,initial_rl,1
TRN-8777F957ABA0315F,U,rest_3954,1
TRN-877AFD19E6BD046E,U,rest_3954,1
TRN-877E497938F27B72,U,rest_3954,1
TRN-87810EB74A422290,U,rest_3954,1
TRN-8782FDE5BE60C232,U,rest_3954,1
TRN-878C6D4FFFE393AD,A,initial_rl,1
TRN-878C9F65AD342A2F,C,initial_rl,1
TRN-879EB018FD9510B7,U,rest_3954,1
TRN-87A28C0C8765DC02,U,rest_3954,1
TRN-87A3E5D6224B507D,U,rest_3954,1
TRN-87A8F8952289C84D,U,rest_3954,1
TRN-87B00BEA8FBB7118,U,rest_3954,1
TRN-87B9204BDCBBDFBD,B,initial_rl,1
TRN-87BA2AE54AF153B2,C,initial_rl,1
TRN-87BFEC337185A43B,B,initial_rl,1
TRN-87C2C832FD3C4395,C,initial_rl,1
TRN-87C63AEB8FC5BDBA,C,initial_rl,1
TRN-87CB822E2FAD3C07,U,rest_3954,1
TRN-87CEFEF94C70E0A1,C,initial_rl,1
TRN-87DB733299841FF3,U,rest_3954,1
TRN-87DD6295ABE98F84,U,rest_3954,1
TRN-87F3D3FC0020D93E,U,rest_3954,1
TRN-88075FB8B2046BB0,C,initial_rl,1
TRN-880F770252345A46,U,rest_3954,1
TRN-8815925FFFAF6C7E,U,rest_3954,1
TRN-881DAD839A14830D,U,rest_3954,1
TRN-8834EAF18690CB59,U,rest_3954,1
TRN-88351D9F82EF69A2,A,initial_rl,1
TRN-883F337E3C5D837C,U,rest_3954,1
TRN-883FB95F1DFBB88D,U,rest_3954,1
TRN-8851821CED33D90B,U,rest_3954,1
TRN-8858B33E8A794A4E,U,rest_3954,1
TRN-885BFD767954BDCB,U,rest_3954,1
TRN-88639D64CF4BABA3,U,rest_3954,1
TRN-886A5CA79677100C,U,rest_3954,1
TRN-886C7748D1962FD4,U,rest_3954,1
TRN-8881AEE1162F644E,U,rest_3954,1
TRN-8889CE25B0240ACA,U,rest_3954,1
TRN-888FFC1B48FFACEF,U,rest_3954,1
TRN-88921E7EB1544426,U,rest_3954,1
TRN-88A69BE4EAE5176B,C,initial_rl,1
TRN-88AFEDA0FD3C3ACD,U,rest_3954,1
TRN-88FC2842A2F3B390,C,initial_rl,1
TRN-88FD0C9F83764CA3,C,initial_rl,1
TRN-8905BD6D7F239D6C,U,rest_3954,1
TRN-890927CAA11334E3,C,initial_rl,1
TRN-89117EFE4DC491EB,U,rest_3954,1
TRN-8911922F32946F55,U,rest_3954,1
TRN-891556682485DEA1,U,rest_3954,1
TRN-89171054E2F4225B,A,initial_rl,1
TRN-8926D51FB818DF20,C,initial_rl,1
TRN-892B85C5C3E5172C,A,initial_rl,1
TRN-893F97694E7542D5,C,initial_rl,1
TRN-894E38C95A1AEBAD,U,rest_3954,1
TRN-895B4C4580F53792,U,rest_3954,1
TRN-8966444CBA3FB872,U,rest_3954,1
TRN-896840D3D6F20A2E,U,rest_3954,1
TRN-8976C2787C0542C9,U,rest_3954,1
TRN-897EDFC8314BB843,U,rest_3954,1
TRN-898B3A3F2799C973,B,initial_rl,1
TRN-898F88EA530DEC50,U,rest_3954,1
TRN-899B5849E39C3A1E,U,rest_3954,1
TRN-899B76EAA24F29EA,A,initial_rl,1
TRN-89A2286BCA83DFBA,U,rest_3954,1
TRN-89A587266D311A9D,C,initial_rl,1
TRN-89AEF981F5BC3F00,U,rest_3954,1
TRN-89AF1A28627E5D53,U,rest_3954,1
TRN-89BF476CC91A2F8C,B,initial_rl,1
TRN-89BF729F458C5C2B,B,initial_rl,1
TRN-89C6DB7CE3C36CBD,U,rest_3954,1
TRN-89E7F6EBC49C84E5,U,rest_3954,1
TRN-89EC66C09638FCD3,U,rest_3954,1
TRN-89F54514B381B53E,C,initial_rl,1
TRN-89FE7F2EB5C555AF,U,rest_3954,1
TRN-8A0F4872D816CBA1,U,rest_3954,1
TRN-8A1A5DC42A1853A5,U,rest_3954,1
TRN-8A1EFC03A93EA8DA,U,rest_3954,1
TRN-8A36580C040EB998,U,rest_3954,1
TRN-8A3C0B283B1D01F5,U,rest_3954,1
TRN-8A3ED36D8F356022,U,rest_3954,1
TRN-8A41FCA2BEA1CB48,U,rest_3954,1
TRN-8A4F7CE7BC40C358,U,rest_3954,1
TRN-8A57F2FF5744A39A,C,initial_rl,1
TRN-8A5C600078100D27,U,rest_3954,1
TRN-8A5E66352049B7FB,C,initial_rl,1
TRN-8A70B94561570626,A,initial_rl,1
TRN-8A7C9D47E1019AF6,B,initial_rl,1
TRN-8A863DB31A804554,C,initial_rl,1
TRN-8A8B84978C0758C8,U,rest_3954,1
TRN-8A8BFD358D187CC3,C,initial_rl,1
TRN-8A905F59E376D4B6,A,initial_rl,1
TRN-8A925974C3BFB7EF,U,rest_3954,1
TRN-8A926DF72008F6FF,U,rest_3954,1
TRN-8A997DDCFCCCF2DE,U,rest_3954,1
TRN-8A9BA8F677636E80,U,rest_3954,1
TRN-8A9C9A587C7F9A24,U,rest_3954,1
TRN-8A9DC12866DC6CD7,C,initial_rl,1
TRN-8AA39EA28E36813B,U,rest_3954,1
TRN-8ABCBB37EF0149A8,C,initial_rl,1
TRN-8AF2642265C6EEFC,A,initial_rl,1
TRN-8AF6081A7F1F8F81,C,initial_rl,1
TRN-8B050158F6E61993,C,initial_rl,1
TRN-8B13F21EE531A5A4,C,initial_rl,1
TRN-8B196FE177C8473E,U,rest_3954,1
TRN-8B1B884E74413C71,U,rest_3954,1
TRN-8B4E4FFEF239508B,U,rest_3954,1
TRN-8B52CD07E89DC2E1,U,rest_3954,1
TRN-8B533E6CE50EF032,C,initial_rl,1
TRN-8B5C6425D43A9A71,U,rest_3954,1
TRN-8B650CA4DC2A8F41,U,rest_3954,1
TRN-8B6537A779ABCDB6,C,initial_rl,1
TRN-8B69FAEAAE99C46B,U,rest_3954,1
TRN-8B6DF8868B85F5D8,U,rest_3954,1
TRN-8B70C502976EDF6E,U,rest_3954,1
TRN-8B745F871187D576,C,initial_rl,1
TRN-8B78AF116D4C17C0,C,initial_rl,1
TRN-8B7949E818E516AB,U,rest_3954,1
TRN-8B79502A9E15C240,U,rest_3954,1
TRN-8B7EB1B7E8C80839,A,initial_rl,1
TRN-8B8CB1C6D4FC6716,U,rest_3954,1
TRN-8B9214124AA7ADA9,U,rest_3954,1
TRN-8BA4FBD7F0CCB26F,B,initial_rl,1
TRN-8BAB9B6C5A6AEBB1,U,rest_3954,1
TRN-8BACDFFD7B1D2D33,C,initial_rl,1
TRN-8BB187365E5410EE,C,initial_rl,1
TRN-8BC67D48BBB059E0,C,initial_rl,1
TRN-8BCC45D2DE99A72C,U,rest_3954,1
TRN-8BD144F317593C02,U,rest_3954,1
TRN-8BD2FBE0DE42A4A8,U,rest_3954,1
TRN-8BD34F158F86A5D2,U,rest_3954,1
TRN-8BED22A8A8E746C1,U,rest_3954,1
TRN-8C041B30C7470840,U,rest_3954,1
TRN-8C0726A63B7B7C11,C,initial_rl,1
TRN-8C072B70C57398F0,U,rest_3954,1
TRN-8C0AA2A84AB8BA19,U,rest_3954,1
TRN-8C0AD1EEBF3FAE2A,U,rest_3954,1
TRN-8C1423CD6EDB2BD6,U,rest_3954,1
TRN-8C14ABD94D812043,C,initial_rl,1
TRN-8C1C7B9D9CF25DE8,C,initial_rl,1
TRN-8C1E22CF514356E0,C,initial_rl,1
TRN-8C2101909EE8FB9D,U,rest_3954,1
TRN-8C230E48B112C7FC,U,rest_3954,1
TRN-8C267E6EFD94A08F,B,initial_rl,1
TRN-8C336A8F29BE7D86,A,initial_rl,1
TRN-8C34448346D0A9C2,U,rest_3954,1
TRN-8C4415904EFB1ECD,C,initial_rl,1
TRN-8C65C481485EF946,U,rest_3954,1
TRN-8C7BA884BD8A81B4,C,initial_rl,1
TRN-8C810D35830AB7CD,A,initial_rl,1
TRN-8C8B795AD04EEE30,C,initial_rl,1
TRN-8C9310EE122D4979,U,rest_3954,1
TRN-8C96DDE02E0CCFC7,U,rest_3954,1
TRN-8C9CA45609F69571,U,rest_3954,1
TRN-8CA2FD92D92C509C,B,initial_rl,1
TRN-8CA4CC3C9E64B6D7,U,rest_3954,1
TRN-8CA70C3AB6C91C83,U,rest_3954,1
TRN-8CA7B3571D03BB05,U,rest_3954,1
TRN-8CABA854A32011EF,C,initial_rl,1
TRN-8CC94D9E2988931E,U,rest_3954,1
TRN-8CD2F6AF1061A5A7,U,rest_3954,1
TRN-8CDFBAD7B0C94F62,C,initial_rl,1
TRN-8CEAF8FA81D44417,A,initial_rl,1
TRN-8CFC771331E7362A,U,rest_3954,1
TRN-8D039F56C9D5B57C,A,initial_rl,1
TRN-8D0A9D563B191D98,U,rest_3954,1
TRN-8D0D5CEDD9E58F9D,C,initial_rl,1
TRN-8D1B090BDEB024BE,U,rest_3954,1
TRN-8D2D07464B057BED,U,rest_3954,1
TRN-8D2D6767C472B0CF,U,rest_3954,1
TRN-8D339E5E771512D0,U,rest_3954,1
TRN-8D3A84E1D529D96E,U,rest_3954,1
TRN-8D3D1BCCDC1FC170,U,rest_3954,1
TRN-8D46B580026E2502,C,initial_rl,1
TRN-8D4F3395B2E9C499,C,initial_rl,1
TRN-8D50885B61C95E7F,C,initial_rl,1
TRN-8D51F78761EBB57E,U,rest_3954,1
TRN-8D532AF6743D92DC,U,rest_3954,1
TRN-8D5A1627E951F667,U,rest_3954,1
TRN-8D61EF233C42A606,U,rest_3954,1
TRN-8D66E5A3C5BD0001,U,rest_3954,1
TRN-8D7A04200A548177,C,initial_rl,1
TRN-8D813CFD9B04FE21,C,initial_rl,1
TRN-8D8A4B48AEC91518,U,rest_3954,1
TRN-8DA4D766B403CDF9,C,initial_rl,1
TRN-8DAFA81AA38591E4,C,initial_rl,1
TRN-8DB2888E491063D1,C,initial_rl,1
TRN-8DCCF1D70EC77F3D,C,initial_rl,1
TRN-8DDC114C774173DA,U,rest_3954,1
TRN-8DDD1D5026D05AF0,U,rest_3954,1
TRN-8DE60AA445B9DCEB,A,initial_rl,1
TRN-8DEDA2C05514157E,U,rest_3954,1
TRN-8DEE5DB2AF01B873,U,rest_3954,1
TRN-8DEF6EB55D7FA904,C,initial_rl,1
TRN-8DF04B4A919BF986,U,rest_3954,1
TRN-8DF07E19C05A8F28,C,initial_rl,1
TRN-8DF0CBD5C44DF06B,A,initial_rl,1
TRN-8DFA24A0B47A8997,U,rest_3954,1
TRN-8E099ED7609BE9BB,C,initial_rl,1
TRN-8E0C383CE692294B,A,initial_rl,1
TRN-8E1C302E9B2977A9,U,rest_3954,1
TRN-8E1FFCC83DD32A50,U,rest_3954,1
TRN-8E209D9C5F28D2F4,C,initial_rl,1
TRN-8E27C613DB483F36,C,initial_rl,1
TRN-8E29550881D16AB7,A,initial_rl,1
TRN-8E5230ADA844A4FF,C,initial_rl,1
TRN-8E57C04264FDAC46,U,rest_3954,1
TRN-8E5890E6B1196111,C,initial_rl,1
TRN-8E623134B6CB333E,U,rest_3954,1
TRN-8E6DD1D537015FE3,C,initial_rl,1
TRN-8E725FED4A5FBB35,C,initial_rl,1
TRN-8E77BDC86F069893,U,rest_3954,1
TRN-8E7BECCE7CB3FA58,U,rest_3954,1
TRN-8E935916079B4A3E,B,initial_rl,1
TRN-8E9F723CF5E86570,C,initial_rl,1
TRN-8EA77BEE6012BE03,U,rest_3954,1
TRN-8EB37A5DDC37753C,U,rest_3954,1
TRN-8EB7FC43FCBFD29E,C,initial_rl,1
TRN-8EC0B3EE2C9FAFBF,U,rest_3954,1
TRN-8ECA0FA35F41B2C9,C,initial_rl,1
TRN-8ECA9505885B8806,C,initial_rl,1
TRN-8ECB3FB9A292CBA0,U,rest_3954,1
TRN-8EE19607A12FC24C,A,initial_rl,1
TRN-8EF70C1F11E4F85C,U,rest_3954,1
TRN-8EF81716A855E336,C,initial_rl,1
TRN-8F00C9944A9AA93C,C,initial_rl,1
TRN-8F0E0EA850940E84,U,rest_3954,1
TRN-8F123089D07D031C,U,rest_3954,1
TRN-8F12F5FA8F9BABEC,C,initial_rl,1
TRN-8F22A751451614D3,U,rest_3954,1
TRN-8F35FF2DD5E7B97E,U,rest_3954,1
TRN-8F37E4CACF0B6E68,U,rest_3954,1
TRN-8F38291755BC53E7,A,initial_rl,1
TRN-8F38C6FF8F17E611,U,rest_3954,1
TRN-8F449857CBBBD7FB,U,rest_3954,1
TRN-8F4D7F8F0CF2E2FE,C,initial_rl,1
TRN-8F5338118C26C48D,U,rest_3954,1
TRN-8F5430450A7D07E9,U,rest_3954,1
TRN-8F56FA09EA58406F,U,rest_3954,1
TRN-8F593D01B84F0902,B,initial_rl,1
TRN-8F66F23A247AEED4,C,initial_rl,1
TRN-8F8B2FCFB7B3F6AC,U,rest_3954,1
TRN-8F945BF639BA0A8F,U,rest_3954,1
TRN-8F99AF6C32D5CDAB,C,initial_rl,1
TRN-8F99C0A7426E9B3D,C,initial_rl,1
TRN-8F9BF3C619BD0D38,U,rest_3954,1
TRN-8FA1AD56D854B09A,U,rest_3954,1
TRN-8FA4EEB3337B7EAD,U,rest_3954,1
TRN-8FA6DE55D9348EB7,U,rest_3954,1
TRN-8FB2DB35B5F4265B,C,initial_rl,1
TRN-8FC54F3C2B8CE4E6,A,initial_rl,1
TRN-8FD81F8DF72044AB,C,initial_rl,1
TRN-8FF0DE986EE3CC97,U,rest_3954,1
TRN-8FF1354462345D39,A,initial_rl,1
TRN-8FF1E070D177FE9A,U,rest_3954,1
TRN-8FFB1B5C240F5362,U,rest_3954,1
TRN-8FFB3A93A40C2326,U,rest_3954,1
TRN-8FFDFDDF4D8A833E,C,initial_rl,1
TRN-9014EC4FA6CB630D,A,initial_rl,1
TRN-901831B4D1B0BA69,U,rest_3954,1
TRN-90193FED8E501340,A,initial_rl,1
TRN-902917AF91636B39,B,initial_rl,1
TRN-902FC55679D0ACC6,C,initial_rl,1
TRN-903E46095FB4A273,U,rest_3954,1
TRN-9040B52FFA495EC0,C,initial_rl,1
TRN-90552871CFF696CA,U,rest_3954,1
TRN-9056231408540AAF,U,rest_3954,1
TRN-9057AF4742BD6870,U,rest_3954,1
TRN-90650437488118BB,U,rest_3954,1
TRN-9065E84688F543A2,U,rest_3954,1
TRN-9066D947CA7DDADD,U,rest_3954,1
TRN-9069AB445069E3A2,B,initial_rl,1
TRN-906A3E48C6355675,C,initial_rl,1
TRN-906E1CE5C5BAC011,U,rest_3954,1
TRN-907333981E4B0510,B,initial_rl,1
TRN-9080C2079714CCE5,C,initial_rl,1
TRN-9080D322CC8894F5,U,rest_3954,1
TRN-9083A9041AFDD341,C,initial_rl,1
TRN-9086DB2E0E9C235F,U,rest_3954,1
TRN-908A681F0E8EC58E,U,rest_3954,1
TRN-908DF9731B170D98,U,rest_3954,1
TRN-90954A92C5C6459C,U,rest_3954,1
TRN-90A17802711F9D16,U,rest_3954,1
TRN-90B4AE1A915020DD,C,initial_rl,1
TRN-90B6F4DAE35A1246,C,initial_rl,1
TRN-90B776A133B47ED5,C,initial_rl,1
TRN-90D58E0EB3F74148,U,rest_3954,1
TRN-90EC114B1B107816,B,initial_rl,1
TRN-90F00323BB4608AE,U,rest_3954,1
TRN-90FA588A8DDD8E76,A,initial_rl,1
TRN-910BF985797E9DF0,U,rest_3954,1
TRN-9115C26F4E3AF3B0,U,rest_3954,1
TRN-9118082FFAC55C79,C,initial_rl,1
TRN-9127A80E40B6FC3D,C,initial_rl,1
TRN-9135C549E533339A,A,initial_rl,1
TRN-913E024CB4A9453B,C,initial_rl,1
TRN-91493567AD2B8792,B,initial_rl,1
TRN-915D257509251F58,U,rest_3954,1
TRN-915E54E116DFB471,B,initial_rl,1
TRN-91737DD180EA4002,B,initial_rl,1
TRN-9176A22DA7342B81,C,initial_rl,1
TRN-918336C0E7E50DB7,U,rest_3954,1
TRN-919FC16F66BC376C,B,initial_rl,1
TRN-91ACCC89BF65F768,C,initial_rl,1
TRN-91D27DD4F5ABFCA2,C,initial_rl,1
TRN-91E90EE0D1474213,U,rest_3954,1
TRN-91F3323B1659A27B,C,initial_rl,1
TRN-92061A9A8B274CFD,C,initial_rl,1
TRN-9213869ECC919026,U,rest_3954,1
TRN-9218256F691481B2,C,initial_rl,1
TRN-9234C3B39F456913,A,initial_rl,1
TRN-923C6548152D8593,A,initial_rl,1
TRN-923EECF4933C9D14,U,rest_3954,1
TRN-9243E3642862F6C3,C,initial_rl,1
TRN-924961EE383E6CED,U,rest_3954,1
TRN-9255D6EED9A70856,U,rest_3954,1
TRN-9256D4DF4F8AAD3D,U,rest_3954,1
TRN-92639A3A4E7E0860,U,rest_3954,1
TRN-926BA76AD9635E05,U,rest_3954,1
TRN-926BE28080DE0C9B,U,rest_3954,1
TRN-9270E3E90155268A,C,initial_rl,1
TRN-92751DE13013F239,U,rest_3954,1
TRN-928733197C2DC8A4,C,initial_rl,1
TRN-92A0680428D9B0ED,U,rest_3954,1
TRN-92C2B6B3C2741924,B,initial_rl,1
TRN-92C2BAD546A9714D,C,initial_rl,1
TRN-92CFFF442435FD04,A,initial_rl,1
TRN-92D68104D1899059,A,initial_rl,1
TRN-92D6F5E897595EDC,C,initial_rl,1
TRN-92D8FBF2F279792D,U,rest_3954,1
TRN-92DD62C10B391B7B,U,rest_3954,1
TRN-92DDBCE0D27F403F,C,initial_rl,1
TRN-92EC1C0F0F522064,U,rest_3954,1
TRN-92EF237DF7ADE71A,A,initial_rl,1
TRN-93119F212A80DA66,A,initial_rl,1
TRN-9315D7147682092E,B,initial_rl,1
TRN-931627702190EF3D,C,initial_rl,1
TRN-931E0A1B7F1570BE,B,initial_rl,1
TRN-9320DF9184D70C4D,U,rest_3954,1
TRN-9328B45104C50693,C,initial_rl,1
TRN-934C93F7B669D8CF,C,initial_rl,1
TRN-934EB5BAB44B079D,B,initial_rl,1
TRN-9351A81BF5D381BF,U,rest_3954,1
TRN-935E5771F1222055,A,initial_rl,1
TRN-937364C054C9E690,U,rest_3954,1
TRN-9378DBA081E31896,U,rest_3954,1
TRN-939FA22CF392900C,U,rest_3954,1
TRN-93AAB321DC3A6EF2,U,rest_3954,1
TRN-93B6CBD16AA5A00F,U,rest_3954,1
TRN-93B9AD6CD890346D,A,initial_rl,1
TRN-93BE998C2FF7FE1A,C,initial_rl,1
TRN-93C6B8670AF80637,U,rest_3954,1
TRN-93C72436A5F9FDB4,C,initial_rl,1
TRN-93C83760D6311319,U,rest_3954,1
TRN-93CA2589A821FF27,U,rest_3954,1
TRN-93EE86A760F2C94C,A,initial_rl,1
TRN-93F379D232AA0A41,C,initial_rl,1
TRN-93FFD18CBA76EB3F,U,rest_3954,1
TRN-9411DD943CA31ABB,C,initial_rl,1
TRN-9413A3658230C258,U,rest_3954,1
TRN-94244C479D374C68,A,initial_rl,1
TRN-94245E2409B94899,B,initial_rl,1
TRN-94268F2AB8F11701,U,rest_3954,1
TRN-942866B9165EE5B9,U,rest_3954,1
TRN-94349B2A9EFB7DD6,U,rest_3954,1
TRN-943B1F66C91CA52A,C,initial_rl,1
TRN-943B386B11EAA403,U,rest_3954,1
TRN-944C194A6211A194,C,initial_rl,1
TRN-944F6BFA2F57F96D,U,rest_3954,1
TRN-94644628D29770B3,C,initial_rl,1
TRN-94662DE321C244D1,C,initial_rl,1
TRN-9468C90DEC1B3A79,C,initial_rl,1
TRN-946C89055B5B7B17,U,rest_3954,1
TRN-948A4E1D5BB8ADAF,C,initial_rl,1
TRN-9494C892B2BBDDD8,B,initial_rl,1
TRN-949B0BC8B0C1BB53,U,rest_3954,1
TRN-949D46CE09003909,C,initial_rl,1
TRN-94ACC89A42FE5C51,U,rest_3954,1
TRN-94AD9E0FE820D012,U,rest_3954,1
TRN-94B0F9B6FBD86E8F,B,initial_rl,1
TRN-94C25DC096B92380,C,initial_rl,1
TRN-94C9B552BDB5B36C,U,rest_3954,1
TRN-94CCF2271DA1ED87,U,rest_3954,1
TRN-94CE31CBC9E8B34F,C,initial_rl,1
TRN-94EF761BAEF5DA23,U,rest_3954,1
TRN-94FE2A7968D57BDC,C,initial_rl,1
TRN-9508B1F4AE2BD5DB,U,rest_3954,1
TRN-950D39FE9598FA6E,U,rest_3954,1
TRN-9511E2C2137A4915,C,initial_rl,1
TRN-952E207984883140,U,rest_3954,1
TRN-952FE7BBBABF9BF1,C,initial_rl,1
TRN-953785BA44224707,A,initial_rl,1
TRN-953A8B58E3067A6F,U,rest_3954,1
TRN-954261195CFB9734,C,initial_rl,1
TRN-954C0999B8449F7A,U,rest_3954,1
TRN-9550F2F04A221F3D,U,rest_3954,1
TRN-9570BE6C0AE2749E,U,rest_3954,1
TRN-9576D2E6BEB64E07,U,rest_3954,1
TRN-9577920538524D7C,U,rest_3954,1
TRN-9587D6E2D792CD96,U,rest_3954,1
TRN-958BE4829C6A4AE4,U,rest_3954,1
TRN-95A13AB37C3AC9BA,U,rest_3954,1
TRN-95AEFCDCD5D61C4D,A,initial_rl,1
TRN-95BEF1A5B2F331EC,C,initial_rl,1
TRN-95C2D9B925CAE077,C,initial_rl,1
TRN-95C3FCD290C725D6,C,initial_rl,1
TRN-95D7BBA11CCF9A00,U,rest_3954,1
TRN-95E05F7FFD65DCE4,U,rest_3954,1
TRN-95EE8B644237EA06,A,initial_rl,1
TRN-95F40F68A9882F10,B,initial_rl,1
TRN-95F426F422DDBA24,U,rest_3954,1
TRN-95F54A1BD673E8B7,U,rest_3954,1
TRN-95FDC887C790BE7A,U,rest_3954,1
TRN-960193394892F5AF,U,rest_3954,1
TRN-9602EF679C6F2C81,B,initial_rl,1
TRN-960437A0AC91004A,B,initial_rl,1
TRN-9617FB693FD61B5F,C,initial_rl,1
TRN-961FD8D571F9BB58,U,rest_3954,1
TRN-9623FDEECC0439BE,B,initial_rl,1
TRN-962628B09B7814F4,C,initial_rl,1
TRN-962665FFB50AE7A4,C,initial_rl,1
TRN-962D33D360144267,C,initial_rl,1
TRN-964BEE00E3E172E1,U,rest_3954,1
TRN-965A30866F83F5E5,U,rest_3954,1
TRN-966122929FD8624E,A,initial_rl,1
TRN-967003A792882B31,U,rest_3954,1
TRN-96778B334FFB554B,C,initial_rl,1
TRN-967F16D8631E1FF0,C,initial_rl,1
TRN-968153092A21D6BD,B,initial_rl,1
TRN-968FDED0CFD8EDBF,U,rest_3954,1
TRN-968FEFD264568285,U,rest_3954,1
TRN-9693BD2CE7DF5525,U,rest_3954,1
TRN-96974CA0992FAE38,U,rest_3954,1
TRN-9697F5FA2C1A0DF4,C,initial_rl,1
TRN-969CB419C71272AB,U,rest_3954,1
TRN-969D61CCA83856EB,A,initial_rl,1
TRN-96A17591F49C9EA1,C,initial_rl,1
TRN-96C5572AB769414B,U,rest_3954,1
TRN-96CAE5F10F9809D3,C,initial_rl,1
TRN-96DEDCE2BBB49270,U,rest_3954,1
TRN-96E65E2B021BC722,C,initial_rl,1
TRN-96F4A6DD48BE8EB6,U,rest_3954,1
TRN-972D324CB8189F95,U,rest_3954,1
TRN-973B1CBEA453F621,U,rest_3954,1
TRN-9756A2990ABC109C,U,rest_3954,1
TRN-9758458A1BE5A9F7,U,rest_3954,1
TRN-97679D6A964C539D,B,initial_rl,1
TRN-976EC5F544D3CBA1,C,initial_rl,1
TRN-97862408B4A75747,U,rest_3954,1
TRN-978F7A9946E1C30A,U,rest_3954,1
TRN-979B132AD6B6A19C,U,rest_3954,1
TRN-979B20431186A431,U,rest_3954,1
TRN-97B0EC29C8D52192,A,initial_rl,1
TRN-97CF52A86697C92A,U,rest_3954,1
TRN-97F10F69B1B1BC72,C,initial_rl,1
TRN-97FBB7DE43F1155D,C,initial_rl,1
TRN-97FD8C7D96714BDC,U,rest_3954,1
TRN-97FE65FE835ECDAC,U,rest_3954,1
TRN-9801284CA0627CB2,C,initial_rl,1
TRN-98168BFDDBDE5011,U,rest_3954,1
TRN-981C63A69D986803,U,rest_3954,1
TRN-981F2035C35BFCA7,U,rest_3954,1
TRN-9838BC586A199E64,U,rest_3954,1
TRN-983952C63C460DF6,U,rest_3954,1
TRN-983F3EB2A47C13FE,B,initial_rl,1
TRN-9840295E45DCD740,C,initial_rl,1
TRN-984FD3F630AA00A7,U,rest_3954,1
TRN-9856C09FA00334A7,U,rest_3954,1
TRN-9867FF8CEC8D1687,U,rest_3954,1
TRN-9884C1C6F2EEBEB0,U,rest_3954,1
TRN-988DB5722A2B53F0,U,rest_3954,1
TRN-98951E5877F7346D,U,rest_3954,1
TRN-989988BECF9D13E8,U,rest_3954,1
TRN-9899AF6FAD4DC891,B,initial_rl,1
TRN-989A9D28FFAD9E10,U,rest_3954,1
TRN-98A0333A7FBF4C2C,U,rest_3954,1
TRN-98ABE45D43F604A9,U,rest_3954,1
TRN-98BD598E60EA77DF,A,initial_rl,1
TRN-98BED4E7C850731B,C,initial_rl,1
TRN-98C2757FBDF1EE65,C,initial_rl,1
TRN-98EEDDD1889F6B45,U,rest_3954,1
TRN-9900A6177ECF7A0C,C,initial_rl,1
TRN-990734976C9943DD,U,rest_3954,1
TRN-9909C4029D552886,B,initial_rl,1
TRN-990E8CDF7EA1E67B,U,rest_3954,1
TRN-991236C7C78A20E2,A,initial_rl,1
TRN-9917F2620F504CDF,A,initial_rl,1
TRN-992B879D89E2446D,C,initial_rl,1
TRN-992B8FCE337AF181,U,rest_3954,1
TRN-9930C7003B7AB978,U,rest_3954,1
TRN-993D4B5E93441676,U,rest_3954,1
TRN-993F0A0304DC947A,U,rest_3954,1
TRN-994D0E36304525A9,U,rest_3954,1
TRN-995186AD5C3FCB4D,U,rest_3954,1
TRN-99588F03F9A38AC0,C,initial_rl,1
TRN-995F0B485833D702,U,rest_3954,1
TRN-9962E915E714D467,B,initial_rl,1
TRN-997D5D3418730379,U,rest_3954,1
TRN-9989D9AF46AE7536,C,initial_rl,1
TRN-99903EA1117EA542,B,initial_rl,1
TRN-999198992A43883D,U,rest_3954,1
TRN-99982F1A56DEF04E,U,rest_3954,1
TRN-999C20F5A2D72746,U,rest_3954,1
TRN-999E8990B5CA3454,C,initial_rl,1
TRN-99AB3C459E37994A,U,rest_3954,1
TRN-99AC521573ECB9BA,U,rest_3954,1
TRN-99B9193F6F4FDF73,U,rest_3954,1
TRN-99B96037A3D7D924,U,rest_3954,1
TRN-99C4230D1346A977,C,initial_rl,1
TRN-99CBD6FF108E0D44,U,rest_3954,1
TRN-99D6708683DC46AF,C,initial_rl,1
TRN-99E6314730B7E285,U,rest_3954,1
TRN-9A074CFEAAA0D128,C,initial_rl,1
TRN-9A0D1993AA1B05BC,C,initial_rl,1
TRN-9A26A97A2CEC2614,U,rest_3954,1
TRN-9A26FF0CFA5F7583,U,rest_3954,1
TRN-9A2D84FA663C5A19,C,initial_rl,1
TRN-9A3092209D6E81F8,U,rest_3954,1
TRN-9A3ECAD595D6510C,U,rest_3954,1
TRN-9A51B76E12ED0D8F,C,initial_rl,1
TRN-9A560485B011FF0E,U,rest_3954,1
TRN-9A5F895268DB4F84,U,rest_3954,1
TRN-9A63E75B1B770C9B,U,rest_3954,1
TRN-9A700F84F047A387,U,rest_3954,1
TRN-9A8A4223D9F32DBF,C,initial_rl,1
TRN-9A983074370E25ED,U,rest_3954,1
TRN-9A989D117F2C4049,A,initial_rl,1
TRN-9A9FAE40697A9910,U,rest_3954,1
TRN-9AE4EAB8602DDF65,C,initial_rl,1
TRN-9B00B51BB35A8239,C,initial_rl,1
TRN-9B024481D3B60FCC,C,initial_rl,1
TRN-9B0B1869BF24CCAF,U,rest_3954,1
TRN-9B0C6A4EEA4DE7A6,C,initial_rl,1
TRN-9B226C5611BCED12,U,rest_3954,1
TRN-9B2A4142D3E75571,C,initial_rl,1
TRN-9B336C22711040ED,B,initial_rl,1
TRN-9B36972BAAC0F4CC,A,initial_rl,1
TRN-9B4DA2EAC367A3AC,A,initial_rl,1
TRN-9B4EF961DE2EB8C2,C,initial_rl,1
TRN-9B5850B54457FABD,C,initial_rl,1
TRN-9B60602BFBAF7393,U,rest_3954,1
TRN-9B6D569CD0DAC943,A,initial_rl,1
TRN-9B7802FA0E21CA4A,U,rest_3954,1
TRN-9B78CC8256BF1E29,U,rest_3954,1
TRN-9B8CDC58A939F289,U,rest_3954,1
TRN-9B93D94FE359EC81,U,rest_3954,1
TRN-9BAE0A244FD84532,B,initial_rl,1
TRN-9BC16CB2DAF91039,U,rest_3954,1
TRN-9BC721E9D86663F8,A,initial_rl,1
TRN-9BD2821CE24EF375,U,rest_3954,1
TRN-9BEA3466FCEDF67C,U,rest_3954,1
TRN-9BF13019FB096C3F,U,rest_3954,1
TRN-9BF6B6184B719683,C,initial_rl,1
TRN-9BF86A793A39BB9A,C,initial_rl,1
TRN-9C01B39352B87729,U,rest_3954,1
TRN-9C228C164D3CB84C,U,rest_3954,1
TRN-9C2359987AB441AE,C,initial_rl,1
TRN-9C392FFF33F5E261,U,rest_3954,1
TRN-9C3D1E784A208FB6,U,rest_3954,1
TRN-9C40F1D2B8F0ECF4,C,initial_rl,1
TRN-9C4F4F1E5DA6DF79,C,initial_rl,1
TRN-9C5F1A83876B8696,U,rest_3954,1
TRN-9C60ACBFB7A960F5,B,initial_rl,1
TRN-9C6C760E9A8FC9D9,B,initial_rl,1
TRN-9C776C9A67D69E8A,U,rest_3954,1
TRN-9C8E7F73A49CCF96,U,rest_3954,1
TRN-9C987FB4536CC2ED,U,rest_3954,1
TRN-9CB3E2F1D3E1D861,U,rest_3954,1
TRN-9CCBFA6DAB9ACECE,A,initial_rl,1
TRN-9CE8CF79BD2E31E4,U,rest_3954,1
TRN-9CF53B63A033422D,U,rest_3954,1
TRN-9CF8F2D86A4FEA0F,U,rest_3954,1
TRN-9CFD8F58F77BE0CE,U,rest_3954,1
TRN-9D17E7323DFCB006,A,initial_rl,1
TRN-9D2B67E0B24B049B,C,initial_rl,1
TRN-9D36F58376038C09,C,initial_rl,1
TRN-9D3ECCE0B76FE5D7,U,rest_3954,1
TRN-9D4DDC80BB2D91FA,U,rest_3954,1
TRN-9D5F3C7FA6F201C9,C,initial_rl,1
TRN-9D68C7BF3978689A,U,rest_3954,1
TRN-9D73B73FC5E38D7E,C,initial_rl,1
TRN-9D94973B22CA2A52,U,rest_3954,1
TRN-9D954620D0DCC918,A,initial_rl,1
TRN-9DA30343B8C20794,U,rest_3954,1
TRN-9DA8D2C202A5BF34,A,initial_rl,1
TRN-9DAD3800E2E51E42,U,rest_3954,1
TRN-9DAF0B516EF93B24,U,rest_3954,1
TRN-9DC2ECC5198D2890,B,initial_rl,1
TRN-9DC44335E19A5B05,U,rest_3954,1
TRN-9DC57F70963E8715,C,initial_rl,1
TRN-9DD4B60EA1E85ECF,U,rest_3954,1
TRN-9DE1070487DBF5D3,C,initial_rl,1
TRN-9DE6B66E0B7B941D,C,initial_rl,1
TRN-9DF15AE7C679EE70,U,rest_3954,1
TRN-9DF2C38C6D0BF027,B,initial_rl,1
TRN-9DF487D41BB9FC60,U,rest_3954,1
TRN-9DF627A03FC7AFE9,A,initial_rl,1
TRN-9DFC30F5AE396E60,U,rest_3954,1
TRN-9E0D370D2FAAB563,C,initial_rl,1
TRN-9E13216AA8C4958C,C,initial_rl,1
TRN-9E158428B22AC15F,U,rest_3954,1
TRN-9E171DADD496BFE9,C,initial_rl,1
TRN-9E1779C1051E1CF5,U,rest_3954,1
TRN-9E17CDFE60377A1D,U,rest_3954,1
TRN-9E22D4B86FD9F583,U,rest_3954,1
TRN-9E2846F77B3AE2E5,U,rest_3954,1
TRN-9E323859E89C45D0,U,rest_3954,1
TRN-9E4ABB87C693DF2B,U,rest_3954,1
TRN-9E4FB16CEFEB1699,C,initial_rl,1
TRN-9E5062C1223BE981,C,initial_rl,1
TRN-9E58113D93B8F439,U,rest_3954,1
TRN-9E5EA483288EAB2D,U,rest_3954,1
TRN-9E6021D8853EC336,U,rest_3954,1
TRN-9E8109CD5B3682B0,C,initial_rl,1
TRN-9E8131AEF8D489F3,U,rest_3954,1
TRN-9E8F4A5CA2CFCC8D,U,rest_3954,1
TRN-9E97C9CCA7870BE7,U,rest_3954,1
TRN-9E9C66E225C7CFBD,U,rest_3954,1
TRN-9EA6650E68A557F3,C,initial_rl,1
TRN-9EA8A495A0F22540,C,initial_rl,1
TRN-9EB8114C4817707F,U,rest_3954,1
TRN-9EF7B54C72074B22,C,initial_rl,1
TRN-9F13D5DB3EAD2B26,U,rest_3954,1
TRN-9F161B6369A14F3E,U,rest_3954,1
TRN-9F225FFFA5440443,C,initial_rl,1
TRN-9F29533D73EE53B0,B,initial_rl,1
TRN-9F2A28E7D4619BF1,C,initial_rl,1
TRN-9F2F2FD128C16BE2,B,initial_rl,1
TRN-9F38733E5A63F8AB,U,rest_3954,1
TRN-9F3A6938C3B71246,C,initial_rl,1
TRN-9F3ABD7603F1FDE1,C,initial_rl,1
TRN-9F53206A1B5D04E6,U,rest_3954,1
TRN-9F54B1F5F29E782E,U,rest_3954,1
TRN-9F57DF48690C3B54,C,initial_rl,1
TRN-9F6E6E3C417FD114,C,initial_rl,1
TRN-9F743A68F6809B6F,U,rest_3954,1
TRN-9F7540BB005F63AD,C,initial_rl,1
TRN-9F9510D3A4EEA727,B,initial_rl,1
TRN-9FA2F787D53ABFAD,U,rest_3954,1
TRN-9FAD1E966738F89C,U,rest_3954,1
TRN-9FBD902CAB290386,U,rest_3954,1
TRN-9FC81BBBD55C4995,U,rest_3954,1
TRN-9FD71A6EDB6C7EBF,C,initial_rl,1
TRN-9FE3DA9BCDA63D8A,C,initial_rl,1
TRN-9FE6ED77D8DB1F70,B,initial_rl,1
TRN-9FF0B59B967A7532,C,initial_rl,1
TRN-A00F6955EA7EF4E6,C,initial_rl,1
TRN-A02A03A2BD1F5899,C,initial_rl,1
TRN-A036641D1F6D6F85,U,rest_3954,1
TRN-A03C2E390BA171D7,U,rest_3954,1
TRN-A04C08AC4A882C68,A,initial_rl,1
TRN-A04EEAF13DCB3A03,B,initial_rl,1
TRN-A04FA3DD230BA726,A,initial_rl,1
TRN-A065DF6D5F8C042D,U,rest_3954,1
TRN-A0661B44EABA49F7,A,initial_rl,1
TRN-A0715748BC68A86B,C,initial_rl,1
TRN-A0855598AD469F58,U,rest_3954,1
TRN-A088EFE56DE3257F,U,rest_3954,1
TRN-A089F4E741EBC80B,U,rest_3954,1
TRN-A08AFE63D5FD6E73,C,initial_rl,1
TRN-A09E077F248B776D,U,rest_3954,1
TRN-A0A2768EFF496A88,C,initial_rl,1
TRN-A0A553D9CBF9E7F5,B,initial_rl,1
TRN-A0A7387D7D386527,C,initial_rl,1
TRN-A0B4EE9F8DE13F8D,U,rest_3954,1
TRN-A0B81A2744C36127,U,rest_3954,1
TRN-A0B90FFEBD4241CB,C,initial_rl,1
TRN-A0CFF6FFFB45434C,A,initial_rl,1
TRN-A0D6FAB986B8FFA9,U,rest_3954,1
TRN-A0DE21F9805FCA6D,C,initial_rl,1
TRN-A0DEC1E52CBDD6D2,C,initial_rl,1
TRN-A104F8663D0765E8,C,initial_rl,1
TRN-A108948C1BA60A18,C,initial_rl,1
TRN-A10B380BFDBB09CF,C,initial_rl,1
TRN-A12E3C95C090687E,U,rest_3954,1
TRN-A12F529DF97FC2DF,U,rest_3954,1
TRN-A137DA5F76CD261F,U,rest_3954,1
TRN-A13CDE90F9A03A9B,U,rest_3954,1
TRN-A140C10EEF6DF517,U,rest_3954,1
TRN-A148746A25C404B3,A,initial_rl,1
TRN-A148CB86F411D189,A,initial_rl,1
TRN-A1614BDC3C2BB4BA,U,rest_3954,1
TRN-A169180A7F2AF09E,U,rest_3954,1
TRN-A169F0D20E1EBC00,U,rest_3954,1
TRN-A170657835FFEFB1,B,initial_rl,1
TRN-A1712C2514577E60,U,rest_3954,1
TRN-A1793F95EEC9BC58,U,rest_3954,1
TRN-A17A33DA3922E3FA,U,rest_3954,1
TRN-A17DAACBB15CA00C,C,initial_rl,1
TRN-A19266E5AA801C96,U,rest_3954,1
TRN-A19783FE96064F56,U,rest_3954,1
TRN-A1A30E9ACC1EDB30,U,rest_3954,1
TRN-A1BA61EF1FC1056A,U,rest_3954,1
TRN-A1CD6869297B06D8,C,initial_rl,1
TRN-A1D213B751E26898,U,rest_3954,1
TRN-A1DF22DCF90E6486,B,initial_rl,1
TRN-A1E0A9B8F0AF73A3,C,initial_rl,1
TRN-A1F2B4B56564E7C1,C,initial_rl,1
TRN-A20D2FB9D0094796,C,initial_rl,1
TRN-A2103BD3A5AC6070,U,rest_3954,1
TRN-A2158BDE1ACD5E9D,U,rest_3954,1
TRN-A21F4669D97E6590,C,initial_rl,1
TRN-A226ADBC05D591B1,U,rest_3954,1
TRN-A22883926A8B1978,U,rest_3954,1
TRN-A23415F300CA60CA,U,rest_3954,1
TRN-A235B263A4B41ED5,C,initial_rl,1
TRN-A237F7D3F49EB91B,U,rest_3954,1
TRN-A23A01F56F73958B,U,rest_3954,1
TRN-A246C5F4644287B3,U,rest_3954,1
TRN-A257D3BBE0923CAE,A,initial_rl,1
TRN-A25DE5A2C96A15C4,C,initial_rl,1
TRN-A2637571CB019375,U,rest_3954,1
TRN-A26A2CF93676F77B,A,initial_rl,1
TRN-A26A46BBD9D2BCDA,A,initial_rl,1
TRN-A26A6AE22145EED3,U,rest_3954,1
TRN-A27E3417BDAB2F28,U,rest_3954,1
TRN-A287004341238AED,C,initial_rl,1
TRN-A28D3BDAC9B3F528,B,initial_rl,1
TRN-A2952576D9EB9D59,U,rest_3954,1
TRN-A2C2B80EDD05EAD1,U,rest_3954,1
TRN-A2C3DCEC275F6E28,U,rest_3954,1
TRN-A2CA6E8EF068640E,U,rest_3954,1
TRN-A2D185C8A4861D12,U,rest_3954,1
TRN-A2E31CD9C6937007,U,rest_3954,1
TRN-A2EDC3C9CD018DDD,U,rest_3954,1
TRN-A2EEDEA25E74D459,B,initial_rl,1
TRN-A318182F8CB05677,U,rest_3954,1
TRN-A31997AA2D01DEE8,U,rest_3954,1
TRN-A32F2A8130A080D8,U,rest_3954,1
TRN-A32FE03CA447F03C,U,rest_3954,1
TRN-A33AF7C9F0DD500B,U,rest_3954,1
TRN-A352C79A768861A8,U,rest_3954,1
TRN-A3592003608224E9,C,initial_rl,1
TRN-A35CE8858BD15954,U,rest_3954,1
TRN-A36041C1E3504C27,U,rest_3954,1
TRN-A36A992A95357CA7,U,rest_3954,1
TRN-A36F4C672610FE43,U,rest_3954,1
TRN-A3770ACF0890BB7F,C,initial_rl,1
TRN-A37BB5FFE488DA0A,U,rest_3954,1
TRN-A381B35BC894DEF0,U,rest_3954,1
TRN-A38CA717C2406B41,U,rest_3954,1
TRN-A39194805D81790A,U,rest_3954,1
TRN-A39458E728C183C8,U,rest_3954,1
TRN-A39C3C0960442102,U,rest_3954,1
TRN-A3A33E82249751E5,U,rest_3954,1
TRN-A3AAE5701D6B96FA,U,rest_3954,1
TRN-A3B486C7E9E5FFFD,U,rest_3954,1
TRN-A3B4E0521D49EEEF,A,initial_rl,1
TRN-A3B6C95D4383B95D,U,rest_3954,1
TRN-A3D07956EA0A76B9,U,rest_3954,1
TRN-A3D2ED221F26816B,C,initial_rl,1
TRN-A3D4C253CFA61FD4,B,initial_rl,1
TRN-A3D7E877B691D528,U,rest_3954,1
TRN-A3E19221394DA4FD,U,rest_3954,1
TRN-A3E6D6670C34D921,B,initial_rl,1
TRN-A3EEF98F9479F13E,U,rest_3954,1
TRN-A404227044A094A7,C,initial_rl,1
TRN-A40B0E52B2939C9D,U,rest_3954,1
TRN-A4105F7B6162D57E,U,rest_3954,1
TRN-A4161F7377961D64,U,rest_3954,1
TRN-A429AE461BF0F2D0,B,initial_rl,1
TRN-A42C9EA7C7A8987B,C,initial_rl,1
TRN-A435CC3824B8D9D3,U,rest_3954,1
TRN-A43B5A54BED55559,A,initial_rl,1
TRN-A440A9057FB040A3,C,initial_rl,1
TRN-A44172EFB46AABEA,U,rest_3954,1
TRN-A447F33C780D4FA0,U,rest_3954,1
TRN-A44F53294005E6D3,U,rest_3954,1
TRN-A4517CB36E28F0B6,U,rest_3954,1
TRN-A459F48E07CBF171,U,rest_3954,1
TRN-A45F592C4D213401,U,rest_3954,1
TRN-A4615DF6D404E13D,U,rest_3954,1
TRN-A4650C13D7E2B86B,U,rest_3954,1
TRN-A475FDADDE8F1D24,B,initial_rl,1
TRN-A4835025B9307DC4,U,rest_3954,1
TRN-A49AEC4436043947,C,initial_rl,1
TRN-A4A5EFB8DA9620CB,C,initial_rl,1
TRN-A4AB24566E9F5931,C,initial_rl,1
TRN-A4AC0DC2BA97849D,U,rest_3954,1
TRN-A4ADD8A42C3B45A7,A,initial_rl,1
TRN-A4B33D3C154A7D31,A,initial_rl,1
TRN-A4D18897BE1CC18A,C,initial_rl,1
TRN-A4D64542609C5BE5,U,rest_3954,1
TRN-A4DF27133C630316,C,initial_rl,1
TRN-A4E47D302BDD79F6,U,rest_3954,1
TRN-A4E54BDDD66CBF43,U,rest_3954,1
TRN-A4E8A9408B3FFBEC,C,initial_rl,1
TRN-A4F040728070F5C3,A,initial_rl,1
TRN-A4F2BAA190A83543,U,rest_3954,1
TRN-A5088AFE4CAF7BDF,C,initial_rl,1
TRN-A515DE151879A642,U,rest_3954,1
TRN-A52330C1B2E96F06,U,rest_3954,1
TRN-A533D9A62157F405,C,initial_rl,1
TRN-A53C41A25C73BC24,U,rest_3954,1
TRN-A5400E65B2686BAA,C,initial_rl,1
TRN-A540B4C72493E359,U,rest_3954,1
TRN-A546EF280D22E1F1,C,initial_rl,1
TRN-A562C92E82F3A98D,U,rest_3954,1
TRN-A568CA2237DA5AD9,C,initial_rl,1
TRN-A56E4E1B558234BD,U,rest_3954,1
TRN-A5796660A441CCC0,C,initial_rl,1
TRN-A57A02E2B8FC6A6A,U,rest_3954,1
TRN-A5873A52083E7371,U,rest_3954,1
TRN-A58BED897C35E6EA,U,rest_3954,1
TRN-A595CDC0E77CE639,U,rest_3954,1
TRN-A59B03D8C2A5F2B3,C,initial_rl,1
TRN-A5A9E32594892281,U,rest_3954,1
TRN-A5BB4BFE67A33083,U,rest_3954,1
TRN-A5C051604B796798,C,initial_rl,1
TRN-A5C1D2AE0405B655,U,rest_3954,1
TRN-A5CF6F557961E3EB,U,rest_3954,1
TRN-A5D369AED5F892EE,U,rest_3954,1
TRN-A5F91DCA92FEB6C2,U,rest_3954,1
TRN-A604F26C84DB125F,U,rest_3954,1
TRN-A61C033CB5F961DB,U,rest_3954,1
TRN-A61EA480C37B3BF8,U,rest_3954,1
TRN-A630EC0E2D37D59C,C,initial_rl,1
TRN-A6355D25CB6C82A5,B,initial_rl,1
TRN-A6408B75CFDB7D7A,C,initial_rl,1
TRN-A641203333AA70DE,U,rest_3954,1
TRN-A64A6A0895204589,U,rest_3954,1
TRN-A64EC7A22844C5D6,C,initial_rl,1
TRN-A6549ADE820864E2,U,rest_3954,1
TRN-A66B655EF62A1B21,C,initial_rl,1
TRN-A6770CE4C9E00D0C,U,rest_3954,1
TRN-A67E2308A5DAE091,U,rest_3954,1
TRN-A6806FBC59B81DB5,U,rest_3954,1
TRN-A6951496E6D0285A,C,initial_rl,1
TRN-A697741D1B683C92,U,rest_3954,1
TRN-A6BD89C5374298A8,U,rest_3954,1
TRN-A6BF04353C8EC8D8,C,initial_rl,1
TRN-A6C556910C742C62,U,rest_3954,1
TRN-A6DD441EBA8061DE,U,rest_3954,1
TRN-A6E8CC36049FE63B,C,initial_rl,1
TRN-A6F61F4C2A4D1CFD,U,rest_3954,1
TRN-A6F696E372E37EF1,U,rest_3954,1
TRN-A6F864D8970CAF41,B,initial_rl,1
TRN-A713C606D39717C6,U,rest_3954,1
TRN-A7174528B1F236F1,U,rest_3954,1
TRN-A71C46AC2F8EE331,C,initial_rl,1
TRN-A71D0177568B5A06,A,initial_rl,1
TRN-A71E9445DCB9CA6B,U,rest_3954,1
TRN-A7294F17AD1465F8,C,initial_rl,1
TRN-A74360F250E6BA8C,B,initial_rl,1
TRN-A74519B7878DE6BC,U,rest_3954,1
TRN-A74E274B038DC962,A,initial_rl,1
TRN-A757716E9EAF2BE6,A,initial_rl,1
TRN-A7592B5FFD38902A,C,initial_rl,1
TRN-A759A8CDB86636A1,U,rest_3954,1
TRN-A75C12E2137A8216,C,initial_rl,1
TRN-A783F1416D1634F4,U,rest_3954,1
TRN-A78E63F4FCC4B4B0,U,rest_3954,1
TRN-A79476B517C3CF44,C,initial_rl,1
TRN-A7A3A0BB2245F297,U,rest_3954,1
TRN-A7A5AE452B562C2C,C,initial_rl,1
TRN-A7B5799C89F3FFCF,B,initial_rl,1
TRN-A7B6C69A1589C553,C,initial_rl,1
TRN-A7BA1EDDD5EE71E3,A,initial_rl,1
TRN-A7BB0B54CD143D84,U,rest_3954,1
TRN-A7C6EF8F338F43D5,U,rest_3954,1
TRN-A7CD41C6138949E3,C,initial_rl,1
TRN-A7CF1FF1D63DA911,B,initial_rl,1
TRN-A7D1856B51EA97C5,C,initial_rl,1
TRN-A7DAF3930B65D5C5,U,rest_3954,1
TRN-A7DC571B75E75E15,U,rest_3954,1
TRN-A7E417AF7B961C03,C,initial_rl,1
TRN-A7E88802A8732B64,U,rest_3954,1
TRN-A7F4777D625A1354,A,initial_rl,1
TRN-A7F5497AD86ED96A,U,rest_3954,1
TRN-A80522A791FB6A36,C,initial_rl,1
TRN-A81340919AE2CA0A,C,initial_rl,1
TRN-A817C59D28F56C9E,U,rest_3954,1
TRN-A81A77719CDA2F36,U,rest_3954,1
TRN-A824A8D8DBAC9B13,U,rest_3954,1
TRN-A826659EAE74821A,U,rest_3954,1
TRN-A826E0616D8B8B45,U,rest_3954,1
TRN-A827E4CCAC9CE23F,U,rest_3954,1
TRN-A82DC3134A995122,U,rest_3954,1
TRN-A83C1E535E4B0650,A,initial_rl,1
TRN-A83E8DC94A021F04,U,rest_3954,1
TRN-A84041E7BEE2AAD6,B,initial_rl,1
TRN-A86475ADE28BC96A,U,rest_3954,1
TRN-A86642B789629A24,C,initial_rl,1
TRN-A86A24CA603FD100,C,initial_rl,1
TRN-A86F3585F8EB622A,U,rest_3954,1
TRN-A880CC5478B77C50,C,initial_rl,1
TRN-A88750A9410DDC86,U,rest_3954,1
TRN-A88B4A650A4E9DC5,U,rest_3954,1
TRN-A89B3686D81C6D62,A,initial_rl,1
TRN-A89E2D4D381BF0BE,C,initial_rl,1
TRN-A89F687EDF73E6D5,U,rest_3954,1
TRN-A8A6E329115092DF,U,rest_3954,1
TRN-A8AF190B8987CC4D,A,initial_rl,1
TRN-A8B5160B4554447D,U,rest_3954,1
TRN-A8C0DFD0878441B4,B,initial_rl,1
TRN-A8CEF623B9BF2675,C,initial_rl,1
TRN-A8E84121133C597E,U,rest_3954,1
TRN-A8E9EFDBE05B4F45,B,initial_rl,1
TRN-A8EAA614240C8B7B,C,initial_rl,1
TRN-A8EEDD32F2D79E1B,U,rest_3954,1
TRN-A8FB0426DE1ADC86,C,initial_rl,1
TRN-A8FB765170D0E9A7,U,rest_3954,1
TRN-A908791C9A8F81B0,A,initial_rl,1
TRN-A90BF80723194727,U,rest_3954,1
TRN-A915DFF428690870,B,initial_rl,1
TRN-A9267C3819F96FAF,U,rest_3954,1
TRN-A92D357DC3478E48,U,rest_3954,1
TRN-A954A47E473CB275,U,rest_3954,1
TRN-A9554C406679661A,U,rest_3954,1
TRN-A956E7F081699B24,U,rest_3954,1
TRN-A95D1A3B30C05499,B,initial_rl,1
TRN-A95D71B08519E3FF,U,rest_3954,1
TRN-A95DEFE42C88888B,U,rest_3954,1
TRN-A960F11794E52B3B,C,initial_rl,1
TRN-A975D3104EA8913F,U,rest_3954,1
TRN-A97D6895DEC9C257,U,rest_3954,1
TRN-A985D856DC3B5F7A,U,rest_3954,1
TRN-A98C8574DF76E7F4,B,initial_rl,1
TRN-A9A57D8B302A849C,C,initial_rl,1
TRN-A9A60F6867BB55B5,C,initial_rl,1
TRN-A9A6F012CDED3C25,C,initial_rl,1
TRN-A9ACD6C035B1AB3C,U,rest_3954,1
TRN-A9BFEDDAE868285E,B,initial_rl,1
TRN-A9C96E4FB5F91CBF,U,rest_3954,1
TRN-A9D4E37A951B21EA,C,initial_rl,1
TRN-A9D50A73485AFDD4,C,initial_rl,1
TRN-A9D5A7AA49F55F5A,U,rest_3954,1
TRN-A9E3185E70DB6A04,U,rest_3954,1
TRN-A9E8539F16097839,A,initial_rl,1
TRN-A9EEB82F185F42F6,C,initial_rl,1
TRN-A9F283D9C5BF37C1,U,rest_3954,1
TRN-A9FAAC5C1BD5B82E,U,rest_3954,1
TRN-A9FDE993BF080D38,U,rest_3954,1
TRN-AA0CDD14FADF6E34,U,rest_3954,1
TRN-AA1AB52D30626F71,B,initial_rl,1
TRN-AA1AE10788F846B1,A,initial_rl,1
TRN-AA1E634CD4B525D5,B,initial_rl,1
TRN-AA39BE5EAB89B643,U,rest_3954,1
TRN-AA44148EF36F7C64,A,initial_rl,1
TRN-AA4AFA28F564C1CC,C,initial_rl,1
TRN-AA545C296D3E058F,A,initial_rl,1
TRN-AA70A0463659C20F,U,rest_3954,1
TRN-AA7F588DF0E41A3D,B,initial_rl,1
TRN-AA802B9E2972C128,U,rest_3954,1
TRN-AA818A55A0A61C0A,A,initial_rl,1
TRN-AA91AB4618DF833C,A,initial_rl,1
TRN-AAA19EC41FE0D98F,C,initial_rl,1
TRN-AAA742FEC05B393D,U,rest_3954,1
TRN-AAAE65F239651170,U,rest_3954,1
TRN-AAB083A94B49B18D,C,initial_rl,1
TRN-AAB83EAE25117DC4,A,initial_rl,1
TRN-AABA16933EABF96F,C,initial_rl,1
TRN-AAD319A0AB8F8395,B,initial_rl,1
TRN-AADEC230FE44BD0B,U,rest_3954,1
TRN-AAE98F988EB36083,U,rest_3954,1
TRN-AB120C68B1FE89A9,U,rest_3954,1
TRN-AB122A6EC356BECD,A,initial_rl,1
TRN-AB1774C47502D737,U,rest_3954,1
TRN-AB1F1545407D98B9,U,rest_3954,1
TRN-AB2197329319D491,C,initial_rl,1
TRN-AB25FF7982807B48,A,initial_rl,1
TRN-AB27A8B6DCA9D129,B,initial_rl,1
TRN-AB28B727AC51884D,U,rest_3954,1
TRN-AB3B3E4C2E9FB425,B,initial_rl,1
TRN-AB3C77CF69FB7DE7,U,rest_3954,1
TRN-AB438D961401C72E,U,rest_3954,1
TRN-AB683D8B259DCA86,U,rest_3954,1
TRN-AB7129FAA4A40CA5,U,rest_3954,1
TRN-AB7771C229B297A7,A,initial_rl,1
TRN-AB7F6D632656DE0F,A,initial_rl,1
TRN-AB8FA479A1EBD4A8,U,rest_3954,1
TRN-AB97BC47B930970D,U,rest_3954,1
TRN-ABA5EFA2ACF16FDB,U,rest_3954,1
TRN-ABB08771E5191F1B,B,initial_rl,1
TRN-ABB248D1576ABB5F,U,rest_3954,1
TRN-ABC248C6C0A4A9BC,U,rest_3954,1
TRN-ABCCD8947464D0E1,C,initial_rl,1
TRN-ABCF843E60B06ABF,B,initial_rl,1
TRN-ABD917ADEDEBF352,A,initial_rl,1
TRN-ABDD2463118EA5F1,U,rest_3954,1
TRN-ABF09D4DBCA3BC73,U,rest_3954,1
TRN-ABF614E51063EEB3,U,rest_3954,1
TRN-ABF7F01814244D77,U,rest_3954,1
TRN-ABFFC383465539BC,B,initial_rl,1
TRN-AC0E3A9C7439DD7E,A,initial_rl,1
TRN-AC16EB7A2F3B7C96,U,rest_3954,1
TRN-AC1713363FA5316B,U,rest_3954,1
TRN-AC2520B9744B77D0,C,initial_rl,1
TRN-AC2B10883DACBA98,U,rest_3954,1
TRN-AC2C62AE2B0C4397,U,rest_3954,1
TRN-AC2E1587D0BB7634,A,initial_rl,1
TRN-AC383DAC4FC36056,A,initial_rl,1
TRN-AC3B07D5E48DB700,U,rest_3954,1
TRN-AC3E019D18C2035F,B,initial_rl,1
TRN-AC42EEC7290F09D4,U,rest_3954,1
TRN-AC4EF1518E3925C1,U,rest_3954,1
TRN-AC505A4750A31EEF,B,initial_rl,1
TRN-AC527C334113F520,A,initial_rl,1
TRN-AC5481CB704322CE,U,rest_3954,1
TRN-AC54D518587B005D,C,initial_rl,1
TRN-AC6608777E759780,C,initial_rl,1
TRN-AC845C2E6A32C272,U,rest_3954,1
TRN-ACA16F4511A398C8,C,initial_rl,1
TRN-ACAC63E0AA8E3C76,B,initial_rl,1
TRN-ACAD0D2D2D462B0E,U,rest_3954,1
TRN-ACAEF9146825296B,C,initial_rl,1
TRN-ACBBAE7066C5A022,U,rest_3954,1
TRN-ACC6602FF5A83917,C,initial_rl,1
TRN-ACCBF9EA8BF9A123,U,rest_3954,1
TRN-ACD67A2103941F97,U,rest_3954,1
TRN-ACD6B78D9C9E4560,U,rest_3954,1
TRN-ACD8F88BCC7D2CDC,U,rest_3954,1
TRN-ACD95B5C45C05E85,U,rest_3954,1
TRN-ACDBDB4670989427,U,rest_3954,1
TRN-ACE2FF5B493FCBA1,U,rest_3954,1
TRN-ACE943A4D1752A72,U,rest_3954,1
TRN-ACFCDB643EC34E7D,C,initial_rl,1
TRN-ACFFB75A0D1A7515,U,rest_3954,1
TRN-AD0298D418A48D43,C,initial_rl,1
TRN-AD0407C6630E5188,U,rest_3954,1
TRN-AD07872ED17B9F97,A,initial_rl,1
TRN-AD16839CFB21B2EE,U,rest_3954,1
TRN-AD181662F65165D2,C,initial_rl,1
TRN-AD1A04F43315339D,U,rest_3954,1
TRN-AD1C4031EC8836C5,C,initial_rl,1
TRN-AD21520A2EC3E69E,A,initial_rl,1
TRN-AD27014273998E48,C,initial_rl,1
TRN-AD30F46A741D38D1,U,rest_3954,1
TRN-AD33A2EBB171F991,U,rest_3954,1
TRN-AD366109D9A48E72,U,rest_3954,1
TRN-AD47D40DEAFDE980,C,initial_rl,1
TRN-AD5C89980D17A174,C,initial_rl,1
TRN-AD63A38AE986DEE6,C,initial_rl,1
TRN-AD6D3116AA6ED9DD,U,rest_3954,1
TRN-AD72FA45AA462504,B,initial_rl,1
TRN-AD78E0D181887B1D,U,rest_3954,1
TRN-AD7C7DCA22A5318B,C,initial_rl,1
TRN-AD84B925F8A722A0,B,initial_rl,1
TRN-AD854CA3664E6BCE,U,rest_3954,1
TRN-AD881EEDBFC45FDC,U,rest_3954,1
TRN-AD8F6446B59DA959,A,initial_rl,1
TRN-AD9AE5DBE30EE922,U,rest_3954,1
TRN-ADB193739AAC21A7,U,rest_3954,1
TRN-ADBF20D4B81E611C,U,rest_3954,1
TRN-ADC1EE0AB63D31D0,U,rest_3954,1
TRN-ADC49F72FAA01B9E,U,rest_3954,1
TRN-ADDC2AEC706A6639,B,initial_rl,1
TRN-ADEB888B5108BB74,A,initial_rl,1
TRN-AE03109ED5C49B19,U,rest_3954,1
TRN-AE04FF088C1AB5C7,U,rest_3954,1
TRN-AE0821819461DD33,C,initial_rl,1
TRN-AE08A28E5373DC41,U,rest_3954,1
TRN-AE10FE68A1D66445,C,initial_rl,1
TRN-AE1A012DF4D22CAB,C,initial_rl,1
TRN-AE2544BE94912A65,U,rest_3954,1
TRN-AE4001290F031538,U,rest_3954,1
TRN-AE459BCE242E8090,C,initial_rl,1
TRN-AE4EF936CE5C390A,U,rest_3954,1
TRN-AE5D614CA3D3C3D1,U,rest_3954,1
TRN-AE6011613D0E3C99,C,initial_rl,1
TRN-AE6B8B55A8E9EC41,U,rest_3954,1
TRN-AE712FEDCCC8C5B1,U,rest_3954,1
TRN-AE7D4E6368F61F0E,U,rest_3954,1
TRN-AE83210E61E26EF5,U,rest_3954,1
TRN-AEA1350FF2D1933D,U,rest_3954,1
TRN-AEA1C5C704D587F6,U,rest_3954,1
TRN-AEA8C0E885AE4F55,U,rest_3954,1
TRN-AEB824AE48BA4814,U,rest_3954,1
TRN-AEC2C9E1BBE1B278,C,initial_rl,1
TRN-AEC4A6417BE2CF62,U,rest_3954,1
TRN-AECB386F50F57241,B,initial_rl,1
TRN-AEDD4978A60C040E,U,rest_3954,1
TRN-AEE27BFA335215D4,U,rest_3954,1
TRN-AEFDE77DCCB7607E,C,initial_rl,1
TRN-AF04C3DCB0478548,U,rest_3954,1
TRN-AF1D3498F1848A72,U,rest_3954,1
TRN-AF33DAD54CA44F4C,C,initial_rl,1
TRN-AF3F36085A24151F,U,rest_3954,1
TRN-AF603EE6653CE494,U,rest_3954,1
TRN-AF6145058AE0D93E,U,rest_3954,1
TRN-AF63911B4475F8FE,C,initial_rl,1
TRN-AF6394A22A12B120,U,rest_3954,1
TRN-AF6DF619E1CB0A14,U,rest_3954,1
TRN-AF6E9C39C13CEA5C,A,initial_rl,1
TRN-AF853C3105CC5B97,C,initial_rl,1
TRN-AF9669C06DF7B6C0,U,rest_3954,1
TRN-AFA62337509745CE,C,initial_rl,1
TRN-AFB40D263C7B4CB1,A,initial_rl,1
TRN-AFC0BFF26A8E81D5,U,rest_3954,1
TRN-AFC3CFC88ABA62FD,U,rest_3954,1
TRN-AFCE0CCA590CE341,U,rest_3954,1
TRN-AFD66902A21901E7,U,rest_3954,1
TRN-AFDEBCA86421A716,C,initial_rl,1
TRN-AFF4BBD8F1D6C221,U,rest_3954,1
TRN-AFF815A002C993AB,U,rest_3954,1
TRN-AFF9F36E96A5345D,U,rest_3954,1
TRN-AFFF46907E5513B7,U,rest_3954,1
TRN-B003B640A697AEAD,B,initial_rl,1
TRN-B004296BA231EFE4,C,initial_rl,1
TRN-B009D35F358466BF,B,initial_rl,1
TRN-B01048C660F1FA01,U,rest_3954,1
TRN-B01636449D216381,C,initial_rl,1
TRN-B01C76AF01ADF2AF,A,initial_rl,1
TRN-B0237D96ACA9BED1,A,initial_rl,1
TRN-B02644B242A1E212,U,rest_3954,1
TRN-B03A8719C99E5C19,U,rest_3954,1
TRN-B03DCAFA404713E4,U,rest_3954,1
TRN-B03F050E628749DB,U,rest_3954,1
TRN-B0438D505366B6C7,C,initial_rl,1
TRN-B0470D46A005DD9F,U,rest_3954,1
TRN-B058D632FD6DA67F,U,rest_3954,1
TRN-B05FE01D439534BA,C,initial_rl,1
TRN-B072657AA02AC148,U,rest_3954,1
TRN-B07BA084482098AD,U,rest_3954,1
TRN-B07CA634BF7DEC4E,U,rest_3954,1
TRN-B084A02FD770CE65,B,initial_rl,1
TRN-B0896707AADADEA0,U,rest_3954,1
TRN-B08F92E03DA83E1F,U,rest_3954,1
TRN-B0957F51B8BC62F0,A,initial_rl,1
TRN-B0A74F17E06DFFEE,U,rest_3954,1
TRN-B0B29440CE0F529B,A,initial_rl,1
TRN-B0B68CE72C8EE5DC,U,rest_3954,1
TRN-B0D37BD62191D533,B,initial_rl,1
TRN-B0F99D0091EE0D92,U,rest_3954,1
TRN-B114E2B618AD6483,U,rest_3954,1
TRN-B13E04946A4CA9FA,U,rest_3954,1
TRN-B1410D739D6B6C81,C,initial_rl,1
TRN-B151D1D0162E5839,C,initial_rl,1
TRN-B154E86EF58F841F,B,initial_rl,1
TRN-B15DE4B163FC0534,U,rest_3954,1
TRN-B15FBC621A74A71B,U,rest_3954,1
TRN-B162A48F8983649B,U,rest_3954,1
TRN-B163B689D56D0F07,B,initial_rl,1
TRN-B16C100071CCF68F,B,initial_rl,1
TRN-B17C7236FEFA095D,A,initial_rl,1
TRN-B17C7927BCCF2CFD,U,rest_3954,1
TRN-B17DD65334F06D34,C,initial_rl,1
TRN-B1816532B08D5311,U,rest_3954,1
TRN-B18E597079B12438,U,rest_3954,1
TRN-B192C9D44F3FD432,U,rest_3954,1
TRN-B1984C2DA1747917,C,initial_rl,1
TRN-B1A1BB225690049B,C,initial_rl,1
TRN-B1A1E7122B0E6A2C,C,initial_rl,1
TRN-B1B9BFA57D31457B,U,rest_3954,1
TRN-B1B9D2A4A9A63393,U,rest_3954,1
TRN-B1B9D8258F5E0B28,U,rest_3954,1
TRN-B1D1416AAA0B6ECE,C,initial_rl,1
TRN-B1DE1543A31431B7,C,initial_rl,1
TRN-B1E48ABEDBC10D2B,U,rest_3954,1
TRN-B1EAE1CB85886097,C,initial_rl,1
TRN-B1F6DCD25BC948D9,U,rest_3954,1
TRN-B1FFEBFCBDBA21B6,U,rest_3954,1
TRN-B20798B1FE341C19,U,rest_3954,1
TRN-B20A9921772FEC3D,U,rest_3954,1
TRN-B211369DD1CC6A92,C,initial_rl,1
TRN-B219DA60E44BE963,U,rest_3954,1
TRN-B221FCBF88705C24,U,rest_3954,1
TRN-B22524FE3BD68833,C,initial_rl,1
TRN-B2257B2204708DD3,A,initial_rl,1
TRN-B2343DEEAAA38F85,C,initial_rl,1
TRN-B23DD06C37887709,A,initial_rl,1
TRN-B24988C88FC9702F,U,rest_3954,1
TRN-B24BFA9EFBC6AE32,C,initial_rl,1
TRN-B2594CBB1BC79F0C,U,rest_3954,1
TRN-B25D2C3AB251A449,C,initial_rl,1
TRN-B268472C2FBECCC7,C,initial_rl,1
TRN-B27E5CF93015AE1C,U,rest_3954,1
TRN-B28146B3899AB5C1,U,rest_3954,1
TRN-B28DCB80284E983C,A,initial_rl,1
TRN-B29A04D77D887445,U,rest_3954,1
TRN-B29CB7F7A61EB3B0,B,initial_rl,1
TRN-B2A3640BE8A06930,U,rest_3954,1
TRN-B2A47F7A2248852C,A,initial_rl,1
TRN-B2B783E03DCEAD09,B,initial_rl,1
TRN-B2C7BF2770EAE802,U,rest_3954,1
TRN-B2CAD1D3F892FD3C,A,initial_rl,1
TRN-B2CB523F3A649196,U,rest_3954,1
TRN-B2DDF46838585BDF,U,rest_3954,1
TRN-B2EB5468A09AEB54,C,initial_rl,1
TRN-B2ED1B6EC757B2DA,C,initial_rl,1
TRN-B2F228421002D9F9,U,rest_3954,1
TRN-B2F29C25A52FD5C8,U,rest_3954,1
TRN-B30A880AEDFD0853,C,initial_rl,1
TRN-B317AE4486D3061D,U,rest_3954,1
TRN-B31A8AC5059B1CB4,A,initial_rl,1
TRN-B31E601AB8EBC88D,U,rest_3954,1
TRN-B32408FD79C9CC78,U,rest_3954,1
TRN-B32DF750EBCA8201,U,rest_3954,1
TRN-B33870C768BDAD83,U,rest_3954,1
TRN-B34689D96594914C,U,rest_3954,1
TRN-B348E68B8C9AF189,U,rest_3954,1
TRN-B357C8428096D760,C,initial_rl,1
TRN-B367F2F3E812C3A2,C,initial_rl,1
TRN-B36FC1DCC1A6F87B,U,rest_3954,1
TRN-B375825A8324942E,U,rest_3954,1
TRN-B38046273CACFAF5,U,rest_3954,1
TRN-B385326B523BE71C,A,initial_rl,1
TRN-B38F523C14D07311,U,rest_3954,1
TRN-B3907185C818716D,U,rest_3954,1
TRN-B392C4C3D2635F42,A,initial_rl,1
TRN-B395E015BE6D0E3E,U,rest_3954,1
TRN-B39F95CE2A649CFB,A,initial_rl,1
TRN-B3AC1280D1294CBC,U,rest_3954,1
TRN-B3BDCFFD82661FD9,U,rest_3954,1
TRN-B3C0998495D73FAD,B,initial_rl,1
TRN-B3C55D8DB0231133,C,initial_rl,1
TRN-B3C7F04684EC45CA,U,rest_3954,1
TRN-B3D5C3F9903C9695,U,rest_3954,1
TRN-B3DE7C8968B7BE51,B,initial_rl,1
TRN-B3F4D61D10083A06,U,rest_3954,1
TRN-B3FE48944FB04695,U,rest_3954,1
TRN-B40B01CB69F24AD9,U,rest_3954,1
TRN-B4158E848C3EFEB5,U,rest_3954,1
TRN-B41F8EB205112602,U,rest_3954,1
TRN-B42240ACEF35D382,U,rest_3954,1
TRN-B4276C96E9C26F9E,U,rest_3954,1
TRN-B42801EB081A370D,U,rest_3954,1
TRN-B42DCCF338DADA65,U,rest_3954,1
TRN-B4365D5C98CCF413,C,initial_rl,1
TRN-B43A8767878CE7C8,U,rest_3954,1
TRN-B44911890B12B5B7,U,rest_3954,1
TRN-B44B18BD11C87A7D,U,rest_3954,1
TRN-B44DD0471C870B43,C,initial_rl,1
TRN-B451117966A32AFD,C,initial_rl,1
TRN-B451BC2A6EB511D4,C,initial_rl,1
TRN-B45A4D74A1CB501C,C,initial_rl,1
TRN-B468984B027C0F4F,C,initial_rl,1
TRN-B46EE66B4C775FFD,U,rest_3954,1
TRN-B4707901F50FBCFF,U,rest_3954,1
TRN-B47A316D26984602,U,rest_3954,1
TRN-B489474A77FEF3F5,U,rest_3954,1
TRN-B48AA0BA4A5875B5,U,rest_3954,1
TRN-B48C79D39CC495A0,U,rest_3954,1
TRN-B48D09312D5526E3,C,initial_rl,1
TRN-B493E2050EA615FF,A,initial_rl,1
TRN-B4B3330CAC1DE4BD,U,rest_3954,1
TRN-B4D57815E8D50946,U,rest_3954,1
TRN-B4D72DCFA760809F,C,initial_rl,1
TRN-B4E01F2959968B64,U,rest_3954,1
TRN-B4E6CB3C0041D41C,B,initial_rl,1
TRN-B4F33BEEAA3B755C,U,rest_3954,1
TRN-B4F82015E5494DC6,U,rest_3954,1
TRN-B5025EAE9F4B8F26,U,rest_3954,1
TRN-B50741A4F5DEAE83,B,initial_rl,1
TRN-B50945045165A60B,U,rest_3954,1
TRN-B51365D4C85A4512,A,initial_rl,1
TRN-B51AE24F4E17C5DE,C,initial_rl,1
TRN-B52073AE07A3BB84,U,rest_3954,1
TRN-B5247A7B71A2A30C,C,initial_rl,1
TRN-B525462DDB3D53F5,U,rest_3954,1
TRN-B52859AA92B16B65,A,initial_rl,1
TRN-B52F454E53E56D1C,U,rest_3954,1
TRN-B53A7A0E173EDBF7,U,rest_3954,1
TRN-B53CCD148BAC5EB0,U,rest_3954,1
TRN-B53E015DB3271EA1,U,rest_3954,1
TRN-B5406AF25F65DC2B,U,rest_3954,1
TRN-B588E99BD9A6C0CF,C,initial_rl,1
TRN-B58F9AB1E01EFA67,C,initial_rl,1
TRN-B5A2EF64F2E30BDA,U,rest_3954,1
TRN-B5A752177D28D104,U,rest_3954,1
TRN-B5BF062E7280CC39,C,initial_rl,1
TRN-B5C198086069CD8E,C,initial_rl,1
TRN-B5D4129A9FDB4B71,U,rest_3954,1
TRN-B5D9497125D5C88B,U,rest_3954,1
TRN-B5E7F9F7382CABA9,C,initial_rl,1
TRN-B5EB49CC4DFE01B7,C,initial_rl,1
TRN-B613174BD811C57C,U,rest_3954,1
TRN-B623B6CA52EC204C,U,rest_3954,1
TRN-B62706A70F63901D,U,rest_3954,1
TRN-B630F258F3FDD5FA,U,rest_3954,1
TRN-B654D118B62E1B8A,C,initial_rl,1
TRN-B658692C1C11505F,B,initial_rl,1
TRN-B66EBBD5D9D9E9B7,C,initial_rl,1
TRN-B67DBE6BCF1005FC,B,initial_rl,1
TRN-B684A73C582FBC41,U,rest_3954,1
TRN-B68C0BB99873F740,U,rest_3954,1
TRN-B68D2A437C048875,C,initial_rl,1
TRN-B68D5E6A5F416650,C,initial_rl,1
TRN-B6938493E5F51F85,U,rest_3954,1
TRN-B6974FF9FE6756F4,C,initial_rl,1
TRN-B6A9DF363271EE0C,U,rest_3954,1
TRN-B6CE9554499A80E9,U,rest_3954,1
TRN-B6D219C312D1085A,U,rest_3954,1
TRN-B6D593A028A9B114,U,rest_3954,1
TRN-B6F34928832C06EE,C,initial_rl,1
TRN-B6F39447C781B05D,C,initial_rl,1
TRN-B6F59AE59B0D9767,U,rest_3954,1
TRN-B6FBE2F30E07F00D,U,rest_3954,1
TRN-B700343C98895383,U,rest_3954,1
TRN-B70D566A0E19AF31,C,initial_rl,1
TRN-B711F9AA4356A22D,C,initial_rl,1
TRN-B7136E3B66125858,U,rest_3954,1
TRN-B72F0BA1CA4335C5,A,initial_rl,1
TRN-B742B1C124B4EFC4,U,rest_3954,1
TRN-B7452EB12972FA3A,U,rest_3954,1
TRN-B747C86D54CD020F,U,rest_3954,1
TRN-B75AB1557F33F446,C,initial_rl,1
TRN-B76414D645B23E9F,U,rest_3954,1
TRN-B777C31208E7279A,A,initial_rl,1
TRN-B77FDC44695D1DF8,C,initial_rl,1
TRN-B7846C1D7B1750C4,U,rest_3954,1
TRN-B7852FC8AD5531DC,U,rest_3954,1
TRN-B78E14B2E0935C42,U,rest_3954,1
TRN-B792732D1FE0FF75,U,rest_3954,1
TRN-B7A184F3624F34C5,U,rest_3954,1
TRN-B7A2E24A2BCA3E42,C,initial_rl,1
TRN-B7A49BD00F07D461,U,rest_3954,1
TRN-B7A55462C1B2199B,U,rest_3954,1
TRN-B7A58406C2699487,C,initial_rl,1
TRN-B7A6A43234CA3FDF,U,rest_3954,1
TRN-B7C41E0BB9B5BEE5,U,rest_3954,1
TRN-B7C6272A20855914,C,initial_rl,1
TRN-B7CE03C33AB36215,C,initial_rl,1
TRN-B7D562CDD4D5FAF4,C,initial_rl,1
TRN-B7FC9A950E934D85,C,initial_rl,1
TRN-B7FE93EC4D7D0837,U,rest_3954,1
TRN-B80EBC2BBE46A43E,U,rest_3954,1
TRN-B81CCDC750C68083,U,rest_3954,1
TRN-B82096CDD4E2CF2A,U,rest_3954,1
TRN-B829965633CEA38A,B,initial_rl,1
TRN-B82C791D7D69E4A4,U,rest_3954,1
TRN-B8357344A3234682,U,rest_3954,1
TRN-B8399BC6F6583208,U,rest_3954,1
TRN-B839FA2B9A6E8187,U,rest_3954,1
TRN-B84422165AF2200D,A,initial_rl,1
TRN-B846B1B28DDF99A5,C,initial_rl,1
TRN-B848BD299EE213A1,A,initial_rl,1
TRN-B84D6557B841350D,U,rest_3954,1
TRN-B853CD92B7E50C39,U,rest_3954,1
TRN-B856C9A54BFE1E47,U,rest_3954,1
TRN-B8690FC8A14F46E7,U,rest_3954,1
TRN-B86D718AFA353130,A,initial_rl,1
TRN-B86FB63C737B89D8,U,rest_3954,1
TRN-B87385D2A9B755E2,U,rest_3954,1
TRN-B88954846C0BA0D6,U,rest_3954,1
TRN-B88A2ECF6F9F87E2,U,rest_3954,1
TRN-B8966AD59DCB5D10,C,initial_rl,1
TRN-B89990820777FF0C,A,initial_rl,1
TRN-B89993162ABC13C4,C,initial_rl,1
TRN-B89D8AF26A553A95,U,rest_3954,1
TRN-B8A29C7F0E444851,U,rest_3954,1
TRN-B8A8359DFB10D109,U,rest_3954,1
TRN-B8ABB65B7E92BC21,C,initial_rl,1
TRN-B8AF54D3AFD59D58,U,rest_3954,1
TRN-B8B2C52775B171D7,C,initial_rl,1
TRN-B8C9B79426FF56F9,C,initial_rl,1
TRN-B8CD12A6B4846B28,U,rest_3954,1
TRN-B8D8861769C8FDB3,U,rest_3954,1
TRN-B8DD4233BDD6D4F1,C,initial_rl,1
TRN-B8E11534492D48E2,U,rest_3954,1
TRN-B8F1558F49A011C7,C,initial_rl,1
TRN-B8FC3D6CF6BFA04B,U,rest_3954,1
TRN-B911A651D0B03625,A,initial_rl,1
TRN-B9231EC654800737,C,initial_rl,1
TRN-B928228DE17DFD54,U,rest_3954,1
TRN-B92B2A502220F004,A,initial_rl,1
TRN-B92DD62E75DEC991,U,rest_3954,1
TRN-B951415D713F6080,U,rest_3954,1
TRN-B95A06F9EE1BFB05,U,rest_3954,1
TRN-B96D1DC6219E2C58,U,rest_3954,1
TRN-B97D21C2A6A6EE2B,U,rest_3954,1
TRN-B98157A7E011E8D9,B,initial_rl,1
TRN-B9849CF0F54616B1,A,initial_rl,1
TRN-B985C4162999B555,C,initial_rl,1
TRN-B98F0E25D4117CD1,U,rest_3954,1
TRN-B9A13F2B4FFCF9F3,C,initial_rl,1
TRN-B9A69A635954941D,U,rest_3954,1
TRN-B9A92DA46CF8ABDF,C,initial_rl,1
TRN-B9ABF92303C41FE8,U,rest_3954,1
TRN-B9CAD2A2FD4294B4,U,rest_3954,1
TRN-B9D0C54B9DFE8596,U,rest_3954,1
TRN-B9D273E0122F7344,U,rest_3954,1
TRN-B9D919092988A01D,U,rest_3954,1
TRN-B9DEA0D79361532A,U,rest_3954,1
TRN-B9E1F100EB16FA47,U,rest_3954,1
TRN-B9E4FEA4AD7ACF54,B,initial_rl,1
TRN-B9F856C0A6CEAF22,U,rest_3954,1
TRN-BA0D89200718B621,U,rest_3954,1
TRN-BA18BCAFD79C5D99,C,initial_rl,1
TRN-BA24589B8ED38EAC,U,rest_3954,1
TRN-BA254DD340CC88B3,B,initial_rl,1
TRN-BA28665E08FF69B2,U,rest_3954,1
TRN-BA2B8ECD0D8DE4AB,U,rest_3954,1
TRN-BA4942818C7CDE58,U,rest_3954,1
TRN-BA79C4A74A7B0250,C,initial_rl,1
TRN-BA834D87E9A6330C,B,initial_rl,1
TRN-BA96FC8CC7746FF0,B,initial_rl,1
TRN-BAB1CC10524B1A7F,U,rest_3954,1
TRN-BAB250FDA0C3EE5B,U,rest_3954,1
TRN-BAB421F3CAB0C04D,A,initial_rl,1
TRN-BAB72D56F8E4E840,U,rest_3954,1
TRN-BABADD1394791CE6,U,rest_3954,1
TRN-BADB3ED992A7BDEE,U,rest_3954,1
TRN-BAE4ABFEBF62832B,U,rest_3954,1
TRN-BAEEE3225738C240,U,rest_3954,1
TRN-BAF36504DA7E5133,C,initial_rl,1
TRN-BAF420FEF9BCF182,C,initial_rl,1
TRN-BAFAF985BCC0B207,A,initial_rl,1
TRN-BB15E2E99783EF49,C,initial_rl,1
TRN-BB325A7DCFFF8A75,U,rest_3954,1
TRN-BB32A9A89AC9FFB8,A,initial_rl,1
TRN-BB3436FACBA3BFC7,B,initial_rl,1
TRN-BB3F69D34123AF41,B,initial_rl,1
TRN-BB5B8BAB25747D5E,A,initial_rl,1
TRN-BB5E48F6106FCC26,U,rest_3954,1
TRN-BB6433D3204D0906,U,rest_3954,1
TRN-BB6798FEE54BD2E9,B,initial_rl,1
TRN-BB7C578DBA792659,C,initial_rl,1
TRN-BB8708ACDBA307C1,U,rest_3954,1
TRN-BB9466CCB286F345,C,initial_rl,1
TRN-BBA2AB07E2342BDB,C,initial_rl,1
TRN-BBA5A48932E751EA,U,rest_3954,1
TRN-BBA7A90D6AB9AF9C,A,initial_rl,1
TRN-BBB7D3090B27EF9C,U,rest_3954,1
TRN-BBBEED5AEC0179E9,B,initial_rl,1
TRN-BBC0BC3D2146DD11,U,rest_3954,1
TRN-BBC1AB43EE920F3E,A,initial_rl,1
TRN-BBC85521C158D6FC,C,initial_rl,1
TRN-BBC9C815A906DC55,U,rest_3954,1
TRN-BBCE87BD00A55C7A,U,rest_3954,1
TRN-BBD59A340089D5FD,U,rest_3954,1
TRN-BBD7D2FBD3631C5B,U,rest_3954,1
TRN-BBE6D45813F826AF,U,rest_3954,1
TRN-BC00A8DEAAA2550A,C,initial_rl,1
TRN-BC0470ABEBA8C54F,U,rest_3954,1
TRN-BC1466434F404D09,U,rest_3954,1
TRN-BC1832F4F6747A22,C,initial_rl,1
TRN-BC203A7EDDFD3A88,C,initial_rl,1
TRN-BC29A6326DE58743,U,rest_3954,1
TRN-BC45660700E6F72A,U,rest_3954,1
TRN-BC4DB4FC170BA9F4,U,rest_3954,1
TRN-BC551D16DE93770A,U,rest_3954,1
TRN-BC608398A499E9A6,C,initial_rl,1
TRN-BC77B736006DF7A4,B,initial_rl,1
TRN-BC7D70F1863144CC,C,initial_rl,1
TRN-BC84606E1C327311,U,rest_3954,1
TRN-BC87FA2AC9F40382,B,initial_rl,1
TRN-BC8B1ED29B2C0032,C,initial_rl,1
TRN-BC93E9A145ACE2B9,U,rest_3954,1
TRN-BC98A68D40312279,B,initial_rl,1
TRN-BCB1B910947BD9C6,C,initial_rl,1
TRN-BCB2E7D346028234,U,rest_3954,1
TRN-BCB8B22ABA92B7CF,U,rest_3954,1
TRN-BCCA429F1FFD3160,U,rest_3954,1
TRN-BCD74748A12C7EC4,U,rest_3954,1
TRN-BCE73B0D426803DB,U,rest_3954,1
TRN-BCF07D606346154E,U,rest_3954,1
TRN-BCF3925BA1984ACC,U,rest_3954,1
TRN-BD00387C54C8B563,U,rest_3954,1
TRN-BD07A5A324777056,C,initial_rl,1
TRN-BD0B808E5F441E70,U,rest_3954,1
TRN-BD0EA8BE7F13267B,U,rest_3954,1
TRN-BD170F0C11BF576C,C,initial_rl,1
TRN-BD214A3B4DB89395,U,rest_3954,1
TRN-BD391BD7777D9581,U,rest_3954,1
TRN-BD45D68745445989,U,rest_3954,1
TRN-BD4B3EF6F6AFFC41,U,rest_3954,1
TRN-BD4BDEE26E092A08,U,rest_3954,1
TRN-BD7D4AA85EA6C781,U,rest_3954,1
TRN-BD82CE8783E42105,C,initial_rl,1
TRN-BD9AFF356995A86A,U,rest_3954,1
TRN-BDA8A7AFD5A5FC62,C,initial_rl,1
TRN-BDBACFEE5743A6AF,C,initial_rl,1
TRN-BDC613E8FB311D47,U,rest_3954,1
TRN-BDCA00ACF9C3FD67,U,rest_3954,1
TRN-BDD829B7A3B367D9,U,rest_3954,1
TRN-BDE33DA249BB9B47,U,rest_3954,1
TRN-BDE736B3ACD988C0,U,rest_3954,1
TRN-BE009F008C6170C8,C,initial_rl,1
TRN-BE0A920E87E4885D,U,rest_3954,1
TRN-BE0E15441B89CA73,C,initial_rl,1
TRN-BE1230B47CEED8AE,U,rest_3954,1
TRN-BE15414604B69C8A,B,initial_rl,1
TRN-BE21CB6E530993E3,U,rest_3954,1
TRN-BE22C480EA37ECDB,C,initial_rl,1
TRN-BE251DA5E44DE081,B,initial_rl,1
TRN-BE27E7389BE2AEA0,U,rest_3954,1
TRN-BE32EBA8FBE1D10F,A,initial_rl,1
TRN-BE52031A4937E692,U,rest_3954,1
TRN-BE6028C32113507F,C,initial_rl,1
TRN-BE78D5967865C71E,U,rest_3954,1
TRN-BE7EF01A29540EF7,C,initial_rl,1
TRN-BE800C56E507F02B,U,rest_3954,1
TRN-BE89028D2C73AE72,C,initial_rl,1
TRN-BE9BC1B166837D3A,U,rest_3954,1
TRN-BE9CEE3FA762BC3C,U,rest_3954,1
TRN-BE9DF58201E6F4A6,B,initial_rl,1
TRN-BE9F8677B4EA9723,U,rest_3954,1
TRN-BEB280BFC80064E8,U,rest_3954,1
TRN-BEB9AA52E938C236,U,rest_3954,1
TRN-BEBCE01331D0BABD,C,initial_rl,1
TRN-BEBE87DE488613CA,U,rest_3954,1
TRN-BEC90F1FD7F8E7FC,U,rest_3954,1
TRN-BED3B5DE9A3633CF,U,rest_3954,1
TRN-BED70D39BBCB58E3,U,rest_3954,1
TRN-BEE646436C12CCA9,U,rest_3954,1
TRN-BEF91F0CE78DB5E3,U,rest_3954,1
TRN-BEFC71811E1291B8,U,rest_3954,1
TRN-BF06CE68B77E7CDA,A,initial_rl,1
TRN-BF09B98F807CC58D,U,rest_3954,1
TRN-BF0D943A7CD62585,U,rest_3954,1
TRN-BF1B89ABAE0A499D,C,initial_rl,1
TRN-BF3DF0AD219C5386,C,initial_rl,1
TRN-BF3F305E00F39F90,C,initial_rl,1
TRN-BF44E4C23C980D45,C,initial_rl,1
TRN-BF4A5C7D58C2DB6D,C,initial_rl,1
TRN-BF4A65108004EBE4,U,rest_3954,1
TRN-BF5B67313EAB63E0,U,rest_3954,1
TRN-BF5D20E38AF729AF,U,rest_3954,1
TRN-BF6AEF7384BB8B96,U,rest_3954,1
TRN-BF808B81B2E59A22,U,rest_3954,1
TRN-BF81FEB721AA83CE,U,rest_3954,1
TRN-BF89229EC051008D,C,initial_rl,1
TRN-BF89A493D92EE845,U,rest_3954,1
TRN-BF9D89AF10E5273D,U,rest_3954,1
TRN-BFA6AB590A5CA165,U,rest_3954,1
TRN-BFA741639A23E4C2,U,rest_3954,1
TRN-BFAA4A6E799C7548,U,rest_3954,1
TRN-BFB395706EEE3CAF,U,rest_3954,1
TRN-BFC6A6D349A7B723,U,rest_3954,1
TRN-BFD14A329F4C89CE,U,rest_3954,1
TRN-BFE204B1151CA750,A,initial_rl,1
TRN-BFF373573C26E05E,B,initial_rl,1
TRN-BFF8C0BB9F26E69C,U,rest_3954,1
TRN-C00713BCD598C7AB,U,rest_3954,1
TRN-C00F0822059A199A,C,initial_rl,1
TRN-C010981D3E4B8D87,U,rest_3954,1
TRN-C03907E4B90E6E2D,B,initial_rl,1
TRN-C03C8607D9885DAF,A,initial_rl,1
TRN-C0540F04A86C2364,A,initial_rl,1
TRN-C05DBE3E893AB018,A,initial_rl,1
TRN-C06DED451B59F9BE,U,rest_3954,1
TRN-C073B6E04FC521D5,C,initial_rl,1
TRN-C076759B83D5BCFA,U,rest_3954,1
TRN-C07873059BF80F4B,U,rest_3954,1
TRN-C07B7E559D23D4A8,U,rest_3954,1
TRN-C08979F65EA5FBBA,U,rest_3954,1
TRN-C08C2280950ACE6C,U,rest_3954,1
TRN-C098E0B0F4327ADE,C,initial_rl,1
TRN-C09BF4E918041B33,U,rest_3954,1
TRN-C0A846B5EF96C1F0,U,rest_3954,1
TRN-C0ABB6637A2D5860,U,rest_3954,1
TRN-C0B72496EAA6F928,C,initial_rl,1
TRN-C0CACADEC13F5A6A,B,initial_rl,1
TRN-C0D8B0114FD2226C,U,rest_3954,1
TRN-C0E1DEBB818B6BBA,C,initial_rl,1
TRN-C0E22EC81D169D5E,U,rest_3954,1
TRN-C0EB4C8C3FF2FA67,U,rest_3954,1
TRN-C0F8DD31C5295D9D,U,rest_3954,1
TRN-C0FB7C1E5F0DCCD3,C,initial_rl,1
TRN-C11324D8E1636E58,U,rest_3954,1
TRN-C145B3101ED85944,U,rest_3954,1
TRN-C162B367C9F98219,U,rest_3954,1
TRN-C1682F288DFD5B5D,C,initial_rl,1
TRN-C173548910A21854,C,initial_rl,1
TRN-C1762A3E4DEF9771,U,rest_3954,1
TRN-C181B693B843E507,U,rest_3954,1
TRN-C181EF00C1FFE4D0,U,rest_3954,1
TRN-C185CCDAAF242726,U,rest_3954,1
TRN-C195039585C8040A,U,rest_3954,1
TRN-C196ED06FF492F21,C,initial_rl,1
TRN-C197685D9CC70625,U,rest_3954,1
TRN-C198C1D919ABFE48,B,initial_rl,1
TRN-C1A4AD900FAE2E25,A,initial_rl,1
TRN-C1AF71D5A37DC677,U,rest_3954,1
TRN-C1CE5F82A56D770E,U,rest_3954,1
TRN-C1D1C8987D7AEDC7,C,initial_rl,1
TRN-C1D1FBEC5F9D5BA7,U,rest_3954,1
TRN-C1E37085B3B156A3,U,rest_3954,1
TRN-C1E6B833FAC90192,U,rest_3954,1
TRN-C1F256A7F94E901D,C,initial_rl,1
TRN-C209CAA6FA90EDFB,U,rest_3954,1
TRN-C218174ED270F9EA,A,initial_rl,1
TRN-C21AC329C0D3BDB3,C,initial_rl,1
TRN-C21F6DAA8A86C0B2,C,initial_rl,1
TRN-C2377AD7C7ACFF50,C,initial_rl,1
TRN-C23A91119B19DA98,C,initial_rl,1
TRN-C23C76E9E8BD4010,C,initial_rl,1
TRN-C23DFE3584E1D582,U,rest_3954,1
TRN-C2529186CD6A029D,C,initial_rl,1
TRN-C259A4668C921C92,U,rest_3954,1
TRN-C25A3098A8EAB364,U,rest_3954,1
TRN-C2624B0F3575EC19,C,initial_rl,1
TRN-C269CBC2781DEDFF,C,initial_rl,1
TRN-C275ED1122C98D4A,U,rest_3954,1
TRN-C279C07ABF91FEFE,C,initial_rl,1
TRN-C28B4721806C5FA7,C,initial_rl,1
TRN-C28C3A6C2D41B0DE,C,initial_rl,1
TRN-C28CBDE53FFDCDD6,C,initial_rl,1
TRN-C2901952EA213856,U,rest_3954,1
TRN-C291A77941E8DECD,U,rest_3954,1
TRN-C2978C01494D94E9,C,initial_rl,1
TRN-C29DAD3E897ED275,C,initial_rl,1
TRN-C2A4D582EF70510C,U,rest_3954,1
TRN-C2A528595C2CC90D,C,initial_rl,1
TRN-C2A902E1781A611B,U,rest_3954,1
TRN-C2AA25AB18A709C0,U,rest_3954,1
TRN-C2AB35C7AA262308,A,initial_rl,1
TRN-C2B191562990245B,C,initial_rl,1
TRN-C2B20A5A7998C655,A,initial_rl,1
TRN-C2C899226B08F4D3,U,rest_3954,1
TRN-C2E71829786DD987,U,rest_3954,1
TRN-C2E877C5F1DBF32E,U,rest_3954,1
TRN-C2EB112F1002187B,C,initial_rl,1
TRN-C2FDAB2FB946946A,C,initial_rl,1
TRN-C3107FC1855C143C,C,initial_rl,1
TRN-C327F42E42A4E567,B,initial_rl,1
TRN-C33DCB0579B0E731,U,rest_3954,1
TRN-C34C9BD7896C4343,B,initial_rl,1
TRN-C352218B6A53EC1A,U,rest_3954,1
TRN-C357361B87C8B169,U,rest_3954,1
TRN-C35823EC642E5E03,U,rest_3954,1
TRN-C358B1BFCC241963,U,rest_3954,1
TRN-C382C5AFAD537F6F,C,initial_rl,1
TRN-C3835414D64A27E7,U,rest_3954,1
TRN-C38DE18171C9ABDF,U,rest_3954,1
TRN-C3A788150DAAA8A3,U,rest_3954,1
TRN-C3AD5E9D09AF88E8,C,initial_rl,1
TRN-C3E541022E703BB6,B,initial_rl,1
TRN-C3ED94F5450C97C2,C,initial_rl,1
TRN-C3F9672050A68C84,U,rest_3954,1
TRN-C417DA143A8D03D9,U,rest_3954,1
TRN-C41A34398AA33EFE,U,rest_3954,1
TRN-C42FD0083EF282BF,U,rest_3954,1
TRN-C4335944F6E68B0F,U,rest_3954,1
TRN-C43AB9C3EA913848,U,rest_3954,1
TRN-C4498292A682EBC6,U,rest_3954,1
TRN-C44A54EA24906FC9,C,initial_rl,1
TRN-C44B75D22F93B30C,C,initial_rl,1
TRN-C454308DD5FE999B,U,rest_3954,1
TRN-C454E3F3E6172B50,B,initial_rl,1
TRN-C455394D3B36D2A5,U,rest_3954,1
TRN-C48082073FDBBCD4,C,initial_rl,1
TRN-C48218ED9854620B,C,initial_rl,1
TRN-C484406438F27077,U,rest_3954,1
TRN-C48A79D86500EAE2,C,initial_rl,1
TRN-C490F80A3DF98B48,U,rest_3954,1
TRN-C4BA2A4285BD5D19,U,rest_3954,1
TRN-C4BF0773E5BD2315,C,initial_rl,1
TRN-C4C7724E0DF1B343,U,rest_3954,1
TRN-C4CD72C34EAE7A48,U,rest_3954,1
TRN-C4DED6D4EC24B07D,U,rest_3954,1
TRN-C4E9FFD55B6FC7EC,U,rest_3954,1
TRN-C4EBCA945EBCDD48,U,rest_3954,1
TRN-C4F64B7CED80445E,C,initial_rl,1
TRN-C5005A3835BF54EC,A,initial_rl,1
TRN-C50D8077CC77895C,C,initial_rl,1
TRN-C513F88878EBA830,U,rest_3954,1
TRN-C518A8C02EC24C2B,U,rest_3954,1
TRN-C539CA88E73AB1EC,B,initial_rl,1
TRN-C53BF2C3E117E333,C,initial_rl,1
TRN-C53E30C5B0AA8894,U,rest_3954,1
TRN-C54122660AB00E12,C,initial_rl,1
TRN-C54303AA0A2CCE5A,C,initial_rl,1
TRN-C549D7DD40C2CE75,C,initial_rl,1
TRN-C5669B077F4048E9,C,initial_rl,1
TRN-C56CBBC6F8A22106,U,rest_3954,1
TRN-C56FFB4DFCF45E79,A,initial_rl,1
TRN-C57272AEE55BD063,C,initial_rl,1
TRN-C576E836C9307ECF,C,initial_rl,1
TRN-C57C3856D7CC813C,U,rest_3954,1
TRN-C589C059E9E44761,U,rest_3954,1
TRN-C59E352BEC270946,U,rest_3954,1
TRN-C5D24B2647B00A20,U,rest_3954,1
TRN-C5D447A19356D14A,U,rest_3954,1
TRN-C5DCCFFA875E548A,U,rest_3954,1
TRN-C5E2588E8620F9AD,C,initial_rl,1
TRN-C5E96001A5C0C26B,C,initial_rl,1
TRN-C5EBA6281101CD3E,C,initial_rl,1
TRN-C5F09740BBCA8707,U,rest_3954,1
TRN-C5F23F9602C5B9B6,C,initial_rl,1
TRN-C60797814E1A0232,B,initial_rl,1
TRN-C61393827A366F98,U,rest_3954,1
TRN-C6539ECC8EF81FB6,U,rest_3954,1
TRN-C65DA1684F2B1BD4,U,rest_3954,1
TRN-C6739FC125CE50A0,C,initial_rl,1
TRN-C678C4AA21820C75,C,initial_rl,1
TRN-C6AA7C92EC46655A,U,rest_3954,1
TRN-C6ABA91C90398BF8,U,rest_3954,1
TRN-C6B968CC81EC6A32,C,initial_rl,1
TRN-C6C32D989F28F45A,U,rest_3954,1
TRN-C6CC89DCFFF760B3,U,rest_3954,1
TRN-C6DD3D04F561C85E,U,rest_3954,1
TRN-C6E8047FBDC5F88F,U,rest_3954,1
TRN-C6E82380AB64AE33,U,rest_3954,1
TRN-C6EF64820E9F1CF1,U,rest_3954,1
TRN-C6F31446B5D86D71,U,rest_3954,1
TRN-C6F6F5C15C3F189A,U,rest_3954,1
TRN-C704C492BAEE80DE,U,rest_3954,1
TRN-C7077FCA2B1C2EFD,U,rest_3954,1
TRN-C70DC68EF6D50403,C,initial_rl,1
TRN-C71B750360A6EFAE,U,rest_3954,1
TRN-C71D2E39ECAD2F47,U,rest_3954,1
TRN-C7220F5481037C3F,U,rest_3954,1
TRN-C7261662CFCAACA7,U,rest_3954,1
TRN-C735452C3672F72F,U,rest_3954,1
TRN-C73573D9732C08AB,B,initial_rl,1
TRN-C75D7B26D29B2347,C,initial_rl,1
TRN-C78D730FB19DB921,A,initial_rl,1
TRN-C79C7A02215F469F,U,rest_3954,1
TRN-C7AB22B27DAA4DA9,A,initial_rl,1
TRN-C7B4FEE93070D200,U,rest_3954,1
TRN-C7BCB0DC25530517,B,initial_rl,1
TRN-C7D494EE067D4AC3,U,rest_3954,1
TRN-C7D7784096564C82,U,rest_3954,1
TRN-C7D792707328DEB0,B,initial_rl,1
TRN-C7E4CFACC041FBEE,U,rest_3954,1
TRN-C7ECCA9BCDC0B884,U,rest_3954,1
TRN-C7F9D4BCBA04A8AC,U,rest_3954,1
TRN-C836F62379160188,U,rest_3954,1
TRN-C844FE8CB03CB789,C,initial_rl,1
TRN-C8506A8419A46E8A,B,initial_rl,1
TRN-C8548192E9647AE2,U,rest_3954,1
TRN-C85523B671256B0B,U,rest_3954,1
TRN-C85C21EBD54366CA,U,rest_3954,1
TRN-C86D4E7B4A35A2F1,U,rest_3954,1
TRN-C8A48F272257744B,U,rest_3954,1
TRN-C8A78DF08DF3AA2D,A,initial_rl,1
TRN-C8B9ABA5D0DDF408,U,rest_3954,1
TRN-C8C9743AE94AB163,U,rest_3954,1
TRN-C8D1E0FD0896ABCB,C,initial_rl,1
TRN-C8D646DBA6F9B190,U,rest_3954,1
TRN-C8EC506DA0D6151C,C,initial_rl,1
TRN-C8FE4C0B1B53B10F,A,initial_rl,1
TRN-C901EEF07510B6F8,A,initial_rl,1
TRN-C91F0D4933AF147D,U,rest_3954,1
TRN-C9219C94A52EF799,U,rest_3954,1
TRN-C92B63258DF41880,B,initial_rl,1
TRN-C93F7AC491227649,U,rest_3954,1
TRN-C94EB920C213DC55,A,initial_rl,1
TRN-C958E0B45985916C,U,rest_3954,1
TRN-C95971AC923CA491,U,rest_3954,1
TRN-C97B76F35BE39BC8,U,rest_3954,1
TRN-C989AC30169D829B,U,rest_3954,1
TRN-C98D8B4240A50C0B,U,rest_3954,1
TRN-C99ADB2F12D31BB2,U,rest_3954,1
TRN-C9B6946F93A7D7B7,U,rest_3954,1
TRN-C9C8CD1049454F96,B,initial_rl,1
TRN-C9F5B1A4C2A7B9E2,U,rest_3954,1
TRN-C9FA174B8698D92E,U,rest_3954,1
TRN-CA09DDE601EFC156,U,rest_3954,1
TRN-CA0AC5E1A6AD6473,C,initial_rl,1
TRN-CA0E2C576FA78C85,B,initial_rl,1
TRN-CA3AAC191BB157BE,U,rest_3954,1
TRN-CA5D60E64F1875AD,C,initial_rl,1
TRN-CA61422A51984D6B,U,rest_3954,1
TRN-CA661EB97EB9E13F,U,rest_3954,1
TRN-CA6EB4E6C96C12A2,U,rest_3954,1
TRN-CA7D3C10A2F82CDC,U,rest_3954,1
TRN-CA843C7351A4CCE9,A,initial_rl,1
TRN-CA9086DC4983F5BF,A,initial_rl,1
TRN-CAAB1B3917851F21,U,rest_3954,1
TRN-CAB0FF7B19DE8A85,C,initial_rl,1
TRN-CAD0446CC742B4BD,U,rest_3954,1
TRN-CAD1C5389198A4DA,U,rest_3954,1
TRN-CAEF2E2EC0C31A1A,U,rest_3954,1
TRN-CAFEBB7BD96926AF,U,rest_3954,1
TRN-CB0229F21DD68620,U,rest_3954,1
TRN-CB04A27A0E6A4A54,B,initial_rl,1
TRN-CB16F7A2F53089E4,U,rest_3954,1
TRN-CB2CA2B401044698,U,rest_3954,1
TRN-CB3444C7D54E1BA1,U,rest_3954,1
TRN-CB389C32A00377B3,C,initial_rl,1
TRN-CB3D90ADE0A30E88,C,initial_rl,1
TRN-CB630BE84CD67CD0,B,initial_rl,1
TRN-CB6B79D040B7CAFE,A,initial_rl,1
TRN-CB6F7E001C76CCFB,C,initial_rl,1
TRN-CB85C61417B997A2,U,rest_3954,1
TRN-CB85E974D30BECB0,U,rest_3954,1
TRN-CB8E0168A7E2D967,U,rest_3954,1
TRN-CB8F132714AB601F,U,rest_3954,1
TRN-CB8F27BF72FDBFD8,U,rest_3954,1
TRN-CBA1ED6324627834,U,rest_3954,1
TRN-CBA37779F907FF30,C,initial_rl,1
TRN-CBA59F94322F9FB0,U,rest_3954,1
TRN-CBAF2338830BAB86,U,rest_3954,1
TRN-CBC2128F777CB68C,C,initial_rl,1
TRN-CBC2F17702669E16,A,initial_rl,1
TRN-CBC7758911729597,U,rest_3954,1
TRN-CBD238316445EF9E,C,initial_rl,1
TRN-CBD60CF88370E75E,C,initial_rl,1
TRN-CBEB86B6BB2A5CA2,U,rest_3954,1
TRN-CBECED1911C24205,U,rest_3954,1
TRN-CC05F760D9E594CB,A,initial_rl,1
TRN-CC26CD7565DA856A,A,initial_rl,1
TRN-CC2B04993C80F141,U,rest_3954,1
TRN-CC375883598DE3D9,C,initial_rl,1
TRN-CC3C6C56E6C7BF9D,U,rest_3954,1
TRN-CC52035F4EDDAFC5,U,rest_3954,1
TRN-CC68CBA0E8B27796,U,rest_3954,1
TRN-CC6B125AE1C891B7,U,rest_3954,1
TRN-CC70B0D39EBAC756,U,rest_3954,1
TRN-CC8490DEBA306A50,U,rest_3954,1
TRN-CC8D41D81861908B,U,rest_3954,1
TRN-CC8DE3489B9F6046,A,initial_rl,1
TRN-CC8F21FB4C5C6875,C,initial_rl,1
TRN-CC9445A982F3942F,A,initial_rl,1
TRN-CC94A6D68F2AF982,U,rest_3954,1
TRN-CC95376B0CAA4E92,U,rest_3954,1
TRN-CC9A2D378D6A85E2,A,initial_rl,1
TRN-CCA0468F2D2751DF,U,rest_3954,1
TRN-CCA8522C893CDA15,U,rest_3954,1
TRN-CCAACFDAD56D33D8,U,rest_3954,1
TRN-CCAF994DD6BF8AEE,C,initial_rl,1
TRN-CCBC2C4165986071,B,initial_rl,1
TRN-CCC5F8D77B1C35DE,U,rest_3954,1
TRN-CCC713F403FFEE50,U,rest_3954,1
TRN-CD175219938CC42C,U,rest_3954,1
TRN-CD1D433884AF5314,U,rest_3954,1
TRN-CD3BACA19B937C90,U,rest_3954,1
TRN-CD43B8E5FBDCEADB,U,rest_3954,1
TRN-CD4B42630B3CACA1,U,rest_3954,1
TRN-CD5CD72E0C4E54F9,U,rest_3954,1
TRN-CD5F959602E99A83,U,rest_3954,1
TRN-CD6B9678B35D1DF1,C,initial_rl,1
TRN-CD753B18A906E545,C,initial_rl,1
TRN-CD78927F80632D65,U,rest_3954,1
TRN-CD8772F38045FA4E,B,initial_rl,1
TRN-CD97A276640BFF71,A,initial_rl,1
TRN-CD9D8AA9BBAAC6D3,U,rest_3954,1
TRN-CDA531E2E77044CB,A,initial_rl,1
TRN-CDA6666F3FA0C7B5,U,rest_3954,1
TRN-CDB0E6B28D7A24F7,A,initial_rl,1
TRN-CDC66385AB97630D,U,rest_3954,1
TRN-CDDD5BE430697193,A,initial_rl,1
TRN-CDE1D440FDCF0671,U,rest_3954,1
TRN-CDFAFF929094F5D9,U,rest_3954,1
TRN-CDFC46AF15DA0E85,U,rest_3954,1
TRN-CDFE8D46C3F4AA3F,U,rest_3954,1
TRN-CE133814E1E1865F,U,rest_3954,1
TRN-CE18C13032FCACE0,U,rest_3954,1
TRN-CE18E0EEC14A4C61,U,rest_3954,1
TRN-CE33B3F6F20D1175,U,rest_3954,1
TRN-CE3DE8F184EC3198,U,rest_3954,1
TRN-CE580A55EFB4F894,C,initial_rl,1
TRN-CE5DA73A5531D1B8,B,initial_rl,1
TRN-CE5F96560B4AC146,U,rest_3954,1
TRN-CE68AC6C4DFD7AF6,U,rest_3954,1
TRN-CE70E8A37629F800,U,rest_3954,1
TRN-CE75CD17B4765595,U,rest_3954,1
TRN-CE7794349D5BA35F,U,rest_3954,1
TRN-CE84131BED7AF33A,U,rest_3954,1
TRN-CE863E2916F5AF96,U,rest_3954,1
TRN-CE9E032AA68E8D2E,U,rest_3954,1
TRN-CEAA7DD74962AA49,U,rest_3954,1
TRN-CEB0F66CC9EA5948,A,initial_rl,1
TRN-CECB76D2CE909777,U,rest_3954,1
TRN-CECFEF13438CB2A3,B,initial_rl,1
TRN-CED317885EE44546,A,initial_rl,1
TRN-CED4419ECCF68376,A,initial_rl,1
TRN-CEDC169F65C960D0,C,initial_rl,1
TRN-CEEA842DFEF8B0AD,U,rest_3954,1
TRN-CEF154F9981A2BDB,U,rest_3954,1
TRN-CEF30B1DD15DD0AE,A,initial_rl,1
TRN-CF1A925FBD0B170D,U,rest_3954,1
TRN-CF1A9C770104B32F,U,rest_3954,1
TRN-CF217B7C8D85A79E,C,initial_rl,1
TRN-CF2BD312992BCEF9,U,rest_3954,1
TRN-CF3A3948CD39863C,U,rest_3954,1
TRN-CF3C7372F58EDBE8,U,rest_3954,1
TRN-CF5A9FF1CA35AB8A,U,rest_3954,1
TRN-CF92AFDBBA01D2F7,U,rest_3954,1
TRN-CF93EC152A34AC7E,B,initial_rl,1
TRN-CFA9512DEE3C916F,C,initial_rl,1
TRN-CFB3922A75AAAB99,U,rest_3954,1
TRN-CFB4A119929A8C15,B,initial_rl,1
TRN-CFC0506EC0548F89,U,rest_3954,1
TRN-CFC669B0DB39C310,C,initial_rl,1
TRN-CFD7901DF3E3BC55,U,rest_3954,1
TRN-CFEA94A4925EBF73,U,rest_3954,1
TRN-CFEAEDB327FF1FD1,U,rest_3954,1
TRN-D0038A39E6ED3609,C,initial_rl,1
TRN-D005B621F5BDEF50,U,rest_3954,1
TRN-D00EF8AAF99997DA,C,initial_rl,1
TRN-D012780A501D7DA0,U,rest_3954,1
TRN-D02339F9EB96BC2B,U,rest_3954,1
TRN-D02ABA69E6D7C28F,C,initial_rl,1
TRN-D03A55584C95D01C,U,rest_3954,1
TRN-D04515FF3F1F38C1,C,initial_rl,1
TRN-D05394A683574F87,U,rest_3954,1
TRN-D05947F73541D62F,U,rest_3954,1
TRN-D078A4B2FC7E3430,U,rest_3954,1
TRN-D07F0846C400F739,C,initial_rl,1
TRN-D0832C8481174406,U,rest_3954,1
TRN-D09021C1E532ABFD,U,rest_3954,1
TRN-D094FCFFCA2A38F7,U,rest_3954,1
TRN-D095A6067FA63420,B,initial_rl,1
TRN-D0A3CBEB7C80DCF2,U,rest_3954,1
TRN-D0A9B05BAE2261F3,U,rest_3954,1
TRN-D0C20391CB8235EB,C,initial_rl,1
TRN-D0CB387E21097A70,U,rest_3954,1
TRN-D0CF611DFA9948B9,U,rest_3954,1
TRN-D0D2898870160F91,U,rest_3954,1
TRN-D0E308E2DA3B02C1,U,rest_3954,1
TRN-D0EC2F58AA85170C,C,initial_rl,1
TRN-D10AA1E1B7932A5D,A,initial_rl,1
TRN-D112C8D4CBEECC44,U,rest_3954,1
TRN-D112F99D9F6BCCE1,C,initial_rl,1
TRN-D1142254290CD82A,C,initial_rl,1
TRN-D117BF53733089F6,B,initial_rl,1
TRN-D12616A9952C7804,C,initial_rl,1
TRN-D127109E2E4A21B6,U,rest_3954,1
TRN-D13734DA56331A9F,U,rest_3954,1
TRN-D137FBF1FADEFA6F,U,rest_3954,1
TRN-D1425FE94C0E1415,C,initial_rl,1
TRN-D149E61F9DD50AF9,U,rest_3954,1
TRN-D16FC979F6211A94,U,rest_3954,1
TRN-D17F36E526D4694C,U,rest_3954,1
TRN-D183E4F29CD30B8E,A,initial_rl,1
TRN-D188E7A41FDC94F9,A,initial_rl,1
TRN-D18EE59E3F730271,C,initial_rl,1
TRN-D1A8A7FA55FFF95C,C,initial_rl,1
TRN-D1AC297D0526C493,C,initial_rl,1
TRN-D1B0C4839253EF97,U,rest_3954,1
TRN-D1B32E310EE285AD,B,initial_rl,1
TRN-D1BAC50737A0F4D0,C,initial_rl,1
TRN-D1C06EABFBB7ACDC,C,initial_rl,1
TRN-D1D71CA9C182D3E9,U,rest_3954,1
TRN-D1DD591C5A2AE027,U,rest_3954,1
TRN-D1F8F9FC3EDB3503,B,initial_rl,1
TRN-D1FA776E1F0E5845,U,rest_3954,1
TRN-D20A2E738BFE3EA2,B,initial_rl,1
TRN-D210ADC5970EE350,C,initial_rl,1
TRN-D21397E0828B9220,U,rest_3954,1
TRN-D21B155D84968614,B,initial_rl,1
TRN-D222663B5D5EFAE4,C,initial_rl,1
TRN-D22630017923004C,U,rest_3954,1
TRN-D22B61C8C9C7CB9A,U,rest_3954,1
TRN-D22FD017398E698F,U,rest_3954,1
TRN-D247BE1B429661E8,U,rest_3954,1
TRN-D259C02957AFBC5B,U,rest_3954,1
TRN-D2807C1AB76DDB61,U,rest_3954,1
TRN-D29CC592580C3AA4,U,rest_3954,1
TRN-D2A61B21AFF9C638,A,initial_rl,1
TRN-D2A7F0DEBB29A13C,U,rest_3954,1
TRN-D2AC9A096BB9979A,U,rest_3954,1
TRN-D2B3C2A69C243B7D,C,initial_rl,1
TRN-D2B4BBE37738E9C9,C,initial_rl,1
TRN-D2B507862E1489CC,U,rest_3954,1
TRN-D2C2288F55EDBAAD,U,rest_3954,1
TRN-D2CCDE6D1F9BFD8A,C,initial_rl,1
TRN-D2DBEAEC99997FA6,U,rest_3954,1
TRN-D2DF6317E1A213E1,A,initial_rl,1
TRN-D2FD4BC5EADEFEFF,C,initial_rl,1
TRN-D3238C4891A71A63,C,initial_rl,1
TRN-D32EC09B3B5BD62B,U,rest_3954,1
TRN-D33CBA17E7E4AFD3,U,rest_3954,1
TRN-D349B459D248E69D,U,rest_3954,1
TRN-D34F8CEF80431108,B,initial_rl,1
TRN-D3507510FE3A6BBE,A,initial_rl,1
TRN-D3603989A7145D0B,U,rest_3954,1
TRN-D360A477B31212A9,A,initial_rl,1
TRN-D3647D2D5A6D8CA5,U,rest_3954,1
TRN-D367F85A2A20B612,U,rest_3954,1
TRN-D3784C0ABEF605B1,U,rest_3954,1
TRN-D382F12FE06E7C95,U,rest_3954,1
TRN-D3903AFC0D976F20,A,initial_rl,1
TRN-D395ECAA98A138D0,C,initial_rl,1
TRN-D3A69DCE922F8A4B,C,initial_rl,1
TRN-D3B48992DFBE1F3E,C,initial_rl,1
TRN-D3D6DCD739A37D9C,U,rest_3954,1
TRN-D3E31C01356208B3,U,rest_3954,1
TRN-D3EAFF2BDADCED77,C,initial_rl,1
TRN-D3F78C81837A48F1,A,initial_rl,1
TRN-D40866EECA870DF7,A,initial_rl,1
TRN-D40C80B4E1C6BFC0,U,rest_3954,1
TRN-D4127196B29D5490,U,rest_3954,1
TRN-D412D38F359B853F,C,initial_rl,1
TRN-D413290CB4DD6545,U,rest_3954,1
TRN-D41CC9B2746C0256,A,initial_rl,1
TRN-D42470CB9BF8079C,U,rest_3954,1
TRN-D432EFB5EA4AC0D3,U,rest_3954,1
TRN-D4396F48CB4BABC9,C,initial_rl,1
TRN-D4477A390BDE14CB,U,rest_3954,1
TRN-D44A970011FA906B,U,rest_3954,1
TRN-D45472179450215F,A,initial_rl,1
TRN-D45EFA20598E60C2,C,initial_rl,1
TRN-D4601328E9E348C7,C,initial_rl,1
TRN-D479E8A8B1CD77B1,U,rest_3954,1
TRN-D479F9DBD4262A14,A,initial_rl,1
TRN-D47B94A07BF46D17,U,rest_3954,1
TRN-D47CB435F25ACAD9,U,rest_3954,1
TRN-D47D5090D54ED2F6,U,rest_3954,1
TRN-D47ED735B6A2C350,C,initial_rl,1
TRN-D4AE99F067D8F07E,A,initial_rl,1
TRN-D4B64AFAF7974910,U,rest_3954,1
TRN-D4B96F221D5B396F,U,rest_3954,1
TRN-D4CE64EE41C18FA3,U,rest_3954,1
TRN-D4E9785E67954FB5,C,initial_rl,1
TRN-D4EBF08C1C7F8311,U,rest_3954,1
TRN-D4F4B090126AB7C6,A,initial_rl,1
TRN-D50986189E944B6E,C,initial_rl,1
TRN-D51781CE5005C2E3,U,rest_3954,1
TRN-D51D442E434579A9,U,rest_3954,1
TRN-D52167C86E4EA39E,C,initial_rl,1
TRN-D524413ACC254535,U,rest_3954,1
TRN-D52EB8A61D848ED6,B,initial_rl,1
TRN-D54C9F92884C1D91,C,initial_rl,1
TRN-D553B8F006073301,U,rest_3954,1
TRN-D554436C31FA1BEB,C,initial_rl,1
TRN-D5611DEFB1EF2976,U,rest_3954,1
TRN-D5734F488285688D,U,rest_3954,1
TRN-D57BF801AD2472C4,B,initial_rl,1
TRN-D5839A83C51F373F,C,initial_rl,1
TRN-D591BD1B82D27CE2,U,rest_3954,1
TRN-D5952D4D41B0138F,A,initial_rl,1
TRN-D599994BA7BF704B,B,initial_rl,1
TRN-D5A2F8467D67C349,U,rest_3954,1
TRN-D5A881D693476A21,U,rest_3954,1
TRN-D5AE32B37BA2E7C4,U,rest_3954,1
TRN-D5B69F845A15C913,U,rest_3954,1
TRN-D5C54EE87025F4CD,A,initial_rl,1
TRN-D5C92E1BBC76E41B,C,initial_rl,1
TRN-D5D1EAAED77E774C,U,rest_3954,1
TRN-D5D6D1E9B69DF65B,U,rest_3954,1
TRN-D5D996E7F65EB02C,C,initial_rl,1
TRN-D5E63698A99D7584,U,rest_3954,1
TRN-D5E9CC01E215123D,U,rest_3954,1
TRN-D5EB90186E0AB48E,U,rest_3954,1
TRN-D5F31BCC875488D5,U,rest_3954,1
TRN-D5FA53F620D6C884,U,rest_3954,1
TRN-D5FC1FBBDBE1D6BE,C,initial_rl,1
TRN-D602D2939DA75C32,U,rest_3954,1
TRN-D60A5D8C925E528C,U,rest_3954,1
TRN-D61965241D70F92D,U,rest_3954,1
TRN-D62270607E88F5F4,U,rest_3954,1
TRN-D6279033B9ACD401,U,rest_3954,1
TRN-D63360BB09FCBBAA,C,initial_rl,1
TRN-D639E9033742C4B5,C,initial_rl,1
TRN-D66A68CC2EBCAACC,U,rest_3954,1
TRN-D66E08C05C1450C5,U,rest_3954,1
TRN-D68316F07AB7B3EF,C,initial_rl,1
TRN-D68BDDD8AA9D938F,B,initial_rl,1
TRN-D68F973063118F70,B,initial_rl,1
TRN-D693DA45B65E4726,U,rest_3954,1
TRN-D69C2295CC8A7C97,U,rest_3954,1
TRN-D6A1F43C3FC256DB,U,rest_3954,1
TRN-D6ABB8A6856317D9,A,initial_rl,1
TRN-D6B76E4E7DF3E17A,U,rest_3954,1
TRN-D6C6219C8F39C548,C,initial_rl,1
TRN-D6E2134103BABDB2,C,initial_rl,1
TRN-D6E5A09E5D2BB8CB,U,rest_3954,1
TRN-D6E94764D732F811,U,rest_3954,1
TRN-D70C1FC1E0F6CE53,C,initial_rl,1
TRN-D71738FA705FDC9F,U,rest_3954,1
TRN-D71B2BEA2CD6971B,U,rest_3954,1
TRN-D722BCEE8CF5C039,B,initial_rl,1
TRN-D724621AE09A1E87,U,rest_3954,1
TRN-D729EA48455D4557,B,initial_rl,1
TRN-D734EA5E8F029F29,U,rest_3954,1
TRN-D741A4E30BB5A828,C,initial_rl,1
TRN-D74C5B62FCB7AA91,C,initial_rl,1
TRN-D755867E19CF2C5E,B,initial_rl,1
TRN-D757E6E8073F41CB,U,rest_3954,1
TRN-D75DBF8DDD81B48C,U,rest_3954,1
TRN-D7611BB5AAD2E712,U,rest_3954,1
TRN-D76AE57B96F3FCBA,C,initial_rl,1
TRN-D76F18287290D51C,U,rest_3954,1
TRN-D78800914638D0DB,C,initial_rl,1
TRN-D78F673429DFCBF0,B,initial_rl,1
TRN-D79D5F82AE0D73AA,U,rest_3954,1
TRN-D7A2819A54C17682,U,rest_3954,1
TRN-D7A559EFB1302CD0,U,rest_3954,1
TRN-D7D302227A8C67D5,A,initial_rl,1
TRN-D7D6C4DC302CB3CB,C,initial_rl,1
TRN-D7E47B64DC2AB657,C,initial_rl,1
TRN-D7F63A3E6AEB5DAC,U,rest_3954,1
TRN-D7FCA06CE3A0AE01,U,rest_3954,1
TRN-D808E18F27ACDCC9,U,rest_3954,1
TRN-D809A1B077BDF399,U,rest_3954,1
TRN-D8182EEDDBB3D729,U,rest_3954,1
TRN-D820335BDC534071,U,rest_3954,1
TRN-D83C2A1F26F9B1FD,U,rest_3954,1
TRN-D83CD1D8471B5F7A,C,initial_rl,1
TRN-D841A38E4C5C9A20,C,initial_rl,1
TRN-D84BD16F472405FC,U,rest_3954,1
TRN-D84C72D83BBABB94,C,initial_rl,1
TRN-D85C81B61AFFBB39,B,initial_rl,1
TRN-D86947A7F7CF7A17,B,initial_rl,1
TRN-D873828FA6B079DC,U,rest_3954,1
TRN-D875638D8C0F9B24,C,initial_rl,1
TRN-D877864CA389866B,U,rest_3954,1
TRN-D878DF547A4C169F,C,initial_rl,1
TRN-D8871D7CBE460119,C,initial_rl,1
TRN-D88B11E86A35CFB7,U,rest_3954,1
TRN-D88CBD8226AFCECF,B,initial_rl,1
TRN-D894188844AD58C2,C,initial_rl,1
TRN-D8943984BC49C3D0,C,initial_rl,1
TRN-D8C23CCCA0B5496E,C,initial_rl,1
TRN-D8C5A6C770D3B6DE,U,rest_3954,1
TRN-D8DB27D9F8D63D0C,U,rest_3954,1
TRN-D8DC11DD50F12C16,U,rest_3954,1
TRN-D8DC3ECF393C52A9,C,initial_rl,1
TRN-D8F402B66B7AB8FD,U,rest_3954,1
TRN-D90603C30136051C,A,initial_rl,1
TRN-D911E8C1486A55CD,U,rest_3954,1
TRN-D91FAD1F2722DEC9,A,initial_rl,1
TRN-D925116BEA4A48AA,C,initial_rl,1
TRN-D92528E0FF4D7F8C,C,initial_rl,1
TRN-D928CAA9187E336C,U,rest_3954,1
TRN-D92DFAAE47B8BB43,A,initial_rl,1
TRN-D937396EC1676C8C,U,rest_3954,1
TRN-D9410825F7F5CA4F,U,rest_3954,1
TRN-D959FF1183C3037E,U,rest_3954,1
TRN-D966FA3E608ACC41,A,initial_rl,1
TRN-D97EA8D2B7893B59,U,rest_3954,1
TRN-D98675372A942786,U,rest_3954,1
TRN-D98A6A2D59C222F5,U,rest_3954,1
TRN-D9A56C21CE257E1A,U,rest_3954,1
TRN-D9A92452132030CE,U,rest_3954,1
TRN-D9AB9254F0D72E5B,B,initial_rl,1
TRN-D9AF5E15A820DE45,C,initial_rl,1
TRN-D9B25BDE97AE6AA0,U,rest_3954,1
TRN-D9B2C43FBB7BAEB2,U,rest_3954,1
TRN-D9B50000DD896B0E,U,rest_3954,1
TRN-D9B584C97800917F,U,rest_3954,1
TRN-D9BB2FAAA9221726,U,rest_3954,1
TRN-D9C93F9F99229925,U,rest_3954,1
TRN-D9CA5E454C45CA10,U,rest_3954,1
TRN-D9D12F1A0B61840B,C,initial_rl,1
TRN-D9D950D6428E3391,C,initial_rl,1
TRN-D9E5BDC388976BBB,U,rest_3954,1
TRN-D9F2B4A1E381D03D,U,rest_3954,1
TRN-D9F419F248D8B109,C,initial_rl,1
TRN-D9F5940E25AFA8E2,C,initial_rl,1
TRN-D9FCF8B930F16B19,U,rest_3954,1
TRN-DA1207745D78807A,C,initial_rl,1
TRN-DA2113600DA2391B,U,rest_3954,1
TRN-DA265D50E213A65D,C,initial_rl,1
TRN-DA2999F865ED53A7,C,initial_rl,1
TRN-DA3159C29B1D1049,U,rest_3954,1
TRN-DA32C0385C2FDE12,C,initial_rl,1
TRN-DA37333AC968DF38,A,initial_rl,1
TRN-DA385EF8318FDC61,U,rest_3954,1
TRN-DA4423994BC2E433,U,rest_3954,1
TRN-DA6516CD0AECA547,A,initial_rl,1
TRN-DA6761DB00553512,U,rest_3954,1
TRN-DA8459F0BE7B5589,U,rest_3954,1
TRN-DA8E16C580C1B34F,A,initial_rl,1
TRN-DAA849B404412EDF,C,initial_rl,1
TRN-DAAA1C4DAC5F382D,U,rest_3954,1
TRN-DAB5BC944409E357,U,rest_3954,1
TRN-DABE84AE8800F80A,U,rest_3954,1
TRN-DAC0482BF23E7561,U,rest_3954,1
TRN-DAC96C5F827DB93D,B,initial_rl,1
TRN-DAD98280B4AB26F7,U,rest_3954,1
TRN-DAE0CB2783A04CF9,U,rest_3954,1
TRN-DAE76DD21EBF61AC,U,rest_3954,1
TRN-DAEBC49F951391B5,U,rest_3954,1
TRN-DAFA919D5253077D,U,rest_3954,1
TRN-DAFB2888D20DDCDD,U,rest_3954,1
TRN-DAFFE2FC1FF4656C,U,rest_3954,1
TRN-DB0555B22ACDB991,U,rest_3954,1
TRN-DB10BE73265ACE8B,A,initial_rl,1
TRN-DB233E34ACBDCBE5,B,initial_rl,1
TRN-DB258A7C964FBA21,U,rest_3954,1
TRN-DB3306517B22FC70,A,initial_rl,1
TRN-DB3514F34FC947E1,U,rest_3954,1
TRN-DB3C5B75F22EDDFD,U,rest_3954,1
TRN-DB4B91C27FBB8F4A,U,rest_3954,1
TRN-DB53870F6399464F,U,rest_3954,1
TRN-DB5C1F58E5098C92,U,rest_3954,1
TRN-DB61B52125903A56,U,rest_3954,1
TRN-DB6268113FFA7858,U,rest_3954,1
TRN-DB648035FB050E07,C,initial_rl,1
TRN-DB73559EB7C22624,C,initial_rl,1
TRN-DB7ACB7A35EE8E85,U,rest_3954,1
TRN-DB9680E89FF598ED,U,rest_3954,1
TRN-DB96DE9DBF558B7C,U,rest_3954,1
TRN-DBB20013624E7191,U,rest_3954,1
TRN-DBB2E3BBA9F230CB,U,rest_3954,1
TRN-DBB34031823E2AE7,B,initial_rl,1
TRN-DBBF2F77F8BEF495,U,rest_3954,1
TRN-DBC3A551EDF6D498,U,rest_3954,1
TRN-DBCAF6CB18E461E1,C,initial_rl,1
TRN-DBD06BF9DE009F45,C,initial_rl,1
TRN-DBE7586916849DC6,U,rest_3954,1
TRN-DBEC194F49616526,U,rest_3954,1
TRN-DBEF4375DC897B00,U,rest_3954,1
TRN-DBFB84646656EC83,C,initial_rl,1
TRN-DC051760549482EA,C,initial_rl,1
TRN-DC128B772041F1F8,A,initial_rl,1
TRN-DC19E60A123F5EAC,B,initial_rl,1
TRN-DC45D1C242193471,U,rest_3954,1
TRN-DC6DC8BDC5122726,U,rest_3954,1
TRN-DC715D94B2B6C64F,C,initial_rl,1
TRN-DC757431D57E64C8,C,initial_rl,1
TRN-DC8DDD4E60F4626C,U,rest_3954,1
TRN-DC90475814E043E8,A,initial_rl,1
TRN-DC95893A9351CEA2,U,rest_3954,1
TRN-DC9D51FE9684C10A,U,rest_3954,1
TRN-DCA395B420D936CD,U,rest_3954,1
TRN-DCA9FE83717512F0,U,rest_3954,1
TRN-DCAF3D962D199638,C,initial_rl,1
TRN-DCC30C7598C4210C,C,initial_rl,1
TRN-DCCDD25170E64022,U,rest_3954,1
TRN-DCD55C78AAAC12DA,U,rest_3954,1
TRN-DCDE55FB10A7A7B1,U,rest_3954,1
TRN-DCE94747893DFAD7,C,initial_rl,1
TRN-DD09AB21AAC69E73,U,rest_3954,1
TRN-DD175AA2FD2ED753,U,rest_3954,1
TRN-DD2F31E4F8269FE7,U,rest_3954,1
TRN-DD3CC134F49288E0,C,initial_rl,1
TRN-DD4A9B1DA350E9C7,U,rest_3954,1
TRN-DD58D305B1B1F85B,C,initial_rl,1
TRN-DD5FA49651CD1218,A,initial_rl,1
TRN-DD71E208C8B881D2,U,rest_3954,1
TRN-DD78856C6E8D6A5A,A,initial_rl,1
TRN-DD8FE7895C70C859,C,initial_rl,1
TRN-DD97A9DE98F93354,U,rest_3954,1
TRN-DDB3030BB206CF03,C,initial_rl,1
TRN-DDC06326C46DFDE2,C,initial_rl,1
TRN-DDC0A64CC7C7E0DD,U,rest_3954,1
TRN-DDCD6F9E5650FFB9,U,rest_3954,1
TRN-DDD127B4DD6AE353,U,rest_3954,1
TRN-DDE0011ACE59681A,U,rest_3954,1
TRN-DDF56B6AB26220EB,B,initial_rl,1
TRN-DDFD423D431F1367,U,rest_3954,1
TRN-DE0A7520E9B328E9,U,rest_3954,1
TRN-DE0CFDC3B5F0C95A,U,rest_3954,1
TRN-DE1167D85C73EA92,U,rest_3954,1
TRN-DE253CFF3B404C5B,U,rest_3954,1
TRN-DE26D1611E75A514,C,initial_rl,1
TRN-DE26F2DBD377B817,U,rest_3954,1
TRN-DE2F064070F1E579,C,initial_rl,1
TRN-DE40412223872593,U,rest_3954,1
TRN-DE7CCC4B6B86F098,U,rest_3954,1
TRN-DE83A0BD4131E1E5,U,rest_3954,1
TRN-DE9BDBF56546D842,U,rest_3954,1
TRN-DE9D19868E0C1051,U,rest_3954,1
TRN-DEA2A11C737BC65E,U,rest_3954,1
TRN-DEB0788ED957A22C,U,rest_3954,1
TRN-DECEE7082907A739,C,initial_rl,1
TRN-DECF8EB42319431E,B,initial_rl,1
TRN-DED9EB4C1C28D6B0,U,rest_3954,1
TRN-DEE431459A7CF7FE,A,initial_rl,1
TRN-DEF0DA5DA9F98956,B,initial_rl,1
TRN-DEFE979C52FFD7B7,U,rest_3954,1
TRN-DF03E67C6090892E,U,rest_3954,1
TRN-DF06B4B2739B1FEA,U,rest_3954,1
TRN-DF31D2720A7FA27A,U,rest_3954,1
TRN-DF3540CA58F66E72,C,initial_rl,1
TRN-DF4BA9B9C38747B5,U,rest_3954,1
TRN-DF6158E6D0124B64,U,rest_3954,1
TRN-DFBC2500E1291379,U,rest_3954,1
TRN-DFBDE139FB742695,B,initial_rl,1
TRN-DFBE3A48E49DD614,B,initial_rl,1
TRN-DFC3F9479A1160AB,U,rest_3954,1
TRN-DFCE22C6C2F0AEF4,U,rest_3954,1
TRN-DFD0F10637D4F638,C,initial_rl,1
TRN-DFE3354D3C81DE3A,U,rest_3954,1
TRN-DFFE3FD6C6ABEF94,C,initial_rl,1
TRN-E01E9706D02982AC,C,initial_rl,1
TRN-E030889E5C32BCE2,U,rest_3954,1
TRN-E04215D52B401136,U,rest_3954,1
TRN-E0439B755A6B3427,U,rest_3954,1
TRN-E04BC52CA5F0C4FD,U,rest_3954,1
TRN-E050D1EEDBA4F8AB,B,initial_rl,1
TRN-E0524D4823C28C1B,U,rest_3954,1
TRN-E064AC154983B6C1,C,initial_rl,1
TRN-E070FB480A433CC5,C,initial_rl,1
TRN-E073DFB9248E80BF,U,rest_3954,1
TRN-E07837C4082E804A,B,initial_rl,1
TRN-E078521FEB48F438,U,rest_3954,1
TRN-E079066D41A4D273,U,rest_3954,1
TRN-E079EBF245B820A9,U,rest_3954,1
TRN-E07B9EB686C92853,U,rest_3954,1
TRN-E07BA44793E5D16B,B,initial_rl,1
TRN-E07EB2136FDB8DF1,A,initial_rl,1
TRN-E07FFC1446A47717,C,initial_rl,1
TRN-E0816B188C0A611D,U,rest_3954,1
TRN-E08D249AF06B2724,U,rest_3954,1
TRN-E09BE91D731C5416,U,rest_3954,1
TRN-E0A3FD78B8CF74A7,U,rest_3954,1
TRN-E0A781CB7D675DFD,A,initial_rl,1
TRN-E0A830662A93D264,C,initial_rl,1
TRN-E0A8DA6204D25400,C,initial_rl,1
TRN-E0B977CF68D18DF0,C,initial_rl,1
TRN-E0BB8D6B1962E013,U,rest_3954,1
TRN-E0C080D7584B3554,C,initial_rl,1
TRN-E0DAEA6F8A51FA36,U,rest_3954,1
TRN-E0E913F8E6142C9B,U,rest_3954,1
TRN-E0EA21EF2C6305F4,A,initial_rl,1
TRN-E0EE27C68DE1D9DC,A,initial_rl,1
TRN-E10062481D2FF4D4,U,rest_3954,1
TRN-E109061DD1715EA0,B,initial_rl,1
TRN-E117416857112FC4,U,rest_3954,1
TRN-E119F8ABA3A8F462,U,rest_3954,1
TRN-E11FE289A057BCD1,U,rest_3954,1
TRN-E123055F8F26D4A7,A,initial_rl,1
TRN-E12476ED2169158F,U,rest_3954,1
TRN-E127C242CD45FA5F,U,rest_3954,1
TRN-E13C858B86E6C0FA,A,initial_rl,1
TRN-E1433E360700FC40,A,initial_rl,1
TRN-E1495BC6D4551298,A,initial_rl,1
TRN-E14B5C698A0B4DC3,U,rest_3954,1
TRN-E14F3266B1D84755,C,initial_rl,1
TRN-E15BCE8AF1431F8A,U,rest_3954,1
TRN-E15E94DB1AE0C4FB,U,rest_3954,1
TRN-E1660BF58FF99CD1,C,initial_rl,1
TRN-E1770AC61B0C7687,U,rest_3954,1
TRN-E17D45253C823532,U,rest_3954,1
TRN-E199C3ACDA628FD8,U,rest_3954,1
TRN-E1AF7266953D5305,U,rest_3954,1
TRN-E1B8A017B3AD5FF9,U,rest_3954,1
TRN-E1C74EDC1F395D18,U,rest_3954,1
TRN-E1CB1F35DAC58DF8,C,initial_rl,1
TRN-E1CE4A5C8C2EC405,C,initial_rl,1
TRN-E1DEFEC5543BC753,U,rest_3954,1
TRN-E1E4A299D64A10E7,U,rest_3954,1
TRN-E1F4DF5D31AE85E2,U,rest_3954,1
TRN-E1F5375630771831,B,initial_rl,1
TRN-E1F601013A897B27,U,rest_3954,1
TRN-E1F80584C8344F29,C,initial_rl,1
TRN-E1FBFAED245D2AEC,C,initial_rl,1
TRN-E2084C9B41B166FB,U,rest_3954,1
TRN-E208C69DD6C2A16F,U,rest_3954,1
TRN-E217181692513D87,A,initial_rl,1
TRN-E21FCA9BE36D77C3,B,initial_rl,1
TRN-E229B85197239A7F,C,initial_rl,1
TRN-E23ACBD91D7210FF,U,rest_3954,1
TRN-E23DAC64A1042EFB,A,initial_rl,1
TRN-E251C68F8496ECBF,U,rest_3954,1
TRN-E25F3F669B55911E,U,rest_3954,1
TRN-E25F8B4FD0993CA1,B,initial_rl,1
TRN-E26095BB987A08DB,U,rest_3954,1
TRN-E262C375E2829F17,U,rest_3954,1
TRN-E26C0525AA1A10A0,U,rest_3954,1
TRN-E26FE7013E5DEDD0,A,initial_rl,1
TRN-E278EB534195D681,U,rest_3954,1
TRN-E28AB4712E2A3F30,U,rest_3954,1
TRN-E28B1DB4143F53B8,B,initial_rl,1
TRN-E28E464805FA7C88,C,initial_rl,1
TRN-E29DDEE091E62E0C,U,rest_3954,1
TRN-E2B9AA457CE2D472,U,rest_3954,1
TRN-E2C1376E4A3D26C6,U,rest_3954,1
TRN-E2D5488BB070D1EC,C,initial_rl,1
TRN-E2D819D533772F52,U,rest_3954,1
TRN-E2F8B577371942D6,C,initial_rl,1
TRN-E2FC88803FADDBD1,U,rest_3954,1
TRN-E30387E49CEA0489,U,rest_3954,1
TRN-E308DEACE261C6B4,A,initial_rl,1
TRN-E3234C251BAB9648,A,initial_rl,1
TRN-E32C27A92E1F3DEB,U,rest_3954,1
TRN-E33B0EA906E2B0C0,U,rest_3954,1
TRN-E33CEE4C9B5D03E8,B,initial_rl,1
TRN-E33DD6D428AEE3B8,U,rest_3954,1
TRN-E3600227C20C25DD,U,rest_3954,1
TRN-E362ADEA962086FC,A,initial_rl,1
TRN-E36D57FBA03CF276,C,initial_rl,1
TRN-E37177D293210F08,U,rest_3954,1
TRN-E379325C4C05699B,C,initial_rl,1
TRN-E3797CFD18A7C44E,U,rest_3954,1
TRN-E38D071A166003CF,B,initial_rl,1
TRN-E39A632002AC442A,U,rest_3954,1
TRN-E39FA775FD76346D,A,initial_rl,1
TRN-E3A6C320A4CF7A5A,U,rest_3954,1
TRN-E3AAFC5A67066A82,U,rest_3954,1
TRN-E3AE07090DE999F8,B,initial_rl,1
TRN-E3B1405F497E7303,U,rest_3954,1
TRN-E3B9D34723555DF0,B,initial_rl,1
TRN-E3C5949159F5A059,U,rest_3954,1
TRN-E3C979505FB7F6F3,A,initial_rl,1
TRN-E3DB4729A5EAFD47,U,rest_3954,1
TRN-E3E11A48D9DA1AFA,U,rest_3954,1
TRN-E3E62973CC004D4F,B,initial_rl,1
TRN-E3ECAA718D008292,C,initial_rl,1
TRN-E3F892E83E14147E,U,rest_3954,1
TRN-E401D5C40515CE91,B,initial_rl,1
TRN-E4023CE6B39DCCF7,U,rest_3954,1
TRN-E40793908F83EC54,U,rest_3954,1
TRN-E40B9B76823144C2,C,initial_rl,1
TRN-E414589C331845AC,U,rest_3954,1
TRN-E416F459400451E1,U,rest_3954,1
TRN-E419EE3C8FF5F200,B,initial_rl,1
TRN-E41BF256C8CA596A,U,rest_3954,1
TRN-E429394BE8D4764C,C,initial_rl,1
TRN-E42ACD4DE8E81938,U,rest_3954,1
TRN-E42AE62EE1A6D42E,U,rest_3954,1
TRN-E432B43CB7EA54D6,U,rest_3954,1
TRN-E434B7AA14909610,C,initial_rl,1
TRN-E43B8C4B702661A2,C,initial_rl,1
TRN-E43FDFF8413CFA9F,B,initial_rl,1
TRN-E44969D8AC5159CE,U,rest_3954,1
TRN-E45BC4AF97317E19,U,rest_3954,1
TRN-E4631AEAE25C8C13,U,rest_3954,1
TRN-E4757F41C3257F1E,U,rest_3954,1
TRN-E47969678BA49ABD,B,initial_rl,1
TRN-E4846E560423ED15,C,initial_rl,1
TRN-E48B47F1C8AF5824,U,rest_3954,1
TRN-E491890534486ED4,B,initial_rl,1
TRN-E498EF347585C2D2,U,rest_3954,1
TRN-E49C4CCA565C44B6,B,initial_rl,1
TRN-E49FB8CB2D0B6FAA,B,initial_rl,1
TRN-E4A1411FDCA5C597,U,rest_3954,1
TRN-E4ABB76BA5070033,C,initial_rl,1
TRN-E4B7780D9182DFDB,C,initial_rl,1
TRN-E4C6B1795B6FF1CE,C,initial_rl,1
TRN-E4CB5B9E9FD768B2,A,initial_rl,1
TRN-E4DCD1BF06EC0F1C,A,initial_rl,1
TRN-E4DF1C96C1A19610,U,rest_3954,1
TRN-E4E77D6250DE594D,U,rest_3954,1
TRN-E4F72031F5237311,U,rest_3954,1
TRN-E4FBF3DCEABA412B,C,initial_rl,1
TRN-E500DE60548EC75C,U,rest_3954,1
TRN-E503524B98FC59BD,A,initial_rl,1
TRN-E516A0AA7B57B574,U,rest_3954,1
TRN-E52FBEA5BB12A544,A,initial_rl,1
TRN-E537689D73752319,A,initial_rl,1
TRN-E5382BBD79544A13,U,rest_3954,1
TRN-E54CDFA8C0B8F2CE,A,initial_rl,1
TRN-E55D62B72B4A38C1,C,initial_rl,1
TRN-E55DBCDA2A27B23D,U,rest_3954,1
TRN-E56E2B49BE73ADE1,U,rest_3954,1
TRN-E56E9F0549BBA39D,U,rest_3954,1
TRN-E575BF3CCF676A55,U,rest_3954,1
TRN-E57AF96741F330AC,U,rest_3954,1
TRN-E57EC0A508E3ED3A,U,rest_3954,1
TRN-E59DEE97B602D180,U,rest_3954,1
TRN-E59EBE7E3FF1AC16,B,initial_rl,1
TRN-E5A0A44AE9221CDB,B,initial_rl,1
TRN-E5A72DE11656072B,B,initial_rl,1
TRN-E5A7C0ED8C61430A,C,initial_rl,1
TRN-E5BBCAED2FD5E445,C,initial_rl,1
TRN-E5BD37A0D1DEA926,U,rest_3954,1
TRN-E5C2C708D1616BCD,U,rest_3954,1
TRN-E5C936CD231F4F40,C,initial_rl,1
TRN-E5CB92D800390446,U,rest_3954,1
TRN-E5CC73B5D9F99524,C,initial_rl,1
TRN-E5D1416E21C6AA59,U,rest_3954,1
TRN-E5D1B627842A780B,U,rest_3954,1
TRN-E5E37E0745AC31B7,U,rest_3954,1
TRN-E5E8AF84387F7DB7,U,rest_3954,1
TRN-E5F43B9F417FBEBC,C,initial_rl,1
TRN-E5F83D4A0E110726,U,rest_3954,1
TRN-E5FCB70AF60EDE17,B,initial_rl,1
TRN-E602B55E4A83C5BF,U,rest_3954,1
TRN-E60A76EC36E1F49C,U,rest_3954,1
TRN-E60EF08E9757A1C3,U,rest_3954,1
TRN-E616CF50180BE78E,C,initial_rl,1
TRN-E6178F7E3969DDAF,C,initial_rl,1
TRN-E61A5911B82E0A60,U,rest_3954,1
TRN-E61D965DE432E9FA,C,initial_rl,1
TRN-E624CAA0A7F36CF5,U,rest_3954,1
TRN-E63E3D4AAE50CA51,A,initial_rl,1
TRN-E64370E73C59932D,U,rest_3954,1
TRN-E656BFA995D10497,A,initial_rl,1
TRN-E660095F800BDECA,C,initial_rl,1
TRN-E690EE04DC107496,U,rest_3954,1
TRN-E6915EE6318661AB,A,initial_rl,1
TRN-E69AACA3F0DD35CC,B,initial_rl,1
TRN-E69B61855DB1001E,U,rest_3954,1
TRN-E6A538656EB573E8,C,initial_rl,1
TRN-E6A612FAAC763974,A,initial_rl,1
TRN-E6AC580EC7A54991,U,rest_3954,1
TRN-E6B2EE3DB7ACDE30,U,rest_3954,1
TRN-E6BDBD4A03C75C4A,C,initial_rl,1
TRN-E6BFF85D92BC2490,C,initial_rl,1
TRN-E6CCEDEEA26A7A77,U,rest_3954,1
TRN-E6E795F36D1B07F1,B,initial_rl,1
TRN-E6FAFBD7EFF7D1F7,B,initial_rl,1
TRN-E6FD856D1EFDD736,B,initial_rl,1
TRN-E6FF93F69ECD46AC,C,initial_rl,1
TRN-E70700FD66080C6D,U,rest_3954,1
TRN-E709BEB7F9BE0AEC,B,initial_rl,1
TRN-E71F65E9F934806E,U,rest_3954,1
TRN-E7207191C92A9F2B,U,rest_3954,1
TRN-E72CD865D680AEEF,C,initial_rl,1
TRN-E73786AC766624AE,U,rest_3954,1
TRN-E73A220D86F3DFC2,B,initial_rl,1
TRN-E74046288AD46D21,U,rest_3954,1
TRN-E74624F74033D089,U,rest_3954,1
TRN-E746FF5FA457F6A5,U,rest_3954,1
TRN-E74A0609F493B491,C,initial_rl,1
TRN-E75B850836F248B6,U,rest_3954,1
TRN-E75DC2DEC8F531F6,B,initial_rl,1
TRN-E7686A9C760FB355,C,initial_rl,1
TRN-E768B6270E615F91,A,initial_rl,1
TRN-E76AAF94EEFB69D3,U,rest_3954,1
TRN-E77437683DA3B1BF,C,initial_rl,1
TRN-E77F96A966EFB0FC,U,rest_3954,1
TRN-E7807BED1BEC596D,A,initial_rl,1
TRN-E786283981471C9F,U,rest_3954,1
TRN-E7879AC04366A3D8,U,rest_3954,1
TRN-E78C47EC53CE8D2C,U,rest_3954,1
TRN-E791B27096CE0BE2,U,rest_3954,1
TRN-E79E81D070FF05E0,U,rest_3954,1
TRN-E7A656D65427FCFF,C,initial_rl,1
TRN-E7A7EBF2D8F14850,C,initial_rl,1
TRN-E7AA3CCAC7BBBDCC,U,rest_3954,1
TRN-E7AFA931C1F31111,U,rest_3954,1
TRN-E7B9820C038939B6,B,initial_rl,1
TRN-E7C4F99A2AF8AE06,U,rest_3954,1
TRN-E7CD0410BACB2C15,U,rest_3954,1
TRN-E7D22F6CBF459652,U,rest_3954,1
TRN-E7D8348220874151,B,initial_rl,1
TRN-E7DF580D0C551A70,U,rest_3954,1
TRN-E7E37D2550D634E2,U,rest_3954,1
TRN-E7EE393B1E60BC58,U,rest_3954,1
TRN-E7F123980988C073,C,initial_rl,1
TRN-E801B53EDBD9F8B6,U,rest_3954,1
TRN-E81D38F0B07A06B8,U,rest_3954,1
TRN-E82B88AE2F50AEE0,U,rest_3954,1
TRN-E838C5C8FFFDBDCB,U,rest_3954,1
TRN-E849C7AC091EBF6A,U,rest_3954,1
TRN-E8510667FF28C4D2,C,initial_rl,1
TRN-E85BDBB2C918C3EF,U,rest_3954,1
TRN-E85CDC7F43AB9F27,C,initial_rl,1
TRN-E85E4849EA2AB779,C,initial_rl,1
TRN-E8695BD5858E2770,U,rest_3954,1
TRN-E86BCD2F3C671AA8,U,rest_3954,1
TRN-E881A4C670E69823,U,rest_3954,1
TRN-E8828B6779F7FA7F,A,initial_rl,1
TRN-E884F802A5551940,U,rest_3954,1
TRN-E89CE36E55F61DA2,U,rest_3954,1
TRN-E89DC37956D27443,U,rest_3954,1
TRN-E89E61AA09AC1B6D,U,rest_3954,1
TRN-E8AA483D07C0B256,U,rest_3954,1
TRN-E8AA9A5CBF2D6CD4,C,initial_rl,1
TRN-E8AE01AFD1529168,C,initial_rl,1
TRN-E8C74442EAA8D5FC,C,initial_rl,1
TRN-E8E7AC2A6E8BC474,U,rest_3954,1
TRN-E8EAFBE4D403863D,U,rest_3954,1
TRN-E8F0D97392A3B376,C,initial_rl,1
TRN-E8F5728CC975173B,U,rest_3954,1
TRN-E91CF7053FE572CF,U,rest_3954,1
TRN-E922D01CADC9DFDC,U,rest_3954,1
TRN-E927DB4F11FA7B03,U,rest_3954,1
TRN-E9335CD52176CD2A,U,rest_3954,1
TRN-E93B14AD6733E481,C,initial_rl,1
TRN-E95194D70A4C17B9,U,rest_3954,1
TRN-E967AD35540F3E13,C,initial_rl,1
TRN-E979ACC89206B6DA,C,initial_rl,1
TRN-E98A69B77651AE72,B,initial_rl,1
TRN-E998ACA73D672950,U,rest_3954,1
TRN-E9AE309011DAFA5A,U,rest_3954,1
TRN-E9B0AF8B11817CD2,U,rest_3954,1
TRN-E9C44A2DA7157236,C,initial_rl,1
TRN-E9D34BD808A40193,C,initial_rl,1
TRN-E9D6032FE47E6551,U,rest_3954,1
TRN-E9D8BCF338746F14,U,rest_3954,1
TRN-E9E27D1B8DF50355,U,rest_3954,1
TRN-E9F30870B2FF76B4,U,rest_3954,1
TRN-E9FBED7587447CE0,C,initial_rl,1
TRN-EA0941D35E9D66D1,U,rest_3954,1
TRN-EA0D3C28E60D1046,C,initial_rl,1
TRN-EA25B228B9880930,U,rest_3954,1
TRN-EA34F93B9B6A1A5B,A,initial_rl,1
TRN-EA42F5C15CFB01AC,U,rest_3954,1
TRN-EA4E141B385243D8,U,rest_3954,1
TRN-EA599BE35B0E17F0,C,initial_rl,1
TRN-EA6A30E24C17A79B,U,rest_3954,1
TRN-EA75AD21D0298B58,U,rest_3954,1
TRN-EA7B37770AD4E045,U,rest_3954,1
TRN-EA8068411E5BA8DA,U,rest_3954,1
TRN-EA87848975A1E134,U,rest_3954,1
TRN-EA87F86398D7B69C,U,rest_3954,1
TRN-EA88A52A4E97DB32,U,rest_3954,1
TRN-EA8BC2BE1F67FAAA,B,initial_rl,1
TRN-EA9333ADB4FA7A68,U,rest_3954,1
TRN-EA9A23B620663325,U,rest_3954,1
TRN-EA9A6E1DC1915349,C,initial_rl,1
TRN-EA9CD0EAAB65D666,U,rest_3954,1
TRN-EAA5138E6310AEEA,U,rest_3954,1
TRN-EAA5EB5C8A9A1F91,U,rest_3954,1
TRN-EAAB45BBBA830EA3,C,initial_rl,1
TRN-EAB9351CB03992A3,C,initial_rl,1
TRN-EAD13991C16C83D6,B,initial_rl,1
TRN-EADAAC0978D2B3D3,U,rest_3954,1
TRN-EADC0C40E55BCE92,U,rest_3954,1
TRN-EAE4AEFBDC9EDB61,U,rest_3954,1
TRN-EAEC85A136EA13FF,C,initial_rl,1
TRN-EAFC5C30C3B40544,U,rest_3954,1
TRN-EB0968713CE8FCC7,U,rest_3954,1
TRN-EB10818313B82A90,U,rest_3954,1
TRN-EB2C49D55A6F7F80,C,initial_rl,1
TRN-EB4B1C03DA6F859B,C,initial_rl,1
TRN-EB4C35AB71C0CE6B,U,rest_3954,1
TRN-EB4D877D32EA7461,U,rest_3954,1
TRN-EB5B82FF9F5F1384,U,rest_3954,1
TRN-EB611F4D9DABC500,U,rest_3954,1
TRN-EB6A49AFBD35DA89,U,rest_3954,1
TRN-EB72E6BDBAF072BC,U,rest_3954,1
TRN-EB760FB4B94AE0E9,A,initial_rl,1
TRN-EB7BFAD827589CD4,U,rest_3954,1
TRN-EB84BB1BDC4CB7E7,U,rest_3954,1
TRN-EB8936594703C2EB,C,initial_rl,1
TRN-EB98485F29FD6927,B,initial_rl,1
TRN-EBBEB5A2DD20D405,U,rest_3954,1
TRN-EBD907AE42ED9D6E,B,initial_rl,1
TRN-EBE19BE4F496DD09,C,initial_rl,1
TRN-EBE7A7A0891D7C84,U,rest_3954,1
TRN-EBEB5D559B9AA5A5,C,initial_rl,1
TRN-EBF10134EC253171,C,initial_rl,1
TRN-EBF650FCEEA42CE6,U,rest_3954,1
TRN-EBFC80E8A91F3D29,A,initial_rl,1
TRN-EC051446E6C03DB0,U,rest_3954,1
TRN-EC0C58C395DF4970,B,initial_rl,1
TRN-EC1C4D291AA45509,U,rest_3954,1
TRN-EC1F1CB677F127C4,U,rest_3954,1
TRN-EC237C1E4A4BD55C,C,initial_rl,1
TRN-EC277BD454E54D33,U,rest_3954,1
TRN-EC3644AB864E0751,U,rest_3954,1
TRN-EC39B2DA2F145A3C,U,rest_3954,1
TRN-EC3A3889DA7FC984,U,rest_3954,1
TRN-EC4603AEFCF07900,U,rest_3954,1
TRN-EC4C65F7357AAD83,A,initial_rl,1
TRN-EC59163D3E1743C5,U,rest_3954,1
TRN-EC5D5E777C8F8A84,C,initial_rl,1
TRN-EC75C78A74D89866,C,initial_rl,1
TRN-EC75D8458481C9DF,U,rest_3954,1
TRN-ECA4809197FC05DA,U,rest_3954,1
TRN-ECB933BDFAD2E316,U,rest_3954,1
TRN-ECBB7C95A9344826,U,rest_3954,1
TRN-ECC41C5D4920F357,U,rest_3954,1
TRN-ECC42A1BD6308758,C,initial_rl,1
TRN-ECC5A80646398CDA,C,initial_rl,1
TRN-ECD252523DCE19AC,U,rest_3954,1
TRN-ECD43A7BBCA55A3C,U,rest_3954,1
TRN-ECDDFD0227EAC6A0,U,rest_3954,1
TRN-ECE98CDEAE12A8D7,B,initial_rl,1
TRN-ECEA2ADAB0AAAFD9,U,rest_3954,1
TRN-ECF05928BD313598,U,rest_3954,1
TRN-ECFADA87453B6773,U,rest_3954,1
TRN-ECFE613E82A3B3AD,C,initial_rl,1
TRN-ED02EDA1FB98CCC5,U,rest_3954,1
TRN-ED0F0EF02A7516F1,C,initial_rl,1
TRN-ED2AF976AAA329EC,U,rest_3954,1
TRN-ED2B72EF8948D458,U,rest_3954,1
TRN-ED31B5D06369AF3F,U,rest_3954,1
TRN-ED34D0BDB0047A89,U,rest_3954,1
TRN-ED46E81CBF41FAF6,U,rest_3954,1
TRN-ED4F925846F206E1,U,rest_3954,1
TRN-ED543ED2FBCD8D01,U,rest_3954,1
TRN-ED545CD8ED5A9BB3,A,initial_rl,1
TRN-ED56AF0CB307D905,C,initial_rl,1
TRN-ED57DEB00D329DBD,C,initial_rl,1
TRN-ED65646BD1B34BF2,C,initial_rl,1
TRN-ED776249A679A325,A,initial_rl,1
TRN-EDA7F0C70113FB86,C,initial_rl,1
TRN-EDA896DC1D7CC96C,U,rest_3954,1
TRN-EDAA8916102819E3,A,initial_rl,1
TRN-EDACB2C20270D69E,A,initial_rl,1
TRN-EDB1C9FC321FF00D,U,rest_3954,1
TRN-EDB2EACCA2928C90,C,initial_rl,1
TRN-EDB3B8A409B4336E,A,initial_rl,1
TRN-EDB9F6D41A2C7941,C,initial_rl,1
TRN-EDBAC4AA76614E6E,C,initial_rl,1
TRN-EDBB9B7DBF2AF3B4,U,rest_3954,1
TRN-EDD5E80B137FFA84,C,initial_rl,1
TRN-EDD70B0F27246A86,C,initial_rl,1
TRN-EDD8FD5DD4191801,A,initial_rl,1
TRN-EDEA180216976FF0,U,rest_3954,1
TRN-EDEA7B39C690512F,U,rest_3954,1
TRN-EDFA19463051E438,U,rest_3954,1
TRN-EE058B2D9CF9C5C6,U,rest_3954,1
TRN-EE17490FE7A0ADA1,U,rest_3954,1
TRN-EE1D681FBA68B033,U,rest_3954,1
TRN-EE23D884F258BA2C,C,initial_rl,1
TRN-EE26F82E3C15F1A3,U,rest_3954,1
TRN-EE2E0B9F711C0F9C,C,initial_rl,1
TRN-EE2FB5AE24A780F5,U,rest_3954,1
TRN-EE38D73BE6B3C35C,A,initial_rl,1
TRN-EE4787354DC40A3B,U,rest_3954,1
TRN-EE4900BD13038104,U,rest_3954,1
TRN-EE4F3C8253205156,A,initial_rl,1
TRN-EE5E19CFB9DB96D1,A,initial_rl,1
TRN-EE61D47B7CA4CA4D,A,initial_rl,1
TRN-EE649843EDB1F4FD,B,initial_rl,1
TRN-EE66788817F94E08,U,rest_3954,1
TRN-EE6D7F526B4CB9BD,U,rest_3954,1
TRN-EE6F233A571B5601,U,rest_3954,1
TRN-EE714E6360FA87B0,C,initial_rl,1
TRN-EE7CBA09F6E00682,U,rest_3954,1
TRN-EE7E8B8976D5C4BA,U,rest_3954,1
TRN-EE819C151E8130CC,U,rest_3954,1
TRN-EE8628D798B1C891,U,rest_3954,1
TRN-EE8ED7AB3E97854B,C,initial_rl,1
TRN-EE8F48DB0845F371,U,rest_3954,1
TRN-EE91DFAB5B5D15F6,U,rest_3954,1
TRN-EE925236863045B4,C,initial_rl,1
TRN-EE9B810A5D591C02,U,rest_3954,1
TRN-EE9BC2B6FD4A4290,U,rest_3954,1
TRN-EEA038D705DDD6B0,U,rest_3954,1
TRN-EEA4C0ED18EE1BB0,U,rest_3954,1
TRN-EEA55BC5790C36F2,A,initial_rl,1
TRN-EEDD6E148D973EE0,U,rest_3954,1
TRN-EEE414193E40314B,U,rest_3954,1
TRN-EEEA7FDD0D83B5AA,U,rest_3954,1
TRN-EEF973411EB46B4B,U,rest_3954,1
TRN-EEF9B14ADBA76D53,C,initial_rl,1
TRN-EF096DC1063AD32E,U,rest_3954,1
TRN-EF09E751F64FBA23,C,initial_rl,1
TRN-EF116AB3819E1209,U,rest_3954,1
TRN-EF27FB7CE65C7B56,B,initial_rl,1
TRN-EF28F48956093BE3,U,rest_3954,1
TRN-EF3EC876025080FE,U,rest_3954,1
TRN-EF665A6C834CF0B6,C,initial_rl,1
TRN-EF68F2F1F16A3983,U,rest_3954,1
TRN-EF69F8DC8431D3B5,C,initial_rl,1
TRN-EF6F8CAEDF7A8F84,U,rest_3954,1
TRN-EF7F490218A38F3A,U,rest_3954,1
TRN-EF7FA47732E4AFBD,B,initial_rl,1
TRN-EF953BC7AC9DF9C9,U,rest_3954,1
TRN-EF96CE7CA8F17059,B,initial_rl,1
TRN-EF9F937BC86230AD,A,initial_rl,1
TRN-EFA6253871AFFDE5,U,rest_3954,1
TRN-EFAA7438B5511480,U,rest_3954,1
TRN-EFB401CA92608636,C,initial_rl,1
TRN-EFB731837AE10FDE,A,initial_rl,1
TRN-EFBED22164410D0C,U,rest_3954,1
TRN-EFC20B0CE9EB733F,C,initial_rl,1
TRN-EFC75F1B54D27CAC,B,initial_rl,1
TRN-EFC7A0108BDBED58,B,initial_rl,1
TRN-EFD47EC93E695E25,C,initial_rl,1
TRN-EFD5E35ADF8F02BF,U,rest_3954,1
TRN-EFE43FC0344D5B49,U,rest_3954,1
TRN-EFE7A5CE0260DEE9,B,initial_rl,1
TRN-EFE9597BB36C2055,U,rest_3954,1
TRN-EFE99837C1C01B8D,U,rest_3954,1
TRN-EFF797EAF7CE3467,A,initial_rl,1
TRN-EFF8271799A3A8C0,U,rest_3954,1
TRN-F00C503DE6ADCAA2,U,rest_3954,1
TRN-F0104F59FEB3C4CF,U,rest_3954,1
TRN-F01727C7DD7E54D8,U,rest_3954,1
TRN-F02C13243D7B83AF,A,initial_rl,1
TRN-F0301D0FF91B2A50,C,initial_rl,1
TRN-F05EEB970A2B09C2,U,rest_3954,1
TRN-F06868FCABC16C0C,C,initial_rl,1
TRN-F073FC7494475A37,C,initial_rl,1
TRN-F07C837CED801DF3,A,initial_rl,1
TRN-F07F92F2ADACECE2,C,initial_rl,1
TRN-F08775E98E3EDEAF,U,rest_3954,1
TRN-F09B6D6ECAA44594,U,rest_3954,1
TRN-F09C23158967A530,C,initial_rl,1
TRN-F0B8D123C6FF7879,U,rest_3954,1
TRN-F0C6BEA3CE988723,U,rest_3954,1
TRN-F0DE8FF20FD9D1E8,U,rest_3954,1
TRN-F109502F0578DE6C,B,initial_rl,1
TRN-F10E4F398F8DBCA3,U,rest_3954,1
TRN-F10F585833EE29FA,U,rest_3954,1
TRN-F117580FE7D6AF2C,U,rest_3954,1
TRN-F11EC3D58B60BC34,U,rest_3954,1
TRN-F125DC8AFD42CBCE,U,rest_3954,1
TRN-F12BBF24209C7A38,C,initial_rl,1
TRN-F12D26AA82AFCBEC,U,rest_3954,1
TRN-F132687BD9FFC934,U,rest_3954,1
TRN-F133009FE8787667,U,rest_3954,1
TRN-F1373CBE330D6EFD,B,initial_rl,1
TRN-F1441D0491DC7E05,A,initial_rl,1
TRN-F1510D4AF9F3CF95,U,rest_3954,1
TRN-F15617BF40FA6D60,C,initial_rl,1
TRN-F1571EECE72CA16A,C,initial_rl,1
TRN-F15E964B1EFFAD25,A,initial_rl,1
TRN-F170A5660517D0DE,U,rest_3954,1
TRN-F175580D0805ECBA,A,initial_rl,1
TRN-F17D57162C43CA3A,C,initial_rl,1
TRN-F181C890D4EFA917,U,rest_3954,1
TRN-F187732AFCD94092,U,rest_3954,1
TRN-F1A4465863E30080,C,initial_rl,1
TRN-F1B644A283C4812C,C,initial_rl,1
TRN-F1B9C54905B62822,U,rest_3954,1
TRN-F1C6A036E1E79C5F,U,rest_3954,1
TRN-F1D01CC188925C83,C,initial_rl,1
TRN-F1D0A57CD98D86E2,U,rest_3954,1
TRN-F1D7E41CD3018D22,U,rest_3954,1
TRN-F1DAFD52BC404190,C,initial_rl,1
TRN-F1F86DA2F4561C7F,B,initial_rl,1
TRN-F1FA9640E40654B2,C,initial_rl,1
TRN-F1FD519947E3FA33,C,initial_rl,1
TRN-F200C75D19ABAA14,U,rest_3954,1
TRN-F20D71E3AF54E5AA,U,rest_3954,1
TRN-F20F96CC7C3BBDA4,U,rest_3954,1
TRN-F21368E6FCFAE06A,B,initial_rl,1
TRN-F2143BA48BF9A25F,C,initial_rl,1
TRN-F2250C7EEF6B7B4B,U,rest_3954,1
TRN-F2261BBD45CF5E9B,U,rest_3954,1
TRN-F22A300CF96B60BE,U,rest_3954,1
TRN-F22B6A9F4CC37DDE,C,initial_rl,1
TRN-F2366875173A4313,U,rest_3954,1
TRN-F246A7F317E88C04,U,rest_3954,1
TRN-F249B06A0F846253,U,rest_3954,1
TRN-F253F794C760C5C5,U,rest_3954,1
TRN-F25C1D02DB5CA834,U,rest_3954,1
TRN-F25C7B9AD45284B3,U,rest_3954,1
TRN-F25F7117AB4FE2BF,U,rest_3954,1
TRN-F266F9E65F7B4528,U,rest_3954,1
TRN-F2670C49D131EF86,U,rest_3954,1
TRN-F26A78270E158625,U,rest_3954,1
TRN-F26E7A16B40117CB,U,rest_3954,1
TRN-F278B9E3F9DBDE0E,U,rest_3954,1
TRN-F27ED0E33BA97E9D,C,initial_rl,1
TRN-F284722F59DBEDA1,U,rest_3954,1
TRN-F2908F4294B5FFE1,U,rest_3954,1
TRN-F29516264E038E7C,U,rest_3954,1
TRN-F2AB996479D232BD,U,rest_3954,1
TRN-F2AE0A4585D07FAB,U,rest_3954,1
TRN-F2B01CF34990CE16,U,rest_3954,1
TRN-F2CCCDB41DE51F7F,C,initial_rl,1
TRN-F2CDF234C2D7AAA3,C,initial_rl,1
TRN-F2DA9D88FFCBF01A,C,initial_rl,1
TRN-F2DC05D095DF8C62,C,initial_rl,1
TRN-F2E4C56F8E55D841,U,rest_3954,1
TRN-F2F799DA5795BC49,A,initial_rl,1
TRN-F3002E16516F7527,U,rest_3954,1
TRN-F3023ABBF26DF7E5,B,initial_rl,1
TRN-F309076F14E6D268,U,rest_3954,1
TRN-F30FB0911933214D,U,rest_3954,1
TRN-F312BBC0E6E9424D,U,rest_3954,1
TRN-F32FAC02B62A2464,U,rest_3954,1
TRN-F330FC97D37D9512,U,rest_3954,1
TRN-F337A8053D244B4B,C,initial_rl,1
TRN-F33C8750517AC651,U,rest_3954,1
TRN-F349AF4D7A4F93C9,U,rest_3954,1
TRN-F34BDB315B0ED74E,U,rest_3954,1
TRN-F353EE8AEFC8699F,C,initial_rl,1
TRN-F36B18A3E8FEA03D,U,rest_3954,1
TRN-F37A3808745C80CD,C,initial_rl,1
TRN-F37EBDBE20231EAE,C,initial_rl,1
TRN-F386563B636F5D05,U,rest_3954,1
TRN-F388075B62710901,A,initial_rl,1
TRN-F392CCBE0F057D03,A,initial_rl,1
TRN-F392D7074CADD8BA,C,initial_rl,1
TRN-F3949D5E8D0FD400,U,rest_3954,1
TRN-F39541B9961C1860,U,rest_3954,1
TRN-F396B97D9054FAB7,U,rest_3954,1
TRN-F3ACCED737B0B42C,A,initial_rl,1
TRN-F3B48C2E6980886A,U,rest_3954,1
TRN-F3B52A6241A70BA2,U,rest_3954,1
TRN-F3BF856564FF92B2,U,rest_3954,1
TRN-F3DEA92ACD91E00B,U,rest_3954,1
TRN-F3E0EDAF08075664,C,initial_rl,1
TRN-F3F1AE51695EB92D,U,rest_3954,1
TRN-F3F2C88E9FA6FCA0,C,initial_rl,1
TRN-F3F5D1352618497E,U,rest_3954,1
TRN-F3FAE49C8D46F1B4,B,initial_rl,1
TRN-F3FDF049DFFB75EF,U,rest_3954,1
TRN-F412BE30A5692FA5,U,rest_3954,1
TRN-F424599BF6667E7A,U,rest_3954,1
TRN-F42471CD3F5E176D,C,initial_rl,1
TRN-F424ECD24AAA5B80,U,rest_3954,1
TRN-F43591A27610AE57,C,initial_rl,1
TRN-F4369F0B3AD43C2A,U,rest_3954,1
TRN-F43DDDDD611952A9,U,rest_3954,1
TRN-F4400BA1E5112935,U,rest_3954,1
TRN-F449318A8B257EBF,B,initial_rl,1
TRN-F449DDA24CE90EEC,U,rest_3954,1
TRN-F456872347C44094,U,rest_3954,1
TRN-F45A62127834850E,U,rest_3954,1
TRN-F45D8B5C0FA781BC,C,initial_rl,1
TRN-F4632E35F18FB9F8,C,initial_rl,1
TRN-F47592743B0011DF,U,rest_3954,1
TRN-F479F8A1FBA5CBF0,U,rest_3954,1
TRN-F47F3957251669E2,C,initial_rl,1
TRN-F482D4E660146C9D,U,rest_3954,1
TRN-F48DDC9DA0E094B5,C,initial_rl,1
TRN-F48E69BE5F9E2ED2,U,rest_3954,1
TRN-F49147427B50A479,U,rest_3954,1
TRN-F495A0DD8BF4F633,U,rest_3954,1
TRN-F4A644402A01B633,B,initial_rl,1
TRN-F4A942D7F8BC5EDA,A,initial_rl,1
TRN-F4B2778AC6C53E05,U,rest_3954,1
TRN-F4D24DF3630AED66,U,rest_3954,1
TRN-F4DF3807353D9A93,A,initial_rl,1
TRN-F4ED0FC6D13EEBC2,U,rest_3954,1
TRN-F4ED2547E685C038,U,rest_3954,1
TRN-F4F634C7DEF50AB8,C,initial_rl,1
TRN-F50C3B2788432DB9,C,initial_rl,1
TRN-F50F2E0302E6578C,B,initial_rl,1
TRN-F518DB224538EF83,A,initial_rl,1
TRN-F51E20CDC9617256,U,rest_3954,1
TRN-F52B72FDB1FAD2EF,B,initial_rl,1
TRN-F5305F7C52C7EF3A,A,initial_rl,1
TRN-F531AAA6776EC3BA,B,initial_rl,1
TRN-F53327991CEA0EAE,U,rest_3954,1
TRN-F534B1EAA1B89A6E,U,rest_3954,1
TRN-F5381F5C1BD91418,A,initial_rl,1
TRN-F540772CCF528266,U,rest_3954,1
TRN-F543C1790AC21B5C,U,rest_3954,1
TRN-F54E012C6C4B4491,U,rest_3954,1
TRN-F55543FE2629C7AA,A,initial_rl,1
TRN-F555A76BAC718E45,C,initial_rl,1
TRN-F567400DC7B64DE3,U,rest_3954,1
TRN-F578C12DC560D149,U,rest_3954,1
TRN-F580773184EC28FC,U,rest_3954,1
TRN-F5867550B3B4A273,U,rest_3954,1
TRN-F588A8200C762A7D,A,initial_rl,1
TRN-F58976A09CA084D1,U,rest_3954,1
TRN-F5965ABD9D7A135F,C,initial_rl,1
TRN-F597C5449385DE85,C,initial_rl,1
TRN-F5A561F82FBC33DB,A,initial_rl,1
TRN-F5A6D5A17E6E7760,U,rest_3954,1
TRN-F5A9354366BF050B,U,rest_3954,1
TRN-F5D8B464E2BFE22E,U,rest_3954,1
TRN-F5DC8AB11AA6CA83,C,initial_rl,1
TRN-F5DCD344F1E85BEC,C,initial_rl,1
TRN-F5DCF1D435D98717,C,initial_rl,1
TRN-F5E9E92ADD83DDEC,U,rest_3954,1
TRN-F5F4F8806228F3BC,A,initial_rl,1
TRN-F5FCBA5647D885B5,U,rest_3954,1
TRN-F5FF2D47A6169D37,U,rest_3954,1
TRN-F6083703318AC62F,C,initial_rl,1
TRN-F629C8A934EF79DC,U,rest_3954,1
TRN-F63C2CD8FF21B2C7,C,initial_rl,1
TRN-F65E975739079F2C,U,rest_3954,1
TRN-F66AC524E0FD76EA,U,rest_3954,1
TRN-F66C97C65530B806,B,initial_rl,1
TRN-F67F194E0373AE3C,U,rest_3954,1
TRN-F681D0D50FF63306,U,rest_3954,1
TRN-F684016BFC358ADA,U,rest_3954,1
TRN-F6A2E558CB895BF4,U,rest_3954,1
TRN-F6A9503837A1E1EA,U,rest_3954,1
TRN-F6B5A2F619604034,U,rest_3954,1
TRN-F6C08C6A4A48876A,A,initial_rl,1
TRN-F6CD5B72AF453DDF,U,rest_3954,1
TRN-F6D398F5C7669A35,C,initial_rl,1
TRN-F6D4CCBA9E587529,U,rest_3954,1
TRN-F6D7A0BE9E1BA83A,C,initial_rl,1
TRN-F6D98E9A9761674E,U,rest_3954,1
TRN-F6DEFB0973D36C40,A,initial_rl,1
TRN-F6E37D199AC5B9A3,C,initial_rl,1
TRN-F6FCABCCFCC5C9BB,U,rest_3954,1
TRN-F6FFFE7C6E1D5DF7,U,rest_3954,1
TRN-F7090507B7F7F582,U,rest_3954,1
TRN-F70CF57EC3E02BA7,U,rest_3954,1
TRN-F717325FC142DC62,U,rest_3954,1
TRN-F71B53157A76815A,B,initial_rl,1
TRN-F71DF3009848C94D,B,initial_rl,1
TRN-F7257A0AE7D0D507,U,rest_3954,1
TRN-F72BD487A1475650,C,initial_rl,1
TRN-F72DBDA5B55962B4,A,initial_rl,1
TRN-F730F88BA55B4747,A,initial_rl,1
TRN-F73D46DB4187A62C,U,rest_3954,1
TRN-F7439C101B4C6EB4,C,initial_rl,1
TRN-F7617521C0546C01,C,initial_rl,1
TRN-F76973E2146F00EA,A,initial_rl,1
TRN-F778BA2DEE20703D,A,initial_rl,1
TRN-F77938040D6A9E49,U,rest_3954,1
TRN-F786D92062CDC649,U,rest_3954,1
TRN-F78D94BA779EC2A2,U,rest_3954,1
TRN-F799A2A5BD23D137,U,rest_3954,1
TRN-F79A6CDB8E1AC08F,C,initial_rl,1
TRN-F79BDE6F00D91DED,C,initial_rl,1
TRN-F79DD1DFBFF790E4,C,initial_rl,1
TRN-F7A1E35E5729AEBC,U,rest_3954,1
TRN-F7A5331816DB75A0,A,initial_rl,1
TRN-F7B6F4CB50EABD2C,C,initial_rl,1
TRN-F7B81D1C1AAE9364,U,rest_3954,1
TRN-F7BFA312FA65E0E5,C,initial_rl,1
TRN-F7CDBC3D93D7BBEF,U,rest_3954,1
TRN-F7D0FAAC0E87E81F,C,initial_rl,1
TRN-F7D6D60F41D51C98,U,rest_3954,1
TRN-F7D7FB6B9A0F0F29,C,initial_rl,1
TRN-F7D8AFC7387227DE,B,initial_rl,1
TRN-F7F469D234E6F3DB,U,rest_3954,1
TRN-F7F8F2E25E1D5D14,A,initial_rl,1
TRN-F805B170CEF6EF4D,C,initial_rl,1
TRN-F80F97C5FCB8BDA4,C,initial_rl,1
TRN-F8146E23CE0C0DBE,B,initial_rl,1
TRN-F81F606A19F223A5,C,initial_rl,1
TRN-F81F6186A0888CA4,C,initial_rl,1
TRN-F824D2D2531A5398,U,rest_3954,1
TRN-F82E5B0F94EC6EE3,C,initial_rl,1
TRN-F82EE47A629B64ED,A,initial_rl,1
TRN-F8307E2172F7A339,U,rest_3954,1
TRN-F83BF355DA6D90B2,U,rest_3954,1
TRN-F8423B7A3CB25B59,U,rest_3954,1
TRN-F84DF0F83A1CF79C,C,initial_rl,1
TRN-F858689EE10FED1D,U,rest_3954,1
TRN-F85A887F7EB71A86,U,rest_3954,1
TRN-F86940FE58677FD6,A,initial_rl,1
TRN-F87E51F750777E49,U,rest_3954,1
TRN-F887E86D4E8A16B0,U,rest_3954,1
TRN-F8914BD08DAAD6FA,U,rest_3954,1
TRN-F897B8F9312E8500,C,initial_rl,1
TRN-F8A0F9A92D1B95C1,U,rest_3954,1
TRN-F8B02CD09219C391,B,initial_rl,1
TRN-F8B4302DA3947DE8,B,initial_rl,1
TRN-F8B59EA3E50AE136,U,rest_3954,1
TRN-F8B802A4CEFE777F,C,initial_rl,1
TRN-F8C0BC146D8504BC,U,rest_3954,1
TRN-F8CFA4FA9A231F83,C,initial_rl,1
TRN-F8CFC9D6711248FE,U,rest_3954,1
TRN-F8F1A602712BB2AF,U,rest_3954,1
TRN-F8FD1C9E1EF9A953,U,rest_3954,1
TRN-F900F3F35268D70A,A,initial_rl,1
TRN-F91A2EB032182A64,A,initial_rl,1
TRN-F926956699868B79,A,initial_rl,1
TRN-F928AF8F81FF864B,U,rest_3954,1
TRN-F94D3C8BD1D6E1E7,U,rest_3954,1
TRN-F95709585308110D,U,rest_3954,1
TRN-F95B03FEF1D91B06,U,rest_3954,1
TRN-F95B9C460536F207,U,rest_3954,1
TRN-F961B4B7CB1EC760,A,initial_rl,1
TRN-F96D39D86529D361,C,initial_rl,1
TRN-F97C97FA7153932B,C,initial_rl,1
TRN-F98FFA237ACF0DB4,B,initial_rl,1
TRN-F995EABAEE58DB45,U,rest_3954,1
TRN-F997660794CEF6C4,C,initial_rl,1
TRN-F99BB71B3FC58512,U,rest_3954,1
TRN-F9AE5DBF710FC2B2,C,initial_rl,1
TRN-F9B254DB44819BE8,U,rest_3954,1
TRN-F9C46625EE973CF8,C,initial_rl,1
TRN-F9C5A19E8709BAE7,U,rest_3954,1
TRN-F9CFE81799DE71CB,C,initial_rl,1
TRN-F9D65DA485D2A381,U,rest_3954,1
TRN-F9D84B1A59A9F47B,U,rest_3954,1
TRN-F9DCC54C59642769,U,rest_3954,1
TRN-F9F715F67A68E532,C,initial_rl,1
TRN-FA08447A1A1B759F,U,rest_3954,1
TRN-FA0C5F817C83AC3B,C,initial_rl,1
TRN-FA18F7E067038225,A,initial_rl,1
TRN-FA2D62CD3EF15365,U,rest_3954,1
TRN-FA405FDD566F706D,U,rest_3954,1
TRN-FA4669CC9963D8BB,U,rest_3954,1
TRN-FA5F18DBC170F6D2,U,rest_3954,1
TRN-FA6B55433987F390,B,initial_rl,1
TRN-FA7EC6586F3677AD,U,rest_3954,1
TRN-FA862799FC864B55,C,initial_rl,1
TRN-FA8D3C659766CD0A,C,initial_rl,1
TRN-FA8FAB839BCE7EC1,U,rest_3954,1
TRN-FA9891AEF78AFFC6,A,initial_rl,1
TRN-FAA7CBE51272A9E2,U,rest_3954,1
TRN-FAB7B08CE62CB161,C,initial_rl,1
TRN-FADA856E233F939F,C,initial_rl,1
TRN-FAE143EA2D169985,A,initial_rl,1
TRN-FAF734940C806AF1,U,rest_3954,1
TRN-FB24A585E9013386,C,initial_rl,1
TRN-FB275022E0CC75E2,A,initial_rl,1
TRN-FB3570FC5AA922DB,U,rest_3954,1
TRN-FB39EB1B49A1DDC6,U,rest_3954,1
TRN-FB426A6F1D3EC851,U,rest_3954,1
TRN-FB4A4E74B2A7BBF0,U,rest_3954,1
TRN-FB55116F4C299D95,C,initial_rl,1
TRN-FB581D01481D4EF2,C,initial_rl,1
TRN-FB609770694B89A6,C,initial_rl,1
TRN-FB66235A3F5EA542,U,rest_3954,1
TRN-FB6BCBEE9F60C44E,U,rest_3954,1
TRN-FB7E68D1286C0B3D,U,rest_3954,1
TRN-FB8445BBD1A69735,U,rest_3954,1
TRN-FB8950E98373222A,C,initial_rl,1
TRN-FBBE796FB03F7BA8,C,initial_rl,1
TRN-FBC3DB0C17042B23,A,initial_rl,1
TRN-FBD3D76B219D8C74,U,rest_3954,1
TRN-FBDE6680F36D4F08,C,initial_rl,1
TRN-FBE1547F9A360774,U,rest_3954,1
TRN-FBED900B0345FFA2,U,rest_3954,1
TRN-FBFBFF5FEE3927CA,U,rest_3954,1
TRN-FC07AD83D5ACFAAA,U,rest_3954,1
TRN-FC1E43299E8E2393,U,rest_3954,1
TRN-FC31E98A50CCA267,U,rest_3954,1
TRN-FC329691338307F6,C,initial_rl,1
TRN-FC3582F7D8C595DA,B,initial_rl,1
TRN-FC39B61A3667B65B,B,initial_rl,1
TRN-FC4211DACAAA5273,U,rest_3954,1
TRN-FC5DFA6B7BA18593,U,rest_3954,1
TRN-FC63FB7AC5280D5D,C,initial_rl,1
TRN-FC77B590F3306CC6,C,initial_rl,1
TRN-FC7A93927885F99D,C,initial_rl,1
TRN-FC7FAE01C3EAA9C4,U,rest_3954,1
TRN-FC9AF328CD08D2EB,U,rest_3954,1
TRN-FCA196788C11EAC7,C,initial_rl,1
TRN-FCA27DDE9341B01A,U,rest_3954,1
TRN-FCA8F7C54AE1CF35,U,rest_3954,1
TRN-FCAE87006B64CBF5,B,initial_rl,1
TRN-FCB5155CFBD40F52,C,initial_rl,1
TRN-FCD8128394E03B8B,B,initial_rl,1
TRN-FCD959C8FAAC7415,C,initial_rl,1
TRN-FCDB9FB5F136AE0D,C,initial_rl,1
TRN-FCDC8B50ABFE690D,C,initial_rl,1
TRN-FD229E7B6FDB2811,U,rest_3954,1
TRN-FD2A9D7375AE203F,B,initial_rl,1
TRN-FD2FE4DB4958FD8A,U,rest_3954,1
TRN-FD3730CE8163B290,C,initial_rl,1
TRN-FD3A65062FF21C0E,U,rest_3954,1
TRN-FD3DEA46CBFEE8C4,C,initial_rl,1
TRN-FD48E5A724104279,U,rest_3954,1
TRN-FD561A1082A92AAB,U,rest_3954,1
TRN-FD81A975327B5F89,U,rest_3954,1
TRN-FD84A9AD72FB3965,U,rest_3954,1
TRN-FD87E40422099885,C,initial_rl,1
TRN-FD94FDAAF4B1C893,C,initial_rl,1
TRN-FD95431C8573E008,U,rest_3954,1
TRN-FD9850C39AB4017E,A,initial_rl,1
TRN-FD9A2FC9BBEED5DC,C,initial_rl,1
TRN-FDAECE2A234A3EFC,B,initial_rl,1
TRN-FDB66014C1BB17E2,U,rest_3954,1
TRN-FDB7015C11572486,U,rest_3954,1
TRN-FDC6A3D9DF8A8A47,C,initial_rl,1
TRN-FDC76004D2765C13,U,rest_3954,1
TRN-FDC7F34F200E100E,C,initial_rl,1
TRN-FDCD042979AF6E13,C,initial_rl,1
TRN-FDD5B260C89415BE,U,rest_3954,1
TRN-FDD6F71017B9081B,U,rest_3954,1
TRN-FDD8AE51FCAA9E67,U,rest_3954,1
TRN-FDDD3582D85DB1F2,U,rest_3954,1
TRN-FDF9925CB0A09B46,U,rest_3954,1
TRN-FDFF918A255F03A1,A,initial_rl,1
TRN-FE042630774FB2E5,U,rest_3954,1
TRN-FE25E2D8E48B7125,A,initial_rl,1
TRN-FE35D0BDC3F98A6B,U,rest_3954,1
TRN-FE3EABEE8C3A538A,C,initial_rl,1
TRN-FE43FE3B827DDCEE,U,rest_3954,1
TRN-FE45C141FB65CCF3,U,rest_3954,1
TRN-FE4A4D3EC65D1012,U,rest_3954,1
TRN-FE4FDABB89698E9F,C,initial_rl,1
TRN-FE513DE42D285CED,C,initial_rl,1
TRN-FE5F1D2BCE6E3D6A,U,rest_3954,1
TRN-FE7BC1FA0F4A38B5,U,rest_3954,1
TRN-FEA65789A6E1349D,B,initial_rl,1
TRN-FEA7C0859597CD16,U,rest_3954,1
TRN-FEB42201C84D7914,A,initial_rl,1
TRN-FEB716C229CC1C0D,C,initial_rl,1
TRN-FEBB480E052D6982,A,initial_rl,1
TRN-FEC52BD70EFECA39,U,rest_3954,1
TRN-FED0D78A1BC2A57F,U,rest_3954,1
TRN-FED194BF9D53DEF9,U,rest_3954,1
TRN-FEE90A5EF04E9BD6,U,rest_3954,1
TRN-FEEC082988FA750D,U,rest_3954,1
TRN-FEF86EDC3BFC696B,C,initial_rl,1
TRN-FF02D6666E1BEBAC,U,rest_3954,1
TRN-FF160CE291A8AC2F,C,initial_rl,1
TRN-FF1DE358FE4ECFB1,C,initial_rl,1
TRN-FF2141C77914FB64,U,rest_3954,1
TRN-FF24E8512D862D30,C,initial_rl,1
TRN-FF25D40A169B79EE,U,rest_3954,1
TRN-FF35CAD87E1D655C,C,initial_rl,1
TRN-FF3D77278B090B9D,U,rest_3954,1
TRN-FF6311DE1C2DF80E,U,rest_3954,1
TRN-FF645C4314F2FAE1,U,rest_3954,1
TRN-FF75AAC96E6259D9,U,rest_3954,1
TRN-FF84D2F23601C833,U,rest_3954,1
TRN-FF8A176CC8E40129,U,rest_3954,1
TRN-FF8C6CB23D54AE6F,U,rest_3954,1
TRN-FF8D82BE171567E2,A,initial_rl,1
TRN-FF8FD1D91885685E,U,rest_3954,1
TRN-FFA8D747DD6AC03A,C,initial_rl,1
TRN-FFB7D0646AE47B20,U,rest_3954,1
TRN-FFBD1FB01525CB4D,B,initial_rl,1
TRN-FFDAB5CEF11CE259,U,rest_3954,1
TRN-FFEDF482C8445057,A,initial_rl,1
