anon_record_id,anon_instance_id,routing_group,training_phase,source_subset,record_occurrence
REC-0026CE05592E4DC4,TRN-C2E71829786DD987,U,pooled_joint_rl,rest_3954,1
REC-0029F0761AE30740,TRN-6701A0136685F858,U,pooled_joint_rl,rest_3954,1
REC-003F611519172A11,TRN-9FC81BBBD55C4995,U,pooled_joint_rl,rest_3954,1
REC-0058275032B78C38,TRN-87F3D3FC0020D93E,U,pooled_joint_rl,rest_3954,1
REC-00586679EA4A9AAE,TRN-372EB547B60C7659,U,pooled_joint_rl,rest_3954,1
REC-009036FACFF4FAFB,TRN-7CA38482D391AFA3,U,pooled_joint_rl,rest_3954,1
REC-00AFFF113FAF2F5B,TRN-8F37E4CACF0B6E68,U,pooled_joint_rl,rest_3954,1
REC-00C296D350423F0E,TRN-B7A6A43234CA3FDF,U,pooled_joint_rl,rest_3954,1
REC-00E09DD68DB28F47,TRN-3ACB4E8710D66348,U,pooled_joint_rl,rest_3954,1
REC-00E3AEC165B9828F,TRN-19C6CCA0B1936D9E,U,pooled_joint_rl,rest_3954,1
REC-00E530911A161A11,TRN-990E8CDF7EA1E67B,U,pooled_joint_rl,rest_3954,1
REC-00E933942E0D8210,TRN-40BEE59D2D06C25D,U,pooled_joint_rl,rest_3954,1
REC-01095C2F7148DEFD,TRN-89C6DB7CE3C36CBD,U,pooled_joint_rl,rest_3954,1
REC-0118046464C664C5,TRN-ECEA2ADAB0AAAFD9,U,pooled_joint_rl,rest_3954,1
REC-01188413023E0ED8,TRN-E8EAFBE4D403863D,U,pooled_joint_rl,rest_3954,1
REC-01283FCBA22ADC8B,TRN-28032D74D78BFDFA,U,pooled_joint_rl,rest_3954,1
REC-013C2960B283D09F,TRN-E15BCE8AF1431F8A,U,pooled_joint_rl,rest_3954,1
REC-013DDDCC69695C9D,TRN-F170A5660517D0DE,U,pooled_joint_rl,rest_3954,1
REC-016676BC99BE55B1,TRN-61CD5CBBBE07C7CB,U,pooled_joint_rl,rest_3954,1
REC-01688D2B86AC3FC1,TRN-F8B59EA3E50AE136,U,pooled_joint_rl,rest_3954,1
REC-017EFD28CA1713D2,TRN-FAF734940C806AF1,U,pooled_joint_rl,rest_3954,1
REC-01952202EDE18FFD,TRN-ACD95B5C45C05E85,U,pooled_joint_rl,rest_3954,1
REC-0199E301F00E3644,TRN-6A009BE8D52FBA57,U,pooled_joint_rl,rest_3954,1
REC-01A307A54F47352D,TRN-5561FCC74CB2D833,U,pooled_joint_rl,rest_3954,1
REC-01C230AF0546D9B4,TRN-521D11257EA7C2DB,U,pooled_joint_rl,rest_3954,1
REC-01C32E9A338D7E67,TRN-B8D8861769C8FDB3,U,pooled_joint_rl,rest_3954,1
REC-01CF481643F2AB9D,TRN-ECF05928BD313598,U,pooled_joint_rl,rest_3954,1
REC-01F82BE53552C0BE,TRN-4D15CCD9B7820335,U,pooled_joint_rl,rest_3954,1
REC-020D3A78F42BDC0F,TRN-5B538FF446116FDD,U,pooled_joint_rl,rest_3954,1
REC-0215B1E0754A7C0E,TRN-DD97A9DE98F93354,U,pooled_joint_rl,rest_3954,1
REC-0219C3AF95227EF2,TRN-8B1B884E74413C71,U,pooled_joint_rl,rest_3954,1
REC-023FAD45FD39A25E,TRN-209A3489BA40157A,U,pooled_joint_rl,rest_3954,1
REC-0255BFC6EDE5683D,TRN-8E57C04264FDAC46,U,pooled_joint_rl,rest_3954,1
REC-027391E45F083599,TRN-4FD7ADB14E81EF92,U,pooled_joint_rl,rest_3954,1
REC-02AA19792F4E1245,TRN-1244EB60B8742CD0,U,pooled_joint_rl,rest_3954,1
REC-02B23700F9FB18CC,TRN-A23A01F56F73958B,U,pooled_joint_rl,rest_3954,1
REC-02B908D655F60628,TRN-5BED42CFB67C758C,U,pooled_joint_rl,rest_3954,1
REC-02D3D723539A9881,TRN-B96D1DC6219E2C58,U,pooled_joint_rl,rest_3954,1
REC-02D624616BB46FC4,TRN-C2C899226B08F4D3,U,pooled_joint_rl,rest_3954,1
REC-02D9C3B234464027,TRN-F482D4E660146C9D,U,pooled_joint_rl,rest_3954,1
REC-02E661D44955082B,TRN-A36A992A95357CA7,U,pooled_joint_rl,rest_3954,1
REC-02ED342A5A1158F8,TRN-C4EBCA945EBCDD48,U,pooled_joint_rl,rest_3954,1
REC-02EF30B83A45E909,TRN-C59E352BEC270946,U,pooled_joint_rl,rest_3954,1
REC-02EF61E07CDF951E,TRN-D367F85A2A20B612,U,pooled_joint_rl,rest_3954,1
REC-02FCD4774C1FA60E,TRN-5F222108614E55B5,U,pooled_joint_rl,rest_3954,1
REC-032CB53014B9C56F,TRN-120A569396CB046F,U,pooled_joint_rl,rest_3954,1
REC-03492243606FB4D8,TRN-2224497D4F337D07,U,pooled_joint_rl,rest_3954,1
REC-0357ABD93644000C,TRN-ABF09D4DBCA3BC73,U,pooled_joint_rl,rest_3954,1
REC-0359A1A582DEF501,TRN-C11324D8E1636E58,U,pooled_joint_rl,rest_3954,1
REC-037639B961F99AAC,TRN-4BD29D8126BFC899,U,pooled_joint_rl,rest_3954,1
REC-038E59BF491F66E2,TRN-870D461EBEAB5EC3,U,pooled_joint_rl,rest_3954,1
REC-03A5F2474F68CC8D,TRN-9BF13019FB096C3F,U,pooled_joint_rl,rest_3954,1
REC-03B9EF4D879633F0,TRN-69C01DD20C625372,U,pooled_joint_rl,rest_3954,1
REC-03CAE60F20BF2A40,TRN-166D0569043930BB,U,pooled_joint_rl,rest_3954,1
REC-03D7323357470EF0,TRN-F22A300CF96B60BE,U,pooled_joint_rl,rest_3954,1
REC-03E8B275727D7398,TRN-0769BDDADD153012,U,pooled_joint_rl,rest_3954,1
REC-040ECF4AEF32EA09,TRN-C2A4D582EF70510C,U,pooled_joint_rl,rest_3954,1
REC-040FC89E802EA668,TRN-4A79BD69BC231FE1,U,pooled_joint_rl,rest_3954,1
REC-041D05C3D9D39937,TRN-42559E9056D76EBF,U,pooled_joint_rl,rest_3954,1
REC-0425BF917881D04C,TRN-35016BE9AF376B88,U,pooled_joint_rl,rest_3954,1
REC-042F3D4EFFD2A128,TRN-AD1A04F43315339D,U,pooled_joint_rl,rest_3954,1
REC-0457A6A854BF5638,TRN-26EA549952F06209,U,pooled_joint_rl,rest_3954,1
REC-04814547F55EA33B,TRN-6BE09F893C32B8B1,U,pooled_joint_rl,rest_3954,1
REC-0481CD8DDD0CBBCC,TRN-C07873059BF80F4B,U,pooled_joint_rl,rest_3954,1
REC-0489DC12790CDBED,TRN-0F89297EFFAAB4AA,U,pooled_joint_rl,rest_3954,1
REC-04AC1A39AA3F20B9,TRN-9A700F84F047A387,U,pooled_joint_rl,rest_3954,1
REC-04AF10E092AB4C05,TRN-BFC6A6D349A7B723,U,pooled_joint_rl,rest_3954,1
REC-04CC10FA230382CF,TRN-7602874A4F920FE3,U,pooled_joint_rl,rest_3954,1
REC-04D4FC5A2C91A168,TRN-C4498292A682EBC6,U,pooled_joint_rl,rest_3954,1
REC-04DA034ECF8F0703,TRN-72A28357E083B684,U,pooled_joint_rl,rest_3954,1
REC-04E830313250CF3D,TRN-274B0D1A974C5E5C,U,pooled_joint_rl,rest_3954,1
REC-04EBA0024A5DD8DA,TRN-A61EA480C37B3BF8,U,pooled_joint_rl,rest_3954,1
REC-04ED8CF65C6171E4,TRN-D5E63698A99D7584,U,pooled_joint_rl,rest_3954,1
REC-04F9F7EEEA02BD70,TRN-8851821CED33D90B,U,pooled_joint_rl,rest_3954,1
REC-0501FF7E0F09F6E3,TRN-6333B7693BC02CEB,U,pooled_joint_rl,rest_3954,1
REC-05062A6869BAAC44,TRN-210A2B22D4B93D97,U,pooled_joint_rl,rest_3954,1
REC-050729E22A1F6BDB,TRN-2D27CA6770CD2819,U,pooled_joint_rl,rest_3954,1
REC-051942182027356D,TRN-9256D4DF4F8AAD3D,U,pooled_joint_rl,rest_3954,1
REC-052BF808F6689813,TRN-F30FB0911933214D,U,pooled_joint_rl,rest_3954,1
REC-0534625A85E138A1,TRN-237B890B152361B3,U,pooled_joint_rl,rest_3954,1
REC-05642A09F2A7E808,TRN-9576D2E6BEB64E07,U,pooled_joint_rl,rest_3954,1
REC-0567966209558324,TRN-AD33A2EBB171F991,U,pooled_joint_rl,rest_3954,1
REC-056B7CBC3CAF00F7,TRN-BF6AEF7384BB8B96,U,pooled_joint_rl,rest_3954,1
REC-056DEBED572BDB2D,TRN-2A7EBF4263E20B91,U,pooled_joint_rl,rest_3954,1
REC-0576A830CDAFE37B,TRN-ED543ED2FBCD8D01,U,pooled_joint_rl,rest_3954,1
REC-058A1104D257EBF0,TRN-4DF15416290A8AE1,U,pooled_joint_rl,rest_3954,1
REC-058A87C945612E35,TRN-C185CCDAAF242726,U,pooled_joint_rl,rest_3954,1
REC-058B00D29B723DBF,TRN-0C0F60524717A568,U,pooled_joint_rl,rest_3954,1
REC-059805844A9B7DE1,TRN-3498BE627E93CCC1,U,pooled_joint_rl,rest_3954,1
REC-059A092E01776EBB,TRN-6C49484791A9DB89,U,pooled_joint_rl,rest_3954,1
REC-05C7222F127C9AA7,TRN-9BEA3466FCEDF67C,U,pooled_joint_rl,rest_3954,1
REC-05C8AA8257AEB1E4,TRN-76F920DB15091A38,U,pooled_joint_rl,rest_3954,1
REC-05D3D5F97A6A8060,TRN-9B60602BFBAF7393,U,pooled_joint_rl,rest_3954,1
REC-061850E4F5BE83D3,TRN-9B8CDC58A939F289,U,pooled_joint_rl,rest_3954,1
REC-0619C4F7A3B12819,TRN-E500DE60548EC75C,U,pooled_joint_rl,rest_3954,1
REC-062A55ED2CB4ABF8,TRN-F0DE8FF20FD9D1E8,U,pooled_joint_rl,rest_3954,1
REC-064806D50EE319BE,TRN-13E4D4F1AA8B96BE,U,pooled_joint_rl,rest_3954,1
REC-064813F862C233E8,TRN-F08775E98E3EDEAF,U,pooled_joint_rl,rest_3954,1
REC-06487773DE48CD30,TRN-958BE4829C6A4AE4,U,pooled_joint_rl,rest_3954,1
REC-065A3D2A793E4057,TRN-69CA8B9B56CECC56,U,pooled_joint_rl,rest_3954,1
REC-066AA5668FC5CD22,TRN-B0B68CE72C8EE5DC,U,pooled_joint_rl,rest_3954,1
REC-066BA17B0524404D,TRN-ECC41C5D4920F357,U,pooled_joint_rl,rest_3954,1
REC-06719EC019DDCF39,TRN-237828EA76B5D214,U,pooled_joint_rl,rest_3954,1
REC-06739F7DE0FC4A8A,TRN-A783F1416D1634F4,U,pooled_joint_rl,rest_3954,1
REC-068FB752BCF44EE8,TRN-690548224D172404,U,pooled_joint_rl,rest_3954,1
REC-06989AE7A9FE4287,TRN-E11FE289A057BCD1,U,pooled_joint_rl,rest_3954,1
REC-0698DA7B997B429F,TRN-125C6C2B05ACF4A0,U,pooled_joint_rl,rest_3954,1
REC-06AB67AAD8A36722,TRN-43D01FCBA06F8976,U,pooled_joint_rl,rest_3954,1
REC-06B1267C66C17795,TRN-1E2105364367BBFA,U,pooled_joint_rl,rest_3954,1
REC-06BAE7901C0E20AC,TRN-6A03494720190F7A,U,pooled_joint_rl,rest_3954,1
REC-06D9C8F997364349,TRN-6D74A75F29E3F1DF,U,pooled_joint_rl,rest_3954,1
REC-071186E29736CE8C,TRN-946C89055B5B7B17,U,pooled_joint_rl,rest_3954,1
REC-07275C563EB0CAA9,TRN-2C4D34171C3330A1,U,pooled_joint_rl,rest_3954,1
REC-072B6D9D75C8E8C5,TRN-4B2B985E10FBE964,U,pooled_joint_rl,rest_3954,1
REC-0741EB14FCC4AE2D,TRN-3113F9BF49ADCC73,U,pooled_joint_rl,rest_3954,1
REC-077C27DC20ABE710,TRN-13B082CF1A2565F9,U,pooled_joint_rl,rest_3954,1
REC-078430F683E72D6B,TRN-C6F6F5C15C3F189A,U,pooled_joint_rl,rest_3954,1
REC-07A0ECF103F05153,TRN-257D5D0B4B8E96BE,U,pooled_joint_rl,rest_3954,1
REC-07AA85FF014A9C0D,TRN-3614D52D5AC3E6F8,U,pooled_joint_rl,rest_3954,1
REC-07C8A2D6B3FFCEAB,TRN-F1D0A57CD98D86E2,U,pooled_joint_rl,rest_3954,1
REC-07E9E2B5D9760C02,TRN-E5E37E0745AC31B7,U,pooled_joint_rl,rest_3954,1
REC-07EB38586481EAE5,TRN-E0816B188C0A611D,U,pooled_joint_rl,rest_3954,1
REC-07ED5D92FC1FA69B,TRN-B1B9BFA57D31457B,U,pooled_joint_rl,rest_3954,1
REC-0800AA53820D44D2,TRN-512AD94072578DF8,U,pooled_joint_rl,rest_3954,1
REC-080207DAF51B73FB,TRN-9320DF9184D70C4D,U,pooled_joint_rl,rest_3954,1
REC-081620AD256DBB79,TRN-F5FCBA5647D885B5,U,pooled_joint_rl,rest_3954,1
REC-08272C0A1A24AFC4,TRN-01BAA03D4E61E7B7,U,pooled_joint_rl,rest_3954,1
REC-0842A8516053442F,TRN-81FCEE0EA37AF12F,U,pooled_joint_rl,rest_3954,1
REC-0871B71CCF526682,TRN-70C80075C19D48E5,U,pooled_joint_rl,rest_3954,1
REC-0875E0B43F795175,TRN-B489474A77FEF3F5,U,pooled_joint_rl,rest_3954,1
REC-0895593E63248506,TRN-6DE28A0939341365,U,pooled_joint_rl,rest_3954,1
REC-089F349B4333B526,TRN-C93F7AC491227649,U,pooled_joint_rl,rest_3954,1
REC-089F549CC7CC3536,TRN-9066D947CA7DDADD,U,pooled_joint_rl,rest_3954,1
REC-08DB98F97FEA8FB9,TRN-0E423955ECBFC8EC,U,pooled_joint_rl,rest_3954,1
REC-0904C51F5909CF5F,TRN-804DFDA455D8FB1D,U,pooled_joint_rl,rest_3954,1
REC-0920F246271C613C,TRN-29E13E2D70388A59,U,pooled_joint_rl,rest_3954,1
REC-0946EFC60F9E4B89,TRN-1665753D4AF63FFF,U,pooled_joint_rl,rest_3954,1
REC-094A6ED704D3816B,TRN-25FBBAA4DA03F9BF,U,pooled_joint_rl,rest_3954,1
REC-095BB5B5ABAA1A77,TRN-96C5572AB769414B,U,pooled_joint_rl,rest_3954,1
REC-096572D03529CD3D,TRN-BF5B67313EAB63E0,U,pooled_joint_rl,rest_3954,1
REC-0975176C070CB750,TRN-699A5867F68D562E,U,pooled_joint_rl,rest_3954,1
REC-0979683C80333169,TRN-E498EF347585C2D2,U,pooled_joint_rl,rest_3954,1
REC-097AA0024796B4EF,TRN-AC845C2E6A32C272,U,pooled_joint_rl,rest_3954,1
REC-09858FAD5F84198C,TRN-3E3635B4DFB82891,U,pooled_joint_rl,rest_3954,1
REC-0989A647B8E246E9,TRN-30101C9C5DA57E79,U,pooled_joint_rl,rest_3954,1
REC-099400D4F7AD7685,TRN-EE7E8B8976D5C4BA,U,pooled_joint_rl,rest_3954,1
REC-099D2F492B3718BB,TRN-D05394A683574F87,U,pooled_joint_rl,rest_3954,1
REC-09BF05409A3947AE,TRN-990734976C9943DD,U,pooled_joint_rl,rest_3954,1
REC-09C784C26828CD6A,TRN-F2B01CF34990CE16,U,pooled_joint_rl,rest_3954,1
REC-09CA9C97EC655221,TRN-CD4B42630B3CACA1,U,pooled_joint_rl,rest_3954,1
REC-09D8E6F1F62FC407,TRN-E26C0525AA1A10A0,U,pooled_joint_rl,rest_3954,1
REC-09FF6D67CE8ED87B,TRN-9DAF0B516EF93B24,U,pooled_joint_rl,rest_3954,1
REC-0A01456B80D6D188,TRN-38B8ABAD4DAD3E0C,U,pooled_joint_rl,rest_3954,1
REC-0A0EB1F0D0807E3C,TRN-6FEC795F88572CA3,U,pooled_joint_rl,rest_3954,1
REC-0A16F657610D15C4,TRN-E89DC37956D27443,U,pooled_joint_rl,rest_3954,1
REC-0A179AE9B7D5BC44,TRN-D9F2B4A1E381D03D,U,pooled_joint_rl,rest_3954,1
REC-0A1D0B8D4179332A,TRN-28E1E55ECB3428C4,U,pooled_joint_rl,rest_3954,1
REC-0A30055B2AA9038A,TRN-2306F265EC784C7C,U,pooled_joint_rl,rest_3954,1
REC-0A5033B284DA5C17,TRN-0F6BA60562CDFEA9,U,pooled_joint_rl,rest_3954,1
REC-0A53F276F4AF8B38,TRN-08BAAC382570381D,U,pooled_joint_rl,rest_3954,1
REC-0A680C0006C531F0,TRN-07837119F322EC34,U,pooled_joint_rl,rest_3954,1
REC-0A8D03F5C02487BE,TRN-664DC4BE2609AFF5,U,pooled_joint_rl,rest_3954,1
REC-0A93D3513EE6FAA2,TRN-4CEF199324C534DB,U,pooled_joint_rl,rest_3954,1
REC-0AA3DEF2848FEAE8,TRN-62FBCA1BFBEDD948,U,pooled_joint_rl,rest_3954,1
REC-0ACD4F0CBFC77C47,TRN-8CFC771331E7362A,U,pooled_joint_rl,rest_3954,1
REC-0ACDEF7B24FEEB55,TRN-274547CAC7BA6EE6,U,pooled_joint_rl,rest_3954,1
REC-0AF64DFB89A5004F,TRN-E4023CE6B39DCCF7,U,pooled_joint_rl,rest_3954,1
REC-0B0D899764FCE86C,TRN-D8DB27D9F8D63D0C,U,pooled_joint_rl,rest_3954,1
REC-0B182C5821489BF7,TRN-BC45660700E6F72A,U,pooled_joint_rl,rest_3954,1
REC-0B1BE520BFE061B0,TRN-90650437488118BB,U,pooled_joint_rl,rest_3954,1
REC-0B378717A8E5ABBE,TRN-087CA54D1E41935F,U,pooled_joint_rl,rest_3954,1
REC-0B3A531FDA208E0E,TRN-F94D3C8BD1D6E1E7,U,pooled_joint_rl,rest_3954,1
REC-0B3CA5274B877B83,TRN-14345BEDC2B8C1EA,U,pooled_joint_rl,rest_3954,1
REC-0B5EA3EF844BAECD,TRN-8DF04B4A919BF986,U,pooled_joint_rl,rest_3954,1
REC-0B6B76EF8F923C9D,TRN-8F8B2FCFB7B3F6AC,U,pooled_joint_rl,rest_3954,1
REC-0B74BC48423E3C8E,TRN-5F859D2BFB80073D,U,pooled_joint_rl,rest_3954,1
REC-0B7C17F2E96010E1,TRN-CECB76D2CE909777,U,pooled_joint_rl,rest_3954,1
REC-0B871356098580FE,TRN-8620E7DA59CA50CC,U,pooled_joint_rl,rest_3954,1
REC-0B9E7438C2FFE926,TRN-F125DC8AFD42CBCE,U,pooled_joint_rl,rest_3954,1
REC-0BB1CB1509DDAF29,TRN-2A73C3CF14A28862,U,pooled_joint_rl,rest_3954,1
REC-0BC5D076CFBA8344,TRN-8439D619C6FA4636,U,pooled_joint_rl,rest_3954,1
REC-0BEB10B912F3793A,TRN-03C8893D99184ACE,U,pooled_joint_rl,rest_3954,1
REC-0C0808E0FE919242,TRN-5F2205FE8648ACBF,U,pooled_joint_rl,rest_3954,1
REC-0C1E5FA1DA623C1E,TRN-31A1E36BBB1A2D64,U,pooled_joint_rl,rest_3954,1
REC-0C25FF412432DC3D,TRN-E6AC580EC7A54991,U,pooled_joint_rl,rest_3954,1
REC-0C373F1285DAB005,TRN-0FB925506E99D837,U,pooled_joint_rl,rest_3954,1
REC-0C42C83ECB0E1907,TRN-BD9AFF356995A86A,U,pooled_joint_rl,rest_3954,1
REC-0C49BE1DCA54AA68,TRN-62D2ED3A7A16A5D7,U,pooled_joint_rl,rest_3954,1
REC-0C5F38397BF15C7B,TRN-9EB8114C4817707F,U,pooled_joint_rl,rest_3954,1
REC-0C668CF427B57E9A,TRN-787923D96135F5FE,U,pooled_joint_rl,rest_3954,1
REC-0C67954D832FABD6,TRN-67692BB19E0E6DEF,U,pooled_joint_rl,rest_3954,1
REC-0C6C5C1F09D7F9BA,TRN-FC4211DACAAA5273,U,pooled_joint_rl,rest_3954,1
REC-0C6CF0998C7FFAC8,TRN-0FF9DBC3904AFBE0,U,pooled_joint_rl,rest_3954,1
REC-0C6FF351B650D32C,TRN-90D58E0EB3F74148,U,pooled_joint_rl,rest_3954,1
REC-0C714531494CFC2D,TRN-41EA7BA552AF4FDB,U,pooled_joint_rl,rest_3954,1
REC-0C7F88F21E9DEDB8,TRN-2A5AD87155C4EFD5,U,pooled_joint_rl,rest_3954,1
REC-0C8CA5B98829C248,TRN-7492F362C6E162CB,U,pooled_joint_rl,rest_3954,1
REC-0C935D5C7F229013,TRN-7C7C1004281EE41F,U,pooled_joint_rl,rest_3954,1
REC-0CA84C2AE0300527,TRN-48AF6B84F086CBCD,U,pooled_joint_rl,rest_3954,1
REC-0CAAF83ECE644A8B,TRN-259766A7E19EE652,U,pooled_joint_rl,rest_3954,1
REC-0CBFB9B3D98D9E6D,TRN-75902B9EDDE92B79,U,pooled_joint_rl,rest_3954,1
REC-0CC7E42FC62A8132,TRN-752E2AD220484949,U,pooled_joint_rl,rest_3954,1
REC-0D57BB2590605AED,TRN-3F3000A49B2E312E,U,pooled_joint_rl,rest_3954,1
REC-0D589C5229CD53FC,TRN-8C2101909EE8FB9D,U,pooled_joint_rl,rest_3954,1
REC-0D5ABCEE59BE5476,TRN-7B3124EE3B396DEE,U,pooled_joint_rl,rest_3954,1
REC-0D5B4D8C022D4716,TRN-57708ABBE72FABB5,U,pooled_joint_rl,rest_3954,1
REC-0D65BD88820732FE,TRN-77A67D2CD68D1EEE,U,pooled_joint_rl,rest_3954,1
REC-0D79504C732C92DF,TRN-093C0819736676F6,U,pooled_joint_rl,rest_3954,1
REC-0D986323C5C6579E,TRN-7C7187BE7758FAA8,U,pooled_joint_rl,rest_3954,1
REC-0DB343E48E928535,TRN-E8E7AC2A6E8BC474,U,pooled_joint_rl,rest_3954,1
REC-0DB5DA5AA480AE15,TRN-DAFB2888D20DDCDD,U,pooled_joint_rl,rest_3954,1
REC-0DB63F3C235C1BAA,TRN-A826659EAE74821A,U,pooled_joint_rl,rest_3954,1
REC-0DBCD85EB8348ECF,TRN-F9D84B1A59A9F47B,U,pooled_joint_rl,rest_3954,1
REC-0DDBDC296B1700AE,TRN-B15FBC621A74A71B,U,pooled_joint_rl,rest_3954,1
REC-0DDCEC0DC9AFD840,TRN-78EB1C7D5A5D7CCF,U,pooled_joint_rl,rest_3954,1
REC-0DE23B691923588C,TRN-D69C2295CC8A7C97,U,pooled_joint_rl,rest_3954,1
REC-0DEAD8D3ACBB2079,TRN-64BE0596997B4E80,U,pooled_joint_rl,rest_3954,1
REC-0DF28D5EEFFDCCC9,TRN-6504F364665946DE,U,pooled_joint_rl,rest_3954,1
REC-0DF998B746B78344,TRN-34D72A090AD24FFC,U,pooled_joint_rl,rest_3954,1
REC-0DF9F2F6F2989EAA,TRN-37DB4D9A5572F2C8,U,pooled_joint_rl,rest_3954,1
REC-0E1259A2FF64F796,TRN-E7E37D2550D634E2,U,pooled_joint_rl,rest_3954,1
REC-0E1E1316493F8A97,TRN-A169180A7F2AF09E,U,pooled_joint_rl,rest_3954,1
REC-0E21105B46D1058E,TRN-AC2B10883DACBA98,U,pooled_joint_rl,rest_3954,1
REC-0E35D2B24EA9D808,TRN-11C9BF6B9A03BEAE,U,pooled_joint_rl,rest_3954,1
REC-0E393644EC8B04A5,TRN-87278B19AC5B330A,U,pooled_joint_rl,rest_3954,1
REC-0E3F4CB56E79626F,TRN-5085F5A9024B3756,U,pooled_joint_rl,rest_3954,1
REC-0E47AF26135E027D,TRN-926BA76AD9635E05,U,pooled_joint_rl,rest_3954,1
REC-0E63088D83BA54C5,TRN-4E7961C1A29DECC6,U,pooled_joint_rl,rest_3954,1
REC-0E94C6DAB3598579,TRN-BA4942818C7CDE58,U,pooled_joint_rl,rest_3954,1
REC-0EB005247CA432D7,TRN-14549F36AEE55397,U,pooled_joint_rl,rest_3954,1
REC-0EB82A2A46EC6E49,TRN-1649D21B27869839,U,pooled_joint_rl,rest_3954,1
REC-0EC27CC98A68908C,TRN-6A1C2952B6A7C42B,U,pooled_joint_rl,rest_3954,1
REC-0ECF730256370A0C,TRN-9E97C9CCA7870BE7,U,pooled_joint_rl,rest_3954,1
REC-0EDEE8D255965C65,TRN-B62706A70F63901D,U,pooled_joint_rl,rest_3954,1
REC-0EFC0722E9F0DD8A,TRN-4D78BD919C43A701,U,pooled_joint_rl,rest_3954,1
REC-0F0A5BD79491A7CB,TRN-4C2D1A13F1AEE014,U,pooled_joint_rl,rest_3954,1
REC-0F0EF87C80DB7726,TRN-551338A7255735CB,U,pooled_joint_rl,rest_3954,1
REC-0F104D790B229834,TRN-C4E9FFD55B6FC7EC,U,pooled_joint_rl,rest_3954,1
REC-0F10DAFD142E43A3,TRN-56271D91FCA04BAA,U,pooled_joint_rl,rest_3954,1
REC-0F112B22705F1371,TRN-38915D2406EB2131,U,pooled_joint_rl,rest_3954,1
REC-0F3151BB83C395B2,TRN-B747C86D54CD020F,U,pooled_joint_rl,rest_3954,1
REC-0F4122C96911FC78,TRN-D094FCFFCA2A38F7,U,pooled_joint_rl,rest_3954,1
REC-0F493AFCF0B8B5A5,TRN-296D9C6F42D20EA9,U,pooled_joint_rl,rest_3954,1
REC-0F5D03B19A5D4BEA,TRN-2C4BD4CED303CFA0,U,pooled_joint_rl,rest_3954,1
REC-0F6F1B1051CC8990,TRN-E32C27A92E1F3DEB,U,pooled_joint_rl,rest_3954,1
REC-0FDD4FC800BDBD8F,TRN-68670DB0BF99DCF9,U,pooled_joint_rl,rest_3954,1
REC-0FF82B0EA056C994,TRN-290FB1D0D9A56B72,U,pooled_joint_rl,rest_3954,1
REC-0FFC24268F3D3985,TRN-DAB5BC944409E357,U,pooled_joint_rl,rest_3954,1
REC-1005C0266E9A70EF,TRN-C6C32D989F28F45A,U,pooled_joint_rl,rest_3954,1
REC-10097A1BE53FBEB8,TRN-4B3EC52A0394C4B6,U,pooled_joint_rl,rest_3954,1
REC-1017679F1E5D7196,TRN-344143664A3726A0,U,pooled_joint_rl,rest_3954,1
REC-101E1D66A9BAF187,TRN-1D6FC5DCE84854D5,U,pooled_joint_rl,rest_3954,1
REC-1043B35323FBADE8,TRN-0E3F86A9F1E370FF,U,pooled_joint_rl,rest_3954,1
REC-1048B27497484DB3,TRN-9D94973B22CA2A52,U,pooled_joint_rl,rest_3954,1
REC-105B44F2193E774B,TRN-E516A0AA7B57B574,U,pooled_joint_rl,rest_3954,1
REC-1075ED9AA09A9974,TRN-58661E3C4CC974FF,U,pooled_joint_rl,rest_3954,1
REC-10803D6FC1794479,TRN-11E23BB19815096C,U,pooled_joint_rl,rest_3954,1
REC-10A753710DF21188,TRN-E9B0AF8B11817CD2,U,pooled_joint_rl,rest_3954,1
REC-10AF1C7BF122864F,TRN-68A9E5ADCA7469EB,U,pooled_joint_rl,rest_3954,1
REC-10BA70C94EA8D953,TRN-B80EBC2BBE46A43E,U,pooled_joint_rl,rest_3954,1
REC-10BD14B85AE801B5,TRN-51884B7654EF7DB6,U,pooled_joint_rl,rest_3954,1
REC-10D7EFEB609E2A91,TRN-678843A3AFD5C7B0,U,pooled_joint_rl,rest_3954,1
REC-10DBE5D715DDCECA,TRN-7C59F33B224C2498,U,pooled_joint_rl,rest_3954,1
REC-10DD9A7671958685,TRN-7D7F620A877915A1,U,pooled_joint_rl,rest_3954,1
REC-10E00C49F2E685B6,TRN-2ABAC29CA9E58B84,U,pooled_joint_rl,rest_3954,1
REC-10E59517795BFFD1,TRN-A5F91DCA92FEB6C2,U,pooled_joint_rl,rest_3954,1
REC-10EDAF9EAFA1C80F,TRN-D6E94764D732F811,U,pooled_joint_rl,rest_3954,1
REC-10F0216582E8C619,TRN-578ED660728CC107,U,pooled_joint_rl,rest_3954,1
REC-10F45BF73F26625A,TRN-D9C93F9F99229925,U,pooled_joint_rl,rest_3954,1
REC-10F8AFB1C1097A15,TRN-514FB7A11039721B,U,pooled_joint_rl,rest_3954,1
REC-110881B5C7500FBB,TRN-89E7F6EBC49C84E5,U,pooled_joint_rl,rest_3954,1
REC-110DFD8F067FADF4,TRN-1580BBC355ECF06B,U,pooled_joint_rl,rest_3954,1
REC-112E6E69C36BBCB5,TRN-DE253CFF3B404C5B,U,pooled_joint_rl,rest_3954,1
REC-11315F954F4B4CBC,TRN-5BFE3DD540CE40BB,U,pooled_joint_rl,rest_3954,1
REC-1158D66335FB581D,TRN-6197C4B9DEF7A231,U,pooled_joint_rl,rest_3954,1
REC-115B3D35E723D97E,TRN-4455F659D733EAA1,U,pooled_joint_rl,rest_3954,1
REC-1178EE05E86DABC9,TRN-0987253E1A912C5D,U,pooled_joint_rl,rest_3954,1
REC-11791356A0B42566,TRN-F309076F14E6D268,U,pooled_joint_rl,rest_3954,1
REC-117DD3A5E0387A33,TRN-DDFD423D431F1367,U,pooled_joint_rl,rest_3954,1
REC-11872004FE9C8C22,TRN-F6FFFE7C6E1D5DF7,U,pooled_joint_rl,rest_3954,1
REC-1193B2E5733F664D,TRN-B9D273E0122F7344,U,pooled_joint_rl,rest_3954,1
REC-119CC9A22F9374D5,TRN-A39C3C0960442102,U,pooled_joint_rl,rest_3954,1
REC-11A77A83C7E5F000,TRN-4C5B3B2BCAEF548F,U,pooled_joint_rl,rest_3954,1
REC-11A8B777D01CA983,TRN-FDD6F71017B9081B,U,pooled_joint_rl,rest_3954,1
REC-11ADA4B281F17309,TRN-2268963F4A5AEB99,U,pooled_joint_rl,rest_3954,1
REC-11C39F957EE3F6B0,TRN-60D8A2ADBFC6F23D,U,pooled_joint_rl,rest_3954,1
REC-11DDCFA9F03B3253,TRN-93C83760D6311319,U,pooled_joint_rl,rest_3954,1
REC-11F5E85F33D66D89,TRN-10FA0C353487AC3E,U,pooled_joint_rl,rest_3954,1
REC-11FF80DD9749A85F,TRN-0AC266902FDA7A56,U,pooled_joint_rl,rest_3954,1
REC-1266A9CDA3424DC3,TRN-AD0407C6630E5188,U,pooled_joint_rl,rest_3954,1
REC-127186CF0476A1B9,TRN-C6F31446B5D86D71,U,pooled_joint_rl,rest_3954,1
REC-12799E6684E3496E,TRN-BDE736B3ACD988C0,U,pooled_joint_rl,rest_3954,1
REC-1287ACD92989502C,TRN-23EAE13C604CB4B6,U,pooled_joint_rl,rest_3954,1
REC-128F7CB934D4F353,TRN-BAB72D56F8E4E840,U,pooled_joint_rl,rest_3954,1
REC-12A7416588619410,TRN-A8EEDD32F2D79E1B,U,pooled_joint_rl,rest_3954,1
REC-12BC1320B10F1A44,TRN-E3C5949159F5A059,U,pooled_joint_rl,rest_3954,1
REC-12D140548D00ABE7,TRN-8B5C6425D43A9A71,U,pooled_joint_rl,rest_3954,1
REC-12F1EBCA07F1DC55,TRN-11CD1F5054781FE9,U,pooled_joint_rl,rest_3954,1
REC-12F66719CA957A65,TRN-9DD4B60EA1E85ECF,U,pooled_joint_rl,rest_3954,1
REC-1301B2376C566328,TRN-A9FAAC5C1BD5B82E,U,pooled_joint_rl,rest_3954,1
REC-13145826341B838C,TRN-DAFFE2FC1FF4656C,U,pooled_joint_rl,rest_3954,1
REC-131FB9702B3C1A1A,TRN-ACAD0D2D2D462B0E,U,pooled_joint_rl,rest_3954,1
REC-13485BBC7BAA49EC,TRN-248332ADC2B9EA77,U,pooled_joint_rl,rest_3954,1
REC-134F06079126BD9D,TRN-D1DD591C5A2AE027,U,pooled_joint_rl,rest_3954,1
REC-13790F6312B98553,TRN-2C79C6BF247181FD,U,pooled_joint_rl,rest_3954,1
REC-138D1AD388CB3EC3,TRN-A459F48E07CBF171,U,pooled_joint_rl,rest_3954,1
REC-13A39ECD852CAFF8,TRN-F67F194E0373AE3C,U,pooled_joint_rl,rest_3954,1
REC-13C5ACA1AB82D427,TRN-ECA4809197FC05DA,U,pooled_joint_rl,rest_3954,1
REC-13CF623CF906D61E,TRN-B630F258F3FDD5FA,U,pooled_joint_rl,rest_3954,1
REC-1400600FE12737EF,TRN-9C392FFF33F5E261,U,pooled_joint_rl,rest_3954,1
REC-141029EF8789F050,TRN-42FAD594408EC05E,U,pooled_joint_rl,rest_3954,1
REC-1424307579CA8697,TRN-B50945045165A60B,U,pooled_joint_rl,rest_3954,1
REC-142C56DE61953018,TRN-02087A2D83CEDFC7,U,pooled_joint_rl,rest_3954,1
REC-14322DB53FFD6BBB,TRN-A90BF80723194727,U,pooled_joint_rl,rest_3954,1
REC-143EAF81940FB50D,TRN-A2EDC3C9CD018DDD,U,pooled_joint_rl,rest_3954,1
REC-144D2D30DED2E582,TRN-13A4BF9643BDB50C,U,pooled_joint_rl,rest_3954,1
REC-1458B33511686533,TRN-9413A3658230C258,U,pooled_joint_rl,rest_3954,1
REC-145F36F1E088EDDC,TRN-85938A9EAEB23D26,U,pooled_joint_rl,rest_3954,1
REC-145F64462A2EE7BB,TRN-74596C60C33BF95C,U,pooled_joint_rl,rest_3954,1
REC-1460CE0651BD9E98,TRN-B5025EAE9F4B8F26,U,pooled_joint_rl,rest_3954,1
REC-14685173DEDDC1A8,TRN-AE6B8B55A8E9EC41,U,pooled_joint_rl,rest_3954,1
REC-147EC01DB09980D7,TRN-8A3C0B283B1D01F5,U,pooled_joint_rl,rest_3954,1
REC-148BB346EF2608DA,TRN-145B37C344DC62D0,U,pooled_joint_rl,rest_3954,1
REC-14937FFB7E328FD2,TRN-7766A4179BB98F48,U,pooled_joint_rl,rest_3954,1
REC-1494732E4BE95816,TRN-19D0326778CE7408,U,pooled_joint_rl,rest_3954,1
REC-14AB6169ED708111,TRN-3783135CE280D0A3,U,pooled_joint_rl,rest_3954,1
REC-14C74A2A901D334C,TRN-29C97AEBA279E3DB,U,pooled_joint_rl,rest_3954,1
REC-14DBF805096BAACA,TRN-40221A6056E6AA0E,U,pooled_joint_rl,rest_3954,1
REC-14F1BC184611FFD3,TRN-10E06B066ABCC84F,U,pooled_joint_rl,rest_3954,1
REC-14F3441F8AC29FCD,TRN-AEA1350FF2D1933D,U,pooled_joint_rl,rest_3954,1
REC-1517C290AA91B177,TRN-51EF1FF15566F83D,U,pooled_joint_rl,rest_3954,1
REC-1529C2C54C30E519,TRN-828C7051197CEB36,U,pooled_joint_rl,rest_3954,1
REC-15388262F8AE8870,TRN-896840D3D6F20A2E,U,pooled_joint_rl,rest_3954,1
REC-1545C7E4C3974F40,TRN-5038852455FDB72D,U,pooled_joint_rl,rest_3954,1
REC-154692057B82DCC4,TRN-F4400BA1E5112935,U,pooled_joint_rl,rest_3954,1
REC-1554533F80711E63,TRN-119037837EE4337D,U,pooled_joint_rl,rest_3954,1
REC-1572B571F0551D1C,TRN-E7CD0410BACB2C15,U,pooled_joint_rl,rest_3954,1
REC-158390866DB10285,TRN-D71738FA705FDC9F,U,pooled_joint_rl,rest_3954,1
REC-158C2B6E29533F78,TRN-8FFB1B5C240F5362,U,pooled_joint_rl,rest_3954,1
REC-15A05DE1144D68A5,TRN-DA4423994BC2E433,U,pooled_joint_rl,rest_3954,1
REC-15A6DA2933ED847C,TRN-844245A893674250,U,pooled_joint_rl,rest_3954,1
REC-15B63687F3FAADD0,TRN-69A57CFD1F1E30B0,U,pooled_joint_rl,rest_3954,1
REC-15BC6FE214B1CEC7,TRN-761132070051C426,U,pooled_joint_rl,rest_3954,1
REC-15CF65DBBF5088AF,TRN-14EBBA6370954761,U,pooled_joint_rl,rest_3954,1
REC-160067CE2D57B69B,TRN-B92DD62E75DEC991,U,pooled_joint_rl,rest_3954,1
REC-1608050E23BFEED0,TRN-607697032AC11C96,U,pooled_joint_rl,rest_3954,1
REC-16197BF3B0C585B5,TRN-2ABC93F88BA27DBF,U,pooled_joint_rl,rest_3954,1
REC-1626AB9610584D77,TRN-EE9BC2B6FD4A4290,U,pooled_joint_rl,rest_3954,1
REC-16437D817B269310,TRN-6A8573289C57AC64,U,pooled_joint_rl,rest_3954,1
REC-164B8502CA4BA2D4,TRN-00DE53217527EAFF,U,pooled_joint_rl,rest_3954,1
REC-1666BABEDD07CC75,TRN-5806F16B9C6CAEB0,U,pooled_joint_rl,rest_3954,1
REC-167D8A9AC9C99C81,TRN-9057AF4742BD6870,U,pooled_joint_rl,rest_3954,1
REC-1692B5716607C264,TRN-B82C791D7D69E4A4,U,pooled_joint_rl,rest_3954,1
REC-16A2E723C37A306C,TRN-CDFC46AF15DA0E85,U,pooled_joint_rl,rest_3954,1
REC-16C75B7FC837C8D9,TRN-DFBC2500E1291379,U,pooled_joint_rl,rest_3954,1
REC-16DF80179CE56B36,TRN-DFE3354D3C81DE3A,U,pooled_joint_rl,rest_3954,1
REC-16DFCCBBE1D24BC9,TRN-E432B43CB7EA54D6,U,pooled_joint_rl,rest_3954,1
REC-16E59030FE3E77CD,TRN-55F3E0758943E1BE,U,pooled_joint_rl,rest_3954,1
REC-16F25287A56D9C8B,TRN-6A2AD4D88996D28D,U,pooled_joint_rl,rest_3954,1
REC-1712E4CD21DD0A62,TRN-5CABE300AC2F941B,U,pooled_joint_rl,rest_3954,1
REC-171CE48EEB1D6174,TRN-DBB20013624E7191,U,pooled_joint_rl,rest_3954,1
REC-17392C395986E40A,TRN-BD0EA8BE7F13267B,U,pooled_joint_rl,rest_3954,1
REC-1745CD4FF1D55E57,TRN-AD30F46A741D38D1,U,pooled_joint_rl,rest_3954,1
REC-174CB5EA60507258,TRN-B03A8719C99E5C19,U,pooled_joint_rl,rest_3954,1
REC-175F54260A48CDFC,TRN-D66E08C05C1450C5,U,pooled_joint_rl,rest_3954,1
REC-1763AA859158DFF8,TRN-E30387E49CEA0489,U,pooled_joint_rl,rest_3954,1
REC-1763CDA675E01E09,TRN-9A26FF0CFA5F7583,U,pooled_joint_rl,rest_3954,1
REC-17667C5EE417F0B7,TRN-AB683D8B259DCA86,U,pooled_joint_rl,rest_3954,1
REC-17895911B3FB9BC9,TRN-ADC1EE0AB63D31D0,U,pooled_joint_rl,rest_3954,1
REC-178C477E192D4747,TRN-057C15B7957F0F8A,U,pooled_joint_rl,rest_3954,1
REC-17AC8CFE30D0F848,TRN-E07B9EB686C92853,U,pooled_joint_rl,rest_3954,1
REC-17BA5BFA30B055CE,TRN-61084C7E9117ACEB,U,pooled_joint_rl,rest_3954,1
REC-17C963B0346E2D0F,TRN-5F7AD90B846EA229,U,pooled_joint_rl,rest_3954,1
REC-17DC79441C5A20D1,TRN-4F0A436834AF755E,U,pooled_joint_rl,rest_3954,1
REC-17E92982BB385928,TRN-85EE11B1EA68E991,U,pooled_joint_rl,rest_3954,1
REC-17EB12453B284CCE,TRN-007819133F955305,U,pooled_joint_rl,rest_3954,1
REC-17F3ACF6ABA8E8A1,TRN-3313ACDCB93FB5EE,U,pooled_joint_rl,rest_3954,1
REC-17FBDCF3DB635521,TRN-3C67CA1B204E28FC,U,pooled_joint_rl,rest_3954,1
REC-17FD70E420E1B9E1,TRN-D9B25BDE97AE6AA0,U,pooled_joint_rl,rest_3954,1
REC-184173640BE996D5,TRN-576DADBC283780AC,U,pooled_joint_rl,rest_3954,1
REC-1848621787D8BF4E,TRN-C3F9672050A68C84,U,pooled_joint_rl,rest_3954,1
REC-184EE364BD46035E,TRN-318AE1DA26C96220,U,pooled_joint_rl,rest_3954,1
REC-1872E545FF097708,TRN-132F5C420679E700,U,pooled_joint_rl,rest_3954,1
REC-18731D703FC050FE,TRN-9115C26F4E3AF3B0,U,pooled_joint_rl,rest_3954,1
REC-18846EE929CE4FCC,TRN-1B7264690A378BB1,U,pooled_joint_rl,rest_3954,1
REC-18B48013018121E5,TRN-A4517CB36E28F0B6,U,pooled_joint_rl,rest_3954,1
REC-18C826062BF5AECA,TRN-21BB779BBFA91515,U,pooled_joint_rl,rest_3954,1
REC-18CAF1850FA554C4,TRN-07925DEF1A08EE33,U,pooled_joint_rl,rest_3954,1
REC-18CC7E463EF88795,TRN-BBCE87BD00A55C7A,U,pooled_joint_rl,rest_3954,1
REC-18CD5F036F5514D0,TRN-A817C59D28F56C9E,U,pooled_joint_rl,rest_3954,1
REC-18CE5C0788B59113,TRN-0147650F359939A0,U,pooled_joint_rl,rest_3954,1
REC-18D35674BFEB0CB9,TRN-A9554C406679661A,U,pooled_joint_rl,rest_3954,1
REC-18DCED968ADF4FC5,TRN-66195DC43D720F09,U,pooled_joint_rl,rest_3954,1
REC-18EE4178CC6EF483,TRN-252B7B3830C809EC,U,pooled_joint_rl,rest_3954,1
REC-18FBAF990B3EF248,TRN-994D0E36304525A9,U,pooled_joint_rl,rest_3954,1
REC-190183CA03A33DF7,TRN-B4D57815E8D50946,U,pooled_joint_rl,rest_3954,1
REC-190A7700DFE0281E,TRN-709CB9A4A0E2E789,U,pooled_joint_rl,rest_3954,1
REC-1923D3B1D0FAB60E,TRN-134F403630258CB5,U,pooled_joint_rl,rest_3954,1
REC-19568DE9512681EE,TRN-EFE43FC0344D5B49,U,pooled_joint_rl,rest_3954,1
REC-1961D6081A23F163,TRN-0D8A6593F5514B4A,U,pooled_joint_rl,rest_3954,1
REC-1991CFB76B0F3A4D,TRN-BDE33DA249BB9B47,U,pooled_joint_rl,rest_3954,1
REC-199881FE9168E11B,TRN-7B5CB504216C207E,U,pooled_joint_rl,rest_3954,1
REC-19B13D1F7D89AD7D,TRN-852BA911D268CC9D,U,pooled_joint_rl,rest_3954,1
REC-19CA7D0AE82431E0,TRN-9C8E7F73A49CCF96,U,pooled_joint_rl,rest_3954,1
REC-1A098429672D34A1,TRN-34FD45BD2F237887,U,pooled_joint_rl,rest_3954,1
REC-1A0B0A2C4B0067D6,TRN-F53327991CEA0EAE,U,pooled_joint_rl,rest_3954,1
REC-1A381E88EAC33788,TRN-E881A4C670E69823,U,pooled_joint_rl,rest_3954,1
REC-1A3B33ADCEDBC66C,TRN-E55DBCDA2A27B23D,U,pooled_joint_rl,rest_3954,1
REC-1A3D79E896CD5406,TRN-5B7E8A0A7F26E72D,U,pooled_joint_rl,rest_3954,1
REC-1A45111B482C8671,TRN-F5867550B3B4A273,U,pooled_joint_rl,rest_3954,1
REC-1AA258C750F4250B,TRN-C1CE5F82A56D770E,U,pooled_joint_rl,rest_3954,1
REC-1AAAC3AC7A341B50,TRN-EE6F233A571B5601,U,pooled_joint_rl,rest_3954,1
REC-1AAD3AA4842F642A,TRN-5325D8C2717F0C5F,U,pooled_joint_rl,rest_3954,1
REC-1ABC9985BD4AF99E,TRN-EE2FB5AE24A780F5,U,pooled_joint_rl,rest_3954,1
REC-1AC0A4237C78D85F,TRN-53518450787E1F81,U,pooled_joint_rl,rest_3954,1
REC-1AEBF2133CCD48A0,TRN-E37177D293210F08,U,pooled_joint_rl,rest_3954,1
REC-1AF6DAF1BF91D4FA,TRN-807BE4CA3EBB8D4F,U,pooled_joint_rl,rest_3954,1
REC-1AF744AEEC7CE6B6,TRN-AB438D961401C72E,U,pooled_joint_rl,rest_3954,1
REC-1AF812A19EE4A332,TRN-C259A4668C921C92,U,pooled_joint_rl,rest_3954,1
REC-1AFF64E7A051C3F7,TRN-B68C0BB99873F740,U,pooled_joint_rl,rest_3954,1
REC-1B05DFF3B2C15DC7,TRN-BBD59A340089D5FD,U,pooled_joint_rl,rest_3954,1
REC-1B12F06FCE43B909,TRN-0ACC2A3209BBD263,U,pooled_joint_rl,rest_3954,1
REC-1B1C14508DBAFFC3,TRN-599DAFFE1AA16C56,U,pooled_joint_rl,rest_3954,1
REC-1B23DA909B53FA38,TRN-4F1D1EF6E2A20208,U,pooled_joint_rl,rest_3954,1
REC-1B3016CA91453565,TRN-641E0A52A99A37DB,U,pooled_joint_rl,rest_3954,1
REC-1B3218FF16492AD9,TRN-4B76186A470F123A,U,pooled_joint_rl,rest_3954,1
REC-1B3551644AF21926,TRN-E12476ED2169158F,U,pooled_joint_rl,rest_3954,1
REC-1B35DBCB0A4C5AFC,TRN-B839FA2B9A6E8187,U,pooled_joint_rl,rest_3954,1
REC-1B38E0EE280FA0BE,TRN-57BAC9EE094D8779,U,pooled_joint_rl,rest_3954,1
REC-1B405E6B18C83FCE,TRN-9E6021D8853EC336,U,pooled_joint_rl,rest_3954,1
REC-1BA60B43EDEFA483,TRN-5FEF1186BDA42026,U,pooled_joint_rl,rest_3954,1
REC-1BB7EAA85E5FD095,TRN-72A0A5A4EE3CD090,U,pooled_joint_rl,rest_3954,1
REC-1BBE711B9BD75B5C,TRN-1E90A3CB374A05FF,U,pooled_joint_rl,rest_3954,1
REC-1BCBC590B4E58CE9,TRN-691F6134D8E16917,U,pooled_joint_rl,rest_3954,1
REC-1BE691B7B89E81DB,TRN-19521BC781DAAEF4,U,pooled_joint_rl,rest_3954,1
REC-1BF33B2CF4CB9892,TRN-ECBB7C95A9344826,U,pooled_joint_rl,rest_3954,1
REC-1BFCF079FF589100,TRN-36B230BBFB899CD0,U,pooled_joint_rl,rest_3954,1
REC-1C0FD3857CD0943E,TRN-649AE92B0E15B786,U,pooled_joint_rl,rest_3954,1
REC-1C14B04930BF0203,TRN-4AED88135E2D45DE,U,pooled_joint_rl,rest_3954,1
REC-1C16F981AA242408,TRN-386F6CE23DA9F754,U,pooled_joint_rl,rest_3954,1
REC-1C196A6AE633EF56,TRN-275DD534A58202C7,U,pooled_joint_rl,rest_3954,1
REC-1C2435E847A1FCC2,TRN-EADAAC0978D2B3D3,U,pooled_joint_rl,rest_3954,1
REC-1C361D870D71A8C8,TRN-BABADD1394791CE6,U,pooled_joint_rl,rest_3954,1
REC-1C44819A8B2362B9,TRN-6296DFF7150903C2,U,pooled_joint_rl,rest_3954,1
REC-1C485CB106FEFEEB,TRN-85CCD2C517C009C7,U,pooled_joint_rl,rest_3954,1
REC-1C545A90EB79AB08,TRN-4F30DF4E11A0377D,U,pooled_joint_rl,rest_3954,1
REC-1C6DCB89F1DE636E,TRN-4A7D2431C4A7B0EC,U,pooled_joint_rl,rest_3954,1
REC-1C753190CD473824,TRN-EEE414193E40314B,U,pooled_joint_rl,rest_3954,1
REC-1C78CD0718DD4775,TRN-2FB1A29D94A21BD0,U,pooled_joint_rl,rest_3954,1
REC-1C7CE7B2A9B8328D,TRN-20388EE2D38BCBE0,U,pooled_joint_rl,rest_3954,1
REC-1CC4EDD47BF732B1,TRN-C8C9743AE94AB163,U,pooled_joint_rl,rest_3954,1
REC-1CC7F33881162545,TRN-F8FD1C9E1EF9A953,U,pooled_joint_rl,rest_3954,1
REC-1CCB6D72235AB37A,TRN-6B7019A8C404D509,U,pooled_joint_rl,rest_3954,1
REC-1CD0A7DC2A0C454A,TRN-AB8FA479A1EBD4A8,U,pooled_joint_rl,rest_3954,1
REC-1CD39413A71FE348,TRN-E078521FEB48F438,U,pooled_joint_rl,rest_3954,1
REC-1CDDDE348E6DAE99,TRN-4E7640FDCCBED427,U,pooled_joint_rl,rest_3954,1
REC-1CF3B3FD29F05341,TRN-F95B9C460536F207,U,pooled_joint_rl,rest_3954,1
REC-1D0A8BF34AF4AA29,TRN-0461A138E6289808,U,pooled_joint_rl,rest_3954,1
REC-1D1EC10D495C99C9,TRN-A6F61F4C2A4D1CFD,U,pooled_joint_rl,rest_3954,1
REC-1D3DE7E053793B62,TRN-056804C149954077,U,pooled_joint_rl,rest_3954,1
REC-1D3FE04E585A6570,TRN-E56E2B49BE73ADE1,U,pooled_joint_rl,rest_3954,1
REC-1D464F5147185F8E,TRN-7992B28FE04274F1,U,pooled_joint_rl,rest_3954,1
REC-1D4DD1FEEF3ACDE8,TRN-0C41EF8EF4B16FE6,U,pooled_joint_rl,rest_3954,1
REC-1D6F7D544791D370,TRN-D66A68CC2EBCAACC,U,pooled_joint_rl,rest_3954,1
REC-1D7C1CF12BCDAEF5,TRN-3921A72DD2301D50,U,pooled_joint_rl,rest_3954,1
REC-1D84D81C3574E5C6,TRN-620D1B0A9B7B706B,U,pooled_joint_rl,rest_3954,1
REC-1D8C448C22F4162C,TRN-F7257A0AE7D0D507,U,pooled_joint_rl,rest_3954,1
REC-1D9497ABE42111F6,TRN-471CA0096593E6AE,U,pooled_joint_rl,rest_3954,1
REC-1D95616B76A4372E,TRN-8FA1AD56D854B09A,U,pooled_joint_rl,rest_3954,1
REC-1D96410895367B34,TRN-8C230E48B112C7FC,U,pooled_joint_rl,rest_3954,1
REC-1DB8EFA2AE2A06E0,TRN-82C8AE0BFDBE4891,U,pooled_joint_rl,rest_3954,1
REC-1DC77BF3DB4B9174,TRN-5E4B82B35903F80C,U,pooled_joint_rl,rest_3954,1
REC-1DDA4972E3718EC6,TRN-8C072B70C57398F0,U,pooled_joint_rl,rest_3954,1
REC-1DF954257490B8CD,TRN-526AF4FDA300919F,U,pooled_joint_rl,rest_3954,1
REC-1E0CE095E00647E5,TRN-D98A6A2D59C222F5,U,pooled_joint_rl,rest_3954,1
REC-1E1626956E988235,TRN-CAFEBB7BD96926AF,U,pooled_joint_rl,rest_3954,1
REC-1E2B00C8AAA9CF2A,TRN-B48AA0BA4A5875B5,U,pooled_joint_rl,rest_3954,1
REC-1EA1D368F298BABD,TRN-23DF6A784482956D,U,pooled_joint_rl,rest_3954,1
REC-1EA6BFF25DC66C46,TRN-5F6989128F1EF997,U,pooled_joint_rl,rest_3954,1
REC-1ECCEB2399246848,TRN-BEFC71811E1291B8,U,pooled_joint_rl,rest_3954,1
REC-1EEAAC1F0B220298,TRN-B97D21C2A6A6EE2B,U,pooled_joint_rl,rest_3954,1
REC-1F1E19506B70BA99,TRN-E3AAFC5A67066A82,U,pooled_joint_rl,rest_3954,1
REC-1F447EEE63813708,TRN-737A6593C95E752F,U,pooled_joint_rl,rest_3954,1
REC-1F4A1B8BCC7E2844,TRN-329CA658C9CA9534,U,pooled_joint_rl,rest_3954,1
REC-1F571715A9346200,TRN-FDD8AE51FCAA9E67,U,pooled_joint_rl,rest_3954,1
REC-1F67329262AE91D2,TRN-2D8DDB044F877566,U,pooled_joint_rl,rest_3954,1
REC-1F8B6023B69C03E8,TRN-A7E88802A8732B64,U,pooled_joint_rl,rest_3954,1
REC-1F8BB060120F04FC,TRN-CE5F96560B4AC146,U,pooled_joint_rl,rest_3954,1
REC-1F8C76D510C1E38B,TRN-BF0D943A7CD62585,U,pooled_joint_rl,rest_3954,1
REC-1F90B6CDF9E4E78E,TRN-D6E5A09E5D2BB8CB,U,pooled_joint_rl,rest_3954,1
REC-1F922FD63E992294,TRN-EFA6253871AFFDE5,U,pooled_joint_rl,rest_3954,1
REC-1FA0B768DDB72250,TRN-D808E18F27ACDCC9,U,pooled_joint_rl,rest_3954,1
REC-1FAD076A1A9DA1BB,TRN-9A3ECAD595D6510C,U,pooled_joint_rl,rest_3954,1
REC-1FB237F79A3408E5,TRN-F6B5A2F619604034,U,pooled_joint_rl,rest_3954,1
REC-1FD1E0299249822A,TRN-87B00BEA8FBB7118,U,pooled_joint_rl,rest_3954,1
REC-1FD24850D29CED04,TRN-5E33BAD36DDB5AB3,U,pooled_joint_rl,rest_3954,1
REC-1FD6091A24E4CE18,TRN-260EE16D52944762,U,pooled_joint_rl,rest_3954,1
REC-1FFDFF2E8470E6F0,TRN-337449D6F354DF1B,U,pooled_joint_rl,rest_3954,1
REC-200568305D9F8118,TRN-22C38FA04370E415,U,pooled_joint_rl,rest_3954,1
REC-20283A7816008A8E,TRN-44F43D1EB1905CBC,U,pooled_joint_rl,rest_3954,1
REC-2029D963DA1C5B8E,TRN-8FFB3A93A40C2326,U,pooled_joint_rl,rest_3954,1
REC-202B5AEBA9A48450,TRN-73EB0A8A5BD3C601,U,pooled_joint_rl,rest_3954,1
REC-2039601E30B7A071,TRN-A8FB765170D0E9A7,U,pooled_joint_rl,rest_3954,1
REC-203D9D069A8C2ED3,TRN-F6D98E9A9761674E,U,pooled_joint_rl,rest_3954,1
REC-203F370D973DF55D,TRN-4D2E1F675A757020,U,pooled_joint_rl,rest_3954,1
REC-2044EB409A60F311,TRN-EA75AD21D0298B58,U,pooled_joint_rl,rest_3954,1
REC-206325F57057D99E,TRN-0C99AF449845B834,U,pooled_joint_rl,rest_3954,1
REC-206338C8419497E1,TRN-8D61EF233C42A606,U,pooled_joint_rl,rest_3954,1
REC-209010B4D241DB9F,TRN-333DB513168364B3,U,pooled_joint_rl,rest_3954,1
REC-20A2FCFAA8460B29,TRN-A6770CE4C9E00D0C,U,pooled_joint_rl,rest_3954,1
REC-20AA9FFDEDA17C00,TRN-AEA8C0E885AE4F55,U,pooled_joint_rl,rest_3954,1
REC-20B2737F4A95B230,TRN-B38046273CACFAF5,U,pooled_joint_rl,rest_3954,1
REC-20D1A027E7058F09,TRN-70AD4ED252DC0F96,U,pooled_joint_rl,rest_3954,1
REC-20D2046ADAA64238,TRN-22FD313F98D3D94E,U,pooled_joint_rl,rest_3954,1
REC-20D6F89AE7C54893,TRN-420F42F1FF8B50AC,U,pooled_joint_rl,rest_3954,1
REC-20ED3D32CA566B4A,TRN-3852BBA5EA0BEAC3,U,pooled_joint_rl,rest_3954,1
REC-20EFAB698D265A81,TRN-0A427D764B35D560,U,pooled_joint_rl,rest_3954,1
REC-20F1A9F1A6E3B73E,TRN-1BF9E11732F5AE77,U,pooled_joint_rl,rest_3954,1
REC-20FB5E09FB9F5E20,TRN-F200C75D19ABAA14,U,pooled_joint_rl,rest_3954,1
REC-210EDBEF2F7BABAD,TRN-F7D6D60F41D51C98,U,pooled_joint_rl,rest_3954,1
REC-2113864420134687,TRN-BAE4ABFEBF62832B,U,pooled_joint_rl,rest_3954,1
REC-213931DE9CCA6559,TRN-EDFA19463051E438,U,pooled_joint_rl,rest_3954,1
REC-2140760DE0CEFCE2,TRN-B40B01CB69F24AD9,U,pooled_joint_rl,rest_3954,1
REC-215A749FB5CB6691,TRN-7B9F5955FA2F5DE4,U,pooled_joint_rl,rest_3954,1
REC-21814BBDD49184C5,TRN-B07CA634BF7DEC4E,U,pooled_joint_rl,rest_3954,1
REC-21B60A9837F0B6C5,TRN-645FC56661174D64,U,pooled_joint_rl,rest_3954,1
REC-21C6557D82DC2D03,TRN-06B0C2D5300998B2,U,pooled_joint_rl,rest_3954,1
REC-21DF5865D3F24106,TRN-7797BC6806630ED0,U,pooled_joint_rl,rest_3954,1
REC-220561723549205C,TRN-42DF8F222F66DB3C,U,pooled_joint_rl,rest_3954,1
REC-2209FC97B461A3E1,TRN-A435CC3824B8D9D3,U,pooled_joint_rl,rest_3954,1
REC-22271EDEA2979C5C,TRN-AEB824AE48BA4814,U,pooled_joint_rl,rest_3954,1
REC-222A1422250541BE,TRN-0A96A3967EA8CADA,U,pooled_joint_rl,rest_3954,1
REC-222CF3FFCB94F860,TRN-E117416857112FC4,U,pooled_joint_rl,rest_3954,1
REC-2234AA0E086B18A1,TRN-8EF70C1F11E4F85C,U,pooled_joint_rl,rest_3954,1
REC-224F6C20E5D8B448,TRN-17EF51512C76A941,U,pooled_joint_rl,rest_3954,1
REC-2259B4E733189C9E,TRN-BD4BDEE26E092A08,U,pooled_joint_rl,rest_3954,1
REC-226F225F6F078D83,TRN-6160B553FC0BDEE4,U,pooled_joint_rl,rest_3954,1
REC-226F8883913591CA,TRN-16E13B344F2310B6,U,pooled_joint_rl,rest_3954,1
REC-22913CF802908748,TRN-0F2CEF7C16A53591,U,pooled_joint_rl,rest_3954,1
REC-22C5657AC0B45098,TRN-61ABF021770952A7,U,pooled_joint_rl,rest_3954,1
REC-22D9D7B80F0D7CA7,TRN-EB4D877D32EA7461,U,pooled_joint_rl,rest_3954,1
REC-22DA80210B4F81BF,TRN-6EA1BA65D179CFEE,U,pooled_joint_rl,rest_3954,1
REC-22DE6F194FE0F7B6,TRN-C6E8047FBDC5F88F,U,pooled_joint_rl,rest_3954,1
REC-22E25F7FDF02B535,TRN-1644581810A1C89F,U,pooled_joint_rl,rest_3954,1
REC-22F070018483AC6A,TRN-5B627F1072E43529,U,pooled_joint_rl,rest_3954,1
REC-230EE260FE82E763,TRN-F95709585308110D,U,pooled_joint_rl,rest_3954,1
REC-231625E4A2C2EF16,TRN-B4F82015E5494DC6,U,pooled_joint_rl,rest_3954,1
REC-2317C256016D8E8C,TRN-31432AE53D3FB2A7,U,pooled_joint_rl,rest_3954,1
REC-232110CF0998BD0D,TRN-ABC248C6C0A4A9BC,U,pooled_joint_rl,rest_3954,1
REC-2327D5F624E59C85,TRN-83994C943668BFE2,U,pooled_joint_rl,rest_3954,1
REC-233107FAFDA60192,TRN-295A1F3EF541BCAB,U,pooled_joint_rl,rest_3954,1
REC-2338D3DB43EBA4FE,TRN-035696F69EA3A732,U,pooled_joint_rl,rest_3954,1
REC-234F8875EAA56F89,TRN-27E977E211ED5B21,U,pooled_joint_rl,rest_3954,1
REC-236023A21D16DD0E,TRN-C8D646DBA6F9B190,U,pooled_joint_rl,rest_3954,1
REC-237B74332064763F,TRN-069370AB286EDC6A,U,pooled_joint_rl,rest_3954,1
REC-238358A832893F63,TRN-6256B3F44EF7AAEE,U,pooled_joint_rl,rest_3954,1
REC-238E3E390D30F07D,TRN-5E07F600F1B6EA3B,U,pooled_joint_rl,rest_3954,1
REC-23A379C904C49F5D,TRN-8707AF91C2081DA3,U,pooled_joint_rl,rest_3954,1
REC-23B13E1E750D796F,TRN-394F92C974720EB2,U,pooled_joint_rl,rest_3954,1
REC-23B25F44D0089942,TRN-72911C661DBF623D,U,pooled_joint_rl,rest_3954,1
REC-23C7C112561ECC16,TRN-D693DA45B65E4726,U,pooled_joint_rl,rest_3954,1
REC-23CB98AEEF960A14,TRN-109E81748F83E3D1,U,pooled_joint_rl,rest_3954,1
REC-23CE75940DBBE8F8,TRN-B17C7927BCCF2CFD,U,pooled_joint_rl,rest_3954,1
REC-23E80C359640AA0D,TRN-960193394892F5AF,U,pooled_joint_rl,rest_3954,1
REC-23EE4424E956328C,TRN-235FB0AFDC0A92AE,U,pooled_joint_rl,rest_3954,1
REC-242CFEAFFF8687CF,TRN-D382F12FE06E7C95,U,pooled_joint_rl,rest_3954,1
REC-24330698E13B830F,TRN-D0832C8481174406,U,pooled_joint_rl,rest_3954,1
REC-2463D243A2D58BBB,TRN-3E7B94DFBBD07409,U,pooled_joint_rl,rest_3954,1
REC-247DE27C8E62BF65,TRN-3FEF7CE432A2F7EB,U,pooled_joint_rl,rest_3954,1
REC-2482B011F6385E47,TRN-3048C586705BC8AC,U,pooled_joint_rl,rest_3954,1
REC-248345FF5C8AB3F7,TRN-979B20431186A431,U,pooled_joint_rl,rest_3954,1
REC-24AD86A92F696974,TRN-15D7B6C7E4F14373,U,pooled_joint_rl,rest_3954,1
REC-24B1C95D43C97313,TRN-85EEFFE959C18909,U,pooled_joint_rl,rest_3954,1
REC-24CA6829859FD38B,TRN-CE133814E1E1865F,U,pooled_joint_rl,rest_3954,1
REC-24CE0ED2B214DA07,TRN-1C4C23D65B283F6A,U,pooled_joint_rl,rest_3954,1
REC-24D3EB35B94C9542,TRN-7C1C834D7E137F3A,U,pooled_joint_rl,rest_3954,1
REC-24D7AD5505ABEFCE,TRN-B9F856C0A6CEAF22,U,pooled_joint_rl,rest_3954,1
REC-24E624693CF4AF65,TRN-3AAB8F2A41C660E1,U,pooled_joint_rl,rest_3954,1
REC-24FF65631A505593,TRN-F187732AFCD94092,U,pooled_joint_rl,rest_3954,1
REC-25175FA5F58682E7,TRN-77EBD63740D62657,U,pooled_joint_rl,rest_3954,1
REC-251B6AFBA2A905C5,TRN-4BAC17E27F7BA5B7,U,pooled_joint_rl,rest_3954,1
REC-251C2D73CD833BD6,TRN-2D4A274545700774,U,pooled_joint_rl,rest_3954,1
REC-25226DC083824096,TRN-7F48B63A7A8DFD50,U,pooled_joint_rl,rest_3954,1
REC-25370E5A6080B15E,TRN-9CE8CF79BD2E31E4,U,pooled_joint_rl,rest_3954,1
REC-25AD70CA32649D2D,TRN-B88954846C0BA0D6,U,pooled_joint_rl,rest_3954,1
REC-25C9A6C5D82C207F,TRN-B525462DDB3D53F5,U,pooled_joint_rl,rest_3954,1
REC-25CB5299C1970A82,TRN-1CFA7B90C8272828,U,pooled_joint_rl,rest_3954,1
REC-25D5261A01056AA5,TRN-5154785E643EACD0,U,pooled_joint_rl,rest_3954,1
REC-260EC160745CDE58,TRN-CDFAFF929094F5D9,U,pooled_joint_rl,rest_3954,1
REC-261E95EAEA5594E5,TRN-72FAF28E66BDEF5E,U,pooled_joint_rl,rest_3954,1
REC-263EFB1086360AB2,TRN-ADC49F72FAA01B9E,U,pooled_joint_rl,rest_3954,1
REC-263F41F72F4BF6EB,TRN-1C2A4066CB07112C,U,pooled_joint_rl,rest_3954,1
REC-2640251964B96D07,TRN-AFF4BBD8F1D6C221,U,pooled_joint_rl,rest_3954,1
REC-26527C663BDB97D7,TRN-888FFC1B48FFACEF,U,pooled_joint_rl,rest_3954,1
REC-265E3A2CEFBD1169,TRN-8F5430450A7D07E9,U,pooled_joint_rl,rest_3954,1
REC-267545535E705AF6,TRN-908DF9731B170D98,U,pooled_joint_rl,rest_3954,1
REC-268651EDC7C60138,TRN-CE18E0EEC14A4C61,U,pooled_joint_rl,rest_3954,1
REC-268BAECD92B88B1A,TRN-ADB193739AAC21A7,U,pooled_joint_rl,rest_3954,1
REC-26978B21E10B318D,TRN-63169087935F12B8,U,pooled_joint_rl,rest_3954,1
REC-26A6F34476D1C014,TRN-AD78E0D181887B1D,U,pooled_joint_rl,rest_3954,1
REC-26B2F9B68668D4EC,TRN-6151C2997AA03366,U,pooled_joint_rl,rest_3954,1
REC-26B9221360AAAD7C,TRN-781016FB85699356,U,pooled_joint_rl,rest_3954,1
REC-26CAF649DB127918,TRN-3E063F7EE758E6EA,U,pooled_joint_rl,rest_3954,1
REC-26D4898D20F8D37E,TRN-A57A02E2B8FC6A6A,U,pooled_joint_rl,rest_3954,1
REC-26D4CFAB076F8BBC,TRN-C6539ECC8EF81FB6,U,pooled_joint_rl,rest_3954,1
REC-26EB7DD3B3056161,TRN-FE4A4D3EC65D1012,U,pooled_joint_rl,rest_3954,1
REC-26EC98A7C4BDA1ED,TRN-6DB65C3D09481FE3,U,pooled_joint_rl,rest_3954,1
REC-270CE14C0A41BDF1,TRN-1C1239E0E6E0FCBE,U,pooled_joint_rl,rest_3954,1
REC-27178FFF8B40B1C1,TRN-8A926DF72008F6FF,U,pooled_joint_rl,rest_3954,1
REC-271A61829174AA28,TRN-4CED69AE0B3C96BC,U,pooled_joint_rl,rest_3954,1
REC-2724F0340B791B34,TRN-6CAF59D60F23A534,U,pooled_joint_rl,rest_3954,1
REC-2730F8A7D7D2B6CB,TRN-A827E4CCAC9CE23F,U,pooled_joint_rl,rest_3954,1
REC-2739F6F5DBBD0E93,TRN-72FE28A2BD652A21,U,pooled_joint_rl,rest_3954,1
REC-273F03E8A421B780,TRN-62B55409562617DD,U,pooled_joint_rl,rest_3954,1
REC-274EFCB70325310D,TRN-2842447ABA5718D4,U,pooled_joint_rl,rest_3954,1
REC-2751F76C2A3C6305,TRN-356191E622234F3B,U,pooled_joint_rl,rest_3954,1
REC-275A779F9EB3F92D,TRN-4ABEBFAB2B2569EF,U,pooled_joint_rl,rest_3954,1
REC-278A851F19EBAD98,TRN-FD95431C8573E008,U,pooled_joint_rl,rest_3954,1
REC-279F0D3E8C73C0AC,TRN-B6FBE2F30E07F00D,U,pooled_joint_rl,rest_3954,1
REC-27C6D2334EFE5640,TRN-E04215D52B401136,U,pooled_joint_rl,rest_3954,1
REC-27CE69FDF2D3C157,TRN-0E4079E3A91FA45C,U,pooled_joint_rl,rest_3954,1
REC-27E6737D9B481A2E,TRN-E0439B755A6B3427,U,pooled_joint_rl,rest_3954,1
REC-27E86D7DED2CD9B9,TRN-9E17CDFE60377A1D,U,pooled_joint_rl,rest_3954,1
REC-27F19CD345E7D8F3,TRN-61AA44A1061F2DFD,U,pooled_joint_rl,rest_3954,1
REC-28076F034FB2FE84,TRN-20CAE10FC947E5AB,U,pooled_joint_rl,rest_3954,1
REC-2810129C3DB82025,TRN-69A110BA8ACD1E11,U,pooled_joint_rl,rest_3954,1
REC-283037026D1111F9,TRN-7289E49D855D6706,U,pooled_joint_rl,rest_3954,1
REC-2841C1B4E59CD96F,TRN-4F8B13661BDAEFBF,U,pooled_joint_rl,rest_3954,1
REC-2845FDE58014C61F,TRN-40F8E5EE98776220,U,pooled_joint_rl,rest_3954,1
REC-2872BAAB387AB2F0,TRN-E0DAEA6F8A51FA36,U,pooled_joint_rl,rest_3954,1
REC-288A822F4D43D64A,TRN-5036FC14263F1E55,U,pooled_joint_rl,rest_3954,1
REC-28D92558C6BB6A9F,TRN-901831B4D1B0BA69,U,pooled_joint_rl,rest_3954,1
REC-28FB28C7430FF906,TRN-943B386B11EAA403,U,pooled_joint_rl,rest_3954,1
REC-2910E421D8A04C5C,TRN-499E181FF8E94B21,U,pooled_joint_rl,rest_3954,1
REC-291E1D787F172607,TRN-23EA15063FF173FE,U,pooled_joint_rl,rest_3954,1
REC-293ED195DFDC00AF,TRN-06B6F2CE8C2020B1,U,pooled_joint_rl,rest_3954,1
REC-2940F0E0B90C573C,TRN-DE26F2DBD377B817,U,pooled_joint_rl,rest_3954,1
REC-294CF11278330F6E,TRN-DE9D19868E0C1051,U,pooled_joint_rl,rest_3954,1
REC-29516C27576D14A3,TRN-FBED900B0345FFA2,U,pooled_joint_rl,rest_3954,1
REC-295463533647A5E1,TRN-FD81A975327B5F89,U,pooled_joint_rl,rest_3954,1
REC-2970B969BB73EB6F,TRN-0F0FE7A088049BA1,U,pooled_joint_rl,rest_3954,1
REC-2973FBD3AE3B7A0B,TRN-AEC4A6417BE2CF62,U,pooled_joint_rl,rest_3954,1
REC-299BDAE532F8F4CA,TRN-8363F8C54DC9BCF4,U,pooled_joint_rl,rest_3954,1
REC-29AF05D8CCFA2E6B,TRN-854343D8F33528DD,U,pooled_joint_rl,rest_3954,1
REC-29DB24E48022F402,TRN-215697A0AE74BF9C,U,pooled_joint_rl,rest_3954,1
REC-29F20EE510F4A343,TRN-5789F3D7323BFDD0,U,pooled_joint_rl,rest_3954,1
REC-2A05DD2A28C82AB8,TRN-86448BF6E7F9CFC8,U,pooled_joint_rl,rest_3954,1
REC-2A438BD10B058719,TRN-8DEE5DB2AF01B873,U,pooled_joint_rl,rest_3954,1
REC-2A59666229BBB24A,TRN-2427C995843AE8BB,U,pooled_joint_rl,rest_3954,1
REC-2A628F9B9FD0E888,TRN-AA39BE5EAB89B643,U,pooled_joint_rl,rest_3954,1
REC-2A7707EA15318630,TRN-BAB250FDA0C3EE5B,U,pooled_joint_rl,rest_3954,1
REC-2A85C42DCC4AA651,TRN-FED0D78A1BC2A57F,U,pooled_joint_rl,rest_3954,1
REC-2A92B306743B8C22,TRN-A515DE151879A642,U,pooled_joint_rl,rest_3954,1
REC-2A9BC207BD472911,TRN-B0A74F17E06DFFEE,U,pooled_joint_rl,rest_3954,1
REC-2AA397DA906421B0,TRN-36C564ED3CB5F07E,U,pooled_joint_rl,rest_3954,1
REC-2ABF282013861AEE,TRN-70906A34F953DCB2,U,pooled_joint_rl,rest_3954,1
REC-2ABF48A87303D818,TRN-533C6019322C52D3,U,pooled_joint_rl,rest_3954,1
REC-2AD182B3C9A9C8B8,TRN-105A0227E3104323,U,pooled_joint_rl,rest_3954,1
REC-2AE592DD170277BF,TRN-50DCE58879702229,U,pooled_joint_rl,rest_3954,1
REC-2AE811BA975494E5,TRN-C484406438F27077,U,pooled_joint_rl,rest_3954,1
REC-2AEB45B3CDA89D4B,TRN-F1B9C54905B62822,U,pooled_joint_rl,rest_3954,1
REC-2B01E21CF791EB8E,TRN-3C5704F71F1E2B38,U,pooled_joint_rl,rest_3954,1
REC-2B0703C2808727E1,TRN-ED31B5D06369AF3F,U,pooled_joint_rl,rest_3954,1
REC-2B07854DABA84EFC,TRN-396CA16E52F57435,U,pooled_joint_rl,rest_3954,1
REC-2B372274456FDA3B,TRN-E42AE62EE1A6D42E,U,pooled_joint_rl,rest_3954,1
REC-2B42C7A3F286BF3A,TRN-A0B4EE9F8DE13F8D,U,pooled_joint_rl,rest_3954,1
REC-2B4CA80281CDE626,TRN-B0896707AADADEA0,U,pooled_joint_rl,rest_3954,1
REC-2B4F650B29EDE444,TRN-62533AA7E2C737F5,U,pooled_joint_rl,rest_3954,1
REC-2B51D2D66D88C815,TRN-52730AC452F8C7CF,U,pooled_joint_rl,rest_3954,1
REC-2B56D38B82C00D75,TRN-0F5B09F089E54DA7,U,pooled_joint_rl,rest_3954,1
REC-2B6837207A35CAD6,TRN-DD09AB21AAC69E73,U,pooled_joint_rl,rest_3954,1
REC-2B85D08F71D53205,TRN-77888AF54BBE7338,U,pooled_joint_rl,rest_3954,1
REC-2B939FBCDC782A73,TRN-617151A94B6900C3,U,pooled_joint_rl,rest_3954,1
REC-2B9AB3A03073F997,TRN-8129A6969514EDD6,U,pooled_joint_rl,rest_3954,1
REC-2BB2B96C01FC837B,TRN-168E9EFECCDE11BA,U,pooled_joint_rl,rest_3954,1
REC-2BB3D5AEFD1E0AD0,TRN-AAE98F988EB36083,U,pooled_joint_rl,rest_3954,1
REC-2BBF00EE5EFE1CCE,TRN-4F0A38A8CA6C3D09,U,pooled_joint_rl,rest_3954,1
REC-2BBF9F698E7E1FDC,TRN-1C50C7A4425375BE,U,pooled_joint_rl,rest_3954,1
REC-2BC05C96318A879A,TRN-9A560485B011FF0E,U,pooled_joint_rl,rest_3954,1
REC-2BDD2A2BAD1CA475,TRN-B9ABF92303C41FE8,U,pooled_joint_rl,rest_3954,1
REC-2BDDC0E5ED1CC350,TRN-170FF5B4C01A3D43,U,pooled_joint_rl,rest_3954,1
REC-2BDDE00AE9A7E800,TRN-0596B6CFC0C46BAE,U,pooled_joint_rl,rest_3954,1
REC-2C118FE8DBB490F5,TRN-A52330C1B2E96F06,U,pooled_joint_rl,rest_3954,1
REC-2C4020F901F60262,TRN-3C4515DDFCBE111F,U,pooled_joint_rl,rest_3954,1
REC-2C49ECD21EB7A746,TRN-D5734F488285688D,U,pooled_joint_rl,rest_3954,1
REC-2C4CC653A5B96C55,TRN-EDEA180216976FF0,U,pooled_joint_rl,rest_3954,1
REC-2C5FC4BCE2D9A265,TRN-9E158428B22AC15F,U,pooled_joint_rl,rest_3954,1
REC-2C79ABF2DC7148F2,TRN-FF8FD1D91885685E,U,pooled_joint_rl,rest_3954,1
REC-2C828FB427E71ADC,TRN-6DF99054698715A6,U,pooled_joint_rl,rest_3954,1
REC-2C8BA8F687987AC0,TRN-D0E308E2DA3B02C1,U,pooled_joint_rl,rest_3954,1
REC-2CD04F41625CE06C,TRN-6085533EA1A701B8,U,pooled_joint_rl,rest_3954,1
REC-2CD7C28693F79C76,TRN-8BAB9B6C5A6AEBB1,U,pooled_joint_rl,rest_3954,1
REC-2CDCE3A58B09CB86,TRN-03513EE008BA78C0,U,pooled_joint_rl,rest_3954,1
REC-2CFDF0136B2DF6E4,TRN-3F153177CBDBA8BA,U,pooled_joint_rl,rest_3954,1
REC-2D08223CD722A90C,TRN-CC6B125AE1C891B7,U,pooled_joint_rl,rest_3954,1
REC-2D0DFED4EC39DF8D,TRN-E849C7AC091EBF6A,U,pooled_joint_rl,rest_3954,1
REC-2D1A3CAC7ED5DB4A,TRN-FB4A4E74B2A7BBF0,U,pooled_joint_rl,rest_3954,1
REC-2D4461BD8B45BB23,TRN-8B4E4FFEF239508B,U,pooled_joint_rl,rest_3954,1
REC-2D54AC77226296D0,TRN-CDE1D440FDCF0671,U,pooled_joint_rl,rest_3954,1
REC-2D559727DD8432AF,TRN-A3B486C7E9E5FFFD,U,pooled_joint_rl,rest_3954,1
REC-2D6287F8D4984C62,TRN-3798EA4BCFEADEE7,U,pooled_joint_rl,rest_3954,1
REC-2D7D789AF7260BD0,TRN-97FE65FE835ECDAC,U,pooled_joint_rl,rest_3954,1
REC-2D9757E50A541116,TRN-EE4900BD13038104,U,pooled_joint_rl,rest_3954,1
REC-2D9D2C3566F74E25,TRN-45BC0A0040E5BCBE,U,pooled_joint_rl,rest_3954,1
REC-2DC78E7D34F0BA96,TRN-5BB078254904C549,U,pooled_joint_rl,rest_3954,1
REC-2DC9F7DA81CA55C8,TRN-63D2100457DE6AC7,U,pooled_joint_rl,rest_3954,1
REC-2E08B768201FC614,TRN-DC8DDD4E60F4626C,U,pooled_joint_rl,rest_3954,1
REC-2E0B7CBFF9B66843,TRN-FD561A1082A92AAB,U,pooled_joint_rl,rest_3954,1
REC-2E0B9C43A6A4EA7F,TRN-BE27E7389BE2AEA0,U,pooled_joint_rl,rest_3954,1
REC-2E0D6162D58BF699,TRN-D1D71CA9C182D3E9,U,pooled_joint_rl,rest_3954,1
REC-2E0F1A228D3281DC,TRN-1360FCF27504F38F,U,pooled_joint_rl,rest_3954,1
REC-2E1850EDE278E3EA,TRN-F25C7B9AD45284B3,U,pooled_joint_rl,rest_3954,1
REC-2E1890DB175F7D15,TRN-239D8EABF79ABFDA,U,pooled_joint_rl,rest_3954,1
REC-2E1FD7D1B090095A,TRN-EA42F5C15CFB01AC,U,pooled_joint_rl,rest_3954,1
REC-2E25A4C4A4DD6979,TRN-D4EBF08C1C7F8311,U,pooled_joint_rl,rest_3954,1
REC-2E3FF2E5EC1589E3,TRN-B9CAD2A2FD4294B4,U,pooled_joint_rl,rest_3954,1
REC-2E4E9811B5499E11,TRN-3B0A9E19B59B29CA,U,pooled_joint_rl,rest_3954,1
REC-2E525E728A83C834,TRN-33586086F7AA4287,U,pooled_joint_rl,rest_3954,1
REC-2E5607397B982507,TRN-5B904BA0B2DDC256,U,pooled_joint_rl,rest_3954,1
REC-2E5BB1B7306738B0,TRN-BD00387C54C8B563,U,pooled_joint_rl,rest_3954,1
REC-2E83F863A406A095,TRN-7EDF9D0F4ACFA3DC,U,pooled_joint_rl,rest_3954,1
REC-2E89D19EB0C09FB5,TRN-269110A688F90875,U,pooled_joint_rl,rest_3954,1
REC-2EB85214EA254A95,TRN-9B78CC8256BF1E29,U,pooled_joint_rl,rest_3954,1
REC-2EDB1076FF656B87,TRN-6D5C2576886DD4C3,U,pooled_joint_rl,rest_3954,1
REC-2EEA5C15BD9B95CD,TRN-800282234C88DC19,U,pooled_joint_rl,rest_3954,1
REC-2EF209A33D92D865,TRN-E91CF7053FE572CF,U,pooled_joint_rl,rest_3954,1
REC-2EFA6B396BC64BD0,TRN-76CE66F3B284E328,U,pooled_joint_rl,rest_3954,1
REC-2F06B5CB0D8F1BF3,TRN-A44F53294005E6D3,U,pooled_joint_rl,rest_3954,1
REC-2F1FB0F5B02A77ED,TRN-793D2CF6D64813A5,U,pooled_joint_rl,rest_3954,1
REC-2F3AF3A5950CCC63,TRN-2521BB601C87C58D,U,pooled_joint_rl,rest_3954,1
REC-2F61D2E9BD3BA35F,TRN-43672ED1F3A4AD36,U,pooled_joint_rl,rest_3954,1
REC-2F6850F2D902679B,TRN-5419E5608A04C646,U,pooled_joint_rl,rest_3954,1
REC-2F69C5BDC7F60CD5,TRN-DBEC194F49616526,U,pooled_joint_rl,rest_3954,1
REC-2F79B003DEE111E6,TRN-8B8CB1C6D4FC6716,U,pooled_joint_rl,rest_3954,1
REC-2F8A7712CD7B8E6E,TRN-0A54AA4FCB535FAC,U,pooled_joint_rl,rest_3954,1
REC-2F9137136583441A,TRN-3491E6E37B4A9A08,U,pooled_joint_rl,rest_3954,1
REC-2FA28C11D2A39667,TRN-A3EEF98F9479F13E,U,pooled_joint_rl,rest_3954,1
REC-2FC3DEC2DD361473,TRN-6A98D0EA19B2D8D7,U,pooled_joint_rl,rest_3954,1
REC-2FC49CB35868411C,TRN-989A9D28FFAD9E10,U,pooled_joint_rl,rest_3954,1
REC-2FCD6F43D53A8A92,TRN-560E60F634D52B59,U,pooled_joint_rl,rest_3954,1
REC-2FD1A274DCF131B9,TRN-EA25B228B9880930,U,pooled_joint_rl,rest_3954,1
REC-2FD516D6635E3123,TRN-64802DE50A8EA04B,U,pooled_joint_rl,rest_3954,1
REC-2FE046C83D44F632,TRN-1CE1A664242EB6DF,U,pooled_joint_rl,rest_3954,1
REC-2FE48ED4EC76E0E5,TRN-460A299937E26C73,U,pooled_joint_rl,rest_3954,1
REC-2FEE1535A467A68F,TRN-2AFE8D6570F65617,U,pooled_joint_rl,rest_3954,1
REC-3001074F5F0DE471,TRN-96974CA0992FAE38,U,pooled_joint_rl,rest_3954,1
REC-3002836CD2412CE1,TRN-692E7F0C39A9C109,U,pooled_joint_rl,rest_3954,1
REC-302B32CDC883AA45,TRN-3D06F610E9C40E6D,U,pooled_joint_rl,rest_3954,1
REC-303291EBE6E683F1,TRN-A7A3A0BB2245F297,U,pooled_joint_rl,rest_3954,1
REC-3035741BF0045D55,TRN-63027EDB7DD14F57,U,pooled_joint_rl,rest_3954,1
REC-306F1626D166A0B9,TRN-5C78DD448418D379,U,pooled_joint_rl,rest_3954,1
REC-30757E6F5BA7149E,TRN-CF3C7372F58EDBE8,U,pooled_joint_rl,rest_3954,1
REC-307AA05F037C3410,TRN-8504294A2F7FF5BE,U,pooled_joint_rl,rest_3954,1
REC-309A00A0660B1D03,TRN-595DBF6E63B63F4B,U,pooled_joint_rl,rest_3954,1
REC-309F88090B68F485,TRN-EA8068411E5BA8DA,U,pooled_joint_rl,rest_3954,1
REC-30A3EB68AEA17D6D,TRN-36B803B700BCBCD2,U,pooled_joint_rl,rest_3954,1
REC-30AF2B29143999C7,TRN-64AFAF37672094B5,U,pooled_joint_rl,rest_3954,1
REC-30BC5EA5C13EABC9,TRN-906E1CE5C5BAC011,U,pooled_joint_rl,rest_3954,1
REC-30D74E52FA454848,TRN-B76414D645B23E9F,U,pooled_joint_rl,rest_3954,1
REC-30FEF2626093F64F,TRN-00C46102B80DCD78,U,pooled_joint_rl,rest_3954,1
REC-30FF2E1D33A5AC69,TRN-87A3E5D6224B507D,U,pooled_joint_rl,rest_3954,1
REC-310A610E97000D4D,TRN-FB39EB1B49A1DDC6,U,pooled_joint_rl,rest_3954,1
REC-3110665D00A13AAC,TRN-11DB56ED96D94C1F,U,pooled_joint_rl,rest_3954,1
REC-3120DBE800FFC03C,TRN-DFC3F9479A1160AB,U,pooled_joint_rl,rest_3954,1
REC-3126DFD3E5A0213B,TRN-41BA1FADB08CE989,U,pooled_joint_rl,rest_3954,1
REC-312AD71102225601,TRN-1219995DC484B571,U,pooled_joint_rl,rest_3954,1
REC-312BB29269EFDF86,TRN-54288BF9C49BC916,U,pooled_joint_rl,rest_3954,1
REC-312DE4ED5DE33AF0,TRN-D40C80B4E1C6BFC0,U,pooled_joint_rl,rest_3954,1
REC-31319CC34BA99322,TRN-2B1B1A59A096D521,U,pooled_joint_rl,rest_3954,1
REC-315151ADA2B35847,TRN-5E8B0DDD72B956D8,U,pooled_joint_rl,rest_3954,1
REC-31591037ADBD4556,TRN-14969FC47434F3F3,U,pooled_joint_rl,rest_3954,1
REC-3173BD3DE0F529F8,TRN-EC1F1CB677F127C4,U,pooled_joint_rl,rest_3954,1
REC-317A9589792B3CDD,TRN-82826E7AE99114EB,U,pooled_joint_rl,rest_3954,1
REC-3186FB4F9CD8D45F,TRN-C195039585C8040A,U,pooled_joint_rl,rest_3954,1
REC-31872AAA4DFB22BC,TRN-7995E35F1BC1A8B9,U,pooled_joint_rl,rest_3954,1
REC-318ED7DA75770C28,TRN-DE7CCC4B6B86F098,U,pooled_joint_rl,rest_3954,1
REC-318FAB46134A4E97,TRN-1190EED55F424C6A,U,pooled_joint_rl,rest_3954,1
REC-3191AB6C970BBCEC,TRN-8CC94D9E2988931E,U,pooled_joint_rl,rest_3954,1
REC-319CA5B93F4D051F,TRN-D413290CB4DD6545,U,pooled_joint_rl,rest_3954,1
REC-31A39999D02D20A6,TRN-E127C242CD45FA5F,U,pooled_joint_rl,rest_3954,1
REC-31AE2B86E9E1E518,TRN-8A4F7CE7BC40C358,U,pooled_joint_rl,rest_3954,1
REC-31CE5981458FA6C3,TRN-4C63030904E45CBE,U,pooled_joint_rl,rest_3954,1
REC-31DF4C809F3BC70F,TRN-399A873A7AF46CFD,U,pooled_joint_rl,rest_3954,1
REC-32118EA2EE577935,TRN-E4E77D6250DE594D,U,pooled_joint_rl,rest_3954,1
REC-32127A94995D6A68,TRN-5EAE0057F650AA01,U,pooled_joint_rl,rest_3954,1
REC-32232BF5911B1D6C,TRN-C1E6B833FAC90192,U,pooled_joint_rl,rest_3954,1
REC-322ADE27D35EB28C,TRN-0AE18283817142F8,U,pooled_joint_rl,rest_3954,1
REC-322FCE77F2C11C6C,TRN-DB7ACB7A35EE8E85,U,pooled_joint_rl,rest_3954,1
REC-323A4C75B76E9B6B,TRN-76FCFD31355D20ED,U,pooled_joint_rl,rest_3954,1
REC-32424D28BDA53F9C,TRN-93C6B8670AF80637,U,pooled_joint_rl,rest_3954,1
REC-3257C052DCB23A2E,TRN-414DCB6DBCEAA82B,U,pooled_joint_rl,rest_3954,1
REC-3277ECD76D1C64C8,TRN-9F38733E5A63F8AB,U,pooled_joint_rl,rest_3954,1
REC-327B485F2182C85F,TRN-1ED5F8B479F9E66C,U,pooled_joint_rl,rest_3954,1
REC-328A4FCAA630851B,TRN-6BCB887782689AB1,U,pooled_joint_rl,rest_3954,1
REC-32A13ED77517AB0A,TRN-54F0BDDC4804E4AC,U,pooled_joint_rl,rest_3954,1
REC-32A2A459D54E4A1E,TRN-69FBD168EA0B5284,U,pooled_joint_rl,rest_3954,1
REC-32B76D450AAE0C25,TRN-097271085FCE714C,U,pooled_joint_rl,rest_3954,1
REC-32BFD738C359BEA1,TRN-45368AF860CEF46E,U,pooled_joint_rl,rest_3954,1
REC-32C1D68F16F85F4C,TRN-D734EA5E8F029F29,U,pooled_joint_rl,rest_3954,1
REC-32CC0C43EAF47A00,TRN-85114F9E350ECD77,U,pooled_joint_rl,rest_3954,1
REC-32D9B12F5434CF6A,TRN-C23DFE3584E1D582,U,pooled_joint_rl,rest_3954,1
REC-32E2776E89D21DED,TRN-22BCE7090101F21E,U,pooled_joint_rl,rest_3954,1
REC-32E9DFA43FB4B65B,TRN-A9C96E4FB5F91CBF,U,pooled_joint_rl,rest_3954,1
REC-3341006B00E9FBCF,TRN-17D021204CCE3AC4,U,pooled_joint_rl,rest_3954,1
REC-3342C1EB15C42662,TRN-B84D6557B841350D,U,pooled_joint_rl,rest_3954,1
REC-334D8A2527008A12,TRN-28F7AC26A08F7038,U,pooled_joint_rl,rest_3954,1
REC-335809005082D13A,TRN-D5E9CC01E215123D,U,pooled_joint_rl,rest_3954,1
REC-335BA8D87A294028,TRN-A2103BD3A5AC6070,U,pooled_joint_rl,rest_3954,1
REC-3364B2BEDB176362,TRN-8356123CE9124356,U,pooled_joint_rl,rest_3954,1
REC-3369400F2D978E1F,TRN-F7090507B7F7F582,U,pooled_joint_rl,rest_3954,1
REC-336F96C3841A3042,TRN-80DDE64630AA983C,U,pooled_joint_rl,rest_3954,1
REC-33775029C10982DB,TRN-018A3BDA9E6A8D8E,U,pooled_joint_rl,rest_3954,1
REC-339A627E4EB8B50E,TRN-A36F4C672610FE43,U,pooled_joint_rl,rest_3954,1
REC-33AE8A164B46CBAD,TRN-6C7C32325D6F605B,U,pooled_joint_rl,rest_3954,1
REC-33B4B4F031B37B62,TRN-68FB23F65146038E,U,pooled_joint_rl,rest_3954,1
REC-33BAB7D04D5FFF0E,TRN-B8CD12A6B4846B28,U,pooled_joint_rl,rest_3954,1
REC-33BF90DA1ACBC65A,TRN-2B57E0A76195E902,U,pooled_joint_rl,rest_3954,1
REC-33C590A8874B5377,TRN-213BFE071A5D40A1,U,pooled_joint_rl,rest_3954,1
REC-33C650D1D7D5D27B,TRN-A641203333AA70DE,U,pooled_joint_rl,rest_3954,1
REC-33C7E836A3B77A05,TRN-32BE98259EE5CE6B,U,pooled_joint_rl,rest_3954,1
REC-33FFCF7F0D59AA01,TRN-1F3C40A19D2D118A,U,pooled_joint_rl,rest_3954,1
REC-342E6A81C1E09857,TRN-194AEA1397616036,U,pooled_joint_rl,rest_3954,1
REC-3431B54AACB87BC5,TRN-186A3403B9B7FF9E,U,pooled_joint_rl,rest_3954,1
REC-343A4309F428AE33,TRN-13FE9567D21E2233,U,pooled_joint_rl,rest_3954,1
REC-346FF0A30CF394C8,TRN-3A51C5771FC8E639,U,pooled_joint_rl,rest_3954,1
REC-3487537327650131,TRN-5FC807C8445E8325,U,pooled_joint_rl,rest_3954,1
REC-348CC1AFF7BAFD07,TRN-3107AE3ED5109B77,U,pooled_joint_rl,rest_3954,1
REC-3492F8FBE94C3B9F,TRN-8A41FCA2BEA1CB48,U,pooled_joint_rl,rest_3954,1
REC-34ABB64E5DE0D5F8,TRN-127950A40C507A59,U,pooled_joint_rl,rest_3954,1
REC-34B77E663285B645,TRN-7577D4272F6A2A6D,U,pooled_joint_rl,rest_3954,1
REC-34CC1F14E300CE1D,TRN-54CCE6CC3DD6A43C,U,pooled_joint_rl,rest_3954,1
REC-34D825F012B4C0EB,TRN-D42470CB9BF8079C,U,pooled_joint_rl,rest_3954,1
REC-34F18D90BD44FB9C,TRN-180A1F45858A0A4C,U,pooled_joint_rl,rest_3954,1
REC-34F287DC880B8AF9,TRN-997D5D3418730379,U,pooled_joint_rl,rest_3954,1
REC-35188DC74A44580D,TRN-D149E61F9DD50AF9,U,pooled_joint_rl,rest_3954,1
REC-352C18AB81B46D3D,TRN-AADEC230FE44BD0B,U,pooled_joint_rl,rest_3954,1
REC-352DB3E2CF074024,TRN-784312AA9AAD1D9B,U,pooled_joint_rl,rest_3954,1
REC-352EF1C3CCBF69A3,TRN-F534B1EAA1B89A6E,U,pooled_joint_rl,rest_3954,1
REC-3532605F18136D9A,TRN-F8914BD08DAAD6FA,U,pooled_joint_rl,rest_3954,1
REC-35419AE1BD55EEA1,TRN-C836F62379160188,U,pooled_joint_rl,rest_3954,1
REC-3543277D3A5214B7,TRN-326F2B21F9B3EEB9,U,pooled_joint_rl,rest_3954,1
REC-35519D070AB19ADD,TRN-8E623134B6CB333E,U,pooled_joint_rl,rest_3954,1
REC-355AF938B008611F,TRN-20501D2904ACC3CB,U,pooled_joint_rl,rest_3954,1
REC-355B3D41ADA20BBA,TRN-693890DA7FECEF20,U,pooled_joint_rl,rest_3954,1
REC-356DB958AE2CAAB4,TRN-765349268C65A82A,U,pooled_joint_rl,rest_3954,1
REC-35751A7859C16858,TRN-5B2236D984AF12EC,U,pooled_joint_rl,rest_3954,1
REC-3586C6C525146BFC,TRN-81152264A60ADB87,U,pooled_joint_rl,rest_3954,1
REC-3598FD041D740B5F,TRN-179F75834F84252B,U,pooled_joint_rl,rest_3954,1
REC-35A33D0E94747CF3,TRN-4AF2296C3A422168,U,pooled_joint_rl,rest_3954,1
REC-35AA1B6E9D5D5C63,TRN-D937396EC1676C8C,U,pooled_joint_rl,rest_3954,1
REC-35AFAAE25E1EBD13,TRN-66BF0F156C7A6551,U,pooled_joint_rl,rest_3954,1
REC-35C187F454C960E5,TRN-3E2EECCE1304ADC5,U,pooled_joint_rl,rest_3954,1
REC-35D165804D1F34F6,TRN-791E0C026491B018,U,pooled_joint_rl,rest_3954,1
REC-35D456B7B95D0194,TRN-1D91096067C860D6,U,pooled_joint_rl,rest_3954,1
REC-36186FC61CAE3809,TRN-69E5883EFC6FFE3E,U,pooled_joint_rl,rest_3954,1
REC-361E716458E92863,TRN-3CAF7D063108FF34,U,pooled_joint_rl,rest_3954,1
REC-3627804FD0EED554,TRN-DB3C5B75F22EDDFD,U,pooled_joint_rl,rest_3954,1
REC-362C970E701F27BF,TRN-04C24F281B3EF142,U,pooled_joint_rl,rest_3954,1
REC-362E3E4440E4BED9,TRN-B1B9D2A4A9A63393,U,pooled_joint_rl,rest_3954,1
REC-3631F0F7BDFDEDC2,TRN-5983DF28B59D0001,U,pooled_joint_rl,rest_3954,1
REC-36510FFDE678EC00,TRN-30707266BC352215,U,pooled_joint_rl,rest_3954,1
REC-36715B360906DA8F,TRN-4F3C63C5E9F63E9B,U,pooled_joint_rl,rest_3954,1
REC-36AE3F3C085242A0,TRN-1B0C9F2746F7C83D,U,pooled_joint_rl,rest_3954,1
REC-36C0B916CDC5C15A,TRN-07DFACE9F4A86403,U,pooled_joint_rl,rest_3954,1
REC-36C6F2741DD1E507,TRN-1EB186608D91AA40,U,pooled_joint_rl,rest_3954,1
REC-36F1B2ECFABD7BA6,TRN-ACFFB75A0D1A7515,U,pooled_joint_rl,rest_3954,1
REC-36FBF68922920BE5,TRN-F43DDDDD611952A9,U,pooled_joint_rl,rest_3954,1
REC-37146B883C403E3C,TRN-4847F0A7FDEDD1A2,U,pooled_joint_rl,rest_3954,1
REC-371A19B36DC4A038,TRN-556928E5F4145F3A,U,pooled_joint_rl,rest_3954,1
REC-373D2BEE193FC246,TRN-B20798B1FE341C19,U,pooled_joint_rl,rest_3954,1
REC-3752846D80799FE5,TRN-69F995E89983E9DC,U,pooled_joint_rl,rest_3954,1
REC-3757FA1202F1D8F9,TRN-1E17A6D29F32962B,U,pooled_joint_rl,rest_3954,1
REC-375EC4642501778A,TRN-B27E5CF93015AE1C,U,pooled_joint_rl,rest_3954,1
REC-376DB2452F15AAB4,TRN-FFB7D0646AE47B20,U,pooled_joint_rl,rest_3954,1
REC-3770D8D02F1AC66C,TRN-9C5F1A83876B8696,U,pooled_joint_rl,rest_3954,1
REC-37896456EEA9AB04,TRN-A27E3417BDAB2F28,U,pooled_joint_rl,rest_3954,1
REC-378F737A46C6768C,TRN-CF2BD312992BCEF9,U,pooled_joint_rl,rest_3954,1
REC-37A2AAA4350EA8E6,TRN-299C29F99BA0C912,U,pooled_joint_rl,rest_3954,1
REC-37AFBDDA7005EFC9,TRN-9E323859E89C45D0,U,pooled_joint_rl,rest_3954,1
REC-37CCEEA1F697664B,TRN-502759E3EAA493D7,U,pooled_joint_rl,rest_3954,1
REC-37E46203F5F85CBE,TRN-B4B3330CAC1DE4BD,U,pooled_joint_rl,rest_3954,1
REC-37E673E545FD7C63,TRN-58DD2A1232064898,U,pooled_joint_rl,rest_3954,1
REC-37EF5F94E61679E4,TRN-7B5E514C5A245DDE,U,pooled_joint_rl,rest_3954,1
REC-37F9B33736A65B22,TRN-AB97BC47B930970D,U,pooled_joint_rl,rest_3954,1
REC-3801605774D944FE,TRN-F2261BBD45CF5E9B,U,pooled_joint_rl,rest_3954,1
REC-381CB4BB1256911F,TRN-9CF8F2D86A4FEA0F,U,pooled_joint_rl,rest_3954,1
REC-3832BA0A72F2B83F,TRN-73B243695566CB0F,U,pooled_joint_rl,rest_3954,1
REC-38359D43F196EC0A,TRN-277B41495AA770A8,U,pooled_joint_rl,rest_3954,1
REC-3848FA5BFFB7571A,TRN-9C776C9A67D69E8A,U,pooled_joint_rl,rest_3954,1
REC-3853891B79D8A3C0,TRN-D97EA8D2B7893B59,U,pooled_joint_rl,rest_3954,1
REC-3858E63E2A097FB7,TRN-66B48A2DF2301702,U,pooled_joint_rl,rest_3954,1
REC-386126DF1D38252D,TRN-D5A881D693476A21,U,pooled_joint_rl,rest_3954,1
REC-38865DFF2F7A9809,TRN-CFEA94A4925EBF73,U,pooled_joint_rl,rest_3954,1
REC-388791561587634B,TRN-7B8F6C96B60976A4,U,pooled_joint_rl,rest_3954,1
REC-3896404D422E1389,TRN-B072657AA02AC148,U,pooled_joint_rl,rest_3954,1
REC-38A1560A44099FB5,TRN-6BA3A72D31BEB8F1,U,pooled_joint_rl,rest_3954,1
REC-38A3CD76E1AEA5C4,TRN-40A597F8283D1296,U,pooled_joint_rl,rest_3954,1
REC-38C50DB347B53DE6,TRN-71CF53C8D53057D9,U,pooled_joint_rl,rest_3954,1
REC-39052CF9328446B5,TRN-3A9B317EC3055058,U,pooled_joint_rl,rest_3954,1
REC-390BC85C4A86E355,TRN-E1F4DF5D31AE85E2,U,pooled_joint_rl,rest_3954,1
REC-3918B2D8835FD4D6,TRN-D012780A501D7DA0,U,pooled_joint_rl,rest_3954,1
REC-391964CB1C2042AD,TRN-A1793F95EEC9BC58,U,pooled_joint_rl,rest_3954,1
REC-392B06F8907CAD54,TRN-7E579D4BBFA8E3AE,U,pooled_joint_rl,rest_3954,1
REC-392EB513BAD3E91E,TRN-3040E835519EF169,U,pooled_joint_rl,rest_3954,1
REC-395FD330FBAECF05,TRN-EDB1C9FC321FF00D,U,pooled_joint_rl,rest_3954,1
REC-396389501BD9CFE9,TRN-BBE6D45813F826AF,U,pooled_joint_rl,rest_3954,1
REC-3970641EC19D8A11,TRN-BEB280BFC80064E8,U,pooled_joint_rl,rest_3954,1
REC-39790331571B01F3,TRN-2F0D77EB3C16DD29,U,pooled_joint_rl,rest_3954,1
REC-397B71AEAB0A19CB,TRN-A4161F7377961D64,U,pooled_joint_rl,rest_3954,1
REC-398AA4E0E7F3290F,TRN-7B05E0ADFC949DB2,U,pooled_joint_rl,rest_3954,1
REC-398CD21CB921E169,TRN-53C2C1EA5BCC50B2,U,pooled_joint_rl,rest_3954,1
REC-39CB59BB66A1254E,TRN-8F56FA09EA58406F,U,pooled_joint_rl,rest_3954,1
REC-39D6DF08B63EF960,TRN-8DEDA2C05514157E,U,pooled_joint_rl,rest_3954,1
REC-39D70B1071E47A05,TRN-18A86968C0CD7640,U,pooled_joint_rl,rest_3954,1
REC-39DFE08C32C0E64A,TRN-71A575DBBC1D117F,U,pooled_joint_rl,rest_3954,1
REC-39FC3065D406D325,TRN-C6ABA91C90398BF8,U,pooled_joint_rl,rest_3954,1
REC-3A1821C7CCE1DD72,TRN-F7CDBC3D93D7BBEF,U,pooled_joint_rl,rest_3954,1
REC-3A1DED370AD35197,TRN-FEE90A5EF04E9BD6,U,pooled_joint_rl,rest_3954,1
REC-3A2F1C429F770464,TRN-80024547E1D475DB,U,pooled_joint_rl,rest_3954,1
REC-3A406498C5CDD2B3,TRN-1335CE805CBBE503,U,pooled_joint_rl,rest_3954,1
REC-3A41CF5604443AE6,TRN-02A7AED0EFF161C3,U,pooled_joint_rl,rest_3954,1
REC-3A5842B88540C65C,TRN-D877864CA389866B,U,pooled_joint_rl,rest_3954,1
REC-3A674BD0157D97E8,TRN-6C1CAA7A3FBC2F6A,U,pooled_joint_rl,rest_3954,1
REC-3A7B83DE8CA28680,TRN-3B66263EF4935826,U,pooled_joint_rl,rest_3954,1
REC-3A85E3DA3CC7959A,TRN-B01048C660F1FA01,U,pooled_joint_rl,rest_3954,1
REC-3A86EA86CD464061,TRN-BED3B5DE9A3633CF,U,pooled_joint_rl,rest_3954,1
REC-3A936847341E1283,TRN-A3A33E82249751E5,U,pooled_joint_rl,rest_3954,1
REC-3A9CB4C51C705698,TRN-846964C461257FC4,U,pooled_joint_rl,rest_3954,1
REC-3AA68E941A1D81D7,TRN-2B00EC084FC763B0,U,pooled_joint_rl,rest_3954,1
REC-3ABDAE8C4F073655,TRN-206418D872C382AF,U,pooled_joint_rl,rest_3954,1
REC-3AC4E1CC60AE21CA,TRN-BA24589B8ED38EAC,U,pooled_joint_rl,rest_3954,1
REC-3ACEB29142A95BB0,TRN-D4B96F221D5B396F,U,pooled_joint_rl,rest_3954,1
REC-3ACED92BF1AFC744,TRN-4D60D7018F1648A5,U,pooled_joint_rl,rest_3954,1
REC-3ADA240A444CED95,TRN-9E8F4A5CA2CFCC8D,U,pooled_joint_rl,rest_3954,1
REC-3ADA802445FFF58D,TRN-750E4987CAB21D47,U,pooled_joint_rl,rest_3954,1
REC-3AE3DC91E11311B1,TRN-F7A1E35E5729AEBC,U,pooled_joint_rl,rest_3954,1
REC-3AFF7DDFCD33D8AE,TRN-9A63E75B1B770C9B,U,pooled_joint_rl,rest_3954,1
REC-3B17547B8650B4E9,TRN-CBA59F94322F9FB0,U,pooled_joint_rl,rest_3954,1
REC-3B2DA181A7DB75D9,TRN-0389F87A2C702574,U,pooled_joint_rl,rest_3954,1
REC-3B2FF9A8D32F6A15,TRN-194AB44C78088F0F,U,pooled_joint_rl,rest_3954,1
REC-3B3A94C74D61343F,TRN-04D90E3BE66E3B09,U,pooled_joint_rl,rest_3954,1
REC-3B3CF9299924F597,TRN-FCA27DDE9341B01A,U,pooled_joint_rl,rest_3954,1
REC-3B466FBD762F7B54,TRN-4B6ED0BEAEFAE8A9,U,pooled_joint_rl,rest_3954,1
REC-3B4844D3F3487B75,TRN-783DD4376C817975,U,pooled_joint_rl,rest_3954,1
REC-3B4BEFCE83D84217,TRN-5D45964D486AF915,U,pooled_joint_rl,rest_3954,1
REC-3B50D22F5C3E6DA2,TRN-20BE063BFFE745A9,U,pooled_joint_rl,rest_3954,1
REC-3B5ED49CD3EEA236,TRN-56C39F49BD65C74B,U,pooled_joint_rl,rest_3954,1
REC-3B66DF1D61EA4FC5,TRN-2349D33333029C7B,U,pooled_joint_rl,rest_3954,1
REC-3B72968CF12AD2F2,TRN-5B4574E42BE940D1,U,pooled_joint_rl,rest_3954,1
REC-3B91F5ACF76B5941,TRN-12484CDB0C018840,U,pooled_joint_rl,rest_3954,1
REC-3BA540E21128D565,TRN-A4D64542609C5BE5,U,pooled_joint_rl,rest_3954,1
REC-3BA5A9CF6B4F0703,TRN-F48E69BE5F9E2ED2,U,pooled_joint_rl,rest_3954,1
REC-3BAFEB0969105AF5,TRN-7DE762BA1BE28E58,U,pooled_joint_rl,rest_3954,1
REC-3BB1D8C17472CC6B,TRN-7C8322763E66DD6E,U,pooled_joint_rl,rest_3954,1
REC-3BCC4FB6B615E7D9,TRN-2E556C5CD0D5C5A9,U,pooled_joint_rl,rest_3954,1
REC-3BCCD1A89E544A10,TRN-05574A4A3665CD96,U,pooled_joint_rl,rest_3954,1
REC-3BD0A5BCA2EF6DC5,TRN-1907F61CA32F2BA4,U,pooled_joint_rl,rest_3954,1
REC-3BD9F3F6B54A6368,TRN-6BEFB67F412B260A,U,pooled_joint_rl,rest_3954,1
REC-3BE4E9024B103789,TRN-B20A9921772FEC3D,U,pooled_joint_rl,rest_3954,1
REC-3C003EA27D1C45D0,TRN-EADC0C40E55BCE92,U,pooled_joint_rl,rest_3954,1
REC-3C23EC72022F2E5C,TRN-97FD8C7D96714BDC,U,pooled_joint_rl,rest_3954,1
REC-3C2B882065C63616,TRN-BF9D89AF10E5273D,U,pooled_joint_rl,rest_3954,1
REC-3C2CDEAEA79B9DE1,TRN-D9CA5E454C45CA10,U,pooled_joint_rl,rest_3954,1
REC-3C2D263B23436A3A,TRN-B951415D713F6080,U,pooled_joint_rl,rest_3954,1
REC-3C30001C69C3FD89,TRN-9FAD1E966738F89C,U,pooled_joint_rl,rest_3954,1
REC-3C37F75DEB64D16F,TRN-4F9D9E26D8CF491B,U,pooled_joint_rl,rest_3954,1
REC-3C4AC78A3224FB7D,TRN-457E028834FEE745,U,pooled_joint_rl,rest_3954,1
REC-3C51436C5376BB0E,TRN-3F418E3914B478E1,U,pooled_joint_rl,rest_3954,1
REC-3C5164720F1590E5,TRN-6499064CDE554739,U,pooled_joint_rl,rest_3954,1
REC-3C839AEC33C75FC4,TRN-6FD2396FD9FE4374,U,pooled_joint_rl,rest_3954,1
REC-3C951022558A3508,TRN-92639A3A4E7E0860,U,pooled_joint_rl,rest_3954,1
REC-3C9701FF27FF8E7C,TRN-C8548192E9647AE2,U,pooled_joint_rl,rest_3954,1
REC-3C98AC78EEFEBC7E,TRN-2C5FCE2FDE7031EE,U,pooled_joint_rl,rest_3954,1
REC-3CB434BC175A1B9D,TRN-722FF27405DF6334,U,pooled_joint_rl,rest_3954,1
REC-3CC7AB2EAFDF6D41,TRN-C5D24B2647B00A20,U,pooled_joint_rl,rest_3954,1
REC-3CCA436E8813CC53,TRN-E9AE309011DAFA5A,U,pooled_joint_rl,rest_3954,1
REC-3CCD3F6FF4D6DC29,TRN-FEA7C0859597CD16,U,pooled_joint_rl,rest_3954,1
REC-3CE50C9DB238E336,TRN-70C3CCD0846B59BF,U,pooled_joint_rl,rest_3954,1
REC-3CEB6AB0D9DBDE06,TRN-86BB6122D256EB40,U,pooled_joint_rl,rest_3954,1
REC-3CF1F2C781B6A3B8,TRN-32F146B8B604DE8B,U,pooled_joint_rl,rest_3954,1
REC-3CF4ACA53F591B0D,TRN-4A06A6C9178E9E15,U,pooled_joint_rl,rest_3954,1
REC-3D24490B0001C144,TRN-8C041B30C7470840,U,pooled_joint_rl,rest_3954,1
REC-3D3A1810DD891A9A,TRN-4EF0785248EAB3A6,U,pooled_joint_rl,rest_3954,1
REC-3D3D7B2260B704C0,TRN-9BD2821CE24EF375,U,pooled_joint_rl,rest_3954,1
REC-3D4C8C6609069A21,TRN-C6DD3D04F561C85E,U,pooled_joint_rl,rest_3954,1
REC-3D527A999EA5714E,TRN-03A65005A62DB8D9,U,pooled_joint_rl,rest_3954,1
REC-3D60280F708398CA,TRN-DD4A9B1DA350E9C7,U,pooled_joint_rl,rest_3954,1
REC-3D62A1F41472A8B5,TRN-13F081D654FC796F,U,pooled_joint_rl,rest_3954,1
REC-3D676DA29D55DE9A,TRN-BE0A920E87E4885D,U,pooled_joint_rl,rest_3954,1
REC-3D6FD40B8A41E705,TRN-4CF7533A11D35971,U,pooled_joint_rl,rest_3954,1
REC-3D70ADA593383565,TRN-C7ECCA9BCDC0B884,U,pooled_joint_rl,rest_3954,1
REC-3DB0CEDBE2190001,TRN-5AC352E8736A68DB,U,pooled_joint_rl,rest_3954,1
REC-3DCDF8DD37CF3110,TRN-6F25D9822FBBF6DD,U,pooled_joint_rl,rest_3954,1
REC-3DEC39EE8CF15406,TRN-3F6D41F85F5A0AF7,U,pooled_joint_rl,rest_3954,1
REC-3DFA145FCD7FF824,TRN-596D3EB334EA48F7,U,pooled_joint_rl,rest_3954,1
REC-3DFBC08BF885FA46,TRN-5A783FE93B590632,U,pooled_joint_rl,rest_3954,1
REC-3E4750C381CB5E5D,TRN-214D36AD28D624F1,U,pooled_joint_rl,rest_3954,1
REC-3E51F998A2C64050,TRN-FF8C6CB23D54AE6F,U,pooled_joint_rl,rest_3954,1
REC-3E680ADCB9FAB817,TRN-F09B6D6ECAA44594,U,pooled_joint_rl,rest_3954,1
REC-3E693639F1EF75CF,TRN-9E9C66E225C7CFBD,U,pooled_joint_rl,rest_3954,1
REC-3E768026B9FCC8A1,TRN-2D20E77A90DE3B20,U,pooled_joint_rl,rest_3954,1
REC-3E7CF3842F0F1D10,TRN-2014DE2AC51483CC,U,pooled_joint_rl,rest_3954,1
REC-3EDB91B41A170B19,TRN-3522CCB50BE33A47,U,pooled_joint_rl,rest_3954,1
REC-3EE1A03603E19370,TRN-772122C5C7A03CBB,U,pooled_joint_rl,rest_3954,1
REC-3EEBBC1B3246C4A3,TRN-4BA65D080F09C544,U,pooled_joint_rl,rest_3954,1
REC-3EF4FEC1DA096938,TRN-6BCD66ECFE4E4555,U,pooled_joint_rl,rest_3954,1
REC-3F02E7F81BE0A838,TRN-E40793908F83EC54,U,pooled_joint_rl,rest_3954,1
REC-3F2143F6CD16AF20,TRN-F6CD5B72AF453DDF,U,pooled_joint_rl,rest_3954,1
REC-3F269A4C971E63E5,TRN-D7A2819A54C17682,U,pooled_joint_rl,rest_3954,1
REC-3F26CA60097EB921,TRN-DCA395B420D936CD,U,pooled_joint_rl,rest_3954,1
REC-3F784241A8E343C4,TRN-9756A2990ABC109C,U,pooled_joint_rl,rest_3954,1
REC-3F83D34C7F75152D,TRN-555B3396328A5A56,U,pooled_joint_rl,rest_3954,1
REC-3F9BB8A0F78C0254,TRN-408A81285E572A47,U,pooled_joint_rl,rest_3954,1
REC-3FA7B077BEB89C35,TRN-A56E4E1B558234BD,U,pooled_joint_rl,rest_3954,1
REC-3FB6CE18265FDA0C,TRN-5827A08C4CCC6F8E,U,pooled_joint_rl,rest_3954,1
REC-3FB8BD848DD58F17,TRN-116F26300550BF2D,U,pooled_joint_rl,rest_3954,1
REC-3FBD54EC2C86813C,TRN-1B80132D1B056883,U,pooled_joint_rl,rest_3954,1
REC-3FCCAC9E01486AD3,TRN-44B26D0837BF33E2,U,pooled_joint_rl,rest_3954,1
REC-3FF1330E00FFA7F9,TRN-CB8F132714AB601F,U,pooled_joint_rl,rest_3954,1
REC-3FFB857E72B482CD,TRN-CD5F959602E99A83,U,pooled_joint_rl,rest_3954,1
REC-40034729FFF63306,TRN-50527F1441AC10FC,U,pooled_joint_rl,rest_3954,1
REC-4024076BB0BA918F,TRN-3ECFF2006CD8C58B,U,pooled_joint_rl,rest_3954,1
REC-403448CB5BEA4EFD,TRN-2745D6601C7D7B70,U,pooled_joint_rl,rest_3954,1
REC-403752EB5440629A,TRN-D02339F9EB96BC2B,U,pooled_joint_rl,rest_3954,1
REC-403D71DE64B0454F,TRN-661B1813CE74525C,U,pooled_joint_rl,rest_3954,1
REC-404060C3860A22A6,TRN-34A372713CD3E94C,U,pooled_joint_rl,rest_3954,1
REC-405A79605D7B0058,TRN-46C12BEB3A757A37,U,pooled_joint_rl,rest_3954,1
REC-406885F793F8D35A,TRN-D553B8F006073301,U,pooled_joint_rl,rest_3954,1
REC-407B904302E88263,TRN-830414ED5E27530B,U,pooled_joint_rl,rest_3954,1
REC-4088A6013094ABBD,TRN-D51781CE5005C2E3,U,pooled_joint_rl,rest_3954,1
REC-40A3059155AFFBA4,TRN-DCDE55FB10A7A7B1,U,pooled_joint_rl,rest_3954,1
REC-40CF223C69E59EEA,TRN-72B29ACCE47D27D8,U,pooled_joint_rl,rest_3954,1
REC-40D05E742AA9E977,TRN-681C0B4129CE543D,U,pooled_joint_rl,rest_3954,1
REC-40DCC9FB6B17EADC,TRN-71AB2A956E6B593B,U,pooled_joint_rl,rest_3954,1
REC-40E58491480824FE,TRN-69CF06DF93325B42,U,pooled_joint_rl,rest_3954,1
REC-40EBA91512FE3B17,TRN-79AE690FF0E45C7F,U,pooled_joint_rl,rest_3954,1
REC-4119B5D9D87C57ED,TRN-5EB8F9ED0BE126A8,U,pooled_joint_rl,rest_3954,1
REC-41204609A1864942,TRN-FE042630774FB2E5,U,pooled_joint_rl,rest_3954,1
REC-414C35895C9B4ABA,TRN-E26095BB987A08DB,U,pooled_joint_rl,rest_3954,1
REC-414DEC2DAD9E3F73,TRN-D5FA53F620D6C884,U,pooled_joint_rl,rest_3954,1
REC-414E49F853C8A103,TRN-D5AE32B37BA2E7C4,U,pooled_joint_rl,rest_3954,1
REC-41502A46424209C2,TRN-B42801EB081A370D,U,pooled_joint_rl,rest_3954,1
REC-41556580DEC5D1C3,TRN-BBD7D2FBD3631C5B,U,pooled_joint_rl,rest_3954,1
REC-4161D339D8069631,TRN-3576F2F1667FC051,U,pooled_joint_rl,rest_3954,1
REC-4162396FB8AC923C,TRN-7E3ACB846E39D450,U,pooled_joint_rl,rest_3954,1
REC-417B87887472E479,TRN-F32FAC02B62A2464,U,pooled_joint_rl,rest_3954,1
REC-41853659F413B036,TRN-4BCD01911C1E9E90,U,pooled_joint_rl,rest_3954,1
REC-418965F01A959C7B,TRN-4C10EF22676B2474,U,pooled_joint_rl,rest_3954,1
REC-419AA0ABA20864C2,TRN-A61C033CB5F961DB,U,pooled_joint_rl,rest_3954,1
REC-419C17A18D10CAAE,TRN-F77938040D6A9E49,U,pooled_joint_rl,rest_3954,1
REC-41C37FF63D122F7F,TRN-EA6A30E24C17A79B,U,pooled_joint_rl,rest_3954,1
REC-41C647983FBE190E,TRN-CB85C61417B997A2,U,pooled_joint_rl,rest_3954,1
REC-41EEE2CE68942EAD,TRN-AD854CA3664E6BCE,U,pooled_joint_rl,rest_3954,1
REC-42019218CA063B83,TRN-F8C0BC146D8504BC,U,pooled_joint_rl,rest_3954,1
REC-420BDD70AA8EF0AF,TRN-A956E7F081699B24,U,pooled_joint_rl,rest_3954,1
REC-4271EB1AF496B349,TRN-993D4B5E93441676,U,pooled_joint_rl,rest_3954,1
REC-42810402C8DCDD32,TRN-6738F5F75A03D12F,U,pooled_joint_rl,rest_3954,1
REC-428F3ECF2122903C,TRN-839FA97F3B3ADFE7,U,pooled_joint_rl,rest_3954,1
REC-428F77D8F06EB053,TRN-693D78B0792F0948,U,pooled_joint_rl,rest_3954,1
REC-42A3D85E4055B6BF,TRN-BE9CEE3FA762BC3C,U,pooled_joint_rl,rest_3954,1
REC-42A490A776B3584E,TRN-0C7F14ECB4355B51,U,pooled_joint_rl,rest_3954,1
REC-42B1084BFD4987CB,TRN-B1816532B08D5311,U,pooled_joint_rl,rest_3954,1
REC-42C4FD09818C4AF6,TRN-088C071CC18DDC53,U,pooled_joint_rl,rest_3954,1
REC-42E64E501AF0C2EF,TRN-CBEB86B6BB2A5CA2,U,pooled_joint_rl,rest_3954,1
REC-42F79062E92980FF,TRN-F25C1D02DB5CA834,U,pooled_joint_rl,rest_3954,1
REC-42F89B1E69453B8C,TRN-DD71E208C8B881D2,U,pooled_joint_rl,rest_3954,1
REC-4303EA32A6E4ECD4,TRN-E278EB534195D681,U,pooled_joint_rl,rest_3954,1
REC-43091FAD453CFCB9,TRN-A17A33DA3922E3FA,U,pooled_joint_rl,rest_3954,1
REC-4310639F61CA9CE5,TRN-ECDDFD0227EAC6A0,U,pooled_joint_rl,rest_3954,1
REC-4312713AD321676D,TRN-A12F529DF97FC2DF,U,pooled_joint_rl,rest_3954,1
REC-43136C713EB6EC29,TRN-9DC44335E19A5B05,U,pooled_joint_rl,rest_3954,1
REC-431D6D090D5663FD,TRN-32BA3169657C0FB5,U,pooled_joint_rl,rest_3954,1
REC-43314ACD54EDA896,TRN-4E0604337F36C707,U,pooled_joint_rl,rest_3954,1
REC-433C30E85E0CB2C7,TRN-309BBCEC51C48953,U,pooled_joint_rl,rest_3954,1
REC-433D715980335DBC,TRN-6548BDF790BCC776,U,pooled_joint_rl,rest_3954,1
REC-4342027F30D552A3,TRN-6B75DCEC7687AF6F,U,pooled_joint_rl,rest_3954,1
REC-434CB32AD4651898,TRN-3ACC4989CEE6B4E9,U,pooled_joint_rl,rest_3954,1
REC-4350E9062935EB54,TRN-6A706B144B067094,U,pooled_joint_rl,rest_3954,1
REC-4351AFA266B62EF6,TRN-6B41D53F7BC992A0,U,pooled_joint_rl,rest_3954,1
REC-436D7E856B9B9245,TRN-0E421CEADE48AD10,U,pooled_joint_rl,rest_3954,1
REC-438A4D07962CF6A5,TRN-832B24EC1D9601D1,U,pooled_joint_rl,rest_3954,1
REC-439171917D578254,TRN-8C0AD1EEBF3FAE2A,U,pooled_joint_rl,rest_3954,1
REC-43938F88C793836B,TRN-2678D14E0163687B,U,pooled_joint_rl,rest_3954,1
REC-43A22DC4F6E11BD7,TRN-A697741D1B683C92,U,pooled_joint_rl,rest_3954,1
REC-43A6B0DF687E1EEF,TRN-844CC10BF195C73C,U,pooled_joint_rl,rest_3954,1
REC-43B84A0C59B6C96E,TRN-0DE229599EC0396D,U,pooled_joint_rl,rest_3954,1
REC-43C59DBC101C8A64,TRN-A1614BDC3C2BB4BA,U,pooled_joint_rl,rest_3954,1
REC-43C9513522C1C101,TRN-8889CE25B0240ACA,U,pooled_joint_rl,rest_3954,1
REC-43E25818A59FB804,TRN-49BC41E6A46BA699,U,pooled_joint_rl,rest_3954,1
REC-43E778B6610288F2,TRN-170237CF060EDD29,U,pooled_joint_rl,rest_3954,1
REC-43EC8EABDF617B03,TRN-9086DB2E0E9C235F,U,pooled_joint_rl,rest_3954,1
REC-43F47DB17AC5FA46,TRN-2DDE512CAAC6F5E2,U,pooled_joint_rl,rest_3954,1
REC-44002B138369C349,TRN-472677613FA52434,U,pooled_joint_rl,rest_3954,1
REC-44332068566C59DC,TRN-6F0873E09BE384CD,U,pooled_joint_rl,rest_3954,1
REC-443837AF1E006F88,TRN-2DD7CA232FF0280F,U,pooled_joint_rl,rest_3954,1
REC-443FEEF26D7CC865,TRN-25384FFA1F30DC1D,U,pooled_joint_rl,rest_3954,1
REC-44548DE2258F481E,TRN-2A1BA477550DDB42,U,pooled_joint_rl,rest_3954,1
REC-4454CAD371ADCEE9,TRN-AE03109ED5C49B19,U,pooled_joint_rl,rest_3954,1
REC-4464714DFB8ED190,TRN-38D3BF4275C042A2,U,pooled_joint_rl,rest_3954,1
REC-4473CB4C0A51749F,TRN-6CE977739F5B29BE,U,pooled_joint_rl,rest_3954,1
REC-44771C845D0BB357,TRN-EFE99837C1C01B8D,U,pooled_joint_rl,rest_3954,1
REC-4495DD9B57CD1351,TRN-B9D919092988A01D,U,pooled_joint_rl,rest_3954,1
REC-44BAFD139AD39CAC,TRN-BAEEE3225738C240,U,pooled_joint_rl,rest_3954,1
REC-44C04902B5B05B66,TRN-C589C059E9E44761,U,pooled_joint_rl,rest_3954,1
REC-44E196848E473252,TRN-ADBF20D4B81E611C,U,pooled_joint_rl,rest_3954,1
REC-44E4FE67B6746D00,TRN-3D03F692FEA612B5,U,pooled_joint_rl,rest_3954,1
REC-451C3E35C5B29AF0,TRN-A065DF6D5F8C042D,U,pooled_joint_rl,rest_3954,1
REC-451F774C07CC86F6,TRN-E15E94DB1AE0C4FB,U,pooled_joint_rl,rest_3954,1
REC-4559C7C163366038,TRN-3FBB7DEA26F57FD9,U,pooled_joint_rl,rest_3954,1
REC-4566352AD28DF635,TRN-4CACC7388FFBCF90,U,pooled_joint_rl,rest_3954,1
REC-45937797B5B57376,TRN-AE4EF936CE5C390A,U,pooled_joint_rl,rest_3954,1
REC-45BF68C5FBED601C,TRN-CBC7758911729597,U,pooled_joint_rl,rest_3954,1
REC-45DC76C44A530175,TRN-F9D65DA485D2A381,U,pooled_joint_rl,rest_3954,1
REC-45E24919B5D7D0F8,TRN-A6549ADE820864E2,U,pooled_joint_rl,rest_3954,1
REC-45E5105C0D74A94E,TRN-798B1FCC9D13F526,U,pooled_joint_rl,rest_3954,1
REC-45EAD4153DB65359,TRN-1C9D75C24448DEBA,U,pooled_joint_rl,rest_3954,1
REC-45F086DF2088FDEE,TRN-13905ECEBDEF8983,U,pooled_joint_rl,rest_3954,1
REC-45F9E580AF9478F0,TRN-E5382BBD79544A13,U,pooled_joint_rl,rest_3954,1
REC-4604ACEBE6FCD103,TRN-62A6685358BDDFA7,U,pooled_joint_rl,rest_3954,1
REC-460D516C4F3E9957,TRN-0B0A68C139ADCE63,U,pooled_joint_rl,rest_3954,1
REC-462287B6276A3D41,TRN-16C4EFE3916BEF67,U,pooled_joint_rl,rest_3954,1
REC-4623A9F42276BDFE,TRN-EA9A23B620663325,U,pooled_joint_rl,rest_3954,1
REC-4629F44ECEE1E4B2,TRN-0DED038E59EC20AB,U,pooled_joint_rl,rest_3954,1
REC-46482E6D2D3D287A,TRN-49F35DEA41D14AB5,U,pooled_joint_rl,rest_3954,1
REC-464D9684BCFF953C,TRN-59A56164BCD5CE36,U,pooled_joint_rl,rest_3954,1
REC-465D0579A50C80C9,TRN-E208C69DD6C2A16F,U,pooled_joint_rl,rest_3954,1
REC-4660B5954EEEF85E,TRN-A7DC571B75E75E15,U,pooled_joint_rl,rest_3954,1
REC-467191768A597042,TRN-CC52035F4EDDAFC5,U,pooled_joint_rl,rest_3954,1
REC-46790BE7874343EE,TRN-92EC1C0F0F522064,U,pooled_joint_rl,rest_3954,1
REC-467DA84E7E0E78BF,TRN-36AE8AB420E3D121,U,pooled_joint_rl,rest_3954,1
REC-46823717E4E28F4F,TRN-58E4C83F330A12EF,U,pooled_joint_rl,rest_3954,1
REC-468260C9EE725605,TRN-B8A29C7F0E444851,U,pooled_joint_rl,rest_3954,1
REC-4689CBA0B5E0D6EC,TRN-4CC485AD39DC4DE7,U,pooled_joint_rl,rest_3954,1
REC-469AD33D44BEE9D8,TRN-CD5CD72E0C4E54F9,U,pooled_joint_rl,rest_3954,1
REC-46B2F62BB8E837AC,TRN-EFAA7438B5511480,U,pooled_joint_rl,rest_3954,1
REC-46F4F245D3D1BF5C,TRN-80BDD8D275DF46FC,U,pooled_joint_rl,rest_3954,1
REC-46F9338E7C1586DD,TRN-E82B88AE2F50AEE0,U,pooled_joint_rl,rest_3954,1
REC-46FD99889FFF928C,TRN-EC051446E6C03DB0,U,pooled_joint_rl,rest_3954,1
REC-46FFFAAA59FF0FA3,TRN-E7AA3CCAC7BBBDCC,U,pooled_joint_rl,rest_3954,1
REC-4715C99585E4203D,TRN-16A144440D52B110,U,pooled_joint_rl,rest_3954,1
REC-472C448A534396A4,TRN-EE8628D798B1C891,U,pooled_joint_rl,rest_3954,1
REC-474A36582E3631E9,TRN-EA88A52A4E97DB32,U,pooled_joint_rl,rest_3954,1
REC-476A6608A5C01668,TRN-CE84131BED7AF33A,U,pooled_joint_rl,rest_3954,1
REC-476ADDDA14F08888,TRN-092B8A3FE691DC85,U,pooled_joint_rl,rest_3954,1
REC-479A3CB1EBBF8D4B,TRN-1ABEB894643DE672,U,pooled_joint_rl,rest_3954,1
REC-47A761CED553AED5,TRN-5439445323CB80C7,U,pooled_joint_rl,rest_3954,1
REC-47B84021C543938D,TRN-28BC179852AB926B,U,pooled_joint_rl,rest_3954,1
REC-47B9242A68D52ED3,TRN-853F6F626FD83811,U,pooled_joint_rl,rest_3954,1
REC-47C0EDCE2B0C8F05,TRN-2174D6BACA270AEA,U,pooled_joint_rl,rest_3954,1
REC-47C5896F60ADF56D,TRN-85003CE85D8524C9,U,pooled_joint_rl,rest_3954,1
REC-47D1393DAFBAB8D4,TRN-2BCFEA9FB8AA605B,U,pooled_joint_rl,rest_3954,1
REC-47D489C0C3153DD5,TRN-EA87848975A1E134,U,pooled_joint_rl,rest_3954,1
REC-47D89E3C6B7E0CF5,TRN-55BB5CDBDCFEB321,U,pooled_joint_rl,rest_3954,1
REC-47E8174DF3C46FCF,TRN-1EFDA1616394B258,U,pooled_joint_rl,rest_3954,1
REC-480DCBA4F673DB83,TRN-F39541B9961C1860,U,pooled_joint_rl,rest_3954,1
REC-48204AC869CAFF69,TRN-0404E2A961E3FE10,U,pooled_joint_rl,rest_3954,1
REC-48265B9B5E274813,TRN-74CFA9242F5DD1CB,U,pooled_joint_rl,rest_3954,1
REC-483150AB055FDA0A,TRN-2500823B22436038,U,pooled_joint_rl,rest_3954,1
REC-483A0E345E50FE40,TRN-518EB89A94D2E964,U,pooled_joint_rl,rest_3954,1
REC-483BF36266BA5BBD,TRN-396EB176FEA4FB74,U,pooled_joint_rl,rest_3954,1
REC-48429B32BE6F3CC9,TRN-973B1CBEA453F621,U,pooled_joint_rl,rest_3954,1
REC-4846D9C1C66B12D1,TRN-62B23DE353FC187A,U,pooled_joint_rl,rest_3954,1
REC-485F619DE4700768,TRN-172C77BC7C06E793,U,pooled_joint_rl,rest_3954,1
REC-489A7B2F7A5C78B6,TRN-4CE948AE745C8749,U,pooled_joint_rl,rest_3954,1
REC-489B6739B15D2119,TRN-D928CAA9187E336C,U,pooled_joint_rl,rest_3954,1
REC-48BD5756B8D625F2,TRN-6D6EE0FACC97BDBF,U,pooled_joint_rl,rest_3954,1
REC-48DD5125E4A71004,TRN-AB7129FAA4A40CA5,U,pooled_joint_rl,rest_3954,1
REC-48E48BCB6C49902C,TRN-2A3B960AC96E300D,U,pooled_joint_rl,rest_3954,1
REC-48E88A540791EFC4,TRN-5E85722499B5F1D8,U,pooled_joint_rl,rest_3954,1
REC-48F6C6495C37A022,TRN-32983D61DBCE0754,U,pooled_joint_rl,rest_3954,1
REC-490A32E3E60E3D92,TRN-CA6EB4E6C96C12A2,U,pooled_joint_rl,rest_3954,1
REC-491B3E2238D97C36,TRN-B53E015DB3271EA1,U,pooled_joint_rl,rest_3954,1
REC-491E72F6DCA01211,TRN-B81CCDC750C68083,U,pooled_joint_rl,rest_3954,1
REC-491F24F11D8C09AA,TRN-4C211DA4791DAA46,U,pooled_joint_rl,rest_3954,1
REC-492848D94CB24105,TRN-B1F6DCD25BC948D9,U,pooled_joint_rl,rest_3954,1
REC-492CF82D4CA35C38,TRN-CA09DDE601EFC156,U,pooled_joint_rl,rest_3954,1
REC-4934BCD524DBC4C1,TRN-7BDE05474C9F8B28,U,pooled_joint_rl,rest_3954,1
REC-4968C5F141427D32,TRN-94AD9E0FE820D012,U,pooled_joint_rl,rest_3954,1
REC-496EE008FE413C82,TRN-180AFA69D7F9778F,U,pooled_joint_rl,rest_3954,1
REC-497A01509C772123,TRN-39D0C51CCBA14BBD,U,pooled_joint_rl,rest_3954,1
REC-497ECD5B86FE382B,TRN-E746FF5FA457F6A5,U,pooled_joint_rl,rest_3954,1
REC-498DB2B153FF78F5,TRN-793B8DAFF7984441,U,pooled_joint_rl,rest_3954,1
REC-49903C41B83DFB49,TRN-E04BC52CA5F0C4FD,U,pooled_joint_rl,rest_3954,1
REC-499102C5F4801C6D,TRN-E7C4F99A2AF8AE06,U,pooled_joint_rl,rest_3954,1
REC-4992438125770162,TRN-204F1D2D9A062D87,U,pooled_joint_rl,rest_3954,1
REC-49965BC0C32472AA,TRN-E9335CD52176CD2A,U,pooled_joint_rl,rest_3954,1
REC-499F0B1E928F55E4,TRN-A53C41A25C73BC24,U,pooled_joint_rl,rest_3954,1
REC-49A51500DE0040EB,TRN-6C0A966092E26D7F,U,pooled_joint_rl,rest_3954,1
REC-49BA8639276ABD56,TRN-15633520C92005A6,U,pooled_joint_rl,rest_3954,1
REC-49BC93E874EB7EFA,TRN-A26A6AE22145EED3,U,pooled_joint_rl,rest_3954,1
REC-49E4A12F652A3974,TRN-3F99F887CA448796,U,pooled_joint_rl,rest_3954,1
REC-49FE7405366D1DFC,TRN-D21397E0828B9220,U,pooled_joint_rl,rest_3954,1
REC-4A04D4C3C1294B29,TRN-2D689D658937D5FB,U,pooled_joint_rl,rest_3954,1
REC-4A09508E88B1E360,TRN-D79D5F82AE0D73AA,U,pooled_joint_rl,rest_3954,1
REC-4A4F9EEC211AABAE,TRN-41BA9354D5A1D1E8,U,pooled_joint_rl,rest_3954,1
REC-4A56943CFA1395A0,TRN-3560DD3F8340FE2D,U,pooled_joint_rl,rest_3954,1
REC-4A6AD04ADE44D184,TRN-180F401D795BEA47,U,pooled_joint_rl,rest_3954,1
REC-4A6BBF715303EE35,TRN-243489E5F068A79B,U,pooled_joint_rl,rest_3954,1
REC-4A7C70BABDB926B4,TRN-F3BF856564FF92B2,U,pooled_joint_rl,rest_3954,1
REC-4A8373F566C10816,TRN-E690EE04DC107496,U,pooled_joint_rl,rest_3954,1
REC-4A90509F2F8E5DAC,TRN-D602D2939DA75C32,U,pooled_joint_rl,rest_3954,1
REC-4A940A296F852C5C,TRN-3F7EAF6E3AA60F10,U,pooled_joint_rl,rest_3954,1
REC-4AAFEF4AD1152F6C,TRN-FB7E68D1286C0B3D,U,pooled_joint_rl,rest_3954,1
REC-4AB586B428333BB7,TRN-313846867AF8F818,U,pooled_joint_rl,rest_3954,1
REC-4ABDC53C1A8A15C5,TRN-BCE73B0D426803DB,U,pooled_joint_rl,rest_3954,1
REC-4AC8169406A4E913,TRN-A0B81A2744C36127,U,pooled_joint_rl,rest_3954,1
REC-4ACD2E8CCB73F5EA,TRN-CC8D41D81861908B,U,pooled_joint_rl,rest_3954,1
REC-4AE6B20DB6FD179C,TRN-4568768F46F2BB5B,U,pooled_joint_rl,rest_3954,1
REC-4AE9A7A4A9E632E4,TRN-E8AA483D07C0B256,U,pooled_joint_rl,rest_3954,1
REC-4AF6D01E8A57F3C0,TRN-E998ACA73D672950,U,pooled_joint_rl,rest_3954,1
REC-4B0B74532B261DA7,TRN-EDEA7B39C690512F,U,pooled_joint_rl,rest_3954,1
REC-4B0CC3FA41C7FD19,TRN-0525DB791776D08A,U,pooled_joint_rl,rest_3954,1
REC-4B13C7ED3152E6D0,TRN-59F0FDC0BD3EBDD0,U,pooled_joint_rl,rest_3954,1
REC-4B4385B73BEFB987,TRN-4404DC3CCF33EC87,U,pooled_joint_rl,rest_3954,1
REC-4B46C42158D0C309,TRN-42E82D90ACBDB7A3,U,pooled_joint_rl,rest_3954,1
REC-4B532AE0FEBABC59,TRN-4BC8F1959E5A8411,U,pooled_joint_rl,rest_3954,1
REC-4B6C85F49078570D,TRN-8834EAF18690CB59,U,pooled_joint_rl,rest_3954,1
REC-4B8710ACE058D565,TRN-9867FF8CEC8D1687,U,pooled_joint_rl,rest_3954,1
REC-4BB8839A315E2B9B,TRN-E9D8BCF338746F14,U,pooled_joint_rl,rest_3954,1
REC-4BBF9D6065D86C4E,TRN-6F9E0FA06535CA0A,U,pooled_joint_rl,rest_3954,1
REC-4C017FED78F28D5B,TRN-2E10F7E2CB517EFB,U,pooled_joint_rl,rest_3954,1
REC-4C167D7C984745DB,TRN-603C076596561ADE,U,pooled_joint_rl,rest_3954,1
REC-4C25F8069FE1CF49,TRN-FE7BC1FA0F4A38B5,U,pooled_joint_rl,rest_3954,1
REC-4C28FD73CA6A166F,TRN-446EA7F42187B40D,U,pooled_joint_rl,rest_3954,1
REC-4C2DC48740E8A9C4,TRN-A40B0E52B2939C9D,U,pooled_joint_rl,rest_3954,1
REC-4C3086C661345570,TRN-950D39FE9598FA6E,U,pooled_joint_rl,rest_3954,1
REC-4C3C82D3164663AC,TRN-937364C054C9E690,U,pooled_joint_rl,rest_3954,1
REC-4C4F33AA3E429EB7,TRN-1F3482A8D5FD0193,U,pooled_joint_rl,rest_3954,1
REC-4C543A5EFA6930AE,TRN-75F96A7E2B0EAFF5,U,pooled_joint_rl,rest_3954,1
REC-4C7EBF55A0015BCF,TRN-5B5AEAC26687598D,U,pooled_joint_rl,rest_3954,1
REC-4C7F57C06818B8E8,TRN-F1D7E41CD3018D22,U,pooled_joint_rl,rest_3954,1
REC-4C89E4AFF6D1CE2A,TRN-0AD0FCC23FA7DFBE,U,pooled_joint_rl,rest_3954,1
REC-4CA8F465449FC892,TRN-16ADB88C579D006A,U,pooled_joint_rl,rest_3954,1
REC-4CD7F7FC66CF64EA,TRN-3084529B8223755F,U,pooled_joint_rl,rest_3954,1
REC-4CDC6EA45CC95CCF,TRN-E4DF1C96C1A19610,U,pooled_joint_rl,rest_3954,1
REC-4CEF6D6FA5083727,TRN-C2A902E1781A611B,U,pooled_joint_rl,rest_3954,1
REC-4D0E0EFBA647B78E,TRN-24C87FC9472DCB37,U,pooled_joint_rl,rest_3954,1
REC-4D2C0ACEEDB4E56F,TRN-C145B3101ED85944,U,pooled_joint_rl,rest_3954,1
REC-4D31971DF45AD746,TRN-C9B6946F93A7D7B7,U,pooled_joint_rl,rest_3954,1
REC-4D35A9553B914BB7,TRN-4A46945BC171B6C6,U,pooled_joint_rl,rest_3954,1
REC-4D3CAB1C12434204,TRN-D33CBA17E7E4AFD3,U,pooled_joint_rl,rest_3954,1
REC-4D76ED985BBE6B7C,TRN-CFEAEDB327FF1FD1,U,pooled_joint_rl,rest_3954,1
REC-4D82FD86D776B1AC,TRN-CC94A6D68F2AF982,U,pooled_joint_rl,rest_3954,1
REC-4D861966412445D7,TRN-D9B584C97800917F,U,pooled_joint_rl,rest_3954,1
REC-4DA536D6F91939AF,TRN-E2084C9B41B166FB,U,pooled_joint_rl,rest_3954,1
REC-4DA99D3E83E39F81,TRN-06EC2BFA49BDB548,U,pooled_joint_rl,rest_3954,1
REC-4DAE4654A7DA11CA,TRN-92DD62C10B391B7B,U,pooled_joint_rl,rest_3954,1
REC-4DC39D191B45B40B,TRN-1CEF4E1C1FE0E71D,U,pooled_joint_rl,rest_3954,1
REC-4DCC9F603E333306,TRN-40B13A9234686C34,U,pooled_joint_rl,rest_3954,1
REC-4DE2A639A7F011E7,TRN-5DF229C18115ED26,U,pooled_joint_rl,rest_3954,1
REC-4DECDF61FABFF214,TRN-90F00323BB4608AE,U,pooled_joint_rl,rest_3954,1
REC-4DEF36E686F639D9,TRN-275B9F8438879451,U,pooled_joint_rl,rest_3954,1
REC-4E165650AB951A8E,TRN-9F743A68F6809B6F,U,pooled_joint_rl,rest_3954,1
REC-4E1AC8B4D799CD67,TRN-EE91DFAB5B5D15F6,U,pooled_joint_rl,rest_3954,1
REC-4E2941BA5109BAEA,TRN-5EDABE515E85186A,U,pooled_joint_rl,rest_3954,1
REC-4E2FAF947C07A3CF,TRN-1C172F8993958CB7,U,pooled_joint_rl,rest_3954,1
REC-4E305C366EC734E5,TRN-3F4A3809E7687162,U,pooled_joint_rl,rest_3954,1
REC-4E3E44857F4E840A,TRN-A5D369AED5F892EE,U,pooled_joint_rl,rest_3954,1
REC-4E419E1B62992F92,TRN-073F431DF256600D,U,pooled_joint_rl,rest_3954,1
REC-4E52A3FECA0C7FAC,TRN-19973BA39B64F908,U,pooled_joint_rl,rest_3954,1
REC-4E7177C5AB038E05,TRN-F543C1790AC21B5C,U,pooled_joint_rl,rest_3954,1
REC-4E7FD4855BA56805,TRN-C8A48F272257744B,U,pooled_joint_rl,rest_3954,1
REC-4E87F205EC1B0B2C,TRN-28873A5EE13FB0FC,U,pooled_joint_rl,rest_3954,1
REC-4E88F497889255CA,TRN-771FA494BFB852EC,U,pooled_joint_rl,rest_3954,1
REC-4EA16358EC68F54D,TRN-6195D0965A63A61A,U,pooled_joint_rl,rest_3954,1
REC-4EA932ACBB6309F0,TRN-E95194D70A4C17B9,U,pooled_joint_rl,rest_3954,1
REC-4EAF676892F6C9BC,TRN-B684A73C582FBC41,U,pooled_joint_rl,rest_3954,1
REC-4EB59F2B4416E74E,TRN-EB4C35AB71C0CE6B,U,pooled_joint_rl,rest_3954,1
REC-4EB91443643A8994,TRN-08B583FC83A11C37,U,pooled_joint_rl,rest_3954,1
REC-4ECCBF6AFE7AC33E,TRN-798DD589C8F0158D,U,pooled_joint_rl,rest_3954,1
REC-4ECD99549BAB8737,TRN-BE9F8677B4EA9723,U,pooled_joint_rl,rest_3954,1
REC-4EDBF8F8DB7F4A03,TRN-09F8FCA53FFDA336,U,pooled_joint_rl,rest_3954,1
REC-4EF15384FDDD4488,TRN-D98675372A942786,U,pooled_joint_rl,rest_3954,1
REC-4F203F5C0E892D6C,TRN-D9B2C43FBB7BAEB2,U,pooled_joint_rl,rest_3954,1
REC-4F3347911D16A714,TRN-3634AE4FD15ABB62,U,pooled_joint_rl,rest_3954,1
REC-4F68F63D92A2E34E,TRN-6877CC83CA57A6B4,U,pooled_joint_rl,rest_3954,1
REC-4F781086E3112BAC,TRN-045FD767E6DD5CBF,U,pooled_joint_rl,rest_3954,1
REC-4F895241208AC11F,TRN-220491037D3C54B4,U,pooled_joint_rl,rest_3954,1
REC-4F8C9911C88C475C,TRN-5379307250D6EE50,U,pooled_joint_rl,rest_3954,1
REC-4F93787C80A1DE56,TRN-A6BD89C5374298A8,U,pooled_joint_rl,rest_3954,1
REC-4F9452F159FDB5DE,TRN-E2B9AA457CE2D472,U,pooled_joint_rl,rest_3954,1
REC-4FB6BA4CEBFDA474,TRN-952E207984883140,U,pooled_joint_rl,rest_3954,1
REC-4FCF48ED0413DE3E,TRN-93B6CBD16AA5A00F,U,pooled_joint_rl,rest_3954,1
REC-4FD5B8BC3672A73F,TRN-BC4DB4FC170BA9F4,U,pooled_joint_rl,rest_3954,1
REC-4FDD8FE51B6CE87A,TRN-463432F1AFFF42F0,U,pooled_joint_rl,rest_3954,1
REC-4FE91B8C80F95D8E,TRN-53870A1AF3994262,U,pooled_joint_rl,rest_3954,1
REC-4FFB785A31B84282,TRN-00800BAEE88B06B2,U,pooled_joint_rl,rest_3954,1
REC-500D03C2AD6D1B79,TRN-0FEDD6F2DC1CD7F7,U,pooled_joint_rl,rest_3954,1
REC-5012EE62B910020F,TRN-1C74CE4C257F3A51,U,pooled_joint_rl,rest_3954,1
REC-501B8AD7B79A730D,TRN-E1770AC61B0C7687,U,pooled_joint_rl,rest_3954,1
REC-501BB4681172FD83,TRN-E44969D8AC5159CE,U,pooled_joint_rl,rest_3954,1
REC-50300062A5C08A47,TRN-E2D819D533772F52,U,pooled_joint_rl,rest_3954,1
REC-5036EDABF85AC61A,TRN-8D339E5E771512D0,U,pooled_joint_rl,rest_3954,1
REC-504A963D7588B499,TRN-E86BCD2F3C671AA8,U,pooled_joint_rl,rest_3954,1
REC-505D9EADB0F13F77,TRN-989988BECF9D13E8,U,pooled_joint_rl,rest_3954,1
REC-507F40E8FB5C7228,TRN-4D5A4EBE1FD37850,U,pooled_joint_rl,rest_3954,1
REC-508238E0BCD4BDEF,TRN-A595CDC0E77CE639,U,pooled_joint_rl,rest_3954,1
REC-508512E3224F7AF3,TRN-C6AA7C92EC46655A,U,pooled_joint_rl,rest_3954,1
REC-508CF49DE7A218E3,TRN-214FFD6CBD279BA1,U,pooled_joint_rl,rest_3954,1
REC-5098EE85C57A4A3C,TRN-586CDDCE8A8CABD1,U,pooled_joint_rl,rest_3954,1
REC-50BC68BD67F049AB,TRN-D76F18287290D51C,U,pooled_joint_rl,rest_3954,1
REC-50D1DD48DF698442,TRN-20F482FA0EBB1880,U,pooled_joint_rl,rest_3954,1
REC-50D968175A8CD861,TRN-B89D8AF26A553A95,U,pooled_joint_rl,rest_3954,1
REC-50F0BAB1C31404F5,TRN-8619CB63EE758B52,U,pooled_joint_rl,rest_3954,1
REC-50FA5951EA5196C0,TRN-BEBE87DE488613CA,U,pooled_joint_rl,rest_3954,1
REC-50FCC6F1654D0368,TRN-1E1D8B5E821AB4EC,U,pooled_joint_rl,rest_3954,1
REC-510B264639F207C8,TRN-162457A0D131E7E9,U,pooled_joint_rl,rest_3954,1
REC-511265B630F8D4AC,TRN-0BDE84ECDBFC9EE9,U,pooled_joint_rl,rest_3954,1
REC-511816AAF2A7EF03,TRN-4E185887DD37D7D1,U,pooled_joint_rl,rest_3954,1
REC-51BDB6AB7B436F72,TRN-6B37E2B7B5DA44CC,U,pooled_joint_rl,rest_3954,1
REC-51C41EF5463E221E,TRN-D432EFB5EA4AC0D3,U,pooled_joint_rl,rest_3954,1
REC-51D0CA2C57FB22CD,TRN-15B5CAEB6AEC9F78,U,pooled_joint_rl,rest_3954,1
REC-520646401CBF63E2,TRN-E0E913F8E6142C9B,U,pooled_joint_rl,rest_3954,1
REC-52205662B36C7544,TRN-A58BED897C35E6EA,U,pooled_joint_rl,rest_3954,1
REC-52640989C2321F3C,TRN-5935E025C5B69FA0,U,pooled_joint_rl,rest_3954,1
REC-526CC60E26470C66,TRN-CA61422A51984D6B,U,pooled_joint_rl,rest_3954,1
REC-527FF22333ABBF77,TRN-2AF98C51D9C02D1F,U,pooled_joint_rl,rest_3954,1
REC-52B46B317DC27F5D,TRN-FDF9925CB0A09B46,U,pooled_joint_rl,rest_3954,1
REC-52BE08B1CF039E4B,TRN-59D7C4BEED29E2C8,U,pooled_joint_rl,rest_3954,1
REC-52CA94AF3DBF3BD5,TRN-0F27CE2C3DA9C02E,U,pooled_joint_rl,rest_3954,1
REC-52CD2AC15BF7785D,TRN-586A5BACBDC36991,U,pooled_joint_rl,rest_3954,1
REC-52EB95E96ECE48D0,TRN-81F5EECC03D4A750,U,pooled_joint_rl,rest_3954,1
REC-530418A5484B802D,TRN-D8F402B66B7AB8FD,U,pooled_joint_rl,rest_3954,1
REC-531042498FA41E26,TRN-42954DB60162C933,U,pooled_joint_rl,rest_3954,1
REC-531CB31D828BD883,TRN-6AC0D054F882F026,U,pooled_joint_rl,rest_3954,1
REC-53225D81BCBB2DBA,TRN-307210E448798CC1,U,pooled_joint_rl,rest_3954,1
REC-5346E5EC42A630B5,TRN-7CCA1E453DF24174,U,pooled_joint_rl,rest_3954,1
REC-538264CB4F7941F6,TRN-877AFD19E6BD046E,U,pooled_joint_rl,rest_3954,1
REC-5394F5E2A3E7AEAA,TRN-2E1DFD6D9191BE02,U,pooled_joint_rl,rest_3954,1
REC-53A46EDFBAF37EBF,TRN-8D66E5A3C5BD0001,U,pooled_joint_rl,rest_3954,1
REC-53A777CC90037A41,TRN-50A96EE594C526E3,U,pooled_joint_rl,rest_3954,1
REC-53C62519B63A801F,TRN-25D01C79FBDDE7FA,U,pooled_joint_rl,rest_3954,1
REC-53C71846E4729A94,TRN-17914492E5C56633,U,pooled_joint_rl,rest_3954,1
REC-541EB963C8518BAA,TRN-E57AF96741F330AC,U,pooled_joint_rl,rest_3954,1
REC-542EBD8CA3F9100D,TRN-D8C5A6C770D3B6DE,U,pooled_joint_rl,rest_3954,1
REC-543431C4D9C1CD67,TRN-7981535AFFDF68B0,U,pooled_joint_rl,rest_3954,1
REC-5442E03059F9FDDE,TRN-7B03A01C77CA447C,U,pooled_joint_rl,rest_3954,1
REC-5455FF2845215813,TRN-43CBAE159655C8DC,U,pooled_joint_rl,rest_3954,1
REC-5481789891752363,TRN-13CC5F8539CD2B66,U,pooled_joint_rl,rest_3954,1
REC-54B1F8D88826BF61,TRN-394760291BCEA0AE,U,pooled_joint_rl,rest_3954,1
REC-54B4913E5E6464CB,TRN-A140C10EEF6DF517,U,pooled_joint_rl,rest_3954,1
REC-54EE337669B550CD,TRN-C3A788150DAAA8A3,U,pooled_joint_rl,rest_3954,1
REC-54F70860F01984AF,TRN-7ADC4E1A988A667E,U,pooled_joint_rl,rest_3954,1
REC-54FC420FA0124FED,TRN-5FFC0E23D8FF99CE,U,pooled_joint_rl,rest_3954,1
REC-5509C636B25C161B,TRN-AA70A0463659C20F,U,pooled_joint_rl,rest_3954,1
REC-550ECFA1CFF5281F,TRN-8F35FF2DD5E7B97E,U,pooled_joint_rl,rest_3954,1
REC-551A4CF37AAF71D3,TRN-1AEDF16BD6CBC457,U,pooled_joint_rl,rest_3954,1
REC-5550C2B0D68F2423,TRN-0EA989948B9896AF,U,pooled_joint_rl,rest_3954,1
REC-5557293BE78AB616,TRN-5AD76475FE8A2853,U,pooled_joint_rl,rest_3954,1
REC-555EA53FB080EB94,TRN-277B707C897267B2,U,pooled_joint_rl,rest_3954,1
REC-5565459D2A43FA5D,TRN-2CEDD727E6A1756A,U,pooled_joint_rl,rest_3954,1
REC-558417CF431D937F,TRN-7B0309D970816424,U,pooled_joint_rl,rest_3954,1
REC-5590DB3FD886791A,TRN-51CBA48C2F34FA01,U,pooled_joint_rl,rest_3954,1
REC-559DC3D86FBF3CC5,TRN-E09BE91D731C5416,U,pooled_joint_rl,rest_3954,1
REC-55A84EA6BE00FE25,TRN-551090F6CFA9BE39,U,pooled_joint_rl,rest_3954,1
REC-55AC39115D11D2E9,TRN-4EEC59E496E579C0,U,pooled_joint_rl,rest_3954,1
REC-55C850E667D664D0,TRN-9FA2F787D53ABFAD,U,pooled_joint_rl,rest_3954,1
REC-55CE7F5868C00CC7,TRN-E4F72031F5237311,U,pooled_joint_rl,rest_3954,1
REC-55E2591B3B184A61,TRN-8A5C600078100D27,U,pooled_joint_rl,rest_3954,1
REC-55EAEFE59A343787,TRN-DEA2A11C737BC65E,U,pooled_joint_rl,rest_3954,1
REC-55ED1AD79B442A2F,TRN-5F948979FF418072,U,pooled_joint_rl,rest_3954,1
REC-55F6882FA677404B,TRN-8F123089D07D031C,U,pooled_joint_rl,rest_3954,1
REC-561C38EE575F44EA,TRN-587118B8BACF5F23,U,pooled_joint_rl,rest_3954,1
REC-561F152B7B857DC9,TRN-7CE4EE9828279ADB,U,pooled_joint_rl,rest_3954,1
REC-56262C36023A1862,TRN-025B51A234F71AD1,U,pooled_joint_rl,rest_3954,1
REC-56264D0C7586C6C1,TRN-E81D38F0B07A06B8,U,pooled_joint_rl,rest_3954,1
REC-562CD50E7005A4F7,TRN-AEE27BFA335215D4,U,pooled_joint_rl,rest_3954,1
REC-562FF63809833E4D,TRN-5684CADB1DBFE1F5,U,pooled_joint_rl,rest_3954,1
REC-56396A83AB14469E,TRN-0CAAC06ACC3E6D24,U,pooled_joint_rl,rest_3954,1
REC-5658AB4B241F1F05,TRN-A33AF7C9F0DD500B,U,pooled_joint_rl,rest_3954,1
REC-565C9EDDDFFF4E3A,TRN-B31E601AB8EBC88D,U,pooled_joint_rl,rest_3954,1
REC-565FB629256953AD,TRN-2180424539A73FA4,U,pooled_joint_rl,rest_3954,1
REC-568041C2244A1E65,TRN-E7DF580D0C551A70,U,pooled_joint_rl,rest_3954,1
REC-569C831ABAB9FA5E,TRN-4EBFF77006F923E5,U,pooled_joint_rl,rest_3954,1
REC-56A5D03073077552,TRN-9C987FB4536CC2ED,U,pooled_joint_rl,rest_3954,1
REC-56C7CDDD8B835C75,TRN-BE1230B47CEED8AE,U,pooled_joint_rl,rest_3954,1
REC-56D21ABB0AC11100,TRN-C33DCB0579B0E731,U,pooled_joint_rl,rest_3954,1
REC-56D622D475B58953,TRN-B7846C1D7B1750C4,U,pooled_joint_rl,rest_3954,1
REC-56DD90A457E93C66,TRN-29BD127DBC4293CF,U,pooled_joint_rl,rest_3954,1
REC-56DFCEE3F86680E7,TRN-FE43FE3B827DDCEE,U,pooled_joint_rl,rest_3954,1
REC-56E667C2A0FCAAC6,TRN-BE21CB6E530993E3,U,pooled_joint_rl,rest_3954,1
REC-56E9D6D881BD1E33,TRN-53B548CE9FBEAA9E,U,pooled_joint_rl,rest_3954,1
REC-56F766408BCF5C17,TRN-7E496EE8917970AD,U,pooled_joint_rl,rest_3954,1
REC-5716C663BD7456ED,TRN-021F0D9CCD116BA9,U,pooled_joint_rl,rest_3954,1
REC-571D8A9C039B686B,TRN-AE08A28E5373DC41,U,pooled_joint_rl,rest_3954,1
REC-5723003F5A2C85B0,TRN-7C25762C73B0F51B,U,pooled_joint_rl,rest_3954,1
REC-572E1C82382E12C2,TRN-A31997AA2D01DEE8,U,pooled_joint_rl,rest_3954,1
REC-575CAD8755417410,TRN-E42ACD4DE8E81938,U,pooled_joint_rl,rest_3954,1
REC-5767CEAE3AA6E207,TRN-7658277F13A2BD1E,U,pooled_joint_rl,rest_3954,1
REC-57683E026393B5EC,TRN-0F41F5E400E2ED93,U,pooled_joint_rl,rest_3954,1
REC-577FD7CB22A55449,TRN-382F1CA093C3E6B3,U,pooled_joint_rl,rest_3954,1
REC-5784DEC18D22B147,TRN-45CA1F50410B1A33,U,pooled_joint_rl,rest_3954,1
REC-5787A46E663F0A53,TRN-A03C2E390BA171D7,U,pooled_joint_rl,rest_3954,1
REC-578ABED5BE5FC5D4,TRN-18B01E7B0386BDAA,U,pooled_joint_rl,rest_3954,1
REC-578DBBAAE850FA17,TRN-3E32C61922DF9867,U,pooled_joint_rl,rest_3954,1
REC-579A3AB73D33026B,TRN-FAA7CBE51272A9E2,U,pooled_joint_rl,rest_3954,1
REC-57AE77BAF2580D9A,TRN-9693BD2CE7DF5525,U,pooled_joint_rl,rest_3954,1
REC-57AF519CFC6BDB96,TRN-0B73E471AF790827,U,pooled_joint_rl,rest_3954,1
REC-57B16714B4D7ADBC,TRN-09B5412352E67672,U,pooled_joint_rl,rest_3954,1
REC-57CEEB2832CAB57C,TRN-A35CE8858BD15954,U,pooled_joint_rl,rest_3954,1
REC-57DFB604FC580BB8,TRN-1624F038D5DD9ACF,U,pooled_joint_rl,rest_3954,1
REC-57E7455D24B6DC69,TRN-93AAB321DC3A6EF2,U,pooled_joint_rl,rest_3954,1
REC-57EEAEC66A280FB8,TRN-35E5DFDA627EA6BE,U,pooled_joint_rl,rest_3954,1
REC-57FB3BA53D25C936,TRN-2C33460A1031A7EC,U,pooled_joint_rl,rest_3954,1
REC-5833FB3301B799F5,TRN-48F61B9C34B0D9E1,U,pooled_joint_rl,rest_3954,1
REC-5835E18D46363DD8,TRN-5F0AB9C5676D99E7,U,pooled_joint_rl,rest_3954,1
REC-586D038B7A6DC648,TRN-8C9CA45609F69571,U,pooled_joint_rl,rest_3954,1
REC-5872BA16B676571A,TRN-1D78F3B9C7FCD6B8,U,pooled_joint_rl,rest_3954,1
REC-58780D641D48E4AC,TRN-5AA5EA324421796F,U,pooled_joint_rl,rest_3954,1
REC-588C02D9C52E6E09,TRN-3C4290AE3B607304,U,pooled_joint_rl,rest_3954,1
REC-58A03E33828DE4D7,TRN-95F54A1BD673E8B7,U,pooled_joint_rl,rest_3954,1
REC-58A4D97F48F83963,TRN-A19266E5AA801C96,U,pooled_joint_rl,rest_3954,1
REC-58D2BB10212F1F5F,TRN-26CC7A7B613DB12A,U,pooled_joint_rl,rest_3954,1
REC-58FA550F32514D9D,TRN-E28AB4712E2A3F30,U,pooled_joint_rl,rest_3954,1
REC-58FBB74086F5A3EB,TRN-8D51F78761EBB57E,U,pooled_joint_rl,rest_3954,1
REC-5907EB8E0ACABA47,TRN-E3A6C320A4CF7A5A,U,pooled_joint_rl,rest_3954,1
REC-5920BCCB6B6D2370,TRN-CE70E8A37629F800,U,pooled_joint_rl,rest_3954,1
REC-592A1F45F8CEC2B3,TRN-7381B7226B114943,U,pooled_joint_rl,rest_3954,1
REC-595DC063AB9A12FC,TRN-6BACAE4735CE2A57,U,pooled_joint_rl,rest_3954,1
REC-596BF6EBDE2BC3EF,TRN-9DAD3800E2E51E42,U,pooled_joint_rl,rest_3954,1
REC-596F468F3EA854BA,TRN-E786283981471C9F,U,pooled_joint_rl,rest_3954,1
REC-5993DDF0567DF4F5,TRN-469B4DB782EC356F,U,pooled_joint_rl,rest_3954,1
REC-59A1822D43032543,TRN-0AED5844E8BDDD54,U,pooled_joint_rl,rest_3954,1
REC-59A8A02B7E3CA6F7,TRN-4C4B3C7BA9EDA3AE,U,pooled_joint_rl,rest_3954,1
REC-59AF95C48BB408C5,TRN-80BCC076DC6E9975,U,pooled_joint_rl,rest_3954,1
REC-59DC2DEA332AFD61,TRN-AF1D3498F1848A72,U,pooled_joint_rl,rest_3954,1
REC-59DE15C9B64FA498,TRN-22B65884FCF867A5,U,pooled_joint_rl,rest_3954,1
REC-59F5572D3F92F889,TRN-AF6DF619E1CB0A14,U,pooled_joint_rl,rest_3954,1
REC-5A068F75BF98DD1C,TRN-1A968524568BA6B7,U,pooled_joint_rl,rest_3954,1
REC-5A08B2D434FFAA9E,TRN-94268F2AB8F11701,U,pooled_joint_rl,rest_3954,1
REC-5A32B5CE2982E51A,TRN-EBE7A7A0891D7C84,U,pooled_joint_rl,rest_3954,1
REC-5A3EA8158E25E8A0,TRN-A7BB0B54CD143D84,U,pooled_joint_rl,rest_3954,1
REC-5A4491A94EE56BA2,TRN-633960859A3D92A8,U,pooled_joint_rl,rest_3954,1
REC-5A501EF81E12DA02,TRN-EFD5E35ADF8F02BF,U,pooled_joint_rl,rest_3954,1
REC-5A773532C53DB8C7,TRN-7F4422A55D07FDD7,U,pooled_joint_rl,rest_3954,1
REC-5A88A330B076F32B,TRN-1AB97A22CD10AB84,U,pooled_joint_rl,rest_3954,1
REC-5AA8ED72C3B480E4,TRN-76F3AD63212D87BD,U,pooled_joint_rl,rest_3954,1
REC-5AB1C4E4ABB7DDAF,TRN-9577920538524D7C,U,pooled_joint_rl,rest_3954,1
REC-5AB26A844FDC391D,TRN-7CD8F1B02F371E90,U,pooled_joint_rl,rest_3954,1
REC-5AE0B82E35C91B43,TRN-D5D1EAAED77E774C,U,pooled_joint_rl,rest_3954,1
REC-5AEB923661CE6E2E,TRN-2E13B84A4B9EC751,U,pooled_joint_rl,rest_3954,1
REC-5AF2FD0D095F5F2E,TRN-5401EA3FC36EA1EF,U,pooled_joint_rl,rest_3954,1
REC-5AF5AA00E569CA4B,TRN-3CB4126BAF87901F,U,pooled_joint_rl,rest_3954,1
REC-5AF84EE181AC5260,TRN-0B3C5E7BB4A088AE,U,pooled_joint_rl,rest_3954,1
REC-5B1C997EC1335484,TRN-C291A77941E8DECD,U,pooled_joint_rl,rest_3954,1
REC-5B31CDA02E124402,TRN-AA802B9E2972C128,U,pooled_joint_rl,rest_3954,1
REC-5B447BF2ADCB3184,TRN-76B55ED88B2DFDDD,U,pooled_joint_rl,rest_3954,1
REC-5B5242C37BC06E83,TRN-A09E077F248B776D,U,pooled_joint_rl,rest_3954,1
REC-5B539CEAB6A99138,TRN-BCCA429F1FFD3160,U,pooled_joint_rl,rest_3954,1
REC-5B6525B1585FD8BC,TRN-D84BD16F472405FC,U,pooled_joint_rl,rest_3954,1
REC-5B668C0EFFDD7C6D,TRN-0F9550BA3F9D2EFC,U,pooled_joint_rl,rest_3954,1
REC-5B785925229AF4AA,TRN-1EF3ECA5105E6006,U,pooled_joint_rl,rest_3954,1
REC-5B8353B50F1B8CBC,TRN-19A5720479BDA8B0,U,pooled_joint_rl,rest_3954,1
REC-5B8A49BF74EBCB41,TRN-C71B750360A6EFAE,U,pooled_joint_rl,rest_3954,1
REC-5B8D1823ECE384BB,TRN-A4650C13D7E2B86B,U,pooled_joint_rl,rest_3954,1
REC-5BACBAC79FA361AA,TRN-7FFF3D3FCCED158C,U,pooled_joint_rl,rest_3954,1
REC-5BB88D10612B6BD0,TRN-A86475ADE28BC96A,U,pooled_joint_rl,rest_3954,1
REC-5BC0057501F76DFF,TRN-7529CE320DA160A1,U,pooled_joint_rl,rest_3954,1
REC-5BD4DB1BD12F5E2F,TRN-21F28B6AD045F29F,U,pooled_joint_rl,rest_3954,1
REC-5BDDF8ED783535FD,TRN-F99BB71B3FC58512,U,pooled_joint_rl,rest_3954,1
REC-5BEE2DC50DF7DA89,TRN-BF4A65108004EBE4,U,pooled_joint_rl,rest_3954,1
REC-5BF70A847676668F,TRN-2BA04FE79758CDCE,U,pooled_joint_rl,rest_3954,1
REC-5C0931F96ABC241D,TRN-07F9B6E7F7F67704,U,pooled_joint_rl,rest_3954,1
REC-5C27ABB6A586BEE7,TRN-3A6F4B6BF3D6E6A9,U,pooled_joint_rl,rest_3954,1
REC-5C32DE21FF911F13,TRN-E838C5C8FFFDBDCB,U,pooled_joint_rl,rest_3954,1
REC-5C4AB45288E95D04,TRN-583277E352BC676E,U,pooled_joint_rl,rest_3954,1
REC-5C5457C2875A773E,TRN-B03F050E628749DB,U,pooled_joint_rl,rest_3954,1
REC-5C5B1CC36DB1C7EE,TRN-72931D35A7A780C5,U,pooled_joint_rl,rest_3954,1
REC-5C5F5100520A4785,TRN-27631EBC7F7A4D82,U,pooled_joint_rl,rest_3954,1
REC-5C667240B3282504,TRN-35EFCB2704B7D954,U,pooled_joint_rl,rest_3954,1
REC-5C707692409F7201,TRN-A0D6FAB986B8FFA9,U,pooled_joint_rl,rest_3954,1
REC-5C8BFEF10E743F73,TRN-0C90259EAB56E0A7,U,pooled_joint_rl,rest_3954,1
REC-5CA9828FE50EB9CD,TRN-A7C6EF8F338F43D5,U,pooled_joint_rl,rest_3954,1
REC-5CD9421D66EFEFE5,TRN-5D0948670547C2D3,U,pooled_joint_rl,rest_3954,1
REC-5CE83CCBF05C4B52,TRN-168F9E21FEE85B30,U,pooled_joint_rl,rest_3954,1
REC-5CFAC03E7BADFD54,TRN-73C5D00814EEAB7B,U,pooled_joint_rl,rest_3954,1
REC-5D0518D7A572199B,TRN-14B275E9ECB05C92,U,pooled_joint_rl,rest_3954,1
REC-5D11B83DCF2AB2BE,TRN-65F1C53581B2592D,U,pooled_joint_rl,rest_3954,1
REC-5D1A5C88738B005C,TRN-C56CBBC6F8A22106,U,pooled_joint_rl,rest_3954,1
REC-5D1E34B1FF34F16B,TRN-0729BE280172BBFD,U,pooled_joint_rl,rest_3954,1
REC-5D2169600395F3D5,TRN-518F46DF9B61566C,U,pooled_joint_rl,rest_3954,1
REC-5D2BEDF7CFB58CC9,TRN-AD6D3116AA6ED9DD,U,pooled_joint_rl,rest_3954,1
REC-5D2F7EA4D515BC10,TRN-7222CEA9F015720C,U,pooled_joint_rl,rest_3954,1
REC-5D4F3011A78A03C8,TRN-423F8F75230AA405,U,pooled_joint_rl,rest_3954,1
REC-5D5173E950923EB9,TRN-BA28665E08FF69B2,U,pooled_joint_rl,rest_3954,1
REC-5D55370BA3779915,TRN-03619D6C4A5E47AD,U,pooled_joint_rl,rest_3954,1
REC-5D5E4B999F2A4DDD,TRN-A95D71B08519E3FF,U,pooled_joint_rl,rest_3954,1
REC-5D7DFECA72CA9CC9,TRN-EA9333ADB4FA7A68,U,pooled_joint_rl,rest_3954,1
REC-5D9F799BA033E25E,TRN-9550F2F04A221F3D,U,pooled_joint_rl,rest_3954,1
REC-5DA64DBB10C0510B,TRN-0D26AE0AF3B6C9CC,U,pooled_joint_rl,rest_3954,1
REC-5DC16FD9DB8E6E0A,TRN-22C60E48D07E0B70,U,pooled_joint_rl,rest_3954,1
REC-5DC7F6F94F6D7B7D,TRN-673F2F092EAB6FB2,U,pooled_joint_rl,rest_3954,1
REC-5DF57259EC99BD5F,TRN-A7174528B1F236F1,U,pooled_joint_rl,rest_3954,1
REC-5DFD21BE7D7A667A,TRN-5742649BC23FEA3C,U,pooled_joint_rl,rest_3954,1
REC-5E1ECE450FA40B5E,TRN-D1B0C4839253EF97,U,pooled_joint_rl,rest_3954,1
REC-5E31B4E9FEF39C82,TRN-26DBAA0C87465B7A,U,pooled_joint_rl,rest_3954,1
REC-5E42D718E97BD727,TRN-32349DBB16BC4CF7,U,pooled_joint_rl,rest_3954,1
REC-5E48C162D6920819,TRN-42ED100AAF122213,U,pooled_joint_rl,rest_3954,1
REC-5E5A6712E120B4F1,TRN-2B6E01C9E8853DC2,U,pooled_joint_rl,rest_3954,1
REC-5E5C3963868B9290,TRN-EB84BB1BDC4CB7E7,U,pooled_joint_rl,rest_3954,1
REC-5E5E589EB79B5203,TRN-58FAA657683E0D07,U,pooled_joint_rl,rest_3954,1
REC-5E8CB44AC0A6F06C,TRN-D13734DA56331A9F,U,pooled_joint_rl,rest_3954,1
REC-5E94F97C9C21B33B,TRN-12338DAF2CBF6B15,U,pooled_joint_rl,rest_3954,1
REC-5E96D73A97E237AF,TRN-014CB7EECDAABFB2,U,pooled_joint_rl,rest_3954,1
REC-5EA2EAFAEFA1F527,TRN-3D8F3D8100C1601E,U,pooled_joint_rl,rest_3954,1
REC-5EAE80A1B7F90504,TRN-3FF8B8FC2C489AC5,U,pooled_joint_rl,rest_3954,1
REC-5EAF4345C9372D53,TRN-89FE7F2EB5C555AF,U,pooled_joint_rl,rest_3954,1
REC-5ECD65D1513A15E1,TRN-A4AC0DC2BA97849D,U,pooled_joint_rl,rest_3954,1
REC-5ED98046628C2247,TRN-897EDFC8314BB843,U,pooled_joint_rl,rest_3954,1
REC-5EF1A7DDB220D017,TRN-85CFCDCD88E1B923,U,pooled_joint_rl,rest_3954,1
REC-5EF7DBF95C9B85E7,TRN-1330B9723A950083,U,pooled_joint_rl,rest_3954,1
REC-5F071E1DD2ACC35C,TRN-4DC2111DAAA2A6D8,U,pooled_joint_rl,rest_3954,1
REC-5F25A26B43E78878,TRN-B6A9DF363271EE0C,U,pooled_joint_rl,rest_3954,1
REC-5F3D801133623AFC,TRN-85FAAA4289302BF0,U,pooled_joint_rl,rest_3954,1
REC-5F5E01604F40090D,TRN-F449DDA24CE90EEC,U,pooled_joint_rl,rest_3954,1
REC-5F66C2CF6D4B7F52,TRN-4B704B93A55BCB1A,U,pooled_joint_rl,rest_3954,1
REC-5F7F57AB7E9D0BFC,TRN-CA3AAC191BB157BE,U,pooled_joint_rl,rest_3954,1
REC-5F8394224DF5A50C,TRN-F05EEB970A2B09C2,U,pooled_joint_rl,rest_3954,1
REC-5F8E978AB2EC0E74,TRN-D2A7F0DEBB29A13C,U,pooled_joint_rl,rest_3954,1
REC-5FA20087F1F8E0A2,TRN-F2AB996479D232BD,U,pooled_joint_rl,rest_3954,1
REC-5FB8F11E6909022A,TRN-F29516264E038E7C,U,pooled_joint_rl,rest_3954,1
REC-5FBF7C497AEFAEB4,TRN-30D15CA9BCC7B2B0,U,pooled_joint_rl,rest_3954,1
REC-5FCC4E1292482760,TRN-766F8EEE09F78576,U,pooled_joint_rl,rest_3954,1
REC-5FDEDC9D8FAD38BB,TRN-F33C8750517AC651,U,pooled_joint_rl,rest_3954,1
REC-5FEEC6588FE88FDB,TRN-64857216E63879CB,U,pooled_joint_rl,rest_3954,1
REC-5FEF716A7D574D6F,TRN-8C1423CD6EDB2BD6,U,pooled_joint_rl,rest_3954,1
REC-601D4A19F5192EBA,TRN-C2E877C5F1DBF32E,U,pooled_joint_rl,rest_3954,1
REC-6028187832F013EB,TRN-87A8F8952289C84D,U,pooled_joint_rl,rest_3954,1
REC-602EA3F09AD73454,TRN-A23415F300CA60CA,U,pooled_joint_rl,rest_3954,1
REC-6068786D98402F5C,TRN-85331C1A5C68EF44,U,pooled_joint_rl,rest_3954,1
REC-607431798B1F5190,TRN-CB8E0168A7E2D967,U,pooled_joint_rl,rest_3954,1
REC-608F30E295453713,TRN-964BEE00E3E172E1,U,pooled_joint_rl,rest_3954,1
REC-609D9A7EF4486D3E,TRN-C7D7784096564C82,U,pooled_joint_rl,rest_3954,1
REC-60B079A9BA5987B2,TRN-972D324CB8189F95,U,pooled_joint_rl,rest_3954,1
REC-60B823A0DFB93A47,TRN-388B9ACBE21556D6,U,pooled_joint_rl,rest_3954,1
REC-60C5FFF4F30DBF94,TRN-CD43B8E5FBDCEADB,U,pooled_joint_rl,rest_3954,1
REC-60CC2285252C1D51,TRN-A39194805D81790A,U,pooled_joint_rl,rest_3954,1
REC-610C02448FBE7456,TRN-DE40412223872593,U,pooled_joint_rl,rest_3954,1
REC-611FF967187183C8,TRN-F246A7F317E88C04,U,pooled_joint_rl,rest_3954,1
REC-61501FE0D6F9B788,TRN-8BD144F317593C02,U,pooled_joint_rl,rest_3954,1
REC-61640F8893A7946D,TRN-EE9B810A5D591C02,U,pooled_joint_rl,rest_3954,1
REC-61A7B95B113CE953,TRN-6FEE6720CFFA42A5,U,pooled_joint_rl,rest_3954,1
REC-61AA86FE9B2A4231,TRN-CBAF2338830BAB86,U,pooled_joint_rl,rest_3954,1
REC-61AB37DE8B1ADDD7,TRN-F20D71E3AF54E5AA,U,pooled_joint_rl,rest_3954,1
REC-61CC44165147B43A,TRN-86EFFCD6C6BC01B9,U,pooled_joint_rl,rest_3954,1
REC-61D5CF1CCC401D21,TRN-CCC5F8D77B1C35DE,U,pooled_joint_rl,rest_3954,1
REC-61E618EE3DF7F12D,TRN-A985D856DC3B5F7A,U,pooled_joint_rl,rest_3954,1
REC-6203058378715E63,TRN-D1FA776E1F0E5845,U,pooled_joint_rl,rest_3954,1
REC-622BB7D656B4734C,TRN-7DCAD3CBDE592873,U,pooled_joint_rl,rest_3954,1
REC-62526993BDE9FE07,TRN-7248B547CE088034,U,pooled_joint_rl,rest_3954,1
REC-62596C6E6C1B7E70,TRN-16F361300C0DB0A1,U,pooled_joint_rl,rest_3954,1
REC-625BC1D8119F046F,TRN-5FB453F1D0AE56A5,U,pooled_joint_rl,rest_3954,1
REC-6262BA826F03FE56,TRN-6E50F31EFAB901E7,U,pooled_joint_rl,rest_3954,1
REC-6272B79BC26800D5,TRN-1C9F5D6935469F65,U,pooled_joint_rl,rest_3954,1
REC-62768EA890E9C67B,TRN-E14B5C698A0B4DC3,U,pooled_joint_rl,rest_3954,1
REC-6283AC3AB34FE7FC,TRN-C5DCCFFA875E548A,U,pooled_joint_rl,rest_3954,1
REC-6290A3032866EC31,TRN-8B6DF8868B85F5D8,U,pooled_joint_rl,rest_3954,1
REC-629A948BBE1B3461,TRN-8ECB3FB9A292CBA0,U,pooled_joint_rl,rest_3954,1
REC-629F24EEDB9B4652,TRN-6569A1A5C120B996,U,pooled_joint_rl,rest_3954,1
REC-62A57128295C51C0,TRN-C71D2E39ECAD2F47,U,pooled_joint_rl,rest_3954,1
REC-62C56718BE4F29FF,TRN-D911E8C1486A55CD,U,pooled_joint_rl,rest_3954,1
REC-62CFCE5133E3FE28,TRN-AEDD4978A60C040E,U,pooled_joint_rl,rest_3954,1
REC-62F1E388ACE51CBD,TRN-0AC1F2F73E29C6A1,U,pooled_joint_rl,rest_3954,1
REC-62FA1C9A16D938EB,TRN-99982F1A56DEF04E,U,pooled_joint_rl,rest_3954,1
REC-63108B3DFEA401DA,TRN-7EBEDF7DCE797DFA,U,pooled_joint_rl,rest_3954,1
REC-633037CEED5C4906,TRN-D3E31C01356208B3,U,pooled_joint_rl,rest_3954,1
REC-633E3B11DA6A6558,TRN-3258F98BE72D5066,U,pooled_joint_rl,rest_3954,1
REC-63484B4A9BC95974,TRN-DF06B4B2739B1FEA,U,pooled_joint_rl,rest_3954,1
REC-6353F80CAA282594,TRN-AB1F1545407D98B9,U,pooled_joint_rl,rest_3954,1
REC-637BEDDCD4CE2964,TRN-0ABF5246D29AB022,U,pooled_joint_rl,rest_3954,1
REC-637C00F7E81E4592,TRN-926BE28080DE0C9B,U,pooled_joint_rl,rest_3954,1
REC-63B383D96AFD81AB,TRN-A237F7D3F49EB91B,U,pooled_joint_rl,rest_3954,1
REC-63E264477AF8C5D7,TRN-8A925974C3BFB7EF,U,pooled_joint_rl,rest_3954,1
REC-63E8A26181A48909,TRN-6E761D892AE02E5E,U,pooled_joint_rl,rest_3954,1
REC-643E8909F361C266,TRN-3365B70EDE3D1E0F,U,pooled_joint_rl,rest_3954,1
REC-643F09939C3377AF,TRN-EE7CBA09F6E00682,U,pooled_joint_rl,rest_3954,1
REC-643F1896ECE0426C,TRN-51D59EDD670495D3,U,pooled_joint_rl,rest_3954,1
REC-644491CDB2B0A0D9,TRN-6E0E2E2A876D790B,U,pooled_joint_rl,rest_3954,1
REC-6449ED85E2EFCF9C,TRN-39E79C7988AEA538,U,pooled_joint_rl,rest_3954,1
REC-6469E4EEDA961434,TRN-6FC0B9F7BEB9C7FA,U,pooled_joint_rl,rest_3954,1
REC-649859DA4694F591,TRN-344EB8D8EA9D2E1F,U,pooled_joint_rl,rest_3954,1
REC-64A238CDBB6DEC82,TRN-A5873A52083E7371,U,pooled_joint_rl,rest_3954,1
REC-64A7B2C752F501A8,TRN-B43A8767878CE7C8,U,pooled_joint_rl,rest_3954,1
REC-64CA25D27DAFC362,TRN-726BD07BE7C9FDA5,U,pooled_joint_rl,rest_3954,1
REC-64DCE6CCCDBA9AF6,TRN-ABB248D1576ABB5F,U,pooled_joint_rl,rest_3954,1
REC-64DF4DF3F16FE509,TRN-43A66320C8F26129,U,pooled_joint_rl,rest_3954,1
REC-6501C0FCE407D179,TRN-FD84A9AD72FB3965,U,pooled_joint_rl,rest_3954,1
REC-650F63D7EC08C4C4,TRN-295B860BFEBC9BF8,U,pooled_joint_rl,rest_3954,1
REC-651D8BE5BA515296,TRN-A81A77719CDA2F36,U,pooled_joint_rl,rest_3954,1
REC-65258B95B79ECBC9,TRN-1BD1298751F76662,U,pooled_joint_rl,rest_3954,1
REC-653DE8FCC0FC9D20,TRN-518B519E53C177D1,U,pooled_joint_rl,rest_3954,1
REC-654E7BBA4D02EC11,TRN-9DFC30F5AE396E60,U,pooled_joint_rl,rest_3954,1
REC-656BB82606A88E16,TRN-961FD8D571F9BB58,U,pooled_joint_rl,rest_3954,1
REC-6599B17B2F55ACB2,TRN-BFB395706EEE3CAF,U,pooled_joint_rl,rest_3954,1
REC-65B11B89E4BA5808,TRN-295970F0CAA584F0,U,pooled_joint_rl,rest_3954,1
REC-65BF4CEE8662A467,TRN-23C4C9EE307962C8,U,pooled_joint_rl,rest_3954,1
REC-65C3E260F7D1EC4F,TRN-10DB776DB4A4EFCE,U,pooled_joint_rl,rest_3954,1
REC-65D7AEA756E386BA,TRN-8976C2787C0542C9,U,pooled_joint_rl,rest_3954,1
REC-65DE48EE6474FDBF,TRN-A4835025B9307DC4,U,pooled_joint_rl,rest_3954,1
REC-65F0182A13570F09,TRN-4C472E5E2955E968,U,pooled_joint_rl,rest_3954,1
REC-6613B8B3AE2C29D8,TRN-47BB2FDE205DD528,U,pooled_joint_rl,rest_3954,1
REC-6618865BDCC062BC,TRN-1EC036F521385A77,U,pooled_joint_rl,rest_3954,1
REC-664E44E2A9555083,TRN-6A44510883ED5349,U,pooled_joint_rl,rest_3954,1
REC-6653D9FC3DA3BF47,TRN-28EB48F92F0A0A63,U,pooled_joint_rl,rest_3954,1
REC-6659C8732AAA5766,TRN-1CD68D70D87515F1,U,pooled_joint_rl,rest_3954,1
REC-6661CE11A6CBADD2,TRN-8DDC114C774173DA,U,pooled_joint_rl,rest_3954,1
REC-666D4582455C6579,TRN-C5D447A19356D14A,U,pooled_joint_rl,rest_3954,1
REC-6694218D76D4406C,TRN-ACE2FF5B493FCBA1,U,pooled_joint_rl,rest_3954,1
REC-669CF2FA27008CB5,TRN-A352C79A768861A8,U,pooled_joint_rl,rest_3954,1
REC-669E59B3F67C2DCB,TRN-193E5AC13B4F3551,U,pooled_joint_rl,rest_3954,1
REC-669F5FD217CA1AED,TRN-FF75AAC96E6259D9,U,pooled_joint_rl,rest_3954,1
REC-66AF6B44388981E6,TRN-7CD7779EE9DF5BA9,U,pooled_joint_rl,rest_3954,1
REC-66B1D8996C03043B,TRN-6B91E0356DBD5F4A,U,pooled_joint_rl,rest_3954,1
REC-66DC343504BF85DB,TRN-CC68CBA0E8B27796,U,pooled_joint_rl,rest_3954,1
REC-66F6D9A8003F6FB6,TRN-FE45C141FB65CCF3,U,pooled_joint_rl,rest_3954,1
REC-6711662F3808339D,TRN-3A59C5C1152CAC3B,U,pooled_joint_rl,rest_3954,1
REC-671296D5451CB767,TRN-EAFC5C30C3B40544,U,pooled_joint_rl,rest_3954,1
REC-6714973D40AF1FEE,TRN-4B0403B520383D1B,U,pooled_joint_rl,rest_3954,1
REC-672816B22FFD66B7,TRN-1A80C768340E265D,U,pooled_joint_rl,rest_3954,1
REC-673A94A086BC47AC,TRN-9B93D94FE359EC81,U,pooled_joint_rl,rest_3954,1
REC-675AB2634D031C19,TRN-C6EF64820E9F1CF1,U,pooled_joint_rl,rest_3954,1
REC-675EFB0BD7E9BD32,TRN-EAA5138E6310AEEA,U,pooled_joint_rl,rest_3954,1
REC-677589C954D725C5,TRN-0F1DF3FB03972D83,U,pooled_joint_rl,rest_3954,1
REC-67779D90FD9FA599,TRN-F8CFC9D6711248FE,U,pooled_joint_rl,rest_3954,1
REC-677DD1325C8724B0,TRN-F47592743B0011DF,U,pooled_joint_rl,rest_3954,1
REC-678356D6D138F48E,TRN-7371761E07B7ED33,U,pooled_joint_rl,rest_3954,1
REC-67881321E6AD656E,TRN-2FF5C93EA669AB45,U,pooled_joint_rl,rest_3954,1
REC-679EC36F77EB09A4,TRN-EE058B2D9CF9C5C6,U,pooled_joint_rl,rest_3954,1
REC-67A0A874135768BA,TRN-B4276C96E9C26F9E,U,pooled_joint_rl,rest_3954,1
REC-67A4F1925FAE9FD1,TRN-0D26D9C8F8C2D0E7,U,pooled_joint_rl,rest_3954,1
REC-67ADB97E94EF2883,TRN-30329065A8F884B8,U,pooled_joint_rl,rest_3954,1
REC-67B02A5D5C303371,TRN-2BDF6056247D3190,U,pooled_joint_rl,rest_3954,1
REC-67DA1D9652377944,TRN-0F1BA1CFF99209B6,U,pooled_joint_rl,rest_3954,1
REC-67DFBF6ED1D70CE9,TRN-E1B8A017B3AD5FF9,U,pooled_joint_rl,rest_3954,1
REC-67EB4E7A3446ED18,TRN-9CB3E2F1D3E1D861,U,pooled_joint_rl,rest_3954,1
REC-67EC7AE846135818,TRN-52EB13B9FDFC98E6,U,pooled_joint_rl,rest_3954,1
REC-67EF5FC201D06D3D,TRN-FF6311DE1C2DF80E,U,pooled_joint_rl,rest_3954,1
REC-6806E2277A480693,TRN-17ECCBEA81A93368,U,pooled_joint_rl,rest_3954,1
REC-683837F7C3CF3021,TRN-294F3663D0786E5E,U,pooled_joint_rl,rest_3954,1
REC-683BFFBFCAAE36F3,TRN-703241C3F6687DD8,U,pooled_joint_rl,rest_3954,1
REC-685375242BFB472F,TRN-B375825A8324942E,U,pooled_joint_rl,rest_3954,1
REC-686247D280A95F96,TRN-FBD3D76B219D8C74,U,pooled_joint_rl,rest_3954,1
REC-68717AD68205AD8E,TRN-1379C5D8A7BB3118,U,pooled_joint_rl,rest_3954,1
REC-687B06548660B3AE,TRN-369989C173FD8CA4,U,pooled_joint_rl,rest_3954,1
REC-689FB7B1AE9E6542,TRN-BF09B98F807CC58D,U,pooled_joint_rl,rest_3954,1
REC-68AA05A66852324F,TRN-CCAACFDAD56D33D8,U,pooled_joint_rl,rest_3954,1
REC-68AB484745B1A5DE,TRN-53F987FD7307BE28,U,pooled_joint_rl,rest_3954,1
REC-68C4ACCFF64899D9,TRN-67879CF3CFFB55CF,U,pooled_joint_rl,rest_3954,1
REC-68DF0D0ED7F516E0,TRN-0B024C018B38990A,U,pooled_joint_rl,rest_3954,1
REC-68E70B774E9F45C1,TRN-8487C9F9753D5553,U,pooled_joint_rl,rest_3954,1
REC-68FD600A04772E09,TRN-86C7E68F723F7CBA,U,pooled_joint_rl,rest_3954,1
REC-68FF040B44ACA30D,TRN-8119DD736A316648,U,pooled_joint_rl,rest_3954,1
REC-69147375A02DDE03,TRN-993F0A0304DC947A,U,pooled_joint_rl,rest_3954,1
REC-69201B14CAFE3525,TRN-B9E1F100EB16FA47,U,pooled_joint_rl,rest_3954,1
REC-6941E47E1F90E03C,TRN-565A9E04865DF148,U,pooled_joint_rl,rest_3954,1
REC-694CD3FC6F803754,TRN-342422EBC030B0AC,U,pooled_joint_rl,rest_3954,1
REC-696A1995C1CE87F1,TRN-DA6761DB00553512,U,pooled_joint_rl,rest_3954,1
REC-6982BA97FB62AF84,TRN-5AF71AF896BDF175,U,pooled_joint_rl,rest_3954,1
REC-6998BFBD0D69B01A,TRN-D09021C1E532ABFD,U,pooled_joint_rl,rest_3954,1
REC-699D4C6328C5E979,TRN-B0F99D0091EE0D92,U,pooled_joint_rl,rest_3954,1
REC-69A603549F360C1D,TRN-373B6B457A9D994E,U,pooled_joint_rl,rest_3954,1
REC-69AEBA05B32BF003,TRN-4912827E5E3C4EC3,U,pooled_joint_rl,rest_3954,1
REC-69B87A511ECEC67B,TRN-6472BBFB9B71BDF6,U,pooled_joint_rl,rest_3954,1
REC-69F8EEE0CCB93385,TRN-B78E14B2E0935C42,U,pooled_joint_rl,rest_3954,1
REC-6A1F4E4D8E287A03,TRN-F95B03FEF1D91B06,U,pooled_joint_rl,rest_3954,1
REC-6A217ECF1E2F5BDA,TRN-2C01204FC1C14896,U,pooled_joint_rl,rest_3954,1
REC-6A24551ECA8C57E4,TRN-6986EBC42DA8D6B6,U,pooled_joint_rl,rest_3954,1
REC-6A28EE25F5B4CE72,TRN-9213869ECC919026,U,pooled_joint_rl,rest_3954,1
REC-6A38C6F7B3345664,TRN-B33870C768BDAD83,U,pooled_joint_rl,rest_3954,1
REC-6A3CE91D583CBDFF,TRN-A089F4E741EBC80B,U,pooled_joint_rl,rest_3954,1
REC-6A525B62F947FF14,TRN-965A30866F83F5E5,U,pooled_joint_rl,rest_3954,1
REC-6A54F3319851948C,TRN-A9ACD6C035B1AB3C,U,pooled_joint_rl,rest_3954,1
REC-6A5E25B3EF0362B9,TRN-A88750A9410DDC86,U,pooled_joint_rl,rest_3954,1
REC-6A6D57A8DC69DBBD,TRN-12C00F2819641145,U,pooled_joint_rl,rest_3954,1
REC-6A7FB496DC48C4C8,TRN-F7F469D234E6F3DB,U,pooled_joint_rl,rest_3954,1
REC-6A8AD49856939B2A,TRN-F70CF57EC3E02BA7,U,pooled_joint_rl,rest_3954,1
REC-6AB60A98472C58C2,TRN-B853CD92B7E50C39,U,pooled_joint_rl,rest_3954,1
REC-6AB97BD752916239,TRN-EDBB9B7DBF2AF3B4,U,pooled_joint_rl,rest_3954,1
REC-6ABA9A602559744E,TRN-C00713BCD598C7AB,U,pooled_joint_rl,rest_3954,1
REC-6AC13DE0A57E660C,TRN-3B494F35392EA9F5,U,pooled_joint_rl,rest_3954,1
REC-6ADE85CCD05ED1C1,TRN-069E26580110CF18,U,pooled_joint_rl,rest_3954,1
REC-6AEA6353F6C30F45,TRN-2D7A6476BA6B6B98,U,pooled_joint_rl,rest_3954,1
REC-6B13746D89E40578,TRN-3253E38E2965A907,U,pooled_joint_rl,rest_3954,1
REC-6B232310E68FCE5B,TRN-F1510D4AF9F3CF95,U,pooled_joint_rl,rest_3954,1
REC-6B370BBAE4408CD9,TRN-1064B5B0B95174C2,U,pooled_joint_rl,rest_3954,1
REC-6B4F6FF852FB909B,TRN-4A9D251812405C22,U,pooled_joint_rl,rest_3954,1
REC-6B636782198E26A9,TRN-89EC66C09638FCD3,U,pooled_joint_rl,rest_3954,1
REC-6BA58F3F2B6FD788,TRN-02CCF5F68B5D2C5B,U,pooled_joint_rl,rest_3954,1
REC-6BA8B01F8C28F4D4,TRN-FC1E43299E8E2393,U,pooled_joint_rl,rest_3954,1
REC-6BD2BFE40F01259D,TRN-A7F5497AD86ED96A,U,pooled_joint_rl,rest_3954,1
REC-6BFAD1EAC2DADB1D,TRN-1C6FE53DFF2C6211,U,pooled_joint_rl,rest_3954,1
REC-6BFC11EE97768D91,TRN-2DC1B83FBC06CF64,U,pooled_joint_rl,rest_3954,1
REC-6C00DA66C2159D34,TRN-9E22D4B86FD9F583,U,pooled_joint_rl,rest_3954,1
REC-6C4E888516E0FF57,TRN-1A1595092E83BC77,U,pooled_joint_rl,rest_3954,1
REC-6C6CBC0E12167B36,TRN-236EA29D9750FDC2,U,pooled_joint_rl,rest_3954,1
REC-6C8ADF3583909B85,TRN-5C36ECEA897D2C16,U,pooled_joint_rl,rest_3954,1
REC-6C906353168A12B6,TRN-C197685D9CC70625,U,pooled_joint_rl,rest_3954,1
REC-6CA65848F5BA235B,TRN-3EED994D9E7D6056,U,pooled_joint_rl,rest_3954,1
REC-6CB576D1B585F70D,TRN-B0470D46A005DD9F,U,pooled_joint_rl,rest_3954,1
REC-6CB80A77D1D1DDCF,TRN-FF02D6666E1BEBAC,U,pooled_joint_rl,rest_3954,1
REC-6CD7082B5D8FD1E3,TRN-0489823D936E86C4,U,pooled_joint_rl,rest_3954,1
REC-6CD906D846E31F4A,TRN-DB61B52125903A56,U,pooled_joint_rl,rest_3954,1
REC-6CE15BF6B93F5364,TRN-6870B5DE2836AB9E,U,pooled_joint_rl,rest_3954,1
REC-6CEE7AC2D7506595,TRN-69F3D82D9FDF42E1,U,pooled_joint_rl,rest_3954,1
REC-6CFF01E733D702CE,TRN-CBECED1911C24205,U,pooled_joint_rl,rest_3954,1
REC-6D05B3BB02406103,TRN-67E0E70B536B66F5,U,pooled_joint_rl,rest_3954,1
REC-6D07C79E4F4D5652,TRN-F9C5A19E8709BAE7,U,pooled_joint_rl,rest_3954,1
REC-6D08D026919DAF5E,TRN-77A4390F284B6B89,U,pooled_joint_rl,rest_3954,1
REC-6D0C1BDF0A2E144A,TRN-8B9214124AA7ADA9,U,pooled_joint_rl,rest_3954,1
REC-6D1F95D5807F0B0B,TRN-195BCA1A742C47A7,U,pooled_joint_rl,rest_3954,1
REC-6D3140669E395C12,TRN-EF28F48956093BE3,U,pooled_joint_rl,rest_3954,1
REC-6D3835D4DAE163BF,TRN-F85A887F7EB71A86,U,pooled_joint_rl,rest_3954,1
REC-6D591D2B81FB3713,TRN-00208EB084D722DB,U,pooled_joint_rl,rest_3954,1
REC-6D6222C622FB2347,TRN-B86FB63C737B89D8,U,pooled_joint_rl,rest_3954,1
REC-6D6E6CEFB3FF3AD7,TRN-8D5A1627E951F667,U,pooled_joint_rl,rest_3954,1
REC-6DA9A717BF004615,TRN-3E75F6B1A0DB60DE,U,pooled_joint_rl,rest_3954,1
REC-6DB39BC55DD63D05,TRN-69703673E856B979,U,pooled_joint_rl,rest_3954,1
REC-6DB9A6ABD76C2BB9,TRN-C86D4E7B4A35A2F1,U,pooled_joint_rl,rest_3954,1
REC-6DBC20138F282DB7,TRN-4539667E03DBF4A4,U,pooled_joint_rl,rest_3954,1
REC-6DE52C41DC5AB23E,TRN-35217F486B8F7C92,U,pooled_joint_rl,rest_3954,1
REC-6DE9960E5615FBDB,TRN-15249DD7C70E227F,U,pooled_joint_rl,rest_3954,1
REC-6E0929C7DA47E521,TRN-995F0B485833D702,U,pooled_joint_rl,rest_3954,1
REC-6E0E12AF08556999,TRN-6101BF9D0600A1BE,U,pooled_joint_rl,rest_3954,1
REC-6E19472C5A69C380,TRN-8CA70C3AB6C91C83,U,pooled_joint_rl,rest_3954,1
REC-6E1A99264F146DF6,TRN-748D5F499688C8F6,U,pooled_joint_rl,rest_3954,1
REC-6E22A6FF11097467,TRN-E59DEE97B602D180,U,pooled_joint_rl,rest_3954,1
REC-6E27D1C9D3A28B36,TRN-430501FBB06C1067,U,pooled_joint_rl,rest_3954,1
REC-6E3CC0B1AF077E7F,TRN-B2F228421002D9F9,U,pooled_joint_rl,rest_3954,1
REC-6E5AA5378D2052A4,TRN-333D9527625EE02F,U,pooled_joint_rl,rest_3954,1
REC-6E6C85D0CC5D5354,TRN-79E16AB6888011B1,U,pooled_joint_rl,rest_3954,1
REC-6E731131D56AB101,TRN-B8E11534492D48E2,U,pooled_joint_rl,rest_3954,1
REC-6E77918DBD3AFB23,TRN-1137EB2A247EDCC1,U,pooled_joint_rl,rest_3954,1
REC-6E857CD32D2A21B4,TRN-D349B459D248E69D,U,pooled_joint_rl,rest_3954,1
REC-6E8AA3075505F8BF,TRN-9E5EA483288EAB2D,U,pooled_joint_rl,rest_3954,1
REC-6EA01C93436C15D7,TRN-3BBA3762FF3801E0,U,pooled_joint_rl,rest_3954,1
REC-6EC11E20734EDD29,TRN-8881AEE1162F644E,U,pooled_joint_rl,rest_3954,1
REC-6EDB1C5E4CD2903A,TRN-39E9400D7A764D30,U,pooled_joint_rl,rest_3954,1
REC-6EF5E11D1BEA0984,TRN-BEB9AA52E938C236,U,pooled_joint_rl,rest_3954,1
REC-6F10C45B1BB38CA9,TRN-AFCE0CCA590CE341,U,pooled_joint_rl,rest_3954,1
REC-6F1D67008EC82A12,TRN-3CBD1E6FADC206F6,U,pooled_joint_rl,rest_3954,1
REC-6F293B9EC2BC8589,TRN-24294920380C55C8,U,pooled_joint_rl,rest_3954,1
REC-6F29A818ACCF3376,TRN-CB16F7A2F53089E4,U,pooled_joint_rl,rest_3954,1
REC-6F3CF1F3E9B5C817,TRN-44A81D83A8B69F92,U,pooled_joint_rl,rest_3954,1
REC-6F53AF19487D3A95,TRN-12CC7397EAE871B4,U,pooled_joint_rl,rest_3954,1
REC-6F5DB587AEA6F2A4,TRN-B192C9D44F3FD432,U,pooled_joint_rl,rest_3954,1
REC-6F61A4988C3A80C1,TRN-D820335BDC534071,U,pooled_joint_rl,rest_3954,1
REC-6F69361A7A3D54CE,TRN-30AF688F54F6241A,U,pooled_joint_rl,rest_3954,1
REC-6F6BA48634E68464,TRN-365AE059ABBA2FB1,U,pooled_joint_rl,rest_3954,1
REC-6F7C0435E9A082F1,TRN-EC277BD454E54D33,U,pooled_joint_rl,rest_3954,1
REC-6F847623798397FF,TRN-6C188054FA4E285F,U,pooled_joint_rl,rest_3954,1
REC-6FAE22D377E8ED07,TRN-D2DBEAEC99997FA6,U,pooled_joint_rl,rest_3954,1
REC-6FB134DF48152B0E,TRN-11911801FE3FFBC5,U,pooled_joint_rl,rest_3954,1
REC-6FC62A6D5655C3C1,TRN-221D2EFF8A1CF70D,U,pooled_joint_rl,rest_3954,1
REC-7004D55371DD102C,TRN-DAE76DD21EBF61AC,U,pooled_joint_rl,rest_3954,1
REC-70073702CDCDEA2A,TRN-EB611F4D9DABC500,U,pooled_joint_rl,rest_3954,1
REC-700C109309AF2EF0,TRN-61B0307918561945,U,pooled_joint_rl,rest_3954,1
REC-700D9B206B2D648B,TRN-DB6268113FFA7858,U,pooled_joint_rl,rest_3954,1
REC-701E95CD84A477DE,TRN-59FF20DAA2282BFC,U,pooled_joint_rl,rest_3954,1
REC-7020F999366348DE,TRN-8BCC45D2DE99A72C,U,pooled_joint_rl,rest_3954,1
REC-702F4222679574D1,TRN-AF04C3DCB0478548,U,pooled_joint_rl,rest_3954,1
REC-703B116404861BE4,TRN-D4127196B29D5490,U,pooled_joint_rl,rest_3954,1
REC-7054C0C9631E8D95,TRN-716AB8ADCAE63E2F,U,pooled_joint_rl,rest_3954,1
REC-707A2C355EE6B45D,TRN-27DD33B231383091,U,pooled_joint_rl,rest_3954,1
REC-7086032F778E4320,TRN-5139C95014DAE9F1,U,pooled_joint_rl,rest_3954,1
REC-708891998D465226,TRN-24DFC4806F642FF6,U,pooled_joint_rl,rest_3954,1
REC-708C3DB29877A839,TRN-0CE1296F8313B301,U,pooled_joint_rl,rest_3954,1
REC-709037A9547D3A10,TRN-BBA5A48932E751EA,U,pooled_joint_rl,rest_3954,1
REC-70998B3E62AE5849,TRN-2A7AB886BE10B0B0,U,pooled_joint_rl,rest_3954,1
REC-709E41DEA5B2534D,TRN-C08C2280950ACE6C,U,pooled_joint_rl,rest_3954,1
REC-70A5A9D3427A4F42,TRN-33034774C9522490,U,pooled_joint_rl,rest_3954,1
REC-70BB54E2388DE638,TRN-80B0B7C2FC850153,U,pooled_joint_rl,rest_3954,1
REC-70C85FA911C91A1C,TRN-25425B00D8F21FD8,U,pooled_joint_rl,rest_3954,1
REC-70D5CAEBD32FA4A3,TRN-9884C1C6F2EEBEB0,U,pooled_joint_rl,rest_3954,1
REC-70E8B998E33ED9F2,TRN-2408C530D83815E0,U,pooled_joint_rl,rest_3954,1
REC-70F4B518BFA6C7D9,TRN-3F157EEE84D77967,U,pooled_joint_rl,rest_3954,1
REC-711CB7E5D1971291,TRN-87771816DCB6E271,U,pooled_joint_rl,rest_3954,1
REC-712350B555C3FD69,TRN-344D6781E5F15AD2,U,pooled_joint_rl,rest_3954,1
REC-712E09A614609907,TRN-F49147427B50A479,U,pooled_joint_rl,rest_3954,1
REC-7155D95F018CA5BA,TRN-4FFEBA78870A263B,U,pooled_joint_rl,rest_3954,1
REC-7181AA2B5B00D378,TRN-794F33872397BAEF,U,pooled_joint_rl,rest_3954,1
REC-7184CD6E983837C2,TRN-8B79502A9E15C240,U,pooled_joint_rl,rest_3954,1
REC-718BE26BE9C2098E,TRN-10AAFEEE77A67B06,U,pooled_joint_rl,rest_3954,1
REC-719664FCF431602C,TRN-C0ABB6637A2D5860,U,pooled_joint_rl,rest_3954,1
REC-71A218D7A84BC8CA,TRN-8FF0DE986EE3CC97,U,pooled_joint_rl,rest_3954,1
REC-71ABEC677BCCC217,TRN-5096ED9961A1536B,U,pooled_joint_rl,rest_3954,1
REC-71B7242B8CF25739,TRN-27AD7CE108EF1905,U,pooled_joint_rl,rest_3954,1
REC-71BF049CA1C52D1C,TRN-B9D0C54B9DFE8596,U,pooled_joint_rl,rest_3954,1
REC-71F7795FC3371275,TRN-D9BB2FAAA9221726,U,pooled_joint_rl,rest_3954,1
REC-71F7FDEF2C00FBF1,TRN-0421E9C22F94C0C1,U,pooled_joint_rl,rest_3954,1
REC-7212692C0DFA8B95,TRN-EC4603AEFCF07900,U,pooled_joint_rl,rest_3954,1
REC-72175BCB754AF48C,TRN-1310267D692CF280,U,pooled_joint_rl,rest_3954,1
REC-723064892513161C,TRN-15D8B69793F1A602,U,pooled_joint_rl,rest_3954,1
REC-72541931B25F9A6B,TRN-F3F5D1352618497E,U,pooled_joint_rl,rest_3954,1
REC-72571A9BE5012646,TRN-5FF18DD81F89C549,U,pooled_joint_rl,rest_3954,1
REC-7257B943756FC2B3,TRN-A447F33C780D4FA0,U,pooled_joint_rl,rest_3954,1
REC-725B5B2CB5212B09,TRN-6BEC3DFAD8921F85,U,pooled_joint_rl,rest_3954,1
REC-7264E9CC736260EB,TRN-57C5CA5A3F7A56EE,U,pooled_joint_rl,rest_3954,1
REC-726A57D5678B07C5,TRN-95FDC887C790BE7A,U,pooled_joint_rl,rest_3954,1
REC-726CCE7510131705,TRN-5C6188A6928B87C0,U,pooled_joint_rl,rest_3954,1
REC-7271D20701DE0030,TRN-5A840AF7EFCC1182,U,pooled_joint_rl,rest_3954,1
REC-72802A2A1D7B4137,TRN-6A11C8C23B78B37A,U,pooled_joint_rl,rest_3954,1
REC-7282FF796A5986D1,TRN-5D7A33A31D391A2B,U,pooled_joint_rl,rest_3954,1
REC-72895E7899E1CCF9,TRN-9C01B39352B87729,U,pooled_joint_rl,rest_3954,1
REC-729FDC8B32BB2274,TRN-0DA1582955C82163,U,pooled_joint_rl,rest_3954,1
REC-72A216D2804E4DE2,TRN-F78D94BA779EC2A2,U,pooled_joint_rl,rest_3954,1
REC-72A4EA6CBCDDFC29,TRN-6BA3C093760E33ED,U,pooled_joint_rl,rest_3954,1
REC-72B05508A1E8882A,TRN-954C0999B8449F7A,U,pooled_joint_rl,rest_3954,1
REC-72B69D3D9E57DCBA,TRN-4B88766007C7A39A,U,pooled_joint_rl,rest_3954,1
REC-72DD0E1FAA16B9BB,TRN-627A2B30251B2B9B,U,pooled_joint_rl,rest_3954,1
REC-72E49C011E03CF1E,TRN-A4615DF6D404E13D,U,pooled_joint_rl,rest_3954,1
REC-72E65A1AAAA87413,TRN-834BD5A2C1AA19A4,U,pooled_joint_rl,rest_3954,1
REC-72FB6533B4C91F21,TRN-22A5683B7D25AC74,U,pooled_joint_rl,rest_3954,1
REC-7301F4C742485DE0,TRN-BA0D89200718B621,U,pooled_joint_rl,rest_3954,1
REC-7302E297511173D0,TRN-4B8D02B70FB3AE5B,U,pooled_joint_rl,rest_3954,1
REC-730455608E19D804,TRN-58DCF7F26818A7F4,U,pooled_joint_rl,rest_3954,1
REC-7312CA80692A4120,TRN-AC4EF1518E3925C1,U,pooled_joint_rl,rest_3954,1
REC-7316586332813819,TRN-E64370E73C59932D,U,pooled_joint_rl,rest_3954,1
REC-7334119315287036,TRN-7FA0485F555E432A,U,pooled_joint_rl,rest_3954,1
REC-735B1AB8EA78FDCE,TRN-8FA6DE55D9348EB7,U,pooled_joint_rl,rest_3954,1
REC-73679869E0739F5C,TRN-656DA18872DCF7FD,U,pooled_joint_rl,rest_3954,1
REC-737D91CDF5BB9E0E,TRN-41D0E9FE6799D846,U,pooled_joint_rl,rest_3954,1
REC-73824CCEBB638A9E,TRN-D524413ACC254535,U,pooled_joint_rl,rest_3954,1
REC-739052010377FE86,TRN-402F839A4685460D,U,pooled_joint_rl,rest_3954,1
REC-7390FAB429E78E75,TRN-16B8BB65D6418EFF,U,pooled_joint_rl,rest_3954,1
REC-73A8581B8A1C15E6,TRN-8777F957ABA0315F,U,pooled_joint_rl,rest_3954,1
REC-73B31D1A7AEDF008,TRN-4F3BF386BEDADE0D,U,pooled_joint_rl,rest_3954,1
REC-73C2EE6C2DDE8D6E,TRN-6A4CDF97FDE099B9,U,pooled_joint_rl,rest_3954,1
REC-73CCE8BB05BF96A0,TRN-70CCC9486C23BC8A,U,pooled_joint_rl,rest_3954,1
REC-73CFBDDF5C7D04A7,TRN-676C94DCADD0FFD2,U,pooled_joint_rl,rest_3954,1
REC-73D5953FD0AF0F18,TRN-4938BBEAAC12D37D,U,pooled_joint_rl,rest_3954,1
REC-73D9F58770AA57E0,TRN-C275ED1122C98D4A,U,pooled_joint_rl,rest_3954,1
REC-73DBF8B74D88D43F,TRN-992B8FCE337AF181,U,pooled_joint_rl,rest_3954,1
REC-73E029594CC8DE84,TRN-0A220E70257700C3,U,pooled_joint_rl,rest_3954,1
REC-73E55FDA4768A092,TRN-5F7B4616C246DADA,U,pooled_joint_rl,rest_3954,1
REC-740E345C08D659DB,TRN-B88A2ECF6F9F87E2,U,pooled_joint_rl,rest_3954,1
REC-74165D9D8BFDC05F,TRN-6D755B8117DECA5C,U,pooled_joint_rl,rest_3954,1
REC-74372C254C534A95,TRN-CE75CD17B4765595,U,pooled_joint_rl,rest_3954,1
REC-744F5969840612E3,TRN-58B9F8F20AF6BFD4,U,pooled_joint_rl,rest_3954,1
REC-7460119EFF3D6D12,TRN-B7852FC8AD5531DC,U,pooled_joint_rl,rest_3954,1
REC-7465B9158F382117,TRN-6DC945A4EF2CAC83,U,pooled_joint_rl,rest_3954,1
REC-746823ADA928EE85,TRN-5365FAA3D9FA2464,U,pooled_joint_rl,rest_3954,1
REC-74826876E8EB8648,TRN-9C228C164D3CB84C,U,pooled_joint_rl,rest_3954,1
REC-748BC2C04E284A55,TRN-B7A49BD00F07D461,U,pooled_joint_rl,rest_3954,1
REC-74A5BB027C22CFCC,TRN-5D59AB9953B405C0,U,pooled_joint_rl,rest_3954,1
REC-74AFF9AE9DC1BB88,TRN-7F2448554A0D1DBE,U,pooled_joint_rl,rest_3954,1
REC-74B01A163F808E7F,TRN-E71F65E9F934806E,U,pooled_joint_rl,rest_3954,1
REC-74C52472CA30931D,TRN-F330FC97D37D9512,U,pooled_joint_rl,rest_3954,1
REC-74FC75E50A3CC915,TRN-4142F37E08B5300F,U,pooled_joint_rl,rest_3954,1
REC-75088C57E53B45DA,TRN-7A25A4E4BCD507C2,U,pooled_joint_rl,rest_3954,1
REC-7522F510B7198049,TRN-3E68A6240C0F6E1C,U,pooled_joint_rl,rest_3954,1
REC-75240666F5E8E269,TRN-3133097D6DE00DB0,U,pooled_joint_rl,rest_3954,1
REC-756AE1EC250CDBBC,TRN-828C5EE64E149390,U,pooled_joint_rl,rest_3954,1
REC-7577091F74F59857,TRN-58836A8B1FB0BF6C,U,pooled_joint_rl,rest_3954,1
REC-757ABF38E6BFCFBC,TRN-856E03258A43192B,U,pooled_joint_rl,rest_3954,1
REC-757CAB5AFBDF57BC,TRN-159B7C4B25319865,U,pooled_joint_rl,rest_3954,1
REC-75809E91A84B7053,TRN-D75DBF8DDD81B48C,U,pooled_joint_rl,rest_3954,1
REC-75990CCA670DA405,TRN-F3FDF049DFFB75EF,U,pooled_joint_rl,rest_3954,1
REC-75B4F3B47838B009,TRN-20F98C2922E39BBE,U,pooled_joint_rl,rest_3954,1
REC-75D11C3041CD7E0E,TRN-717BD21BB5147ABB,U,pooled_joint_rl,rest_3954,1
REC-75D8D8A2FC2E8929,TRN-2B75096A0762D722,U,pooled_joint_rl,rest_3954,1
REC-7606D8821EB11B62,TRN-F4D24DF3630AED66,U,pooled_joint_rl,rest_3954,1
REC-7623307C3DE303E6,TRN-7F2ABCC8A6F8044F,U,pooled_joint_rl,rest_3954,1
REC-762D299C88C780DB,TRN-ACD67A2103941F97,U,pooled_joint_rl,rest_3954,1
REC-763B233A23100460,TRN-56D9AAFB39D6ECDB,U,pooled_joint_rl,rest_3954,1
REC-764D0284629372D7,TRN-94349B2A9EFB7DD6,U,pooled_joint_rl,rest_3954,1
REC-76520B6D4CB05BB8,TRN-5FD3B6B07514B1F9,U,pooled_joint_rl,rest_3954,1
REC-76641E54724FD11C,TRN-EFBED22164410D0C,U,pooled_joint_rl,rest_3954,1
REC-7664F2AA294B02C9,TRN-863F0B23200E1E47,U,pooled_joint_rl,rest_3954,1
REC-76755CFF09B27161,TRN-793D2ACAAF6E35DD,U,pooled_joint_rl,rest_3954,1
REC-76890AC04BC37F4F,TRN-E41BF256C8CA596A,U,pooled_joint_rl,rest_3954,1
REC-76895F384DD1F8F4,TRN-737ECB13FA1C051E,U,pooled_joint_rl,rest_3954,1
REC-76A48211BB681609,TRN-B34689D96594914C,U,pooled_joint_rl,rest_3954,1
REC-76B46BCFF532C66C,TRN-40E03B7505258FE5,U,pooled_joint_rl,rest_3954,1
REC-76C433B7AC7A1372,TRN-ACE943A4D1752A72,U,pooled_joint_rl,rest_3954,1
REC-76C8E07F23FAC995,TRN-978F7A9946E1C30A,U,pooled_joint_rl,rest_3954,1
REC-76D4E67E422A144B,TRN-BCF3925BA1984ACC,U,pooled_joint_rl,rest_3954,1
REC-76DEDDAA687412FE,TRN-49C554BAA3313FA0,U,pooled_joint_rl,rest_3954,1
REC-76E66A9F5DA8E879,TRN-B9A69A635954941D,U,pooled_joint_rl,rest_3954,1
REC-77106524CBE2F4D7,TRN-0AD8741FAF1D0D15,U,pooled_joint_rl,rest_3954,1
REC-771A8CD9B76E92AB,TRN-7AF4A3D56C183C1F,U,pooled_joint_rl,rest_3954,1
REC-7728BADD8F8A34AF,TRN-DB9680E89FF598ED,U,pooled_joint_rl,rest_3954,1
REC-773A8B437BA58AE3,TRN-61D46FC96FD212B3,U,pooled_joint_rl,rest_3954,1
REC-773B8F1C571526B3,TRN-3772D8D4D0B149FD,U,pooled_joint_rl,rest_3954,1
REC-7744611EF7B11C18,TRN-216BF59809158C21,U,pooled_joint_rl,rest_3954,1
REC-7746D87C49785359,TRN-EB6A49AFBD35DA89,U,pooled_joint_rl,rest_3954,1
REC-7761966564676E7C,TRN-D591BD1B82D27CE2,U,pooled_joint_rl,rest_3954,1
REC-777E1E7B17AF53D8,TRN-EB5B82FF9F5F1384,U,pooled_joint_rl,rest_3954,1
REC-77813E2374632C6E,TRN-41DF23D2B4A009BA,U,pooled_joint_rl,rest_3954,1
REC-778A122996B6462F,TRN-8EC0B3EE2C9FAFBF,U,pooled_joint_rl,rest_3954,1
REC-779D05047F32BA74,TRN-FEEC082988FA750D,U,pooled_joint_rl,rest_3954,1
REC-77A6464AE345EFBF,TRN-61EF34455AA8D226,U,pooled_joint_rl,rest_3954,1
REC-77A6A1804C5C5321,TRN-0A18CAB0460D0B68,U,pooled_joint_rl,rest_3954,1
REC-77ABD2EFBC0A7A91,TRN-B53CCD148BAC5EB0,U,pooled_joint_rl,rest_3954,1
REC-77B394BB14F734CC,TRN-F87E51F750777E49,U,pooled_joint_rl,rest_3954,1
REC-77FB032370F2F8A2,TRN-3C3E68272012F9C4,U,pooled_joint_rl,rest_3954,1
REC-780148C3C8763D2A,TRN-B13E04946A4CA9FA,U,pooled_joint_rl,rest_3954,1
REC-78406ADCF7660E1E,TRN-A318182F8CB05677,U,pooled_joint_rl,rest_3954,1
REC-784FDFB8B1E824BC,TRN-F567400DC7B64DE3,U,pooled_joint_rl,rest_3954,1
REC-786E3EA2696AD365,TRN-E29DDEE091E62E0C,U,pooled_joint_rl,rest_3954,1
REC-786F5034EB062C1D,TRN-8BD34F158F86A5D2,U,pooled_joint_rl,rest_3954,1
REC-787AE89E974F838B,TRN-E3600227C20C25DD,U,pooled_joint_rl,rest_3954,1
REC-78BB1A57083429B6,TRN-9E8131AEF8D489F3,U,pooled_joint_rl,rest_3954,1
REC-78C142A586C4AEFE,TRN-2BFAD0A56035EE44,U,pooled_joint_rl,rest_3954,1
REC-78C821AF9B634E5B,TRN-CFD7901DF3E3BC55,U,pooled_joint_rl,rest_3954,1
REC-78CB1032D10CE80A,TRN-0A5F111B201A5060,U,pooled_joint_rl,rest_3954,1
REC-78CF2D831A77D914,TRN-C0E22EC81D169D5E,U,pooled_joint_rl,rest_3954,1
REC-78D0052E9E02620D,TRN-C6CC89DCFFF760B3,U,pooled_joint_rl,rest_3954,1
REC-78D9BFDDBBD4BCF9,TRN-561169397391FE7D,U,pooled_joint_rl,rest_3954,1
REC-78DF7C772A9A4A75,TRN-C41A34398AA33EFE,U,pooled_joint_rl,rest_3954,1
REC-78E175BD3FE18038,TRN-EB0968713CE8FCC7,U,pooled_joint_rl,rest_3954,1
REC-78E2E43EA40AE008,TRN-1FE999EB3B95C8F1,U,pooled_joint_rl,rest_3954,1
REC-78EDC1DAEFAD70A3,TRN-7833049E8A019173,U,pooled_joint_rl,rest_3954,1
REC-78F1ED912ABC485B,TRN-AF6394A22A12B120,U,pooled_joint_rl,rest_3954,1
REC-79011801CC1434E5,TRN-63F6F712E98BFE75,U,pooled_joint_rl,rest_3954,1
REC-7901378E0D7FF4B0,TRN-EF3EC876025080FE,U,pooled_joint_rl,rest_3954,1
REC-792DFE5931AF9D77,TRN-1245D7ABFD4A4EAA,U,pooled_joint_rl,rest_3954,1
REC-79350C0BF1FA1AD6,TRN-250F424B52EC873A,U,pooled_joint_rl,rest_3954,1
REC-793D26107CE2FC22,TRN-82C234275B1789D3,U,pooled_joint_rl,rest_3954,1
REC-7943F4A6C538BBF2,TRN-B2DDF46838585BDF,U,pooled_joint_rl,rest_3954,1
REC-794B39C774E7226F,TRN-7F6B3A29963DC084,U,pooled_joint_rl,rest_3954,1
REC-7964A1A12E47629F,TRN-604A5EF283428670,U,pooled_joint_rl,rest_3954,1
REC-797217D8E301A6CD,TRN-E74046288AD46D21,U,pooled_joint_rl,rest_3954,1
REC-79B5BD5CB3970E56,TRN-486220A89F8E48FB,U,pooled_joint_rl,rest_3954,1
REC-79B78FF1043A8F17,TRN-F249B06A0F846253,U,pooled_joint_rl,rest_3954,1
REC-79D42DBD139C42EF,TRN-D757E6E8073F41CB,U,pooled_joint_rl,rest_3954,1
REC-7A099636C4772152,TRN-B928228DE17DFD54,U,pooled_joint_rl,rest_3954,1
REC-7A1290D9071E12B2,TRN-15E08C912536CB93,U,pooled_joint_rl,rest_3954,1
REC-7A5BF25E478B1A1B,TRN-BCB8B22ABA92B7CF,U,pooled_joint_rl,rest_3954,1
REC-7A5FD478F48981A5,TRN-DB0555B22ACDB991,U,pooled_joint_rl,rest_3954,1
REC-7A93EFE3517104D4,TRN-8A0F4872D816CBA1,U,pooled_joint_rl,rest_3954,1
REC-7AA9B3E3CAF00F07,TRN-609A5A4D07A5B483,U,pooled_joint_rl,rest_3954,1
REC-7AABEEF6E895DB32,TRN-AE7D4E6368F61F0E,U,pooled_joint_rl,rest_3954,1
REC-7AACE738BC44B930,TRN-B6938493E5F51F85,U,pooled_joint_rl,rest_3954,1
REC-7AAD13F2F0321AAA,TRN-918336C0E7E50DB7,U,pooled_joint_rl,rest_3954,1
REC-7AB142009C40515C,TRN-534758B86135F6AF,U,pooled_joint_rl,rest_3954,1
REC-7AB3A91FDC1DEDBB,TRN-FB8445BBD1A69735,U,pooled_joint_rl,rest_3954,1
REC-7AC83ABBBD4D559A,TRN-AE04FF088C1AB5C7,U,pooled_joint_rl,rest_3954,1
REC-7AE205E4B29FEF5D,TRN-0DE1262AB9BA4BE7,U,pooled_joint_rl,rest_3954,1
REC-7AE2BFD61AF66A1F,TRN-2299D4FC6F2A2199,U,pooled_joint_rl,rest_3954,1
REC-7AE6228946BBCE97,TRN-AFFF46907E5513B7,U,pooled_joint_rl,rest_3954,1
REC-7AF4CD09AB573E25,TRN-71382E04B0AEFFCB,U,pooled_joint_rl,rest_3954,1
REC-7B149C88714156EC,TRN-886A5CA79677100C,U,pooled_joint_rl,rest_3954,1
REC-7B19D8623194069B,TRN-A713C606D39717C6,U,pooled_joint_rl,rest_3954,1
REC-7B1D722DB4204313,TRN-A4E47D302BDD79F6,U,pooled_joint_rl,rest_3954,1
REC-7B21D3075F967757,TRN-2CA46B4FF05EB764,U,pooled_joint_rl,rest_3954,1
REC-7B30B8822EA797E2,TRN-CC70B0D39EBAC756,U,pooled_joint_rl,rest_3954,1
REC-7B381BAE650FFE2F,TRN-E5D1416E21C6AA59,U,pooled_joint_rl,rest_3954,1
REC-7B3895B7655220B0,TRN-F995EABAEE58DB45,U,pooled_joint_rl,rest_3954,1
REC-7B6F4BFBE5F2D833,TRN-54990E17863A7570,U,pooled_joint_rl,rest_3954,1
REC-7B757DC190CBEB72,TRN-E4A1411FDCA5C597,U,pooled_joint_rl,rest_3954,1
REC-7B7E35F43B4D109F,TRN-95D7BBA11CCF9A00,U,pooled_joint_rl,rest_3954,1
REC-7B86B34D0B2D87A0,TRN-24EA9C3810246D1B,U,pooled_joint_rl,rest_3954,1
REC-7BAC80A47E239954,TRN-FB3570FC5AA922DB,U,pooled_joint_rl,rest_3954,1
REC-7BD614BA9B0BCB79,TRN-1F026F42A316A121,U,pooled_joint_rl,rest_3954,1
REC-7BD85C3841DE4617,TRN-497AC7A04CC6EBE8,U,pooled_joint_rl,rest_3954,1
REC-7BF944ABAC0A80C2,TRN-00112045FEE05041,U,pooled_joint_rl,rest_3954,1
REC-7C0598EAEA18D6F1,TRN-BD7D4AA85EA6C781,U,pooled_joint_rl,rest_3954,1
REC-7C15099276DF1FBD,TRN-5A63E35FA3465FA8,U,pooled_joint_rl,rest_3954,1
REC-7C1A3145481BE17F,TRN-7933C043AE176627,U,pooled_joint_rl,rest_3954,1
REC-7C1E604CD9A00B19,TRN-BC1466434F404D09,U,pooled_joint_rl,rest_3954,1
REC-7C2727C2CBF9B81B,TRN-D7F63A3E6AEB5DAC,U,pooled_joint_rl,rest_3954,1
REC-7C3999075261F88F,TRN-F578C12DC560D149,U,pooled_joint_rl,rest_3954,1
REC-7C4476F8F3E5030E,TRN-9587D6E2D792CD96,U,pooled_joint_rl,rest_3954,1
REC-7C45643C8D952982,TRN-8911922F32946F55,U,pooled_joint_rl,rest_3954,1
REC-7C471CC4AB5B39F4,TRN-45A31FE3508BC6D4,U,pooled_joint_rl,rest_3954,1
REC-7C482760A5F0B024,TRN-10BBDC8D9E86119A,U,pooled_joint_rl,rest_3954,1
REC-7C50560A97D2A735,TRN-E927DB4F11FA7B03,U,pooled_joint_rl,rest_3954,1
REC-7C50DB1A20FE56DB,TRN-6D4F0E8E551140EA,U,pooled_joint_rl,rest_3954,1
REC-7C654BBDC53D903F,TRN-78AE7400115D4D20,U,pooled_joint_rl,rest_3954,1
REC-7C65C8B9EEBB8026,TRN-31190CACDB9B344A,U,pooled_joint_rl,rest_3954,1
REC-7C7BDD4CBCDB1E08,TRN-D479E8A8B1CD77B1,U,pooled_joint_rl,rest_3954,1
REC-7C80FD0488102F24,TRN-BE78D5967865C71E,U,pooled_joint_rl,rest_3954,1
REC-7C831303C925333A,TRN-F181C890D4EFA917,U,pooled_joint_rl,rest_3954,1
REC-7C9B19B1A3DB5E51,TRN-E5F83D4A0E110726,U,pooled_joint_rl,rest_3954,1
REC-7C9B7A012FA70F10,TRN-84B0484559FD6C84,U,pooled_joint_rl,rest_3954,1
REC-7CA63362D7093F80,TRN-BC0470ABEBA8C54F,U,pooled_joint_rl,rest_3954,1
REC-7CAECD411E77E910,TRN-777E01B0C9B381A5,U,pooled_joint_rl,rest_3954,1
REC-7CB3B0803916D6AA,TRN-949B0BC8B0C1BB53,U,pooled_joint_rl,rest_3954,1
REC-7CCE237919470A84,TRN-0BECF62E3A34AF97,U,pooled_joint_rl,rest_3954,1
REC-7CD9EB4925BEC872,TRN-74B6BDA5D2F07898,U,pooled_joint_rl,rest_3954,1
REC-7CDA9C5DD9AE6295,TRN-CF1A925FBD0B170D,U,pooled_joint_rl,rest_3954,1
REC-7CDF045759810279,TRN-3BEDC95E72A49A67,U,pooled_joint_rl,rest_3954,1
REC-7CF2AE6C3E072BD8,TRN-B03DCAFA404713E4,U,pooled_joint_rl,rest_3954,1
REC-7D0162A50C08BA6F,TRN-BB6433D3204D0906,U,pooled_joint_rl,rest_3954,1
REC-7D20AB8368FCE8C9,TRN-E0A3FD78B8CF74A7,U,pooled_joint_rl,rest_3954,1
REC-7D37690F6672C423,TRN-4B2728528C75232C,U,pooled_joint_rl,rest_3954,1
REC-7D3A6B28EA66C527,TRN-E73786AC766624AE,U,pooled_joint_rl,rest_3954,1
REC-7D3F6581AC68AC40,TRN-6EC4FAF5E7FF3276,U,pooled_joint_rl,rest_3954,1
REC-7D426ECB8448596C,TRN-CCA8522C893CDA15,U,pooled_joint_rl,rest_3954,1
REC-7D49A0931D562145,TRN-53FF3FCF0CC27638,U,pooled_joint_rl,rest_3954,1
REC-7D51572C3C60CB04,TRN-5E5FB5BF924B56DC,U,pooled_joint_rl,rest_3954,1
REC-7D6B9F14650BD516,TRN-F824D2D2531A5398,U,pooled_joint_rl,rest_3954,1
REC-7D70FF7D6E253ADB,TRN-2E6D2F1F1A9085DF,U,pooled_joint_rl,rest_3954,1
REC-7D7283B9DA6A20AD,TRN-E85BDBB2C918C3EF,U,pooled_joint_rl,rest_3954,1
REC-7D7457F8BA4EAB99,TRN-47AB81451329CF7E,U,pooled_joint_rl,rest_3954,1
REC-7D8CA467059F65E8,TRN-15915B87F601B8C7,U,pooled_joint_rl,rest_3954,1
REC-7D9399AB7C70C1B5,TRN-85001C506D2B6E58,U,pooled_joint_rl,rest_3954,1
REC-7D9E22DE88DAA9A9,TRN-8E7BECCE7CB3FA58,U,pooled_joint_rl,rest_3954,1
REC-7D9F2AA43CF37C4B,TRN-EF68F2F1F16A3983,U,pooled_joint_rl,rest_3954,1
REC-7DAFA2196DF4BC67,TRN-88921E7EB1544426,U,pooled_joint_rl,rest_3954,1
REC-7DB12285F31F9EA2,TRN-AB1774C47502D737,U,pooled_joint_rl,rest_3954,1
REC-7DD6DE6D6078ABBC,TRN-801B4FA263180A0C,U,pooled_joint_rl,rest_3954,1
REC-7E03FD1E2CFAC122,TRN-841B8DA2963E78CB,U,pooled_joint_rl,rest_3954,1
REC-7E1EB9CBB4E81F95,TRN-1310E900BD306A3D,U,pooled_joint_rl,rest_3954,1
REC-7E30BE4BAD84FE3E,TRN-EA87F86398D7B69C,U,pooled_joint_rl,rest_3954,1
REC-7E425323772558E4,TRN-D5A2F8467D67C349,U,pooled_joint_rl,rest_3954,1
REC-7E54C817CA4214DC,TRN-663DD45EC18573EF,U,pooled_joint_rl,rest_3954,1
REC-7E61B44A99860F17,TRN-FF645C4314F2FAE1,U,pooled_joint_rl,rest_3954,1
REC-7E6ACDCE26AFF33F,TRN-E602B55E4A83C5BF,U,pooled_joint_rl,rest_3954,1
REC-7E7DF92766D25A57,TRN-F8423B7A3CB25B59,U,pooled_joint_rl,rest_3954,1
REC-7E8CF7DC0D08A589,TRN-3899F2FE91E72B0A,U,pooled_joint_rl,rest_3954,1
REC-7EE2A85D56E90D32,TRN-41A8C8D3A64CFAC1,U,pooled_joint_rl,rest_3954,1
REC-7EE77C9890A9C238,TRN-C209CAA6FA90EDFB,U,pooled_joint_rl,rest_3954,1
REC-7EE7983B1C2AC741,TRN-DB258A7C964FBA21,U,pooled_joint_rl,rest_3954,1
REC-7F0A8B08413DE198,TRN-C79C7A02215F469F,U,pooled_joint_rl,rest_3954,1
REC-7F1E5EE162391492,TRN-AF603EE6653CE494,U,pooled_joint_rl,rest_3954,1
REC-7F23A50D203E3DE7,TRN-2F98A36506E1549E,U,pooled_joint_rl,rest_3954,1
REC-7F276D1A89AA0DA0,TRN-DE83A0BD4131E1E5,U,pooled_joint_rl,rest_3954,1
REC-7F2CC8637E0C1909,TRN-A71E9445DCB9CA6B,U,pooled_joint_rl,rest_3954,1
REC-7F3B354C7BDEA156,TRN-2BBCA0F29D2C2584,U,pooled_joint_rl,rest_3954,1
REC-7F4655A92926ED97,TRN-AFF815A002C993AB,U,pooled_joint_rl,rest_3954,1
REC-7F613FF87FB57E79,TRN-42387751056882B8,U,pooled_joint_rl,rest_3954,1
REC-7F647A6499B4E301,TRN-50DEFBA65BF7E09F,U,pooled_joint_rl,rest_3954,1
REC-7F6C582F2A73CAA0,TRN-DC6DC8BDC5122726,U,pooled_joint_rl,rest_3954,1
REC-7F7EBF9C6185500B,TRN-42442BE38B04C28A,U,pooled_joint_rl,rest_3954,1
REC-7F81223D7CF3B13F,TRN-4002200EE21B66B9,U,pooled_joint_rl,rest_3954,1
REC-7F83480B4AB7AA74,TRN-1997354CF9590942,U,pooled_joint_rl,rest_3954,1
REC-7F836F27D793CA3B,TRN-C455394D3B36D2A5,U,pooled_joint_rl,rest_3954,1
REC-7F85265812C79716,TRN-316F6A56832199A3,U,pooled_joint_rl,rest_3954,1
REC-7FB288C8AE44079D,TRN-2775A3839AA55D2D,U,pooled_joint_rl,rest_3954,1
REC-7FB38567177017AB,TRN-4CAE0C15271A9C80,U,pooled_joint_rl,rest_3954,1
REC-8039CF72A1B97385,TRN-81385E9D922ED94A,U,pooled_joint_rl,rest_3954,1
REC-8046DE5160136664,TRN-D22630017923004C,U,pooled_joint_rl,rest_3954,1
REC-8057238BD8BAACA0,TRN-1E0F264EC201972D,U,pooled_joint_rl,rest_3954,1
REC-8058ABBAF553600B,TRN-0613D2D1290F6F4B,U,pooled_joint_rl,rest_3954,1
REC-80A8A056C92D3C3D,TRN-63B500E5E0BE232A,U,pooled_joint_rl,rest_3954,1
REC-80C04F39BEB4493F,TRN-44E2C11856FB0528,U,pooled_joint_rl,rest_3954,1
REC-80CB28D74AA3AA68,TRN-234665F9412A65B5,U,pooled_joint_rl,rest_3954,1
REC-80CE0C812C1620A0,TRN-1FCC46910D7B1A57,U,pooled_joint_rl,rest_3954,1
REC-80DE676163128353,TRN-A5A9E32594892281,U,pooled_joint_rl,rest_3954,1
REC-8106A1D2019463CE,TRN-1AF5229B5BE43077,U,pooled_joint_rl,rest_3954,1
REC-8109554B16722B4C,TRN-C7D494EE067D4AC3,U,pooled_joint_rl,rest_3954,1
REC-810F6D63B8FEB86F,TRN-BDD829B7A3B367D9,U,pooled_joint_rl,rest_3954,1
REC-8115A68E7C53C0BC,TRN-CDFE8D46C3F4AA3F,U,pooled_joint_rl,rest_3954,1
REC-811B9097ECF6E650,TRN-2A30C7D1D7C37180,U,pooled_joint_rl,rest_3954,1
REC-812B060FA85509E1,TRN-C7E4CFACC041FBEE,U,pooled_joint_rl,rest_3954,1
REC-8135CA7BF9F40F88,TRN-F26E7A16B40117CB,U,pooled_joint_rl,rest_3954,1
REC-815721CC7EB2CE42,TRN-7BD22EB1B98D9EB2,U,pooled_joint_rl,rest_3954,1
REC-8159576EE41E408E,TRN-4243EC964F53A305,U,pooled_joint_rl,rest_3954,1
REC-815C57F6B14D7898,TRN-E1F601013A897B27,U,pooled_joint_rl,rest_3954,1
REC-817DFABA64FCD691,TRN-A6F696E372E37EF1,U,pooled_joint_rl,rest_3954,1
REC-81A3BD4D60E4439B,TRN-EC39B2DA2F145A3C,U,pooled_joint_rl,rest_3954,1
REC-81A94B2EC3204093,TRN-65B4E91B63F3E45B,U,pooled_joint_rl,rest_3954,1
REC-81AA9A45C5694C7B,TRN-BD391BD7777D9581,U,pooled_joint_rl,rest_3954,1
REC-81D168E3AFDD1169,TRN-3676A4D713CBC96D,U,pooled_joint_rl,rest_3954,1
REC-81D72BC55862DFF0,TRN-2049B0CC839303CA,U,pooled_joint_rl,rest_3954,1
REC-81F2548DAD9BA7B5,TRN-2E2E767E31257E98,U,pooled_joint_rl,rest_3954,1
REC-81F34FFE046F2558,TRN-A604F26C84DB125F,U,pooled_joint_rl,rest_3954,1
REC-81F73B157F732ADB,TRN-30F4BF0CA4393B73,U,pooled_joint_rl,rest_3954,1
REC-8208A4B089CFF092,TRN-ABDD2463118EA5F1,U,pooled_joint_rl,rest_3954,1
REC-822CB9141570C631,TRN-C9FA174B8698D92E,U,pooled_joint_rl,rest_3954,1
REC-822E52FC94E0DA8D,TRN-A1712C2514577E60,U,pooled_joint_rl,rest_3954,1
REC-8281074DCA4F14A6,TRN-1A59E942B95669C1,U,pooled_joint_rl,rest_3954,1
REC-829394E3D4E8A0E1,TRN-354250BDD80821E5,U,pooled_joint_rl,rest_3954,1
REC-829D4DEBA5DF6E5D,TRN-068F0A838B392F17,U,pooled_joint_rl,rest_3954,1
REC-82A45EBE22C4556E,TRN-F424599BF6667E7A,U,pooled_joint_rl,rest_3954,1
REC-82AE7577192DCD19,TRN-41651697CC61AB7B,U,pooled_joint_rl,rest_3954,1
REC-82D177ECDF620CAE,TRN-5560451E3BB4DCFF,U,pooled_joint_rl,rest_3954,1
REC-82D1F55DE0AB2854,TRN-AD9AE5DBE30EE922,U,pooled_joint_rl,rest_3954,1
REC-82DF275075AECC6C,TRN-8DDD1D5026D05AF0,U,pooled_joint_rl,rest_3954,1
REC-82E733E346BFD7D9,TRN-7AA8AAE004541C38,U,pooled_joint_rl,rest_3954,1
REC-82F2E56856FD88F3,TRN-8A997DDCFCCCF2DE,U,pooled_joint_rl,rest_3954,1
REC-82F756DD9BA7A1A4,TRN-1F30213652CFFEA9,U,pooled_joint_rl,rest_3954,1
REC-83044D3C71F246A4,TRN-999198992A43883D,U,pooled_joint_rl,rest_3954,1
REC-8305BB844F86C0A4,TRN-52E9961146193706,U,pooled_joint_rl,rest_3954,1
REC-831577DC4E693E46,TRN-F349AF4D7A4F93C9,U,pooled_joint_rl,rest_3954,1
REC-832ACCD3A1AF3077,TRN-DF4BA9B9C38747B5,U,pooled_joint_rl,rest_3954,1
REC-83375B155F1106ED,TRN-49B0CDD2F7D7FD1C,U,pooled_joint_rl,rest_3954,1
REC-8348051F830E0E4C,TRN-6C5BDB0500825757,U,pooled_joint_rl,rest_3954,1
REC-8357FEC2AB02B0CD,TRN-21707FEF50CD9D42,U,pooled_joint_rl,rest_3954,1
REC-8359FA8C8FAEA3B9,TRN-FC9AF328CD08D2EB,U,pooled_joint_rl,rest_3954,1
REC-839AD1C67FEDD564,TRN-3AFD2A2D98D47E5D,U,pooled_joint_rl,rest_3954,1
REC-83B07C3E99667F87,TRN-B53A7A0E173EDBF7,U,pooled_joint_rl,rest_3954,1
REC-83E9801080EB2FD7,TRN-4C58EC16E7AB18A9,U,pooled_joint_rl,rest_3954,1
REC-83FA812DBABC198D,TRN-26644C333BE1BC0F,U,pooled_joint_rl,rest_3954,1
REC-8407E62A7D508670,TRN-201419D4C5BD12BC,U,pooled_joint_rl,rest_3954,1
REC-840CC5177F61ECFE,TRN-7CC326875FCD31B4,U,pooled_joint_rl,rest_3954,1
REC-842BC7084498C7AD,TRN-B8690FC8A14F46E7,U,pooled_joint_rl,rest_3954,1
REC-843662B93A7ABDD7,TRN-7FF55551B8E038C2,U,pooled_joint_rl,rest_3954,1
REC-8437AE689792094F,TRN-D078A4B2FC7E3430,U,pooled_joint_rl,rest_3954,1
REC-8459DFBA440ED458,TRN-F629C8A934EF79DC,U,pooled_joint_rl,rest_3954,1
REC-846AA6064587AB5B,TRN-68C5385F5A7B1954,U,pooled_joint_rl,rest_3954,1
REC-8482FAADE803B9AF,TRN-7BD62A58F00F5E76,U,pooled_joint_rl,rest_3954,1
REC-8486F1DCB2893CF1,TRN-6671889E4DAC4417,U,pooled_joint_rl,rest_3954,1
REC-849DCB8DEDD111CC,TRN-8A9C9A587C7F9A24,U,pooled_joint_rl,rest_3954,1
REC-84AF7F3AF5BF60B8,TRN-A759A8CDB86636A1,U,pooled_joint_rl,rest_3954,1
REC-84B2DD109C2F007C,TRN-21BAED661A711D29,U,pooled_joint_rl,rest_3954,1
REC-84B948A1EE625730,TRN-40807BEECF571D3A,U,pooled_joint_rl,rest_3954,1
REC-84CE61FE2FF395F7,TRN-76C592E9E582E349,U,pooled_joint_rl,rest_3954,1
REC-84D6BC9703573F8D,TRN-3DEB60569AFC3FF6,U,pooled_joint_rl,rest_3954,1
REC-84E26D5224E10F00,TRN-10B97665B2744F7A,U,pooled_joint_rl,rest_3954,1
REC-85085CABD5819758,TRN-98168BFDDBDE5011,U,pooled_joint_rl,rest_3954,1
REC-850EB893BC2E39AB,TRN-89AEF981F5BC3F00,U,pooled_joint_rl,rest_3954,1
REC-851CEA67B6936787,TRN-5B5988912911E087,U,pooled_joint_rl,rest_3954,1
REC-851E6E2FA948A85F,TRN-B07BA084482098AD,U,pooled_joint_rl,rest_3954,1
REC-8550690CA176FDFC,TRN-12FDA60DCAB12B8C,U,pooled_joint_rl,rest_3954,1
REC-855321A50A92616E,TRN-E70700FD66080C6D,U,pooled_joint_rl,rest_3954,1
REC-8570FC95AF934B7C,TRN-38C8425A795AFCD3,U,pooled_joint_rl,rest_3954,1
REC-857F84FF3565AD57,TRN-BC29A6326DE58743,U,pooled_joint_rl,rest_3954,1
REC-857FF3C8F2A0274F,TRN-53E9D9A2F3B0760C,U,pooled_joint_rl,rest_3954,1
REC-85931D6B348E0137,TRN-1CD0C87E2BBFCC41,U,pooled_joint_rl,rest_3954,1
REC-859453C5659D8621,TRN-1FCB411DA5A551D5,U,pooled_joint_rl,rest_3954,1
REC-8597108313B81860,TRN-D9A92452132030CE,U,pooled_joint_rl,rest_3954,1
REC-85972235B85B3C7A,TRN-026D500116AC67AD,U,pooled_joint_rl,rest_3954,1
REC-85A2083A8998B6F9,TRN-4EC77736862B928E,U,pooled_joint_rl,rest_3954,1
REC-85A45F6889CBFDF7,TRN-DAAA1C4DAC5F382D,U,pooled_joint_rl,rest_3954,1
REC-85AA7F872E753485,TRN-E60A76EC36E1F49C,U,pooled_joint_rl,rest_3954,1
REC-85B2095DDFBA9143,TRN-27086D69C14969C6,U,pooled_joint_rl,rest_3954,1
REC-85B763E0E4470DA3,TRN-F2250C7EEF6B7B4B,U,pooled_joint_rl,rest_3954,1
REC-85BEBA3FA4B4D0DB,TRN-97862408B4A75747,U,pooled_joint_rl,rest_3954,1
REC-85BF66B127B2DF4D,TRN-3A772463AEBD9C3E,U,pooled_joint_rl,rest_3954,1
REC-85CB6FF8EA3BA95B,TRN-CD78927F80632D65,U,pooled_joint_rl,rest_3954,1
REC-85F38BCE5E6C8484,TRN-87CB822E2FAD3C07,U,pooled_joint_rl,rest_3954,1
REC-8605460D24B920E5,TRN-E8F5728CC975173B,U,pooled_joint_rl,rest_3954,1
REC-8618DF104D371BFB,TRN-07CF7159F0177DBC,U,pooled_joint_rl,rest_3954,1
REC-8635A68C129AF9CC,TRN-D112C8D4CBEECC44,U,pooled_joint_rl,rest_3954,1
REC-8635B9CFB83D4601,TRN-6B93A589F17A2C6D,U,pooled_joint_rl,rest_3954,1
REC-8635D68B2C5DCBB9,TRN-1B1A7F67E0FF85D8,U,pooled_joint_rl,rest_3954,1
REC-864221957F919DC4,TRN-99B9193F6F4FDF73,U,pooled_joint_rl,rest_3954,1
REC-864D8E8F56F696BA,TRN-BCF07D606346154E,U,pooled_joint_rl,rest_3954,1
REC-867B0DEAC9391AB1,TRN-030B5DCCD043E9F3,U,pooled_joint_rl,rest_3954,1
REC-868644B6C8B9CC81,TRN-79948D8B04D72C57,U,pooled_joint_rl,rest_3954,1
REC-86964CFECCC47F17,TRN-35A3C3C782A4EAE4,U,pooled_joint_rl,rest_3954,1
REC-86995645ACF4F0C7,TRN-75FDCBDF8E26E67D,U,pooled_joint_rl,rest_3954,1
REC-86A9AD972AC6ECB9,TRN-530B1AD4D7F55285,U,pooled_joint_rl,rest_3954,1
REC-86C9040FF6DCCBDE,TRN-36D25675E6E113F5,U,pooled_joint_rl,rest_3954,1
REC-86E173195ED1862E,TRN-24B0FF24652CB745,U,pooled_joint_rl,rest_3954,1
REC-86E4E0820B31498D,TRN-C98D8B4240A50C0B,U,pooled_joint_rl,rest_3954,1
REC-86E90A2E64CDA777,TRN-2DCC3A668EAECD98,U,pooled_joint_rl,rest_3954,1
REC-86FB086DDB6C9EBF,TRN-660D233290310116,U,pooled_joint_rl,rest_3954,1
REC-872361C802F869C8,TRN-8319B4E47F0237C1,U,pooled_joint_rl,rest_3954,1
REC-8727B8BECF4D8EDA,TRN-168018D91962D56F,U,pooled_joint_rl,rest_3954,1
REC-872C47940E210988,TRN-183B3DBF05FD5464,U,pooled_joint_rl,rest_3954,1
REC-874871F7E0561557,TRN-899B5849E39C3A1E,U,pooled_joint_rl,rest_3954,1
REC-87511067AA35AFA1,TRN-7A915869D9513129,U,pooled_joint_rl,rest_3954,1
REC-875482284A55D653,TRN-5CCE0B17765C55F7,U,pooled_joint_rl,rest_3954,1
REC-875E815854D6D5EC,TRN-F117580FE7D6AF2C,U,pooled_joint_rl,rest_3954,1
REC-876ECA00B821B71F,TRN-B44B18BD11C87A7D,U,pooled_joint_rl,rest_3954,1
REC-8796EA7005F41B8E,TRN-C417DA143A8D03D9,U,pooled_joint_rl,rest_3954,1
REC-87A11B0FF30738E9,TRN-763E8D1271C08FE4,U,pooled_joint_rl,rest_3954,1
REC-87AAEC081E1EE37E,TRN-4A9A49FE281112C7,U,pooled_joint_rl,rest_3954,1
REC-87AEF7039F3CBD41,TRN-E57EC0A508E3ED3A,U,pooled_joint_rl,rest_3954,1
REC-87BF924A3A458CBB,TRN-619E0B25EA224F79,U,pooled_joint_rl,rest_3954,1
REC-87C630F26BFEB89A,TRN-025AB13305610894,U,pooled_joint_rl,rest_3954,1
REC-87F2C2B8CDB74386,TRN-39DC3D1863397FAE,U,pooled_joint_rl,rest_3954,1
REC-87F6D20C958851A9,TRN-05E7287CD3F7EB0D,U,pooled_joint_rl,rest_3954,1
REC-87FA3FCACF67036A,TRN-746C0F83E6A74C48,U,pooled_joint_rl,rest_3954,1
REC-88245C1D76F6C415,TRN-24637FB521F2F41A,U,pooled_joint_rl,rest_3954,1
REC-883D9C764392B068,TRN-167EAEEC6795876E,U,pooled_joint_rl,rest_3954,1
REC-8857E29CDB0B8772,TRN-D4CE64EE41C18FA3,U,pooled_joint_rl,rest_3954,1
REC-88639A9121346A1A,TRN-65110ED2864976CE,U,pooled_joint_rl,rest_3954,1
REC-88721FAD0828B12E,TRN-B24988C88FC9702F,U,pooled_joint_rl,rest_3954,1
REC-887D54D729A2EE54,TRN-CEAA7DD74962AA49,U,pooled_joint_rl,rest_3954,1
REC-88821EDF5867A361,TRN-E7AFA931C1F31111,U,pooled_joint_rl,rest_3954,1
REC-888230598D3A34B4,TRN-7E7FEE6E8B48BFA2,U,pooled_joint_rl,rest_3954,1
REC-88927694CC3D2767,TRN-8A1A5DC42A1853A5,U,pooled_joint_rl,rest_3954,1
REC-88F253301E4F7E21,TRN-3BD21FC84DE38576,U,pooled_joint_rl,rest_3954,1
REC-890A7ABEC20669F1,TRN-6116E58E4D00752A,U,pooled_joint_rl,rest_3954,1
REC-890DB4A453EAEDE1,TRN-D0A9B05BAE2261F3,U,pooled_joint_rl,rest_3954,1
REC-8916853E15AD0E3B,TRN-326A74E672F5472B,U,pooled_joint_rl,rest_3954,1
REC-8939E24F6DC1E096,TRN-C4DED6D4EC24B07D,U,pooled_joint_rl,rest_3954,1
REC-893AE224CBE643E7,TRN-E3797CFD18A7C44E,U,pooled_joint_rl,rest_3954,1
REC-893CD2AE34D2508A,TRN-709170F18DFCB16D,U,pooled_joint_rl,rest_3954,1
REC-893EB320BC2606A7,TRN-895B4C4580F53792,U,pooled_joint_rl,rest_3954,1
REC-8947EC2BABF97BF4,TRN-4B3AE67C7EAA3E4D,U,pooled_joint_rl,rest_3954,1
REC-894E7687B181EFCD,TRN-A2637571CB019375,U,pooled_joint_rl,rest_3954,1
REC-898422128EB98DCE,TRN-4FAF2E503A00DDF7,U,pooled_joint_rl,rest_3954,1
REC-899B673F5847A94B,TRN-5F466DB33F60F5E2,U,pooled_joint_rl,rest_3954,1
REC-899ED8AE952989D4,TRN-07DDCE296B55F3BF,U,pooled_joint_rl,rest_3954,1
REC-89AE4840B352FEC1,TRN-267FB3C8E13149AB,U,pooled_joint_rl,rest_3954,1
REC-89B872912F8291DE,TRN-35938A1FE8FCE61C,U,pooled_joint_rl,rest_3954,1
REC-89D2D3BE5818FE2A,TRN-624F3B38F8A30118,U,pooled_joint_rl,rest_3954,1
REC-89E57E362AD7F57A,TRN-407B5B4EAF975886,U,pooled_joint_rl,rest_3954,1
REC-8A047A70F64FEE16,TRN-11255B943E5D891B,U,pooled_joint_rl,rest_3954,1
REC-8A0D5A6839C621FA,TRN-5B3889CFC3D70B38,U,pooled_joint_rl,rest_3954,1
REC-8A14126EDE63D3AC,TRN-206C0FAF18BB91E1,U,pooled_joint_rl,rest_3954,1
REC-8A17794D7DF00D5B,TRN-58B59A930E93421B,U,pooled_joint_rl,rest_3954,1
REC-8A2F4FD1BD65CF5A,TRN-4A90978AF026ACEC,U,pooled_joint_rl,rest_3954,1
REC-8A54689EF3842F93,TRN-D724621AE09A1E87,U,pooled_joint_rl,rest_3954,1
REC-8A627CD0F93E872C,TRN-0602B1A6C3423F60,U,pooled_joint_rl,rest_3954,1
REC-8A70F66B570332CD,TRN-A975D3104EA8913F,U,pooled_joint_rl,rest_3954,1
REC-8A8ECC91FE85B8D5,TRN-7B7D13B649C78F7F,U,pooled_joint_rl,rest_3954,1
REC-8A93ACC965F56ADF,TRN-2E67BF3DAA454446,U,pooled_joint_rl,rest_3954,1
REC-8AA17C8BA3D848AA,TRN-339715FE30A4D7C0,U,pooled_joint_rl,rest_3954,1
REC-8ACC849A0F6C1475,TRN-2B5A7683E6D8DA6B,U,pooled_joint_rl,rest_3954,1
REC-8AD776DA0E17D240,TRN-A2158BDE1ACD5E9D,U,pooled_joint_rl,rest_3954,1
REC-8AD810A7D6364E03,TRN-0B11F53CB8FF6010,U,pooled_joint_rl,rest_3954,1
REC-8ADE649CE400BF90,TRN-FA7EC6586F3677AD,U,pooled_joint_rl,rest_3954,1
REC-8AE0CEBF3E01C29D,TRN-4A4FE58FEDD87C7D,U,pooled_joint_rl,rest_3954,1
REC-8AE2CF9130EDBFF7,TRN-71996E325C3C8B4A,U,pooled_joint_rl,rest_3954,1
REC-8AF620B2E66759C0,TRN-C9219C94A52EF799,U,pooled_joint_rl,rest_3954,1
REC-8AFAA9047E734471,TRN-BCD74748A12C7EC4,U,pooled_joint_rl,rest_3954,1
REC-8B06082A4B28C099,TRN-C1D1FBEC5F9D5BA7,U,pooled_joint_rl,rest_3954,1
REC-8B081EB3405611D9,TRN-5079D49D16D2DE89,U,pooled_joint_rl,rest_3954,1
REC-8B22919697565E56,TRN-F25F7117AB4FE2BF,U,pooled_joint_rl,rest_3954,1
REC-8B29BF9FB87C2378,TRN-2413B0B823DFACE8,U,pooled_joint_rl,rest_3954,1
REC-8B482F9FA82C2F1B,TRN-BCB2E7D346028234,U,pooled_joint_rl,rest_3954,1
REC-8B86178231D3536A,TRN-019652D421B100C4,U,pooled_joint_rl,rest_3954,1
REC-8B9DDA84D719D057,TRN-F6D4CCBA9E587529,U,pooled_joint_rl,rest_3954,1
REC-8BC89F567167B3D9,TRN-14BD9F560F041BF6,U,pooled_joint_rl,rest_3954,1
REC-8BE6D2C95D45D738,TRN-CF3A3948CD39863C,U,pooled_joint_rl,rest_3954,1
REC-8BF0243C185B1C17,TRN-4BE62E40C7DDB20C,U,pooled_joint_rl,rest_3954,1
REC-8C01B436ACCBD558,TRN-BD214A3B4DB89395,U,pooled_joint_rl,rest_3954,1
REC-8C0E059D606CC808,TRN-F83BF355DA6D90B2,U,pooled_joint_rl,rest_3954,1
REC-8C17194DE58CADA3,TRN-67F45EA99AEA2864,U,pooled_joint_rl,rest_3954,1
REC-8C1B5B5A9668B8E7,TRN-813664E0C8888425,U,pooled_joint_rl,rest_3954,1
REC-8C1E8A3A5E9EDCAC,TRN-7DA89B9C69083662,U,pooled_joint_rl,rest_3954,1
REC-8C2F7D3A944FAB0A,TRN-33B3DA61CE9C3568,U,pooled_joint_rl,rest_3954,1
REC-8C2FAD985E22E3E4,TRN-019C7905985B9D71,U,pooled_joint_rl,rest_3954,1
REC-8C5FC06EC96A1479,TRN-924961EE383E6CED,U,pooled_joint_rl,rest_3954,1
REC-8C612AE62E6F5F67,TRN-30347A8A5FF2AEEF,U,pooled_joint_rl,rest_3954,1
REC-8C78446199615336,TRN-775EBC747BFFF6C6,U,pooled_joint_rl,rest_3954,1
REC-8C7A407BCE21E188,TRN-6A611CF89300334F,U,pooled_joint_rl,rest_3954,1
REC-8C8B8B8D8C9E8E17,TRN-0AAAE2E89412AF89,U,pooled_joint_rl,rest_3954,1
REC-8C9348EF3D9E51AE,TRN-E7879AC04366A3D8,U,pooled_joint_rl,rest_3954,1
REC-8C9ACCB8F037C5F6,TRN-5998A80F70353E0D,U,pooled_joint_rl,rest_3954,1
REC-8CBDDA498AA32213,TRN-C35823EC642E5E03,U,pooled_joint_rl,rest_3954,1
REC-8CCCE3FFCE469773,TRN-4DA539E822293085,U,pooled_joint_rl,rest_3954,1
REC-8CD8B714308A03F3,TRN-58BF954F635CB2CB,U,pooled_joint_rl,rest_3954,1
REC-8CF2136344FB45A5,TRN-FDB7015C11572486,U,pooled_joint_rl,rest_3954,1
REC-8D06128BDC35F3EE,TRN-0563FE1662C78917,U,pooled_joint_rl,rest_3954,1
REC-8D14CAFA279D2D76,TRN-D3D6DCD739A37D9C,U,pooled_joint_rl,rest_3954,1
REC-8D218FBF33E15E98,TRN-10E4ECB17F7E8531,U,pooled_joint_rl,rest_3954,1
REC-8D2878D30D767D85,TRN-DB5C1F58E5098C92,U,pooled_joint_rl,rest_3954,1
REC-8D3E8554E1131854,TRN-30CC3E0E68C19A9E,U,pooled_joint_rl,rest_3954,1
REC-8D45AB3C3EDC2F91,TRN-6F8C6E9D0C5ABA85,U,pooled_joint_rl,rest_3954,1
REC-8D5082283C21D5BE,TRN-A2D185C8A4861D12,U,pooled_joint_rl,rest_3954,1
REC-8D62DCF6C4A7EA7F,TRN-732DF8E9B24C1262,U,pooled_joint_rl,rest_3954,1
REC-8D870724F383C084,TRN-968FDED0CFD8EDBF,U,pooled_joint_rl,rest_3954,1
REC-8D8A7ACFF62F7031,TRN-C57C3856D7CC813C,U,pooled_joint_rl,rest_3954,1
REC-8D9D33F3C81617BB,TRN-5FE123B1B4EF15DE,U,pooled_joint_rl,rest_3954,1
REC-8DB67B5540027939,TRN-F928AF8F81FF864B,U,pooled_joint_rl,rest_3954,1
REC-8DC0BADB2451B0C1,TRN-0D9BFA4C905595CA,U,pooled_joint_rl,rest_3954,1
REC-8DDEED6D3601093B,TRN-BD4B3EF6F6AFFC41,U,pooled_joint_rl,rest_3954,1
REC-8DFF11B8DFF20AB3,TRN-EE6D7F526B4CB9BD,U,pooled_joint_rl,rest_3954,1
REC-8E011AC1327A91F7,TRN-A39458E728C183C8,U,pooled_joint_rl,rest_3954,1
REC-8E2027EB0B81D4F9,TRN-D8DC11DD50F12C16,U,pooled_joint_rl,rest_3954,1
REC-8E28FA652AEF797C,TRN-C5F09740BBCA8707,U,pooled_joint_rl,rest_3954,1
REC-8E29C4B8550E2732,TRN-A5BB4BFE67A33083,U,pooled_joint_rl,rest_3954,1
REC-8E2E62B46EFCABF5,TRN-83E5E658C0A1FD0E,U,pooled_joint_rl,rest_3954,1
REC-8E30D50059DDF31A,TRN-858CE0237FFE5387,U,pooled_joint_rl,rest_3954,1
REC-8E4866B0C35A0D01,TRN-28EB621B596E6D59,U,pooled_joint_rl,rest_3954,1
REC-8E5387DD598920A4,TRN-C85C21EBD54366CA,U,pooled_joint_rl,rest_3954,1
REC-8E644CB357E7D6A3,TRN-6A0AD2C9B6692A20,U,pooled_joint_rl,rest_3954,1
REC-8E6DA08252553F69,TRN-5F5EB9484E986AE3,U,pooled_joint_rl,rest_3954,1
REC-8E6E33BD8A68A279,TRN-07137974CC0EB431,U,pooled_joint_rl,rest_3954,1
REC-8EB2F9A8F94E0A56,TRN-AB3C77CF69FB7DE7,U,pooled_joint_rl,rest_3954,1
REC-8ECC0FAFC99787AE,TRN-42E7E56AAB978330,U,pooled_joint_rl,rest_3954,1
REC-8ED000EB70F0C2A4,TRN-EC3A3889DA7FC984,U,pooled_joint_rl,rest_3954,1
REC-8EF3692ECEF2C035,TRN-61A58BFC065A8576,U,pooled_joint_rl,rest_3954,1
REC-8EFF1707664D120F,TRN-5321BF57878F8E30,U,pooled_joint_rl,rest_3954,1
REC-8F15C5CE312EB858,TRN-311C0D67FBF11918,U,pooled_joint_rl,rest_3954,1
REC-8F23165DA41A5A47,TRN-18E80B1D3F6679F6,U,pooled_joint_rl,rest_3954,1
REC-8F5CCA6614197E7B,TRN-D05947F73541D62F,U,pooled_joint_rl,rest_3954,1
REC-8F7FA309BB7C69F2,TRN-D8182EEDDBB3D729,U,pooled_joint_rl,rest_3954,1
REC-8F841A802AB21E31,TRN-3423F237FD7E8084,U,pooled_joint_rl,rest_3954,1
REC-8F936C3134B90E91,TRN-B52073AE07A3BB84,U,pooled_joint_rl,rest_3954,1
REC-8F9A29727C7C1B40,TRN-7B8BA4ECBFD6F34F,U,pooled_joint_rl,rest_3954,1
REC-8F9B23AC2740C170,TRN-8E1C302E9B2977A9,U,pooled_joint_rl,rest_3954,1
REC-8FACAA0C6DDFCD7A,TRN-47104FE61E14B488,U,pooled_joint_rl,rest_3954,1
REC-8FC44DE28EBD9E92,TRN-403C87D0049C1771,U,pooled_joint_rl,rest_3954,1
REC-8FD50E6FBA690BB4,TRN-F580773184EC28FC,U,pooled_joint_rl,rest_3954,1
REC-8FD6D0158337D401,TRN-C38DE18171C9ABDF,U,pooled_joint_rl,rest_3954,1
REC-8FEC9FE43F8A6DFF,TRN-F4ED2547E685C038,U,pooled_joint_rl,rest_3954,1
REC-8FEE2595B74FC574,TRN-568D7E793F95FBF7,U,pooled_joint_rl,rest_3954,1
REC-8FEF87DCD4B8DFD9,TRN-ECFADA87453B6773,U,pooled_joint_rl,rest_3954,1
REC-8FFD64C105F830D2,TRN-61A8541FB764DF3B,U,pooled_joint_rl,rest_3954,1
REC-9037B4372A1A32D3,TRN-CAAB1B3917851F21,U,pooled_joint_rl,rest_3954,1
REC-90524633D4BA18C7,TRN-85A3FFC320F211A2,U,pooled_joint_rl,rest_3954,1
REC-905FE97F28718491,TRN-E624CAA0A7F36CF5,U,pooled_joint_rl,rest_3954,1
REC-9071EA43BB44C18A,TRN-194988A4BA8CA249,U,pooled_joint_rl,rest_3954,1
REC-90730567EC604A3C,TRN-6729254444CA8F98,U,pooled_joint_rl,rest_3954,1
REC-907815FE29207DA2,TRN-320988514D224F65,U,pooled_joint_rl,rest_3954,1
REC-9088242D89E3C2B3,TRN-BED70D39BBCB58E3,U,pooled_joint_rl,rest_3954,1
REC-908B65E4CD9D86DA,TRN-5CB0471BE020E1CD,U,pooled_joint_rl,rest_3954,1
REC-9098E7EF5C330969,TRN-EE26F82E3C15F1A3,U,pooled_joint_rl,rest_3954,1
REC-909AAE1EE80A45B4,TRN-CD1D433884AF5314,U,pooled_joint_rl,rest_3954,1
REC-90AF46BDB08CA284,TRN-C2AA25AB18A709C0,U,pooled_joint_rl,rest_3954,1
REC-90BBA8F712AC9328,TRN-BB325A7DCFFF8A75,U,pooled_joint_rl,rest_3954,1
REC-90D92AF351BC3510,TRN-1BE948C727D7B1E3,U,pooled_joint_rl,rest_3954,1
REC-90F4C031319485CE,TRN-CF5A9FF1CA35AB8A,U,pooled_joint_rl,rest_3954,1
REC-91031F9CBED56C4C,TRN-6C8164E0507B73F6,U,pooled_joint_rl,rest_3954,1
REC-91069BA1FD14415C,TRN-EA4E141B385243D8,U,pooled_joint_rl,rest_3954,1
REC-910D3E5335F766DC,TRN-A12E3C95C090687E,U,pooled_joint_rl,rest_3954,1
REC-911490558DA4FA79,TRN-39B7F7ED31E37C89,U,pooled_joint_rl,rest_3954,1
REC-911864A22E0F7759,TRN-DBEF4375DC897B00,U,pooled_joint_rl,rest_3954,1
REC-911C2F4C54463C43,TRN-54B823C5CF1BC69F,U,pooled_joint_rl,rest_3954,1
REC-91355FCC990F8CF8,TRN-E48B47F1C8AF5824,U,pooled_joint_rl,rest_3954,1
REC-913B19215E023FF1,TRN-2D6EF2968F0AD07E,U,pooled_joint_rl,rest_3954,1
REC-915770DFAA6C5B94,TRN-323C95B085F3D4FA,U,pooled_joint_rl,rest_3954,1
REC-916184160358FFC4,TRN-DD2F31E4F8269FE7,U,pooled_joint_rl,rest_3954,1
REC-916303C1AADFCD2C,TRN-24B2594A5C27ABCF,U,pooled_joint_rl,rest_3954,1
REC-9177592F985811ED,TRN-FD48E5A724104279,U,pooled_joint_rl,rest_3954,1
REC-91980ECEA67F7207,TRN-D5611DEFB1EF2976,U,pooled_joint_rl,rest_3954,1
REC-91A49D74AE56AE63,TRN-2898A218BF319100,U,pooled_joint_rl,rest_3954,1
REC-91CB62DAA682246B,TRN-97CF52A86697C92A,U,pooled_joint_rl,rest_3954,1
REC-91D7B7BAD97528C8,TRN-F3DEA92ACD91E00B,U,pooled_joint_rl,rest_3954,1
REC-91D978B28101DC9D,TRN-DE1167D85C73EA92,U,pooled_joint_rl,rest_3954,1
REC-91F5F38BBB3D881F,TRN-03CEA5FAB3FFDA0C,U,pooled_joint_rl,rest_3954,1
REC-91F8BFA7ADC2A07F,TRN-8D8A4B48AEC91518,U,pooled_joint_rl,rest_3954,1
REC-9215BC24603DBD3D,TRN-5AB4C6ACEC8AAC22,U,pooled_joint_rl,rest_3954,1
REC-921FD1B7AF2BE7CD,TRN-ECD43A7BBCA55A3C,U,pooled_joint_rl,rest_3954,1
REC-922E9CC61392372D,TRN-D873828FA6B079DC,U,pooled_joint_rl,rest_3954,1
REC-9244A858A5EA718B,TRN-2A3278916430B90D,U,pooled_joint_rl,rest_3954,1
REC-924979C7F442D664,TRN-9A5F895268DB4F84,U,pooled_joint_rl,rest_3954,1
REC-9249898D877802F8,TRN-0AF054FEF88A0C04,U,pooled_joint_rl,rest_3954,1
REC-927949A9D1EE727D,TRN-7F122D1D0E9106BF,U,pooled_joint_rl,rest_3954,1
REC-927AE562156DC31C,TRN-88639D64CF4BABA3,U,pooled_joint_rl,rest_3954,1
REC-92907B5A65D40673,TRN-789B698725F56014,U,pooled_joint_rl,rest_3954,1
REC-92962689545530AD,TRN-AFC0BFF26A8E81D5,U,pooled_joint_rl,rest_3954,1
REC-9296D1AF61F409EC,TRN-167EDAC42280795B,U,pooled_joint_rl,rest_3954,1
REC-92A024A2C24F3670,TRN-99E6314730B7E285,U,pooled_joint_rl,rest_3954,1
REC-92EB78EF6EBDE990,TRN-4E6BF26D5CF72741,U,pooled_joint_rl,rest_3954,1
REC-92EFC383677B4792,TRN-7091D3B1B4422691,U,pooled_joint_rl,rest_3954,1
REC-9305839E2857B913,TRN-C352218B6A53EC1A,U,pooled_joint_rl,rest_3954,1
REC-9316352E055698CA,TRN-BADB3ED992A7BDEE,U,pooled_joint_rl,rest_3954,1
REC-931E12DCA9E7D32F,TRN-3E96791AB4A6A8CA,U,pooled_joint_rl,rest_3954,1
REC-9324F6D082F9B453,TRN-11BE8B93E840D030,U,pooled_joint_rl,rest_3954,1
REC-936EBDF010EE857F,TRN-D005B621F5BDEF50,U,pooled_joint_rl,rest_3954,1
REC-937EF62709315048,TRN-8B196FE177C8473E,U,pooled_joint_rl,rest_3954,1
REC-939DB8EF8678278C,TRN-284E727961C3BD7E,U,pooled_joint_rl,rest_3954,1
REC-93CBA362C4600485,TRN-9F54B1F5F29E782E,U,pooled_joint_rl,rest_3954,1
REC-93E66BE85247C1D0,TRN-03B405BC07EE61EF,U,pooled_joint_rl,rest_3954,1
REC-93EE9A30CC88428A,TRN-A381B35BC894DEF0,U,pooled_joint_rl,rest_3954,1
REC-93F899DDC497D4B8,TRN-F3F1AE51695EB92D,U,pooled_joint_rl,rest_3954,1
REC-941463D2FEF086DE,TRN-0DF79E2A7C650E90,U,pooled_joint_rl,rest_3954,1
REC-94153DF1EEFD8193,TRN-8752ACAC9D87E1BB,U,pooled_joint_rl,rest_3954,1
REC-942B61C5976B286D,TRN-F9B254DB44819BE8,U,pooled_joint_rl,rest_3954,1
REC-943634AB065137F1,TRN-877E497938F27B72,U,pooled_joint_rl,rest_3954,1
REC-944EB346AAC51FE0,TRN-A9F283D9C5BF37C1,U,pooled_joint_rl,rest_3954,1
REC-945396082C583199,TRN-DFCE22C6C2F0AEF4,U,pooled_joint_rl,rest_3954,1
REC-945EA4D5B4E895F5,TRN-542B7519BC729643,U,pooled_joint_rl,rest_3954,1
REC-94886294444B96C7,TRN-0D320DB4628D4C6B,U,pooled_joint_rl,rest_3954,1
REC-948B3412C2576593,TRN-D6279033B9ACD401,U,pooled_joint_rl,rest_3954,1
REC-94A01116E5D7B28B,TRN-2EAE26AE1B625946,U,pooled_joint_rl,rest_3954,1
REC-94B6FD58F0B833A6,TRN-13211C424437E2BF,U,pooled_joint_rl,rest_3954,1
REC-94C662E68E2BE421,TRN-155958202A6A46A8,U,pooled_joint_rl,rest_3954,1
REC-94F56278FD6116EE,TRN-01AC80128EDC94BD,U,pooled_joint_rl,rest_3954,1
REC-94FE1A256E221B41,TRN-800B26326CFF18A4,U,pooled_joint_rl,rest_3954,1
REC-94FE718F3D7039EA,TRN-57F8332DDD6BEC5C,U,pooled_joint_rl,rest_3954,1
REC-950BB3A5755E7493,TRN-4F26043FD0283B23,U,pooled_joint_rl,rest_3954,1
REC-951187000BA85822,TRN-4DA0F35C41E12CA7,U,pooled_joint_rl,rest_3954,1
REC-9511EF44496984E4,TRN-E1AF7266953D5305,U,pooled_joint_rl,rest_3954,1
REC-9516E8C71EA9C7A1,TRN-8F0E0EA850940E84,U,pooled_joint_rl,rest_3954,1
REC-9537D5212F358D59,TRN-8858B33E8A794A4E,U,pooled_joint_rl,rest_3954,1
REC-95467139C0EA666A,TRN-F4B2778AC6C53E05,U,pooled_joint_rl,rest_3954,1
REC-954CE75D549D18C6,TRN-5F5642040040DC66,U,pooled_joint_rl,rest_3954,1
REC-9557F26046F1DF30,TRN-EA9CD0EAAB65D666,U,pooled_joint_rl,rest_3954,1
REC-955DC5D5E93BF909,TRN-0043FAC05466F21F,U,pooled_joint_rl,rest_3954,1
REC-955E3401DEAABFB3,TRN-FF2141C77914FB64,U,pooled_joint_rl,rest_3954,1
REC-956357E9016A8AFA,TRN-7EA18C6ED0671C81,U,pooled_joint_rl,rest_3954,1
REC-956B27AA550DD395,TRN-24E163F8D5265076,U,pooled_joint_rl,rest_3954,1
REC-9573751CC5D86B7F,TRN-3C5FCD86812E0907,U,pooled_joint_rl,rest_3954,1
REC-958FA6C3260142EE,TRN-B4707901F50FBCFF,U,pooled_joint_rl,rest_3954,1
REC-95ADACCD7F8AEF66,TRN-39B47F28414241AD,U,pooled_joint_rl,rest_3954,1
REC-95C5AE74FBA8AE36,TRN-E89E61AA09AC1B6D,U,pooled_joint_rl,rest_3954,1
REC-95CF08BEEF2542ED,TRN-9CF53B63A033422D,U,pooled_joint_rl,rest_3954,1
REC-95D8B33A209701A0,TRN-3D05B9FA26F9204B,U,pooled_joint_rl,rest_3954,1
REC-95E7269D512DB9B1,TRN-04BC74D0A5529CD3,U,pooled_joint_rl,rest_3954,1
REC-95E76D58B83E4236,TRN-F3B48C2E6980886A,U,pooled_joint_rl,rest_3954,1
REC-95F0F29F482570B4,TRN-38D757EDDD6FD327,U,pooled_joint_rl,rest_3954,1
REC-96036A3E81237CE6,TRN-8145174F87C324D0,U,pooled_joint_rl,rest_3954,1
REC-96046D300E48B3BC,TRN-255DF09CA43FB587,U,pooled_joint_rl,rest_3954,1
REC-960CE3EA3D565A28,TRN-33AFF46E5DF90A9E,U,pooled_joint_rl,rest_3954,1
REC-9616F6D2D775CC6A,TRN-8AA39EA28E36813B,U,pooled_joint_rl,rest_3954,1
REC-961B4BC907F6E067,TRN-4F90C8A24D31EFF4,U,pooled_joint_rl,rest_3954,1
REC-9635404C78C77A26,TRN-586A28E308D09966,U,pooled_joint_rl,rest_3954,1
REC-963AE05180081CC3,TRN-BFA6AB590A5CA165,U,pooled_joint_rl,rest_3954,1
REC-964A61309D01E931,TRN-1016ADDDF12BFBA2,U,pooled_joint_rl,rest_3954,1
REC-965CB3E87007B3FE,TRN-0FD2F2C8613F4654,U,pooled_joint_rl,rest_3954,1
REC-96652D5CCD341404,TRN-602B550F84391AA7,U,pooled_joint_rl,rest_3954,1
REC-96BE9A76E72DCE54,TRN-A824A8D8DBAC9B13,U,pooled_joint_rl,rest_3954,1
REC-96CABE3777DB2EF6,TRN-CE863E2916F5AF96,U,pooled_joint_rl,rest_3954,1
REC-96D136E8E7B5A740,TRN-E56E9F0549BBA39D,U,pooled_joint_rl,rest_3954,1
REC-96D3AC6F860C8779,TRN-A8A6E329115092DF,U,pooled_joint_rl,rest_3954,1
REC-96D6CF7DB0E1C9F0,TRN-9A983074370E25ED,U,pooled_joint_rl,rest_3954,1
REC-96EA8BB100FC3368,TRN-2FAF505CF5CC12E2,U,pooled_joint_rl,rest_3954,1
REC-96EFC38E965ACC5D,TRN-4144CD7CE024CB21,U,pooled_joint_rl,rest_3954,1
REC-96F9B74EB704EB73,TRN-8585BC2E10CFD044,U,pooled_joint_rl,rest_3954,1
REC-971D2E90202E6FEB,TRN-9838BC586A199E64,U,pooled_joint_rl,rest_3954,1
REC-97395B9FE3EA9FB6,TRN-2B4D9E16F50E6FE7,U,pooled_joint_rl,rest_3954,1
REC-973E886CAC3D5D9F,TRN-F424ECD24AAA5B80,U,pooled_joint_rl,rest_3954,1
REC-9760FA40797CD83F,TRN-ED2B72EF8948D458,U,pooled_joint_rl,rest_3954,1
REC-977DB85E07909EBA,TRN-B5406AF25F65DC2B,U,pooled_joint_rl,rest_3954,1
REC-97849DB999698E8C,TRN-13E05C41222FE183,U,pooled_joint_rl,rest_3954,1
REC-979B479B3B0D018E,TRN-807ED8B1B9089981,U,pooled_joint_rl,rest_3954,1
REC-97AF92A6A2E560B6,TRN-361A6AA8564B0FDF,U,pooled_joint_rl,rest_3954,1
REC-97B5F76197EA1D5C,TRN-821E566776C9874D,U,pooled_joint_rl,rest_3954,1
REC-97B7A8D5D9957C82,TRN-3F19E9D450499AFC,U,pooled_joint_rl,rest_3954,1
REC-97C5E6BE29CC9E60,TRN-07D8CF29D14A3034,U,pooled_joint_rl,rest_3954,1
REC-97EA3A72AA3C3FE1,TRN-65D4100FB75676F7,U,pooled_joint_rl,rest_3954,1
REC-97EB1BC83A0523C9,TRN-BBC0BC3D2146DD11,U,pooled_joint_rl,rest_3954,1
REC-97FCF5BC4C857CD4,TRN-EB7BFAD827589CD4,U,pooled_joint_rl,rest_3954,1
REC-981210B67B336CB0,TRN-B46EE66B4C775FFD,U,pooled_joint_rl,rest_3954,1
REC-9818C9EB63A2CAA2,TRN-03414D971A3E5A16,U,pooled_joint_rl,rest_3954,1
REC-982A6926467AE48F,TRN-E251C68F8496ECBF,U,pooled_joint_rl,rest_3954,1
REC-98340827656AC3FA,TRN-5335C5B09B887548,U,pooled_joint_rl,rest_3954,1
REC-98346184C3C10A2E,TRN-28C5988783FCD43C,U,pooled_joint_rl,rest_3954,1
REC-9846B1C512E090E3,TRN-BEC90F1FD7F8E7FC,U,pooled_joint_rl,rest_3954,1
REC-98479F92C84D116F,TRN-59ACA6F9707A5E4C,U,pooled_joint_rl,rest_3954,1
REC-984E5EABAA9AD824,TRN-73DB29DF8E486EA5,U,pooled_joint_rl,rest_3954,1
REC-9857B61BCDDD60E6,TRN-5CF6200F90D58609,U,pooled_joint_rl,rest_3954,1
REC-985BC91164A89857,TRN-722B6DB253B14D29,U,pooled_joint_rl,rest_3954,1
REC-985E712C08EEE6F4,TRN-265B34E692955B12,U,pooled_joint_rl,rest_3954,1
REC-985F6E19BBF24FA2,TRN-6FA6CC680B813BAB,U,pooled_joint_rl,rest_3954,1
REC-98774EA755F2DD9A,TRN-DA2113600DA2391B,U,pooled_joint_rl,rest_3954,1
REC-9880DF9577636E56,TRN-0A132461115415C9,U,pooled_joint_rl,rest_3954,1
REC-989878E1F790A514,TRN-718786813FD0ED73,U,pooled_joint_rl,rest_3954,1
REC-98B1680C6E417010,TRN-853074DB70EE6B8C,U,pooled_joint_rl,rest_3954,1
REC-98E35D198CB42C7B,TRN-3B411886679ACA31,U,pooled_joint_rl,rest_3954,1
REC-992CADD412CE7F8D,TRN-28A8B639B1CE87C0,U,pooled_joint_rl,rest_3954,1
REC-992F7585A22E2083,TRN-75CB51A8EC29833C,U,pooled_joint_rl,rest_3954,1
REC-9946448ED3B36397,TRN-C010981D3E4B8D87,U,pooled_joint_rl,rest_3954,1
REC-99572AD979E80B8A,TRN-26193061FABC1FCA,U,pooled_joint_rl,rest_3954,1
REC-99578C4A9BF4C4F3,TRN-4579B9F4A6D77A2D,U,pooled_joint_rl,rest_3954,1
REC-996E5ED0F777503E,TRN-3D3B7ADFE299E325,U,pooled_joint_rl,rest_3954,1
REC-996F72D4B3D3E955,TRN-43053812B93BB9A0,U,pooled_joint_rl,rest_3954,1
REC-9970DE5AC164950D,TRN-9758458A1BE5A9F7,U,pooled_joint_rl,rest_3954,1
REC-99881E954091D438,TRN-7C6F872236C2A6FE,U,pooled_joint_rl,rest_3954,1
REC-99B4098DF9AE2757,TRN-D5D6D1E9B69DF65B,U,pooled_joint_rl,rest_3954,1
REC-99BE6FC543B6028F,TRN-EBF650FCEEA42CE6,U,pooled_joint_rl,rest_3954,1
REC-99D6D145CA9D83DC,TRN-032139F0E1483366,U,pooled_joint_rl,rest_3954,1
REC-99F6FDA98F7D70A6,TRN-1F2A4801D9D7C233,U,pooled_joint_rl,rest_3954,1
REC-9A0B7166D900CBBA,TRN-F6FCABCCFCC5C9BB,U,pooled_joint_rl,rest_3954,1
REC-9A13BF78D9F1E347,TRN-7FA71FAB302D71D7,U,pooled_joint_rl,rest_3954,1
REC-9A3890C7784162E0,TRN-3F14D0D0562C7C4F,U,pooled_joint_rl,rest_3954,1
REC-9A3A564297964900,TRN-813841836EB3FF16,U,pooled_joint_rl,rest_3954,1
REC-9A4805518B3BE73C,TRN-D6A1F43C3FC256DB,U,pooled_joint_rl,rest_3954,1
REC-9A4E40AFE6C58944,TRN-6FDC96C4639AACCB,U,pooled_joint_rl,rest_3954,1
REC-9A698B48955EBBC0,TRN-3EFA4A8D33BBF29B,U,pooled_joint_rl,rest_3954,1
REC-9A8ADC94B1B5D2E4,TRN-1C4C8DA3260DC737,U,pooled_joint_rl,rest_3954,1
REC-9AB126016FB6B223,TRN-791B588F192C23B0,U,pooled_joint_rl,rest_3954,1
REC-9AB580608D6BB5E1,TRN-C4CD72C34EAE7A48,U,pooled_joint_rl,rest_3954,1
REC-9AD372F56401A6AC,TRN-4921B21164C69498,U,pooled_joint_rl,rest_3954,1
REC-9ADF82D1E835F249,TRN-08EF9FCB2E823C34,U,pooled_joint_rl,rest_3954,1
REC-9AF6A2AD8CD3998D,TRN-89117EFE4DC491EB,U,pooled_joint_rl,rest_3954,1
REC-9B0DDCD9E7285714,TRN-14D1F1F48EC04B98,U,pooled_joint_rl,rest_3954,1
REC-9B10104DD126EC69,TRN-C95971AC923CA491,U,pooled_joint_rl,rest_3954,1
REC-9B308DE69F0BCB64,TRN-4EBEFA8A237D76F3,U,pooled_joint_rl,rest_3954,1
REC-9B3BFF9345BBDC62,TRN-6238FA10901BF2EE,U,pooled_joint_rl,rest_3954,1
REC-9B483E0D59DB052D,TRN-AEA1C5C704D587F6,U,pooled_joint_rl,rest_3954,1
REC-9B50A1A2396D2950,TRN-22D99FBE0E8E44F0,U,pooled_joint_rl,rest_3954,1
REC-9B54F1C17F8B763F,TRN-A5C1D2AE0405B655,U,pooled_joint_rl,rest_3954,1
REC-9B618E71E8D09E49,TRN-8B650CA4DC2A8F41,U,pooled_joint_rl,rest_3954,1
REC-9B7854341C5D553D,TRN-CCA0468F2D2751DF,U,pooled_joint_rl,rest_3954,1
REC-9B94E8240D5B4E5F,TRN-F26A78270E158625,U,pooled_joint_rl,rest_3954,1
REC-9BAFC8C7417B8162,TRN-7F954A922F5C298B,U,pooled_joint_rl,rest_3954,1
REC-9BB028A592E80C17,TRN-87DB733299841FF3,U,pooled_joint_rl,rest_3954,1
REC-9BE2437078539EAF,TRN-7E2CA58744E45742,U,pooled_joint_rl,rest_3954,1
REC-9BEEC8382F915706,TRN-E414589C331845AC,U,pooled_joint_rl,rest_3954,1
REC-9BF7BDD7DE0DD0AE,TRN-FC7FAE01C3EAA9C4,U,pooled_joint_rl,rest_3954,1
REC-9BF9C21051C00CA5,TRN-35BAE06C9BBCB366,U,pooled_joint_rl,rest_3954,1
REC-9C0435774FB2B548,TRN-51C129B334596738,U,pooled_joint_rl,rest_3954,1
REC-9C3C07D56C8EA73C,TRN-663422B83529E02E,U,pooled_joint_rl,rest_3954,1
REC-9C4A8D52BBD11D80,TRN-CBA1ED6324627834,U,pooled_joint_rl,rest_3954,1
REC-9C4B695B0F46EB16,TRN-67917B12CE159FC6,U,pooled_joint_rl,rest_3954,1
REC-9C60444DBF12A23E,TRN-42A2AF8F0BEB3C32,U,pooled_joint_rl,rest_3954,1
REC-9C6B3EFE67A83272,TRN-38943DFEF81D45CC,U,pooled_joint_rl,rest_3954,1
REC-9CA19F2838CD1313,TRN-77CFCF456B719095,U,pooled_joint_rl,rest_3954,1
REC-9CC8FC81DD95B08D,TRN-DB53870F6399464F,U,pooled_joint_rl,rest_3954,1
REC-9CF94A13E643BC70,TRN-09D4A31D64B96966,U,pooled_joint_rl,rest_3954,1
REC-9D23E3BDEB0340D7,TRN-F681D0D50FF63306,U,pooled_joint_rl,rest_3954,1
REC-9D253A19B1817AE1,TRN-4D9C22691123801E,U,pooled_joint_rl,rest_3954,1
REC-9D260B7E000EE1A9,TRN-CD9D8AA9BBAAC6D3,U,pooled_joint_rl,rest_3954,1
REC-9D4052BB609C3DB8,TRN-1A437046B7CC1B9C,U,pooled_joint_rl,rest_3954,1
REC-9D40F933756F349B,TRN-A88B4A650A4E9DC5,U,pooled_joint_rl,rest_3954,1
REC-9D4FF1067D3A5A9A,TRN-BD0B808E5F441E70,U,pooled_joint_rl,rest_3954,1
REC-9D5EDF89817DE0C2,TRN-4D21626656B2B29F,U,pooled_joint_rl,rest_3954,1
REC-9D6D444ECE4A59FE,TRN-DBBF2F77F8BEF495,U,pooled_joint_rl,rest_3954,1
REC-9D6D47E1BB8C4B58,TRN-B1FFEBFCBDBA21B6,U,pooled_joint_rl,rest_3954,1
REC-9D6EEEAFC35A9DDB,TRN-7CDBD0BFA34320BF,U,pooled_joint_rl,rest_3954,1
REC-9D71E0C0534DB88C,TRN-22AE9069E4A3C7ED,U,pooled_joint_rl,rest_3954,1
REC-9D72A05A46B92BF4,TRN-A67E2308A5DAE091,U,pooled_joint_rl,rest_3954,1
REC-9DC05CCB1E4386AE,TRN-159CE4F5FEE10264,U,pooled_joint_rl,rest_3954,1
REC-9DC8FF94B29B2C0C,TRN-2C29734EAFCEE6FE,U,pooled_joint_rl,rest_3954,1
REC-9DD96529545D8E93,TRN-54564EE222334F67,U,pooled_joint_rl,rest_3954,1
REC-9DEFADAEE61F37F8,TRN-77358E2A1EF10918,U,pooled_joint_rl,rest_3954,1
REC-9E1F0C58AB3B4816,TRN-41ABE7A323BE1908,U,pooled_joint_rl,rest_3954,1
REC-9E26D93F4E70BC27,TRN-0A9FE7AA0C72C4DB,U,pooled_joint_rl,rest_3954,1
REC-9E3B63C3473A2203,TRN-FE5F1D2BCE6E3D6A,U,pooled_joint_rl,rest_3954,1
REC-9E59C53D303F7EEB,TRN-A2CA6E8EF068640E,U,pooled_joint_rl,rest_3954,1
REC-9E6342315B9DD4F8,TRN-B058D632FD6DA67F,U,pooled_joint_rl,rest_3954,1
REC-9E65119E754AEA28,TRN-FC07AD83D5ACFAAA,U,pooled_joint_rl,rest_3954,1
REC-9E666043A75D9CC1,TRN-880F770252345A46,U,pooled_joint_rl,rest_3954,1
REC-9E6EE420A68626BB,TRN-ED2AF976AAA329EC,U,pooled_joint_rl,rest_3954,1
REC-9E80A93E36BA4BF1,TRN-34F870509EAE18A7,U,pooled_joint_rl,rest_3954,1
REC-9E9E459E72AC3D05,TRN-E9F30870B2FF76B4,U,pooled_joint_rl,rest_3954,1
REC-9EA0E4D54BBFBFE0,TRN-59DDF97A9A22F99E,U,pooled_joint_rl,rest_3954,1
REC-9EA0F15DED7D8618,TRN-E45BC4AF97317E19,U,pooled_joint_rl,rest_3954,1
REC-9EB48E36D70A10D3,TRN-A246C5F4644287B3,U,pooled_joint_rl,rest_3954,1
REC-9EC4ABD826F315D0,TRN-4AEE783CACCE62D2,U,pooled_joint_rl,rest_3954,1
REC-9ED73A001519A251,TRN-E801B53EDBD9F8B6,U,pooled_joint_rl,rest_3954,1
REC-9EDC8F1ED9CABFFF,TRN-EEA038D705DDD6B0,U,pooled_joint_rl,rest_3954,1
REC-9F20E8D892EAEC79,TRN-B742B1C124B4EFC4,U,pooled_joint_rl,rest_3954,1
REC-9F320FF1F1947F3C,TRN-63A44A152935180A,U,pooled_joint_rl,rest_3954,1
REC-9F4E68BF13E69723,TRN-0A355800585C8E74,U,pooled_joint_rl,rest_3954,1
REC-9F4FDDBA21897955,TRN-6488ADB0C254441A,U,pooled_joint_rl,rest_3954,1
REC-9F57AC7F186CCBDE,TRN-089C069345012BA6,U,pooled_joint_rl,rest_3954,1
REC-9F73D93E7B4EA3B3,TRN-F66AC524E0FD76EA,U,pooled_joint_rl,rest_3954,1
REC-9F77C99E548F10D4,TRN-DAC0482BF23E7561,U,pooled_joint_rl,rest_3954,1
REC-9F80349E240E90B2,TRN-652A7242CF225BBD,U,pooled_joint_rl,rest_3954,1
REC-9F81A6F22BC39C7A,TRN-B613174BD811C57C,U,pooled_joint_rl,rest_3954,1
REC-9F850C412EF49206,TRN-223C87EF75882E34,U,pooled_joint_rl,rest_3954,1
REC-9F8B945034307321,TRN-A3D7E877B691D528,U,pooled_joint_rl,rest_3954,1
REC-9FA438EAE502F2FF,TRN-5D413F1F4CDC889A,U,pooled_joint_rl,rest_3954,1
REC-9FA65E489D527BDF,TRN-9B0B1869BF24CCAF,U,pooled_joint_rl,rest_3954,1
REC-9FB6580605D46F57,TRN-F412BE30A5692FA5,U,pooled_joint_rl,rest_3954,1
REC-9FC4ECF85F6D5451,TRN-0C66849392E1314A,U,pooled_joint_rl,rest_3954,1
REC-9FD324BCA611FA68,TRN-5663DC51EEF6FEC1,U,pooled_joint_rl,rest_3954,1
REC-9FE4F7911E4B9AEB,TRN-F278B9E3F9DBDE0E,U,pooled_joint_rl,rest_3954,1
REC-9FF23F4855F16A6A,TRN-A137DA5F76CD261F,U,pooled_joint_rl,rest_3954,1
REC-9FF3637549433B7B,TRN-F684016BFC358ADA,U,pooled_joint_rl,rest_3954,1
REC-A010EBDFB4B29D8E,TRN-1C0E28BD818690DD,U,pooled_joint_rl,rest_3954,1
REC-A012459328A20472,TRN-8B7949E818E516AB,U,pooled_joint_rl,rest_3954,1
REC-A023AB2535EF0549,TRN-9A26A97A2CEC2614,U,pooled_joint_rl,rest_3954,1
REC-A023F64257FCB0E1,TRN-DAE0CB2783A04CF9,U,pooled_joint_rl,rest_3954,1
REC-A056EC43B1002063,TRN-FA4669CC9963D8BB,U,pooled_joint_rl,rest_3954,1
REC-A06508EC156E9BD9,TRN-FB6BCBEE9F60C44E,U,pooled_joint_rl,rest_3954,1
REC-A0671D92842C33E9,TRN-364D30C6000660B1,U,pooled_joint_rl,rest_3954,1
REC-A079AD31A550D81A,TRN-44ACAE4F40E24E53,U,pooled_joint_rl,rest_3954,1
REC-A07A0AE45C1F66AF,TRN-724EC7E6575C9D7E,U,pooled_joint_rl,rest_3954,1
REC-A07CB33021F95D85,TRN-868A039E9C9D7135,U,pooled_joint_rl,rest_3954,1
REC-A081C466AD209C3E,TRN-AE83210E61E26EF5,U,pooled_joint_rl,rest_3954,1
REC-A09CF2A8FB900076,TRN-5512C2A71D2E7C89,U,pooled_joint_rl,rest_3954,1
REC-A0A9DF1EC64A5274,TRN-6B0DCE2C4EA5901C,U,pooled_joint_rl,rest_3954,1
REC-A0BB79F909B85FC9,TRN-60A2A078DE88D2A5,U,pooled_joint_rl,rest_3954,1
REC-A0C368F120080554,TRN-0590CDCFF721FF2C,U,pooled_joint_rl,rest_3954,1
REC-A0C7F13E3066F68B,TRN-A6806FBC59B81DB5,U,pooled_joint_rl,rest_3954,1
REC-A0CFB33D2699A69F,TRN-11FAAE351DD71B6E,U,pooled_joint_rl,rest_3954,1
REC-A0D4403CAC905586,TRN-4F691FE400945B7E,U,pooled_joint_rl,rest_3954,1
REC-A0DF244429EED1A2,TRN-F1C6A036E1E79C5F,U,pooled_joint_rl,rest_3954,1
REC-A0F93835F9A95858,TRN-FFDAB5CEF11CE259,U,pooled_joint_rl,rest_3954,1
REC-A131924438A35ED7,TRN-6B3B36A6348C3BFE,U,pooled_joint_rl,rest_3954,1
REC-A1367AB3384F1421,TRN-9351A81BF5D381BF,U,pooled_joint_rl,rest_3954,1
REC-A136A7F71D000F80,TRN-0700A6B2E99DF47A,U,pooled_joint_rl,rest_3954,1
REC-A13C0D90EABCC698,TRN-6BF4950557DBF6B0,U,pooled_joint_rl,rest_3954,1
REC-A149A0447878B22C,TRN-10687AF99AE8E060,U,pooled_joint_rl,rest_3954,1
REC-A14B4448C0C1B92F,TRN-F0C6BEA3CE988723,U,pooled_joint_rl,rest_3954,1
REC-A14D803936DEFBAE,TRN-4C861F0D3ABBAF4F,U,pooled_joint_rl,rest_3954,1
REC-A14DA4765173D601,TRN-3439A82A1D797A7D,U,pooled_joint_rl,rest_3954,1
REC-A1552D80CC79176C,TRN-6C88F96AF20E625F,U,pooled_joint_rl,rest_3954,1
REC-A15EA260541C3F13,TRN-F12D26AA82AFCBEC,U,pooled_joint_rl,rest_3954,1
REC-A17921796A4AE7D6,TRN-3078DEF80AB47E83,U,pooled_joint_rl,rest_3954,1
REC-A17DC42A4C103FBB,TRN-79B671121958BC08,U,pooled_joint_rl,rest_3954,1
REC-A1B512C0721AC192,TRN-335457379DBC7B29,U,pooled_joint_rl,rest_3954,1
REC-A203123C2E5CEEF3,TRN-3A07843968EBF9C9,U,pooled_joint_rl,rest_3954,1
REC-A20CBC70D799485A,TRN-39795294CF9BC5F5,U,pooled_joint_rl,rest_3954,1
REC-A22D07DAF7753CCB,TRN-8E77BDC86F069893,U,pooled_joint_rl,rest_3954,1
REC-A241E61D6A003571,TRN-3CF277CEF643F854,U,pooled_joint_rl,rest_3954,1
REC-A24DF7CA8E8FF9FD,TRN-3BCF6BEE3109B70B,U,pooled_joint_rl,rest_3954,1
REC-A2567FC378CAB19F,TRN-9DF15AE7C679EE70,U,pooled_joint_rl,rest_3954,1
REC-A2578F9566E61606,TRN-F2E4C56F8E55D841,U,pooled_joint_rl,rest_3954,1
REC-A25C7DB27DB65836,TRN-400F77F346DCE46D,U,pooled_joint_rl,rest_3954,1
REC-A25DAD8676D667B5,TRN-BFAA4A6E799C7548,U,pooled_joint_rl,rest_3954,1
REC-A288CC0ED53FF6A1,TRN-8283D4FBC158FC73,U,pooled_joint_rl,rest_3954,1
REC-A28E106FA900212A,TRN-CCC713F403FFEE50,U,pooled_joint_rl,rest_3954,1
REC-A2A6A539FEE6375A,TRN-528E086C8FFAB815,U,pooled_joint_rl,rest_3954,1
REC-A2B52449E644F4D4,TRN-8DFA24A0B47A8997,U,pooled_joint_rl,rest_3954,1
REC-A2F541E166D03AD3,TRN-AD16839CFB21B2EE,U,pooled_joint_rl,rest_3954,1
REC-A3124580FB7B6160,TRN-DA385EF8318FDC61,U,pooled_joint_rl,rest_3954,1
REC-A32372EFA927081B,TRN-0ED6417A95730A5A,U,pooled_joint_rl,rest_3954,1
REC-A3719F7D7E3CE159,TRN-35F579980445F958,U,pooled_joint_rl,rest_3954,1
REC-A3889E905942E45D,TRN-4A6B323EB30E1B8D,U,pooled_joint_rl,rest_3954,1
REC-A3A15DA5EBD028A7,TRN-ACD6B78D9C9E4560,U,pooled_joint_rl,rest_3954,1
REC-A3A4E4C6095C6408,TRN-EC1C4D291AA45509,U,pooled_joint_rl,rest_3954,1
REC-A3AF6622C9482D9C,TRN-F3949D5E8D0FD400,U,pooled_joint_rl,rest_3954,1
REC-A3CDAC50903DFA01,TRN-3530D6CAC16E85BE,U,pooled_joint_rl,rest_3954,1
REC-A3DEBE8E781E0177,TRN-27F325369F219B8E,U,pooled_joint_rl,rest_3954,1
REC-A3EAA5D9B3014953,TRN-E89CE36E55F61DA2,U,pooled_joint_rl,rest_3954,1
REC-A3F1DCCC3AFB8929,TRN-C0A846B5EF96C1F0,U,pooled_joint_rl,rest_3954,1
REC-A3FD33FACE6323BC,TRN-E60EF08E9757A1C3,U,pooled_joint_rl,rest_3954,1
REC-A4048D78A78DC900,TRN-6665146FCA683759,U,pooled_joint_rl,rest_3954,1
REC-A408C610EBAD89ED,TRN-CEEA842DFEF8B0AD,U,pooled_joint_rl,rest_3954,1
REC-A423B9C71A451340,TRN-32512B032DC03842,U,pooled_joint_rl,rest_3954,1
REC-A42C6043C4CD6332,TRN-7425A435F1B7A997,U,pooled_joint_rl,rest_3954,1
REC-A42E12FE46BE79AC,TRN-714EB8D1945BAC26,U,pooled_joint_rl,rest_3954,1
REC-A43AF3DBFAF83393,TRN-0A422A75253706D8,U,pooled_joint_rl,rest_3954,1
REC-A452E9866A2A144F,TRN-DF31D2720A7FA27A,U,pooled_joint_rl,rest_3954,1
REC-A453B7A4119EFFE8,TRN-B8A8359DFB10D109,U,pooled_joint_rl,rest_3954,1
REC-A465EA4EE2C65D16,TRN-A89F687EDF73E6D5,U,pooled_joint_rl,rest_3954,1
REC-A4B38B07A49590C0,TRN-ECB933BDFAD2E316,U,pooled_joint_rl,rest_3954,1
REC-A4B5D2A0C6009FFD,TRN-769DF324775C18A5,U,pooled_joint_rl,rest_3954,1
REC-A4FE9BBAB703A5F3,TRN-31DDC4DB2B7BC1B9,U,pooled_joint_rl,rest_3954,1
REC-A4FEA87A40269D4E,TRN-5F34032295ECE650,U,pooled_joint_rl,rest_3954,1
REC-A52218C5502FD9CC,TRN-13E274AD1FC39171,U,pooled_joint_rl,rest_3954,1
REC-A52863F8963A3DDF,TRN-F253F794C760C5C5,U,pooled_joint_rl,rest_3954,1
REC-A586F7F6F4AC760C,TRN-5B94822E6445733F,U,pooled_joint_rl,rest_3954,1
REC-A5889556EF3BE7ED,TRN-0CC6DAE4A8AAF509,U,pooled_joint_rl,rest_3954,1
REC-A58ACC5B6B9DB546,TRN-A3E19221394DA4FD,U,pooled_joint_rl,rest_3954,1
REC-A5A477C27DE09979,TRN-4AFE04F9322F1E84,U,pooled_joint_rl,rest_3954,1
REC-A5A60CC92A12D339,TRN-DBB2E3BBA9F230CB,U,pooled_joint_rl,rest_3954,1
REC-A5AEFAC3DA3C1115,TRN-D2C2288F55EDBAAD,U,pooled_joint_rl,rest_3954,1
REC-A5AFF31C4A6FB0A2,TRN-46A8F41A6DE2DCDB,U,pooled_joint_rl,rest_3954,1
REC-A5CEAF60192B6406,TRN-3F51C992913FBF96,U,pooled_joint_rl,rest_3954,1
REC-A5DC6E1B32B1EB40,TRN-2255C784F5603DF0,U,pooled_joint_rl,rest_3954,1
REC-A5FF647765AAA273,TRN-C4335944F6E68B0F,U,pooled_joint_rl,rest_3954,1
REC-A608F472B8CE7DB0,TRN-590E81E8D4C86B4B,U,pooled_joint_rl,rest_3954,1
REC-A61AD9D9DA01CC10,TRN-4E91317DD543BE1B,U,pooled_joint_rl,rest_3954,1
REC-A61B1B6E374D5E87,TRN-4CF4655F90FBC6C1,U,pooled_joint_rl,rest_3954,1
REC-A61DEE77D03481C1,TRN-979B132AD6B6A19C,U,pooled_joint_rl,rest_3954,1
REC-A629E6AE9B2FEDCB,TRN-2101B2EB18DD4146,U,pooled_joint_rl,rest_3954,1
REC-A62C470442FEF90C,TRN-4D3AEB9FDFE5110F,U,pooled_joint_rl,rest_3954,1
REC-A62F3F3A3FAF3124,TRN-2C7B6F0824B086DC,U,pooled_joint_rl,rest_3954,1
REC-A650B4D1DDBDA14D,TRN-09C54ABC75D21EA3,U,pooled_joint_rl,rest_3954,1
REC-A652F828E50FCB6A,TRN-A562C92E82F3A98D,U,pooled_joint_rl,rest_3954,1
REC-A656BF404A9FEFDA,TRN-433851775FC6AC68,U,pooled_joint_rl,rest_3954,1
REC-A65F884827A185F6,TRN-A97D6895DEC9C257,U,pooled_joint_rl,rest_3954,1
REC-A6800208348EAF8E,TRN-0F3AFC3CF019D3E0,U,pooled_joint_rl,rest_3954,1
REC-A685F978E57705A0,TRN-F11EC3D58B60BC34,U,pooled_joint_rl,rest_3954,1
REC-A69D0721660E9658,TRN-0ACF48FCB24C555A,U,pooled_joint_rl,rest_3954,1
REC-A6A90953C4E2BA9E,TRN-F73D46DB4187A62C,U,pooled_joint_rl,rest_3954,1
REC-A6B4A1889C0F9838,TRN-60A4AEDBE14DD0E1,U,pooled_joint_rl,rest_3954,1
REC-A6C6B177D398BB16,TRN-728172B8F3D87AA0,U,pooled_joint_rl,rest_3954,1
REC-A6CF9B2627D9F4D7,TRN-894E38C95A1AEBAD,U,pooled_joint_rl,rest_3954,1
REC-A6D561370B5E9A8B,TRN-24969E0B6671AF53,U,pooled_joint_rl,rest_3954,1
REC-A6DA40AA5A341FB1,TRN-22CB09AD6FB8845C,U,pooled_joint_rl,rest_3954,1
REC-A6F013D823E33FAD,TRN-D32EC09B3B5BD62B,U,pooled_joint_rl,rest_3954,1
REC-A707481E3223E1D5,TRN-F51E20CDC9617256,U,pooled_joint_rl,rest_3954,1
REC-A72441BE3D6C95DD,TRN-1E184A2B182246EA,U,pooled_joint_rl,rest_3954,1
REC-A73723A761464221,TRN-1BF64090AA8B3198,U,pooled_joint_rl,rest_3954,1
REC-A7426812B6C6CB7A,TRN-BBB7D3090B27EF9C,U,pooled_joint_rl,rest_3954,1
REC-A773F63064EAFC4C,TRN-135AD2C0F28F49C5,U,pooled_joint_rl,rest_3954,1
REC-A777FBF860A859AF,TRN-674A5662BFB0BE13,U,pooled_joint_rl,rest_3954,1
REC-A77BD680E4639C46,TRN-BB5E48F6106FCC26,U,pooled_joint_rl,rest_3954,1
REC-A78BEB876B17CCD4,TRN-F36B18A3E8FEA03D,U,pooled_joint_rl,rest_3954,1
REC-A7C6A86EDF01D752,TRN-4A3B7C55D980726A,U,pooled_joint_rl,rest_3954,1
REC-A7CB15DA3750C019,TRN-B29A04D77D887445,U,pooled_joint_rl,rest_3954,1
REC-A7EE886CEC742B8D,TRN-BDC613E8FB311D47,U,pooled_joint_rl,rest_3954,1
REC-A8002C00EE39B7E3,TRN-54C321B5F13F929F,U,pooled_joint_rl,rest_3954,1
REC-A800FBA6D3FD384D,TRN-62F1D12335606903,U,pooled_joint_rl,rest_3954,1
REC-A80BA965F45CB3CA,TRN-6C3710A50A21CC37,U,pooled_joint_rl,rest_3954,1
REC-A80D07F521375051,TRN-77783C6E843C2FF8,U,pooled_joint_rl,rest_3954,1
REC-A83F1019362DCAEB,TRN-A3D07956EA0A76B9,U,pooled_joint_rl,rest_3954,1
REC-A84E3E807474B9B1,TRN-E0BB8D6B1962E013,U,pooled_joint_rl,rest_3954,1
REC-A856FE30A663D57D,TRN-CB2CA2B401044698,U,pooled_joint_rl,rest_3954,1
REC-A85756A7267E7DC6,TRN-468D81A2888B1E88,U,pooled_joint_rl,rest_3954,1
REC-A875C69B0DFBC60D,TRN-51C5A7E385445264,U,pooled_joint_rl,rest_3954,1
REC-A881346172CDB1DF,TRN-0540B145062067AC,U,pooled_joint_rl,rest_3954,1
REC-A88411FB0458C292,TRN-6E18179620882621,U,pooled_joint_rl,rest_3954,1
REC-A884C8D2C29C4ADC,TRN-79E5EE2A540A0131,U,pooled_joint_rl,rest_3954,1
REC-A88D20FA94D7034D,TRN-6A0613CBB4B7AC77,U,pooled_joint_rl,rest_3954,1
REC-A89F917167A786F6,TRN-2A60074C16A27118,U,pooled_joint_rl,rest_3954,1
REC-A8AD166959D88B94,TRN-76A716FD5C4CDF68,U,pooled_joint_rl,rest_3954,1
REC-A8B958DF17C12D70,TRN-88AFEDA0FD3C3ACD,U,pooled_joint_rl,rest_3954,1
REC-A8CAE71E50C4A0CD,TRN-17EB630246A24D07,U,pooled_joint_rl,rest_3954,1
REC-A8CDA10CD8FB4CEA,TRN-B41F8EB205112602,U,pooled_joint_rl,rest_3954,1
REC-A8D8FF132C6DB9DE,TRN-967003A792882B31,U,pooled_joint_rl,rest_3954,1
REC-A8E5D37930FE2167,TRN-37AFA028F21B5251,U,pooled_joint_rl,rest_3954,1
REC-A90A1177FEB298D3,TRN-47C1586B21483DFD,U,pooled_joint_rl,rest_3954,1
REC-A90F1B7FA957A4CC,TRN-A5CF6F557961E3EB,U,pooled_joint_rl,rest_3954,1
REC-A9331BCC1586E340,TRN-9255D6EED9A70856,U,pooled_joint_rl,rest_3954,1
REC-A94ECD6B935C7457,TRN-4562C355667BE1E0,U,pooled_joint_rl,rest_3954,1
REC-A94FAA0020F80263,TRN-4F274373FFCA921D,U,pooled_joint_rl,rest_3954,1
REC-A98CCAC179BCA3E0,TRN-8C96DDE02E0CCFC7,U,pooled_joint_rl,rest_3954,1
REC-A9941D7FD7DF2715,TRN-F9DCC54C59642769,U,pooled_joint_rl,rest_3954,1
REC-A99B29D81DDB3F3F,TRN-7A161145AC88C0C3,U,pooled_joint_rl,rest_3954,1
REC-A9A581EF446092FF,TRN-B3AC1280D1294CBC,U,pooled_joint_rl,rest_3954,1
REC-A9BF38929A09F452,TRN-DDE0011ACE59681A,U,pooled_joint_rl,rest_3954,1
REC-A9BF9F8AAED422EE,TRN-5BF216BC28D4E7B7,U,pooled_joint_rl,rest_3954,1
REC-A9D5DA1D10BB5F6B,TRN-E922D01CADC9DFDC,U,pooled_joint_rl,rest_3954,1
REC-A9E1231C619B5219,TRN-127217E42B85DF7D,U,pooled_joint_rl,rest_3954,1
REC-A9EC18A0857113E5,TRN-43A9602C1CA7A78D,U,pooled_joint_rl,rest_3954,1
REC-AA31B679DC64C7A8,TRN-34EFE8DEE84A20F7,U,pooled_joint_rl,rest_3954,1
REC-AA4BDDACCCA30BF8,TRN-96F4A6DD48BE8EB6,U,pooled_joint_rl,rest_3954,1
REC-AA5438AAB1084275,TRN-66772B3D16F42102,U,pooled_joint_rl,rest_3954,1
REC-AA711D0CE066D34E,TRN-7EE11F8D599F47A2,U,pooled_joint_rl,rest_3954,1
REC-AA753D59E97F0AA4,TRN-1540936E4FF581CA,U,pooled_joint_rl,rest_3954,1
REC-AA7EB4F8FFEACD71,TRN-368968D20D557BF1,U,pooled_joint_rl,rest_3954,1
REC-AA8259F6D7F96E09,TRN-6DD4392596B29B27,U,pooled_joint_rl,rest_3954,1
REC-AAAA2369EC2D90C2,TRN-09F258933C800A43,U,pooled_joint_rl,rest_3954,1
REC-AABF3F8686C13FE6,TRN-0FE1EAD954959833,U,pooled_joint_rl,rest_3954,1
REC-AABF45028399047D,TRN-770A7185CDABFB2E,U,pooled_joint_rl,rest_3954,1
REC-AAC6EBE133C3D047,TRN-2A00C578812B2777,U,pooled_joint_rl,rest_3954,1
REC-AADD0A4C6AFA133A,TRN-B3F4D61D10083A06,U,pooled_joint_rl,rest_3954,1
REC-AAF0A9E6B6F61AF0,TRN-25389D5035F6B848,U,pooled_joint_rl,rest_3954,1
REC-AAFA75C1D40B91B4,TRN-E77F96A966EFB0FC,U,pooled_joint_rl,rest_3954,1
REC-AAFE158E4CC84D91,TRN-CD175219938CC42C,U,pooled_joint_rl,rest_3954,1
REC-AB06651AA3A18342,TRN-08FBE825B2A2D3EF,U,pooled_joint_rl,rest_3954,1
REC-AB289FEA61863FD4,TRN-6D7CB8C15F624DF6,U,pooled_joint_rl,rest_3954,1
REC-AB53E9481582BF2A,TRN-ABA5EFA2ACF16FDB,U,pooled_joint_rl,rest_3954,1
REC-AB66538792D012DE,TRN-FBE1547F9A360774,U,pooled_joint_rl,rest_3954,1
REC-AB6DDE09AE88DC94,TRN-A32FE03CA447F03C,U,pooled_joint_rl,rest_3954,1
REC-AB78C80F942C9193,TRN-BE52031A4937E692,U,pooled_joint_rl,rest_3954,1
REC-AB8DB63F1F90890A,TRN-3F19944033F3A431,U,pooled_joint_rl,rest_3954,1
REC-AB972229395EF327,TRN-339F6170365555CA,U,pooled_joint_rl,rest_3954,1
REC-ABADBDC3FA96D609,TRN-1B15998DAE294FCC,U,pooled_joint_rl,rest_3954,1
REC-ABB4B8E3769EDDFE,TRN-BEE646436C12CCA9,U,pooled_joint_rl,rest_3954,1
REC-ABC5D1E53153E3D3,TRN-2AF7B2A593EFC0F3,U,pooled_joint_rl,rest_3954,1
REC-ABD1EFF99E4DC193,TRN-7F8BAE69482CC926,U,pooled_joint_rl,rest_3954,1
REC-ABE666291742CDCE,TRN-1E88D6B332F918F9,U,pooled_joint_rl,rest_3954,1
REC-ABE8B848626438C1,TRN-BFF8C0BB9F26E69C,U,pooled_joint_rl,rest_3954,1
REC-ABE9166F29CDEFBC,TRN-1482C72B4D3207E9,U,pooled_joint_rl,rest_3954,1
REC-AC06BBD349EC31AB,TRN-EEDD6E148D973EE0,U,pooled_joint_rl,rest_3954,1
REC-AC0D7C0B705FCDF6,TRN-FDC76004D2765C13,U,pooled_joint_rl,rest_3954,1
REC-AC3C6E4A38684FCA,TRN-355E022199B9F6D5,U,pooled_joint_rl,rest_3954,1
REC-AC4464B93402E0D2,TRN-FD2FE4DB4958FD8A,U,pooled_joint_rl,rest_3954,1
REC-AC537F879903A5B1,TRN-04536193D1296EED,U,pooled_joint_rl,rest_3954,1
REC-AC6FD42C6149DB58,TRN-ACBBAE7066C5A022,U,pooled_joint_rl,rest_3954,1
REC-AC74D3B4213E8325,TRN-EE1D681FBA68B033,U,pooled_joint_rl,rest_3954,1
REC-AC945F3F47AEF566,TRN-5944906C3E1A98F1,U,pooled_joint_rl,rest_3954,1
REC-AC95394FD0006071,TRN-84E22BFAA3BD14A6,U,pooled_joint_rl,rest_3954,1
REC-AC95D0D241FD329B,TRN-B2F29C25A52FD5C8,U,pooled_joint_rl,rest_3954,1
REC-ACB62BC0652B0988,TRN-2CF9D098F87A9098,U,pooled_joint_rl,rest_3954,1
REC-ACF9152F4064E4C0,TRN-B1B9D8258F5E0B28,U,pooled_joint_rl,rest_3954,1
REC-AD11B3E2877A74DA,TRN-152515A8AB274AFB,U,pooled_joint_rl,rest_3954,1
REC-AD142120EB19955F,TRN-B42DCCF338DADA65,U,pooled_joint_rl,rest_3954,1
REC-AD161ABB094C0C4C,TRN-42434CC5FC4F0CE9,U,pooled_joint_rl,rest_3954,1
REC-AD186644D35842A3,TRN-6F4ECC0D10A0122F,U,pooled_joint_rl,rest_3954,1
REC-AD20B465528E5C98,TRN-050AFAB317EFDEC4,U,pooled_joint_rl,rest_3954,1
REC-AD2FB337B1C230D7,TRN-D0D2898870160F91,U,pooled_joint_rl,rest_3954,1
REC-AD50647BB3C5D019,TRN-9B226C5611BCED12,U,pooled_joint_rl,rest_3954,1
REC-AD603A243677B1CC,TRN-B3907185C818716D,U,pooled_joint_rl,rest_3954,1
REC-AD7B01866CEA1E71,TRN-DCD55C78AAAC12DA,U,pooled_joint_rl,rest_3954,1
REC-AD9DB00AD50DF544,TRN-EDA896DC1D7CC96C,U,pooled_joint_rl,rest_3954,1
REC-ADA28A22AE4B95EC,TRN-60AB492B5DF54234,U,pooled_joint_rl,rest_3954,1
REC-ADD2AE32DF5C6A58,TRN-E4757F41C3257F1E,U,pooled_joint_rl,rest_3954,1
REC-ADD99803C85E05DF,TRN-A64A6A0895204589,U,pooled_joint_rl,rest_3954,1
REC-ADDC6D692FA23F28,TRN-747915D0977D240C,U,pooled_joint_rl,rest_3954,1
REC-ADF15782DC83F988,TRN-78DE44CFBE794C57,U,pooled_joint_rl,rest_3954,1
REC-ADF26F571F241751,TRN-2DD6126C3264A8EE,U,pooled_joint_rl,rest_3954,1
REC-ADF65B22B211208B,TRN-F4369F0B3AD43C2A,U,pooled_joint_rl,rest_3954,1
REC-AE0BAE2B15B63A63,TRN-FA8FAB839BCE7EC1,U,pooled_joint_rl,rest_3954,1
REC-AE4AB5A827D1F84F,TRN-93CA2589A821FF27,U,pooled_joint_rl,rest_3954,1
REC-AE54C5BDC90E4F1B,TRN-A83E8DC94A021F04,U,pooled_joint_rl,rest_3954,1
REC-AE5D44AB6E83471D,TRN-908A681F0E8EC58E,U,pooled_joint_rl,rest_3954,1
REC-AE84281A1539916C,TRN-6CD57617C0FB4A44,U,pooled_joint_rl,rest_3954,1
REC-AE85A6F5840150C2,TRN-B02644B242A1E212,U,pooled_joint_rl,rest_3954,1
REC-AE9C9F3427C71A0D,TRN-3280114AE045534F,U,pooled_joint_rl,rest_3954,1
REC-AEA333445044F9CF,TRN-E33B0EA906E2B0C0,U,pooled_joint_rl,rest_3954,1
REC-AEB36AA4ACD1D085,TRN-BF81FEB721AA83CE,U,pooled_joint_rl,rest_3954,1
REC-AED67791D07629FF,TRN-CD3BACA19B937C90,U,pooled_joint_rl,rest_3954,1
REC-AEEC1D9A5B601F38,TRN-944F6BFA2F57F96D,U,pooled_joint_rl,rest_3954,1
REC-AEF47B63EA277C5C,TRN-7B6866E9A5FFB73E,U,pooled_joint_rl,rest_3954,1
REC-AF1415DC1A0F9187,TRN-352251304AD77135,U,pooled_joint_rl,rest_3954,1
REC-AF41098D1376274E,TRN-8A36580C040EB998,U,pooled_joint_rl,rest_3954,1
REC-AF4A58B79D760BF2,TRN-B8AF54D3AFD59D58,U,pooled_joint_rl,rest_3954,1
REC-AF5074D2C31C6F02,TRN-8D532AF6743D92DC,U,pooled_joint_rl,rest_3954,1
REC-AF52716BC23C0877,TRN-D4477A390BDE14CB,U,pooled_joint_rl,rest_3954,1
REC-AF5A046BF8B060D4,TRN-70C278B1735BA6B1,U,pooled_joint_rl,rest_3954,1
REC-AF9E35FBE45E9EAA,TRN-45B9C9ACA9223464,U,pooled_joint_rl,rest_3954,1
REC-AFA2988B8AF90C31,TRN-F34BDB315B0ED74E,U,pooled_joint_rl,rest_3954,1
REC-AFAD655784C07EDA,TRN-7ACE09EABF7A5519,U,pooled_joint_rl,rest_3954,1
REC-AFDEA73EA80FFED8,TRN-D4B64AFAF7974910,U,pooled_joint_rl,rest_3954,1
REC-AFE7AD86679D80C5,TRN-C076759B83D5BCFA,U,pooled_joint_rl,rest_3954,1
REC-AFF148E206E836D8,TRN-1F467BF329962502,U,pooled_joint_rl,rest_3954,1
REC-AFF52C8136DB38A4,TRN-1443D4DE874C97D7,U,pooled_joint_rl,rest_3954,1
REC-AFF65F6280A219C4,TRN-17278B5697A2330C,U,pooled_joint_rl,rest_3954,1
REC-B005B7841D12187E,TRN-131E9ABE4D2E6765,U,pooled_joint_rl,rest_3954,1
REC-B0189787D1B1E78A,TRN-B6F59AE59B0D9767,U,pooled_joint_rl,rest_3954,1
REC-B021C54CF41A8AFB,TRN-F8307E2172F7A339,U,pooled_joint_rl,rest_3954,1
REC-B023C6A93CE64663,TRN-45DBB971B56744B6,U,pooled_joint_rl,rest_3954,1
REC-B02BC6720F6E93DA,TRN-02F933E0D0694800,U,pooled_joint_rl,rest_3954,1
REC-B046F0AD867E5D0B,TRN-D3784C0ABEF605B1,U,pooled_joint_rl,rest_3954,1
REC-B067D89C5E1652D8,TRN-AE5D614CA3D3C3D1,U,pooled_joint_rl,rest_3954,1
REC-B0ABE092F4ED94EB,TRN-C454308DD5FE999B,U,pooled_joint_rl,rest_3954,1
REC-B0B3015ED08E99C3,TRN-62A741EAAE67186C,U,pooled_joint_rl,rest_3954,1
REC-B0B83BB829BC014F,TRN-D0CF611DFA9948B9,U,pooled_joint_rl,rest_3954,1
REC-B0BC61A66267A1E1,TRN-883FB95F1DFBB88D,U,pooled_joint_rl,rest_3954,1
REC-B0BFBF3BFE704290,TRN-E5D1B627842A780B,U,pooled_joint_rl,rest_3954,1
REC-B0C465210AA78254,TRN-55EF0DE6A1494915,U,pooled_joint_rl,rest_3954,1
REC-B0C6F807EF39A4FE,TRN-573856DF99462591,U,pooled_joint_rl,rest_3954,1
REC-B0DF228A6FF6C15E,TRN-1944D4D3E31D2415,U,pooled_joint_rl,rest_3954,1
REC-B0E16E8E858A602B,TRN-E119F8ABA3A8F462,U,pooled_joint_rl,rest_3954,1
REC-B0EBBF899987939D,TRN-3C375CD9ABF6D117,U,pooled_joint_rl,rest_3954,1
REC-B10ACE292AA81A34,TRN-618D09377CAA09C9,U,pooled_joint_rl,rest_3954,1
REC-B10F2BB71D7A8798,TRN-E7207191C92A9F2B,U,pooled_joint_rl,rest_3954,1
REC-B13531A69C283781,TRN-37FDFF357C9AFD0F,U,pooled_joint_rl,rest_3954,1
REC-B15889F9ECE420F4,TRN-A1D213B751E26898,U,pooled_joint_rl,rest_3954,1
REC-B190B89804C1385A,TRN-9F161B6369A14F3E,U,pooled_joint_rl,rest_3954,1
REC-B19D1ACC5844A73D,TRN-645FD5C0DAAA6813,U,pooled_joint_rl,rest_3954,1
REC-B19EC28773ECA893,TRN-C7077FCA2B1C2EFD,U,pooled_joint_rl,rest_3954,1
REC-B1A18DFC42EB40CB,TRN-1D24BF7729C94FFE,U,pooled_joint_rl,rest_3954,1
REC-B1A50797980EB981,TRN-2539F686459A229E,U,pooled_joint_rl,rest_3954,1
REC-B1D8F0956A8ED81B,TRN-A44172EFB46AABEA,U,pooled_joint_rl,rest_3954,1
REC-B1D9DBBA53DB7D68,TRN-420AFB5245B9681B,U,pooled_joint_rl,rest_3954,1
REC-B1F8546D1DBFE37D,TRN-A13CDE90F9A03A9B,U,pooled_joint_rl,rest_3954,1
REC-B1F97AD7DFA05FE3,TRN-E884F802A5551940,U,pooled_joint_rl,rest_3954,1
REC-B1FA6734FE2EF65C,TRN-58B1D18DF3BEB68F,U,pooled_joint_rl,rest_3954,1
REC-B2071F475EE1FBA6,TRN-D7611BB5AAD2E712,U,pooled_joint_rl,rest_3954,1
REC-B2102460ACEEC183,TRN-27B02F57A83793E7,U,pooled_joint_rl,rest_3954,1
REC-B240DBEA01338E52,TRN-6C0CC1CC4604EBE6,U,pooled_joint_rl,rest_3954,1
REC-B24475837C49003E,TRN-6D454026E05DE788,U,pooled_joint_rl,rest_3954,1
REC-B25677C7F5777EA2,TRN-59AED40E1FAC283B,U,pooled_joint_rl,rest_3954,1
REC-B265606BE3E30732,TRN-C9F5B1A4C2A7B9E2,U,pooled_joint_rl,rest_3954,1
REC-B27527BC0804B629,TRN-E1C74EDC1F395D18,U,pooled_joint_rl,rest_3954,1
REC-B27C519BE4F3971D,TRN-CDC66385AB97630D,U,pooled_joint_rl,rest_3954,1
REC-B27DDFD95B218F14,TRN-F284722F59DBEDA1,U,pooled_joint_rl,rest_3954,1
REC-B284D36C1C78BF7D,TRN-9E58113D93B8F439,U,pooled_joint_rl,rest_3954,1
REC-B2A2776810B80B8C,TRN-665E19A4F7BCF2C6,U,pooled_joint_rl,rest_3954,1
REC-B2A8565EB718A45F,TRN-006CC86B0B3C7B4A,U,pooled_joint_rl,rest_3954,1
REC-B2B46D7A78CAC4BD,TRN-F54E012C6C4B4491,U,pooled_joint_rl,rest_3954,1
REC-B2BD21BD986FAD8B,TRN-38988F4BCFF2815C,U,pooled_joint_rl,rest_3954,1
REC-B2C945C2A05150C1,TRN-22E1B5FE52DAD91B,U,pooled_joint_rl,rest_3954,1
REC-B2D1A6C1500CF055,TRN-7C6AAE95F73D8F54,U,pooled_joint_rl,rest_3954,1
REC-B2EAC2531D936598,TRN-DCA9FE83717512F0,U,pooled_joint_rl,rest_3954,1
REC-B2EC32832050AD50,TRN-E3F892E83E14147E,U,pooled_joint_rl,rest_3954,1
REC-B2F356AC26CC8008,TRN-E073DFB9248E80BF,U,pooled_joint_rl,rest_3954,1
REC-B2FD7608695830E8,TRN-8FA4EEB3337B7EAD,U,pooled_joint_rl,rest_3954,1
REC-B30641C13EC9645B,TRN-95E05F7FFD65DCE4,U,pooled_joint_rl,rest_3954,1
REC-B30D1C5395964F1C,TRN-99B96037A3D7D924,U,pooled_joint_rl,rest_3954,1
REC-B32119F9DEDB7062,TRN-F5D8B464E2BFE22E,U,pooled_joint_rl,rest_3954,1
REC-B337BC3964E79E9D,TRN-B5A2EF64F2E30BDA,U,pooled_joint_rl,rest_3954,1
REC-B34F250FF5B05487,TRN-60EAB57F6250D25B,U,pooled_joint_rl,rest_3954,1
REC-B35FEBDBD6C84DD8,TRN-24D00DCA9D6E9D5A,U,pooled_joint_rl,rest_3954,1
REC-B364C1C57B071D97,TRN-5485CEB2550324F8,U,pooled_joint_rl,rest_3954,1
REC-B3926622213A3B18,TRN-DC9D51FE9684C10A,U,pooled_joint_rl,rest_3954,1
REC-B3A5CC007E9BA099,TRN-7F0948D122ECA64B,U,pooled_joint_rl,rest_3954,1
REC-B3A6BF1E1426ED69,TRN-B38F523C14D07311,U,pooled_joint_rl,rest_3954,1
REC-B3ACD20A167FCE2D,TRN-4F2AE995F6BF68F7,U,pooled_joint_rl,rest_3954,1
REC-B3B96BACD1FE4906,TRN-23D8C8CB39BE714D,U,pooled_joint_rl,rest_3954,1
REC-B3BCA69FC191DAF9,TRN-37D41643616F315F,U,pooled_joint_rl,rest_3954,1
REC-B3C313FFE67BCA4A,TRN-389D71A91B96ED69,U,pooled_joint_rl,rest_3954,1
REC-B3C5316B3DA95124,TRN-F0104F59FEB3C4CF,U,pooled_joint_rl,rest_3954,1
REC-B3C5CB647790531C,TRN-C989AC30169D829B,U,pooled_joint_rl,rest_3954,1
REC-B3D755FB49BF893A,TRN-8A1EFC03A93EA8DA,U,pooled_joint_rl,rest_3954,1
REC-B3DCA995CF44B360,TRN-212D9046502F37CA,U,pooled_joint_rl,rest_3954,1
REC-B3DCF98D3A4BF798,TRN-C0F8DD31C5295D9D,U,pooled_joint_rl,rest_3954,1
REC-B3E6A6B6015734A0,TRN-C08979F65EA5FBBA,U,pooled_joint_rl,rest_3954,1
REC-B3ECB8500BA16520,TRN-25B130592A49C04B,U,pooled_joint_rl,rest_3954,1
REC-B3EEB41A0F9785CB,TRN-42AD0A3D84E5EBEA,U,pooled_joint_rl,rest_3954,1
REC-B40EE85309956FC3,TRN-862B8B2DC7C00B2D,U,pooled_joint_rl,rest_3954,1
REC-B4306B37C1403BC6,TRN-00B61CE6AC3C96E4,U,pooled_joint_rl,rest_3954,1
REC-B433CD434E44EC31,TRN-AF6145058AE0D93E,U,pooled_joint_rl,rest_3954,1
REC-B4377B0F0837C2D0,TRN-8F9BF3C619BD0D38,U,pooled_joint_rl,rest_3954,1
REC-B43A192D9696FFE8,TRN-657727AA13E4ABF2,U,pooled_joint_rl,rest_3954,1
REC-B4435F853C9C25C8,TRN-0AFE30A3142002D0,U,pooled_joint_rl,rest_3954,1
REC-B46E3C185EEF3A64,TRN-8A9BA8F677636E80,U,pooled_joint_rl,rest_3954,1
REC-B4777AE5379168F9,TRN-A169F0D20E1EBC00,U,pooled_joint_rl,rest_3954,1
REC-B480F0342E92D530,TRN-9856C09FA00334A7,U,pooled_joint_rl,rest_3954,1
REC-B4A5E44CBBF294C7,TRN-54CCE32C50C6A222,U,pooled_joint_rl,rest_3954,1
REC-B4C5649868AD3DA0,TRN-59ABD4C780622906,U,pooled_joint_rl,rest_3954,1
REC-B4CE3C4FD7600425,TRN-A78E63F4FCC4B4B0,U,pooled_joint_rl,rest_3954,1
REC-B4F1A5DFDB3ADA7C,TRN-25CDFD5959FC77AE,U,pooled_joint_rl,rest_3954,1
REC-B4F30F41724C846A,TRN-3021E27075936317,U,pooled_joint_rl,rest_3954,1
REC-B505D7AAA73873B9,TRN-34942645A140EDEE,U,pooled_joint_rl,rest_3954,1
REC-B51C083437C26AEC,TRN-268E4F11A730E892,U,pooled_joint_rl,rest_3954,1
REC-B53BC98A97C7743D,TRN-0C0AB2234CA0C0E4,U,pooled_joint_rl,rest_3954,1
REC-B54487F3510A78DA,TRN-7A150C1488A93C46,U,pooled_joint_rl,rest_3954,1
REC-B54800C268DDAE49,TRN-E0524D4823C28C1B,U,pooled_joint_rl,rest_3954,1
REC-B54CC3BD10DFA8E0,TRN-5EE167570999991D,U,pooled_joint_rl,rest_3954,1
REC-B559C8CDE9EBE69E,TRN-4C9A53576B781C41,U,pooled_joint_rl,rest_3954,1
REC-B55FC42DFCFF3D48,TRN-64201D49AFEDB0ED,U,pooled_joint_rl,rest_3954,1
REC-B561951F65733B63,TRN-37B71DCB9229E773,U,pooled_joint_rl,rest_3954,1
REC-B5668D89DF2000E6,TRN-834A8F40F4984A15,U,pooled_joint_rl,rest_3954,1
REC-B56A0817C37A4E33,TRN-CE3DE8F184EC3198,U,pooled_joint_rl,rest_3954,1
REC-B578102E9A42ACBB,TRN-3A46C57BFF601E6B,U,pooled_joint_rl,rest_3954,1
REC-B5808B52D95CA0EB,TRN-E030889E5C32BCE2,U,pooled_joint_rl,rest_3954,1
REC-B58167449C3C4658,TRN-643C93A892BCED00,U,pooled_joint_rl,rest_3954,1
REC-B59EF1AF8B84EA7C,TRN-8B52CD07E89DC2E1,U,pooled_joint_rl,rest_3954,1
REC-B5BA70484BA741E4,TRN-C85523B671256B0B,U,pooled_joint_rl,rest_3954,1
REC-B5CAAF4A9C19BD0D,TRN-60E263676C3D3AFD,U,pooled_joint_rl,rest_3954,1
REC-B5CAD31EED20A021,TRN-7A255214F3799EA8,U,pooled_joint_rl,rest_3954,1
REC-B5DB4C90C8004962,TRN-1B5B074EFA7139E8,U,pooled_joint_rl,rest_3954,1
REC-B5DEEFEA4916A3E2,TRN-90954A92C5C6459C,U,pooled_joint_rl,rest_3954,1
REC-B60C0522A8CEC8EE,TRN-2D34E39DB5FB1785,U,pooled_joint_rl,rest_3954,1
REC-B60C8D441FA2D3C7,TRN-B32DF750EBCA8201,U,pooled_joint_rl,rest_3954,1
REC-B6150428E78288ED,TRN-51A2E14E2D8F4942,U,pooled_joint_rl,rest_3954,1
REC-B627D0EC8A02452C,TRN-B95A06F9EE1BFB05,U,pooled_joint_rl,rest_3954,1
REC-B633302E017B2DCA,TRN-4CAA6E9F3498074F,U,pooled_joint_rl,rest_3954,1
REC-B6353F5568B07FCE,TRN-860A84F0ED10F526,U,pooled_joint_rl,rest_3954,1
REC-B6581484BAD91692,TRN-FD229E7B6FDB2811,U,pooled_joint_rl,rest_3954,1
REC-B66ABFD1B12CE78A,TRN-B4F33BEEAA3B755C,U,pooled_joint_rl,rest_3954,1
REC-B66F1114F61BC951,TRN-42BA9D02D5B22649,U,pooled_joint_rl,rest_3954,1
REC-B680519A919A02AF,TRN-E2FC88803FADDBD1,U,pooled_joint_rl,rest_3954,1
REC-B68CF431A0FE6A5D,TRN-D5B69F845A15C913,U,pooled_joint_rl,rest_3954,1
REC-B68D96300A9A80CF,TRN-93FFD18CBA76EB3F,U,pooled_joint_rl,rest_3954,1
REC-B698B12F324110EF,TRN-1B7285F5233AC3E2,U,pooled_joint_rl,rest_3954,1
REC-B69BE4047C63F1BF,TRN-696B6871BA2D7DDF,U,pooled_joint_rl,rest_3954,1
REC-B6A6B80C9B1636B9,TRN-AE2544BE94912A65,U,pooled_joint_rl,rest_3954,1
REC-B6AA29428C09EE0D,TRN-A19783FE96064F56,U,pooled_joint_rl,rest_3954,1
REC-B6AE5CC758BD39DB,TRN-663504AB90A2D239,U,pooled_joint_rl,rest_3954,1
REC-B6DA0A22A3345F21,TRN-F01727C7DD7E54D8,U,pooled_joint_rl,rest_3954,1
REC-B6E4DFDD347CC4B6,TRN-F10F585833EE29FA,U,pooled_joint_rl,rest_3954,1
REC-B6F37D25882E8B15,TRN-BE800C56E507F02B,U,pooled_joint_rl,rest_3954,1
REC-B6F8B972E3E4D136,TRN-31FA6A79C7899D8B,U,pooled_joint_rl,rest_3954,1
REC-B7105DA5A2B34610,TRN-EEA4C0ED18EE1BB0,U,pooled_joint_rl,rest_3954,1
REC-B71D6EF118AB0E9D,TRN-17232B3CCC969DA7,U,pooled_joint_rl,rest_3954,1
REC-B735C92035C3A2CE,TRN-2F0C36FAEF8605F5,U,pooled_joint_rl,rest_3954,1
REC-B74159F6E58F1D41,TRN-8C65C481485EF946,U,pooled_joint_rl,rest_3954,1
REC-B74A28974A99073B,TRN-6ED8658966CDF033,U,pooled_joint_rl,rest_3954,1
REC-B75941B1E74E25C5,TRN-8BED22A8A8E746C1,U,pooled_joint_rl,rest_3954,1
REC-B7623179AF422488,TRN-ED34D0BDB0047A89,U,pooled_joint_rl,rest_3954,1
REC-B774EEE8D93EF6B1,TRN-2D2C77DCBFD16F19,U,pooled_joint_rl,rest_3954,1
REC-B782B66AC189EC5A,TRN-DB3514F34FC947E1,U,pooled_joint_rl,rest_3954,1
REC-B7AD6A908A82D134,TRN-260B6E4A4C08FBD3,U,pooled_joint_rl,rest_3954,1
REC-B7C1E99C3001796F,TRN-915D257509251F58,U,pooled_joint_rl,rest_3954,1
REC-B7C7254B44FE3A41,TRN-3D4CBC84732089D3,U,pooled_joint_rl,rest_3954,1
REC-B7F7581BC8551F2F,TRN-699200A8635FD670,U,pooled_joint_rl,rest_3954,1
REC-B7FA8D3DC21B06A6,TRN-983952C63C460DF6,U,pooled_joint_rl,rest_3954,1
REC-B80353020578DA91,TRN-14A4671FBD1866B0,U,pooled_joint_rl,rest_3954,1
REC-B8110BB07E63A7CE,TRN-F2366875173A4313,U,pooled_joint_rl,rest_3954,1
REC-B81E32C309A39A02,TRN-A38CA717C2406B41,U,pooled_joint_rl,rest_3954,1
REC-B8223A7E2BB49AB0,TRN-E6CCEDEEA26A7A77,U,pooled_joint_rl,rest_3954,1
REC-B82681E806DB592F,TRN-095AFBEB688F120A,U,pooled_joint_rl,rest_3954,1
REC-B831CDA4291FA4B7,TRN-5DED6C8C246E6F47,U,pooled_joint_rl,rest_3954,1
REC-B86EDDBDFB4CBF24,TRN-5112EA816AC66779,U,pooled_joint_rl,rest_3954,1
REC-B8808841CC5D046E,TRN-B3C7F04684EC45CA,U,pooled_joint_rl,rest_3954,1
REC-B884B07F57AD2E31,TRN-C65DA1684F2B1BD4,U,pooled_joint_rl,rest_3954,1
REC-B887C348DF2A5CC8,TRN-A2C3DCEC275F6E28,U,pooled_joint_rl,rest_3954,1
REC-B8906B5454258AE6,TRN-6A02EB7029AE5F3C,U,pooled_joint_rl,rest_3954,1
REC-B89167DEA9B5418B,TRN-351F150813E43E30,U,pooled_joint_rl,rest_3954,1
REC-B8918E03E88FB8C7,TRN-175545DC77A5A320,U,pooled_joint_rl,rest_3954,1
REC-B895512EE15F4913,TRN-1CE3753EF77C538C,U,pooled_joint_rl,rest_3954,1
REC-B89FA0CC8515DC4E,TRN-22902C34D596C399,U,pooled_joint_rl,rest_3954,1
REC-B8AEEC0B8918B37C,TRN-EFE9597BB36C2055,U,pooled_joint_rl,rest_3954,1
REC-B8BC8A3B3667710C,TRN-E5BD37A0D1DEA926,U,pooled_joint_rl,rest_3954,1
REC-B8D001F823C32DB8,TRN-9F13D5DB3EAD2B26,U,pooled_joint_rl,rest_3954,1
REC-B8E9FF52993F1CFA,TRN-2C0E1AC783AD018C,U,pooled_joint_rl,rest_3954,1
REC-B9114947A72449D3,TRN-5030BA01D882A469,U,pooled_joint_rl,rest_3954,1
REC-B942C1302B86E845,TRN-EAE4AEFBDC9EDB61,U,pooled_joint_rl,rest_3954,1
REC-B948156059976A41,TRN-100341930138285F,U,pooled_joint_rl,rest_3954,1
REC-B948B4FC6C348A26,TRN-309044EAD8171226,U,pooled_joint_rl,rest_3954,1
REC-B9518FF8281C2E07,TRN-E079066D41A4D273,U,pooled_joint_rl,rest_3954,1
REC-B96D54DB29630041,TRN-787900DB6B7257E5,U,pooled_joint_rl,rest_3954,1
REC-B9844ACF8737402D,TRN-AFF9F36E96A5345D,U,pooled_joint_rl,rest_3954,1
REC-B987F665EAB83528,TRN-87DD6295ABE98F84,U,pooled_joint_rl,rest_3954,1
REC-B9936B94156BFC3E,TRN-320745A32BEC0532,U,pooled_joint_rl,rest_3954,1
REC-B9C19C5010DDB0DA,TRN-56CD1AD40F311F87,U,pooled_joint_rl,rest_3954,1
REC-B9C2ECF2CE99C7DB,TRN-57DADDA5A3C98B63,U,pooled_joint_rl,rest_3954,1
REC-B9C3CF1D16475FC3,TRN-74C67F27F6DB5BC4,U,pooled_joint_rl,rest_3954,1
REC-B9C886660EC6EF9B,TRN-C07B7E559D23D4A8,U,pooled_joint_rl,rest_3954,1
REC-B9D2D2DD02E06551,TRN-4CC2AEB6F7DD6F49,U,pooled_joint_rl,rest_3954,1
REC-B9E2A79C49A14045,TRN-278CAF9DFF0AA0AF,U,pooled_joint_rl,rest_3954,1
REC-B9E947C517902BFB,TRN-9DF487D41BB9FC60,U,pooled_joint_rl,rest_3954,1
REC-B9F48B1F310D238E,TRN-B15DE4B163FC0534,U,pooled_joint_rl,rest_3954,1
REC-B9FB186DC7E1BE0F,TRN-56E6F99C842B7ED1,U,pooled_joint_rl,rest_3954,1
REC-BA6565BB619197DE,TRN-5CB2DEA460D1931D,U,pooled_joint_rl,rest_3954,1
REC-BA74A53E6A8F7C4D,TRN-415378DA90290085,U,pooled_joint_rl,rest_3954,1
REC-BA83DE68E0FF3024,TRN-9D3ECCE0B76FE5D7,U,pooled_joint_rl,rest_3954,1
REC-BAB2D6748092F0A0,TRN-5E5CEB28B3C4FB8D,U,pooled_joint_rl,rest_3954,1
REC-BAC65B46F3FC4226,TRN-B623B6CA52EC204C,U,pooled_joint_rl,rest_3954,1
REC-BACA732B00AA44F2,TRN-373D9D34178CE30D,U,pooled_joint_rl,rest_3954,1
REC-BADC2D12D4ECA668,TRN-81DBABF57AC6CAE5,U,pooled_joint_rl,rest_3954,1
REC-BAF62699CE1EB647,TRN-A3B6C95D4383B95D,U,pooled_joint_rl,rest_3954,1
REC-BAFB2767B0880041,TRN-077791B7DDFD63D6,U,pooled_joint_rl,rest_3954,1
REC-BAFBBDB8BB238F0B,TRN-6C1DE8C82478FDF1,U,pooled_joint_rl,rest_3954,1
REC-BAFCC56EA4B656B3,TRN-6BA27C7F9F6C1788,U,pooled_joint_rl,rest_3954,1
REC-BB29E59FB8DFAB09,TRN-053869EA29CE65B6,U,pooled_joint_rl,rest_3954,1
REC-BB34419BFB4E34E7,TRN-EF096DC1063AD32E,U,pooled_joint_rl,rest_3954,1
REC-BB385B049DE4F85C,TRN-0F34D3D25AAB3DE1,U,pooled_joint_rl,rest_3954,1
REC-BB42ABEA795EB105,TRN-995186AD5C3FCB4D,U,pooled_joint_rl,rest_3954,1
REC-BB51A071A5897AA2,TRN-7356DB70D5A83316,U,pooled_joint_rl,rest_3954,1
REC-BB6075FCAAFC232F,TRN-318E8B4D9C91E613,U,pooled_joint_rl,rest_3954,1
REC-BB643DA8C1C32759,TRN-5D6FE064BD6D11DB,U,pooled_joint_rl,rest_3954,1
REC-BB6894162C4D99EA,TRN-25E423737F47C980,U,pooled_joint_rl,rest_3954,1
REC-BB975E04489BD2AB,TRN-74E74AE6EE2F0F18,U,pooled_joint_rl,rest_3954,1
REC-BBBC7B45825A47F8,TRN-399E558655C179FD,U,pooled_joint_rl,rest_3954,1
REC-BBE58A0BD8D2CF50,TRN-6EC683FB709045F0,U,pooled_joint_rl,rest_3954,1
REC-BC1317B07979FF35,TRN-D7A559EFB1302CD0,U,pooled_joint_rl,rest_3954,1
REC-BC5C484F1BE7C2C1,TRN-BFA741639A23E4C2,U,pooled_joint_rl,rest_3954,1
REC-BC5D7E39994A98FA,TRN-030563C15FB3301E,U,pooled_joint_rl,rest_3954,1
REC-BC8AB1943A0906C3,TRN-14B717C3B09DF963,U,pooled_joint_rl,rest_3954,1
REC-BC93D13447722E87,TRN-8D1B090BDEB024BE,U,pooled_joint_rl,rest_3954,1
REC-BCA228FBA2DC854D,TRN-3ADDB65B55BC40FF,U,pooled_joint_rl,rest_3954,1
REC-BCD21ED8B03A243B,TRN-F8A0F9A92D1B95C1,U,pooled_joint_rl,rest_3954,1
REC-BCDA1C7ADC75838B,TRN-2C33D56973C38A65,U,pooled_joint_rl,rest_3954,1
REC-BCE222893FF1B9E8,TRN-8D3D1BCCDC1FC170,U,pooled_joint_rl,rest_3954,1
REC-BD059D27102B6C38,TRN-D9E5BDC388976BBB,U,pooled_joint_rl,rest_3954,1
REC-BD157D41B1759AF5,TRN-10D5F8542A813BCD,U,pooled_joint_rl,rest_3954,1
REC-BD403F88D04387FB,TRN-D22FD017398E698F,U,pooled_joint_rl,rest_3954,1
REC-BD54612841127696,TRN-3077538D370B6878,U,pooled_joint_rl,rest_3954,1
REC-BD5BF95B2EFB810E,TRN-5A5E864191DC49FC,U,pooled_joint_rl,rest_3954,1
REC-BD629DA5C1AA94C9,TRN-65370F937EAC5FBE,U,pooled_joint_rl,rest_3954,1
REC-BD68B30AA2B6AD87,TRN-D47B94A07BF46D17,U,pooled_joint_rl,rest_3954,1
REC-BD6B6F001CB0B3DC,TRN-9570BE6C0AE2749E,U,pooled_joint_rl,rest_3954,1
REC-BD7F1E65A6092120,TRN-DB4B91C27FBB8F4A,U,pooled_joint_rl,rest_3954,1
REC-BD8F492BD3F9C4D7,TRN-3C0714701717FC16,U,pooled_joint_rl,rest_3954,1
REC-BD9B2AA190C45D2F,TRN-214835680765B4A2,U,pooled_joint_rl,rest_3954,1
REC-BD9DB4A5F26F1C9F,TRN-FA2D62CD3EF15365,U,pooled_joint_rl,rest_3954,1
REC-BDB6F27A92812E02,TRN-FEC52BD70EFECA39,U,pooled_joint_rl,rest_3954,1
REC-BDF5A47B0C966F54,TRN-3F8C3032A7EDC8A6,U,pooled_joint_rl,rest_3954,1
REC-BDFD13601259ED94,TRN-12C997749287849E,U,pooled_joint_rl,rest_3954,1
REC-BE162926673C47DC,TRN-06F261BEAE336B5D,U,pooled_joint_rl,rest_3954,1
REC-BE20CA7FAB6E8BDE,TRN-70A5333F7DCE3F70,U,pooled_joint_rl,rest_3954,1
REC-BE37F6DE74DD3DBB,TRN-2F65A7C88DBC7FD8,U,pooled_joint_rl,rest_3954,1
REC-BE9952F8CA75B658,TRN-09346BC8EF14244D,U,pooled_joint_rl,rest_3954,1
REC-BEACE24DE1A95AE5,TRN-542B1E20D58C989A,U,pooled_joint_rl,rest_3954,1
REC-BEB34CFCE757EF04,TRN-C06DED451B59F9BE,U,pooled_joint_rl,rest_3954,1
REC-BEB864B548B418FA,TRN-8E1FFCC83DD32A50,U,pooled_joint_rl,rest_3954,1
REC-BECC667E887ED2B3,TRN-2B5E964588DF834B,U,pooled_joint_rl,rest_3954,1
REC-BED36DDAC6172369,TRN-4071218AE9E6033B,U,pooled_joint_rl,rest_3954,1
REC-BEDCDF53D4EF708F,TRN-6286925DAA2EF5C2,U,pooled_joint_rl,rest_3954,1
REC-BEEE9D8CFC8C8DA1,TRN-374E6498821DCCB0,U,pooled_joint_rl,rest_3954,1
REC-BF0B9F904D942678,TRN-FC5DFA6B7BA18593,U,pooled_joint_rl,rest_3954,1
REC-BF1CA13F822BA793,TRN-2BC87DCF0FD7561B,U,pooled_joint_rl,rest_3954,1
REC-BF25B05F9DCF4B88,TRN-60E0033827E2FF5A,U,pooled_joint_rl,rest_3954,1
REC-BF34948434C6E122,TRN-2F0C8168FBF83ECD,U,pooled_joint_rl,rest_3954,1
REC-BF4DEB3BA378BCDB,TRN-BA2B8ECD0D8DE4AB,U,pooled_joint_rl,rest_3954,1
REC-BF4F3ED2AF02C33A,TRN-D61965241D70F92D,U,pooled_joint_rl,rest_3954,1
REC-BF53DEFF6D61E947,TRN-73F1C71A9D7C8F4A,U,pooled_joint_rl,rest_3954,1
REC-BF6964213BDF99E6,TRN-16E822388B37272C,U,pooled_joint_rl,rest_3954,1
REC-BF86E92A6CC2224E,TRN-C0EB4C8C3FF2FA67,U,pooled_joint_rl,rest_3954,1
REC-BF9C083B5CFAD928,TRN-F00C503DE6ADCAA2,U,pooled_joint_rl,rest_3954,1
REC-BFB9C3DBA21CFF4F,TRN-12F7D3A6447B86B4,U,pooled_joint_rl,rest_3954,1
REC-BFBD97A2740AE502,TRN-EB72E6BDBAF072BC,U,pooled_joint_rl,rest_3954,1
REC-BFD9C4052FAD7205,TRN-BD45D68745445989,U,pooled_joint_rl,rest_3954,1
REC-C00C183A20779932,TRN-D22B61C8C9C7CB9A,U,pooled_joint_rl,rest_3954,1
REC-C015284BEC268770,TRN-03E59F53C7066C71,U,pooled_joint_rl,rest_3954,1
REC-C01965EA7C8C0B13,TRN-DABE84AE8800F80A,U,pooled_joint_rl,rest_3954,1
REC-C034CEB7646E8629,TRN-D62270607E88F5F4,U,pooled_joint_rl,rest_3954,1
REC-C0369C9F118A6BC6,TRN-3650DE78A0B3A889,U,pooled_joint_rl,rest_3954,1
REC-C03E72185255700F,TRN-1E4824903ED645F6,U,pooled_joint_rl,rest_3954,1
REC-C042063B748CC689,TRN-A8E84121133C597E,U,pooled_joint_rl,rest_3954,1
REC-C06CF01C5B66016A,TRN-AB120C68B1FE89A9,U,pooled_joint_rl,rest_3954,1
REC-C078AB1750AD21B9,TRN-D127109E2E4A21B6,U,pooled_joint_rl,rest_3954,1
REC-C0A6E1AD805BFD8B,TRN-70820484B9E4E2B7,U,pooled_joint_rl,rest_3954,1
REC-C0AF5D072D72DEB7,TRN-FF25D40A169B79EE,U,pooled_joint_rl,rest_3954,1
REC-C0D37A0546BA2D3E,TRN-0B608E1DE38763A0,U,pooled_joint_rl,rest_3954,1
REC-C0FE13C8369BA259,TRN-8815925FFFAF6C7E,U,pooled_joint_rl,rest_3954,1
REC-C0FFF3ED366FCFC3,TRN-7B378B8A2333207E,U,pooled_joint_rl,rest_3954,1
REC-C11BD613563A41E6,TRN-85B50BCFBCE5ADF1,U,pooled_joint_rl,rest_3954,1
REC-C11F370520A71C8C,TRN-B7452EB12972FA3A,U,pooled_joint_rl,rest_3954,1
REC-C12A8979A91DEA1D,TRN-437A45C4CDE7F963,U,pooled_joint_rl,rest_3954,1
REC-C146CB4AFEE4FF23,TRN-19F34608C9677F6B,U,pooled_joint_rl,rest_3954,1
REC-C15592886FDAE949,TRN-3D73801FED8ECFA5,U,pooled_joint_rl,rest_3954,1
REC-C1562024027D54C6,TRN-BDCA00ACF9C3FD67,U,pooled_joint_rl,rest_3954,1
REC-C165D5B0C028B1F3,TRN-1C13FB9BF9B646CA,U,pooled_joint_rl,rest_3954,1
REC-C175A8337D04C4FE,TRN-4B28C094F2720F64,U,pooled_joint_rl,rest_3954,1
REC-C194B910701086D7,TRN-63BAD7A7780A7936,U,pooled_joint_rl,rest_3954,1
REC-C1BAEF2C519742E7,TRN-DE0A7520E9B328E9,U,pooled_joint_rl,rest_3954,1
REC-C1BE41DABF15FDA1,TRN-A954A47E473CB275,U,pooled_joint_rl,rest_3954,1
REC-C1BEA915A50660A6,TRN-800CE95543F496A2,U,pooled_joint_rl,rest_3954,1
REC-C1C56F74F407BE5D,TRN-22AE949BE654695B,U,pooled_joint_rl,rest_3954,1
REC-C1CBB907B49943BE,TRN-45BF4E38D1F1D251,U,pooled_joint_rl,rest_3954,1
REC-C1D7EDCB45065A72,TRN-E74624F74033D089,U,pooled_joint_rl,rest_3954,1
REC-C1E20C30AB148C5F,TRN-DCCDD25170E64022,U,pooled_joint_rl,rest_3954,1
REC-C1E257FF062356FC,TRN-B7136E3B66125858,U,pooled_joint_rl,rest_3954,1
REC-C1E3FB813E3E75AE,TRN-0F82FDCA33438ECE,U,pooled_joint_rl,rest_3954,1
REC-C1EB97DEE6A9F451,TRN-E5E8AF84387F7DB7,U,pooled_joint_rl,rest_3954,1
REC-C239D55076171C24,TRN-6C3DEB11514D1CCC,U,pooled_joint_rl,rest_3954,1
REC-C24080D67069E112,TRN-4F13596FF8F9BCDC,U,pooled_joint_rl,rest_3954,1
REC-C256B6A6CA3D6F81,TRN-A1A30E9ACC1EDB30,U,pooled_joint_rl,rest_3954,1
REC-C27E7AD0542A6955,TRN-E76AAF94EEFB69D3,U,pooled_joint_rl,rest_3954,1
REC-C289761AA9F9A74B,TRN-3F44ACA5F88D286F,U,pooled_joint_rl,rest_3954,1
REC-C2A36F437F2F4525,TRN-9FBD902CAB290386,U,pooled_joint_rl,rest_3954,1
REC-C2B4DC3E49FC861B,TRN-6370BE09986C536D,U,pooled_joint_rl,rest_3954,1
REC-C2B84E095363D3A0,TRN-27CEEC49D2742B07,U,pooled_joint_rl,rest_3954,1
REC-C2C385C09FA61364,TRN-2E8466FBFBC219D3,U,pooled_joint_rl,rest_3954,1
REC-C2CC94B8607E7B2E,TRN-89AF1A28627E5D53,U,pooled_joint_rl,rest_3954,1
REC-C2D79DEE6333FCFE,TRN-545499147F2C4663,U,pooled_joint_rl,rest_3954,1
REC-C2DFDF3A76784366,TRN-ACCBF9EA8BF9A123,U,pooled_joint_rl,rest_3954,1
REC-C2E2D0FF5AE67066,TRN-D959FF1183C3037E,U,pooled_joint_rl,rest_3954,1
REC-C2EB42EC2D158CF8,TRN-E5CB92D800390446,U,pooled_joint_rl,rest_3954,1
REC-C2EE08C1FA53C2AD,TRN-AA0CDD14FADF6E34,U,pooled_joint_rl,rest_3954,1
REC-C2F0B8631FDD36B2,TRN-F4ED0FC6D13EEBC2,U,pooled_joint_rl,rest_3954,1
REC-C300182A24D9222E,TRN-4CD25BBBDA44D99C,U,pooled_joint_rl,rest_3954,1
REC-C3080B6D908B1035,TRN-39CA54FADF474970,U,pooled_joint_rl,rest_3954,1
REC-C3155A40E1C5213E,TRN-9E4ABB87C693DF2B,U,pooled_joint_rl,rest_3954,1
REC-C3176C85FC37D0FA,TRN-105ED782BB901814,U,pooled_joint_rl,rest_3954,1
REC-C3240A88CBD1D102,TRN-293E9B01D5DA4029,U,pooled_joint_rl,rest_3954,1
REC-C325E5E648B4AE2D,TRN-76CB50B8A804B6A3,U,pooled_joint_rl,rest_3954,1
REC-C35F0DD09CDD6086,TRN-74C77242063D8EED,U,pooled_joint_rl,rest_3954,1
REC-C389C0D2BDA6F67C,TRN-F5A9354366BF050B,U,pooled_joint_rl,rest_3954,1
REC-C39794827738E1AC,TRN-6231B034CB8F3009,U,pooled_joint_rl,rest_3954,1
REC-C397B338FCA676EE,TRN-C09BF4E918041B33,U,pooled_joint_rl,rest_3954,1
REC-C39A0EE54DFCC30E,TRN-E2C1376E4A3D26C6,U,pooled_joint_rl,rest_3954,1
REC-C3B18DBC03BDB962,TRN-0018BB6002AEE4CA,U,pooled_joint_rl,rest_3954,1
REC-C3D134761C7B3610,TRN-0394B85232A0B9C2,U,pooled_joint_rl,rest_3954,1
REC-C3E44C270D49B96B,TRN-726B65E54B6A0CFA,U,pooled_joint_rl,rest_3954,1
REC-C3EB849DA7B928E6,TRN-38C6F97363C735C5,U,pooled_joint_rl,rest_3954,1
REC-C3F20F8B72939DA9,TRN-9A3092209D6E81F8,U,pooled_joint_rl,rest_3954,1
REC-C3F557E119B98E59,TRN-D47CB435F25ACAD9,U,pooled_joint_rl,rest_3954,1
REC-C3FED88121F05C55,TRN-D9A56C21CE257E1A,U,pooled_joint_rl,rest_3954,1
REC-C41ACBE5E20D43A2,TRN-34F04A92B98D3C5C,U,pooled_joint_rl,rest_3954,1
REC-C42DB235681EE9CE,TRN-33A0A4C347E3C9E3,U,pooled_joint_rl,rest_3954,1
REC-C431DD3EF8CCCED2,TRN-178C29BCE86830F2,U,pooled_joint_rl,rest_3954,1
REC-C4498AD258610BB4,TRN-4546621ADBF5FF42,U,pooled_joint_rl,rest_3954,1
REC-C44F8F4A19E51024,TRN-07463F31278A21CF,U,pooled_joint_rl,rest_3954,1
REC-C4779A9ACF3F9257,TRN-1E610ADC63820D35,U,pooled_joint_rl,rest_3954,1
REC-C49A1D84B2DD031F,TRN-166B1057823181D2,U,pooled_joint_rl,rest_3954,1
REC-C49AD31322AB0307,TRN-14EF1E261D6CC8E3,U,pooled_joint_rl,rest_3954,1
REC-C49B2FD12F12C296,TRN-873879A83E235A82,U,pooled_joint_rl,rest_3954,1
REC-C4B941C0DE8DB81A,TRN-40C684899C95DDDB,U,pooled_joint_rl,rest_3954,1
REC-C4BD992EA6978D54,TRN-3A9004932878DE56,U,pooled_joint_rl,rest_3954,1
REC-C4BDE6DE023506B1,TRN-751033567AF993D2,U,pooled_joint_rl,rest_3954,1
REC-C4C9B31F0CBB62A9,TRN-FDDD3582D85DB1F2,U,pooled_joint_rl,rest_3954,1
REC-C4E2FB0081C7076D,TRN-3DA94B274B0E24B5,U,pooled_joint_rl,rest_3954,1
REC-C4E6501120BA4C42,TRN-9DA30343B8C20794,U,pooled_joint_rl,rest_3954,1
REC-C4EE66B0E38181E7,TRN-A4F2BAA190A83543,U,pooled_joint_rl,rest_3954,1
REC-C4F74FBD4893F72F,TRN-BF808B81B2E59A22,U,pooled_joint_rl,rest_3954,1
REC-C5007D3AE006DB53,TRN-8D0A9D563B191D98,U,pooled_joint_rl,rest_3954,1
REC-C506A9D3949E5169,TRN-B3FE48944FB04695,U,pooled_joint_rl,rest_3954,1
REC-C506E534ABEFF41F,TRN-4A424E56BF7BE13F,U,pooled_joint_rl,rest_3954,1
REC-C52AA9576C6A5055,TRN-FBFBFF5FEE3927CA,U,pooled_joint_rl,rest_3954,1
REC-C55A0B97BC9B1284,TRN-5B52369A464D808A,U,pooled_joint_rl,rest_3954,1
REC-C55AD87C228B609D,TRN-B7A184F3624F34C5,U,pooled_joint_rl,rest_3954,1
REC-C55C5D47E0651B43,TRN-DAFA919D5253077D,U,pooled_joint_rl,rest_3954,1
REC-C565EC75EB5496EE,TRN-76417FB1B547C102,U,pooled_joint_rl,rest_3954,1
REC-C5886FE08C00799C,TRN-E1E4A299D64A10E7,U,pooled_joint_rl,rest_3954,1
REC-C591699F537E011B,TRN-CC8490DEBA306A50,U,pooled_joint_rl,rest_3954,1
REC-C5A0B23665E379B5,TRN-26F79289C756B597,U,pooled_joint_rl,rest_3954,1
REC-C5AB36F3DF16FFBF,TRN-AC42EEC7290F09D4,U,pooled_joint_rl,rest_3954,1
REC-C5B6F8C361A7B66F,TRN-DF03E67C6090892E,U,pooled_joint_rl,rest_3954,1
REC-C5D33BB296881992,TRN-891556682485DEA1,U,pooled_joint_rl,rest_3954,1
REC-C5D4385E0BF6DE50,TRN-EFF8271799A3A8C0,U,pooled_joint_rl,rest_3954,1
REC-C5D6DDDA278AC519,TRN-E08D249AF06B2724,U,pooled_joint_rl,rest_3954,1
REC-C5DA6D3AE5E2E4F2,TRN-EEEA7FDD0D83B5AA,U,pooled_joint_rl,rest_3954,1
REC-C6229B3467BAADDB,TRN-5A9A050509BAA114,U,pooled_joint_rl,rest_3954,1
REC-C6261A51C227A76D,TRN-0A104C798D9902E2,U,pooled_joint_rl,rest_3954,1
REC-C6482DBEDF095044,TRN-1B33520BBA4EF84F,U,pooled_joint_rl,rest_3954,1
REC-C65AAB27704A0A70,TRN-D9B50000DD896B0E,U,pooled_joint_rl,rest_3954,1
REC-C65B594F1B4C3748,TRN-85190BD06C27EF58,U,pooled_joint_rl,rest_3954,1
REC-C6BACD383F87CFE1,TRN-C61393827A366F98,U,pooled_joint_rl,rest_3954,1
REC-C6C2F8F3D73458D4,TRN-FA405FDD566F706D,U,pooled_joint_rl,rest_3954,1
REC-C6CE9CFACCE7B6E2,TRN-90552871CFF696CA,U,pooled_joint_rl,rest_3954,1
REC-C6D3CDFB00CCE34F,TRN-9930C7003B7AB978,U,pooled_joint_rl,rest_3954,1
REC-C6D7F9AAE7E7F254,TRN-3FDE557107941318,U,pooled_joint_rl,rest_3954,1
REC-C6E320CC14922034,TRN-B36FC1DCC1A6F87B,U,pooled_joint_rl,rest_3954,1
REC-C6E83E11EFBF2DEA,TRN-768B06E630D79466,U,pooled_joint_rl,rest_3954,1
REC-C7057B3D95F2B1CD,TRN-F3B52A6241A70BA2,U,pooled_joint_rl,rest_3954,1
REC-C714178E5B87F69D,TRN-70156FCFC380563B,U,pooled_joint_rl,rest_3954,1
REC-C7180D44316E5949,TRN-83481293C0A3FA96,U,pooled_joint_rl,rest_3954,1
REC-C71D95CEE373A8CF,TRN-346BEB55E851FC32,U,pooled_joint_rl,rest_3954,1
REC-C72555113DAD7E74,TRN-B162A48F8983649B,U,pooled_joint_rl,rest_3954,1
REC-C7261633848046AB,TRN-D259C02957AFBC5B,U,pooled_joint_rl,rest_3954,1
REC-C73F76BB9B21BE67,TRN-AF9669C06DF7B6C0,U,pooled_joint_rl,rest_3954,1
REC-C751CEACFB7F987B,TRN-C735452C3672F72F,U,pooled_joint_rl,rest_3954,1
REC-C7734EF241732734,TRN-D3603989A7145D0B,U,pooled_joint_rl,rest_3954,1
REC-C779B2FBC6139933,TRN-35191E954C7C1A83,U,pooled_joint_rl,rest_3954,1
REC-C7927652504ADB21,TRN-E3B1405F497E7303,U,pooled_joint_rl,rest_3954,1
REC-C7A0344E13589DE1,TRN-969CB419C71272AB,U,pooled_joint_rl,rest_3954,1
REC-C7AA309A4DFBD9B2,TRN-07E9EF57B42BC6FE,U,pooled_joint_rl,rest_3954,1
REC-C7B5E750FE13CC49,TRN-4A6321FEFD3B2BD6,U,pooled_joint_rl,rest_3954,1
REC-C7B60A205DBF135C,TRN-29817EF0743959B8,U,pooled_joint_rl,rest_3954,1
REC-C7BF16F1C973C767,TRN-8782FDE5BE60C232,U,pooled_joint_rl,rest_3954,1
REC-C7C15456C91BDC09,TRN-769B23D0E0179F81,U,pooled_joint_rl,rest_3954,1
REC-C7C809A333755A9D,TRN-8626850CDEB66183,U,pooled_joint_rl,rest_3954,1
REC-C7EB4C8E96EB0311,TRN-DE0CFDC3B5F0C95A,U,pooled_joint_rl,rest_3954,1
REC-C7F28D8F899073DC,TRN-D17F36E526D4694C,U,pooled_joint_rl,rest_3954,1
REC-C80334A6F9D2BDCF,TRN-7AC93E9441AC6069,U,pooled_joint_rl,rest_3954,1
REC-C80559C6979654BF,TRN-94EF761BAEF5DA23,U,pooled_joint_rl,rest_3954,1
REC-C848606666731BC8,TRN-7EFC939503731605,U,pooled_joint_rl,rest_3954,1
REC-C84B493F51EC5D1D,TRN-47A37715DFEDA43A,U,pooled_joint_rl,rest_3954,1
REC-C868373728013370,TRN-655FCE8A522BF35F,U,pooled_joint_rl,rest_3954,1
REC-C86B6C2CBFF9A375,TRN-FD3A65062FF21C0E,U,pooled_joint_rl,rest_3954,1
REC-C86D3901723F2148,TRN-F132687BD9FFC934,U,pooled_joint_rl,rest_3954,1
REC-C86F98E917C25626,TRN-C357361B87C8B169,U,pooled_joint_rl,rest_3954,1
REC-C8769212EA6F7FD1,TRN-0EE4107AB8248A9F,U,pooled_joint_rl,rest_3954,1
REC-C87C6C70B8466EFB,TRN-C42FD0083EF282BF,U,pooled_joint_rl,rest_3954,1
REC-C889C91C264C68D1,TRN-E416F459400451E1,U,pooled_joint_rl,rest_3954,1
REC-C8943A7060F6B29D,TRN-51ED48E0510C2596,U,pooled_joint_rl,rest_3954,1
REC-C89485825F62FBDB,TRN-28FE4084DF8846B8,U,pooled_joint_rl,rest_3954,1
REC-C8BEA0113F825CA1,TRN-1E9D5BEDCB9EE7CB,U,pooled_joint_rl,rest_3954,1
REC-C8D8739915E48AA9,TRN-AC1713363FA5316B,U,pooled_joint_rl,rest_3954,1
REC-C8D8B5B5D4A42CDC,TRN-A6DD441EBA8061DE,U,pooled_joint_rl,rest_3954,1
REC-C8E3A33BFBED018D,TRN-A32F2A8130A080D8,U,pooled_joint_rl,rest_3954,1
REC-C8F69E0FB1EB9F15,TRN-94ACC89A42FE5C51,U,pooled_joint_rl,rest_3954,1
REC-C8FE641135774603,TRN-78CE0F480074B188,U,pooled_joint_rl,rest_3954,1
REC-C8FEE8DB3061039E,TRN-A9FDE993BF080D38,U,pooled_joint_rl,rest_3954,1
REC-C90A96D8EEFC511B,TRN-12F2D575A534655C,U,pooled_joint_rl,rest_3954,1
REC-C90DB73D789BB98B,TRN-6D55D99A5CD29FA1,U,pooled_joint_rl,rest_3954,1
REC-C91F77851B922908,TRN-95A13AB37C3AC9BA,U,pooled_joint_rl,rest_3954,1
REC-C9227C4B62CDEB0F,TRN-B6D593A028A9B114,U,pooled_joint_rl,rest_3954,1
REC-C927263E063A9420,TRN-F312BBC0E6E9424D,U,pooled_joint_rl,rest_3954,1
REC-C93424E921421E6E,TRN-999C20F5A2D72746,U,pooled_joint_rl,rest_3954,1
REC-C94507D9744B7246,TRN-43713C5D3A64E16D,U,pooled_joint_rl,rest_3954,1
REC-C9634C7A30F10820,TRN-F5A6D5A17E6E7760,U,pooled_joint_rl,rest_3954,1
REC-C9695F58B3F40B2C,TRN-79822E941DF2DC59,U,pooled_joint_rl,rest_3954,1
REC-C97B63B54E8BAD1E,TRN-94CCF2271DA1ED87,U,pooled_joint_rl,rest_3954,1
REC-C97C376F2EAEE84E,TRN-F8F1A602712BB2AF,U,pooled_joint_rl,rest_3954,1
REC-C97EEF9384DE7988,TRN-05C2516B064DB7E7,U,pooled_joint_rl,rest_3954,1
REC-C98991E5A296DEE1,TRN-98951E5877F7346D,U,pooled_joint_rl,rest_3954,1
REC-C98D39F17283AD6F,TRN-52CB229375FA65E3,U,pooled_joint_rl,rest_3954,1
REC-C9B8301E4A75B28C,TRN-398A6809DA4E11B2,U,pooled_joint_rl,rest_3954,1
REC-C9D93E0FB49CA849,TRN-FC31E98A50CCA267,U,pooled_joint_rl,rest_3954,1
REC-C9F146F2CC6A2492,TRN-A8B5160B4554447D,U,pooled_joint_rl,rest_3954,1
REC-C9F2C2A6787D63AA,TRN-71BEB007AD38C790,U,pooled_joint_rl,rest_3954,1
REC-C9F5FECC5892A42C,TRN-B7FE93EC4D7D0837,U,pooled_joint_rl,rest_3954,1
REC-CA13DC5F82728CAF,TRN-3D5A0131CA91D665,U,pooled_joint_rl,rest_3954,1
REC-CA1BA69D62D3B1A6,TRN-B98F0E25D4117CD1,U,pooled_joint_rl,rest_3954,1
REC-CA22276F6670377D,TRN-1F98F4E75F488955,U,pooled_joint_rl,rest_3954,1
REC-CA6F3EA098A4E210,TRN-7E5D14592A5393CF,U,pooled_joint_rl,rest_3954,1
REC-CA7B19AFAEC8EB21,TRN-3BE3F1AED90E0BCB,U,pooled_joint_rl,rest_3954,1
REC-CA7D119B26CCD133,TRN-51079579F4FE92C1,U,pooled_joint_rl,rest_3954,1
REC-CA8FED721D480431,TRN-8F38C6FF8F17E611,U,pooled_joint_rl,rest_3954,1
REC-CAAE3BE1E26BD1B5,TRN-55A0A62FA4E6C035,U,pooled_joint_rl,rest_3954,1
REC-CABE4A5B71377EF7,TRN-CAD0446CC742B4BD,U,pooled_joint_rl,rest_3954,1
REC-CAC47C9795C29335,TRN-D71B2BEA2CD6971B,U,pooled_joint_rl,rest_3954,1
REC-CAC71FAC6F6DECB3,TRN-4997A380FDE77DD6,U,pooled_joint_rl,rest_3954,1
REC-CAEF4025701983BC,TRN-F396B97D9054FAB7,U,pooled_joint_rl,rest_3954,1
REC-CB03874B9805E0FC,TRN-4A48901DBC8C27DD,U,pooled_joint_rl,rest_3954,1
REC-CB36473F73E8AB07,TRN-1D72F96D40C32A60,U,pooled_joint_rl,rest_3954,1
REC-CB53D2B813D91DCA,TRN-54793697BA56FD45,U,pooled_joint_rl,rest_3954,1
REC-CB58416DCDE232CA,TRN-1D8144187E367324,U,pooled_joint_rl,rest_3954,1
REC-CB6C3BA0F33BA9FE,TRN-E61A5911B82E0A60,U,pooled_joint_rl,rest_3954,1
REC-CB6D520970C0DED7,TRN-516C5F03A24952B2,U,pooled_joint_rl,rest_3954,1
REC-CB8EFC25CFE3D62A,TRN-066179250F5515AE,U,pooled_joint_rl,rest_3954,1
REC-CB9F5399D2BC85F8,TRN-E199C3ACDA628FD8,U,pooled_joint_rl,rest_3954,1
REC-CBB6A10F2BDAF406,TRN-EE66788817F94E08,U,pooled_joint_rl,rest_3954,1
REC-CBBF571A1C1F6190,TRN-99AC521573ECB9BA,U,pooled_joint_rl,rest_3954,1
REC-CBC595FB3318144B,TRN-5EC5652D4215B134,U,pooled_joint_rl,rest_3954,1
REC-CBD41ADD2D69FB8C,TRN-7960C4162041E271,U,pooled_joint_rl,rest_3954,1
REC-CBE4AF7E422F4778,TRN-98ABE45D43F604A9,U,pooled_joint_rl,rest_3954,1
REC-CBF55D82745BE519,TRN-4B068F38D32A5C86,U,pooled_joint_rl,rest_3954,1
REC-CBF75844CD51A858,TRN-B856C9A54BFE1E47,U,pooled_joint_rl,rest_3954,1
REC-CBF8A41927A88B74,TRN-F10E4F398F8DBCA3,U,pooled_joint_rl,rest_3954,1
REC-CC09F36284F77C99,TRN-C1AF71D5A37DC677,U,pooled_joint_rl,rest_3954,1
REC-CC0A8B878C0BF519,TRN-0CAED6BE66F69C13,U,pooled_joint_rl,rest_3954,1
REC-CC0D964E04E3FE70,TRN-73F82C3C1B0AAF7C,U,pooled_joint_rl,rest_3954,1
REC-CC247B33F95DA528,TRN-EF116AB3819E1209,U,pooled_joint_rl,rest_3954,1
REC-CC2B17C011200168,TRN-B47A316D26984602,U,pooled_joint_rl,rest_3954,1
REC-CC32D4EF389A5707,TRN-85996791925DAC1A,U,pooled_joint_rl,rest_3954,1
REC-CC560BE9ACD9E324,TRN-874A77CFD858ABF9,U,pooled_joint_rl,rest_3954,1
REC-CC5C24C21354F6EE,TRN-53CBBD925A76FCD6,U,pooled_joint_rl,rest_3954,1
REC-CC66ACA2750B0678,TRN-1CBCED409EB34D0E,U,pooled_joint_rl,rest_3954,1
REC-CC8EBBF65993C42B,TRN-87A28C0C8765DC02,U,pooled_joint_rl,rest_3954,1
REC-CC91ECDCC9EE4518,TRN-61818C64DBB1BEBF,U,pooled_joint_rl,rest_3954,1
REC-CCCA84F5B847B856,TRN-18EE86A6234C11D4,U,pooled_joint_rl,rest_3954,1
REC-CCDA57B7C23576B0,TRN-E17D45253C823532,U,pooled_joint_rl,rest_3954,1
REC-CD1395995AA3C426,TRN-42D07FA0E8D2998B,U,pooled_joint_rl,rest_3954,1
REC-CD14559A27330189,TRN-252A63563F40296D,U,pooled_joint_rl,rest_3954,1
REC-CD2F5128CA6F380B,TRN-5C068761CC8BDEBD,U,pooled_joint_rl,rest_3954,1
REC-CD4FC3295780979E,TRN-D83C2A1F26F9B1FD,U,pooled_joint_rl,rest_3954,1
REC-CD5830A07B5B295C,TRN-A540B4C72493E359,U,pooled_joint_rl,rest_3954,1
REC-CD622B8B007DF3F4,TRN-33494482254BC66A,U,pooled_joint_rl,rest_3954,1
REC-CD65386F37EED640,TRN-F3002E16516F7527,U,pooled_joint_rl,rest_3954,1
REC-CD6CD66A08F17A01,TRN-C2901952EA213856,U,pooled_joint_rl,rest_3954,1
REC-CDA6123F30962E9E,TRN-4D986233F04C033C,U,pooled_joint_rl,rest_3954,1
REC-CDAAAD733B1512C2,TRN-CE9E032AA68E8D2E,U,pooled_joint_rl,rest_3954,1
REC-CDBDE848D20C1806,TRN-DBC3A551EDF6D498,U,pooled_joint_rl,rest_3954,1
REC-CE022FDB48FFD890,TRN-64ED18C60A68FFD2,U,pooled_joint_rl,rest_3954,1
REC-CE0EF5905E6650F1,TRN-D03A55584C95D01C,U,pooled_joint_rl,rest_3954,1
REC-CE1F5B0DFCD05036,TRN-B221FCBF88705C24,U,pooled_joint_rl,rest_3954,1
REC-CE242F33FFDC0DB5,TRN-41D7D3F26FA8E81B,U,pooled_joint_rl,rest_3954,1
REC-CE27C5E395FC214C,TRN-A2C2B80EDD05EAD1,U,pooled_joint_rl,rest_3954,1
REC-CE3388E7C4B47C72,TRN-CE68AC6C4DFD7AF6,U,pooled_joint_rl,rest_3954,1
REC-CE34FA4A8E828C7E,TRN-B28146B3899AB5C1,U,pooled_joint_rl,rest_3954,1
REC-CE3BFD9B9AEB43A7,TRN-4DFD1558254104B4,U,pooled_joint_rl,rest_3954,1
REC-CE89F0AE64B41A2B,TRN-E3DB4729A5EAFD47,U,pooled_joint_rl,rest_3954,1
REC-CE936D4865C8FC79,TRN-55D3CBFD4D39626D,U,pooled_joint_rl,rest_3954,1
REC-CE95E06910D82E4C,TRN-F479F8A1FBA5CBF0,U,pooled_joint_rl,rest_3954,1
REC-CEA6757A539DF253,TRN-CB3444C7D54E1BA1,U,pooled_joint_rl,rest_3954,1
REC-CEB1ECBBE2411D74,TRN-EC59163D3E1743C5,U,pooled_joint_rl,rest_3954,1
REC-CECC37CC52D7F834,TRN-9D68C7BF3978689A,U,pooled_joint_rl,rest_3954,1
REC-CEDDE8DA8177BF20,TRN-E75B850836F248B6,U,pooled_joint_rl,rest_3954,1
REC-CF080926CA54C901,TRN-3E1C14B791CD9D9B,U,pooled_joint_rl,rest_3954,1
REC-CF20F69972E02173,TRN-478FC2F66D9B1A33,U,pooled_joint_rl,rest_3954,1
REC-CF312254C13EF725,TRN-D5F31BCC875488D5,U,pooled_joint_rl,rest_3954,1
REC-CF3780DF48700A80,TRN-DBE7586916849DC6,U,pooled_joint_rl,rest_3954,1
REC-CF7A1D64AB34541C,TRN-0897D6294AF9D30A,U,pooled_joint_rl,rest_3954,1
REC-CF7E685C86255B60,TRN-953A8B58E3067A6F,U,pooled_joint_rl,rest_3954,1
REC-CFB3EA8BAC503434,TRN-A22883926A8B1978,U,pooled_joint_rl,rest_3954,1
REC-CFBADAAC0AC5F1D5,TRN-BB8708ACDBA307C1,U,pooled_joint_rl,rest_3954,1
REC-CFD590FFA613549B,TRN-C162B367C9F98219,U,pooled_joint_rl,rest_3954,1
REC-CFE0EE3977DCF2E6,TRN-B48C79D39CC495A0,U,pooled_joint_rl,rest_3954,1
REC-CFE1BE5354D1DFB9,TRN-BC551D16DE93770A,U,pooled_joint_rl,rest_3954,1
REC-D00EB59D4DF830BC,TRN-5C384CF3379E1472,U,pooled_joint_rl,rest_3954,1
REC-D01F220CF37CB0ED,TRN-8FF1E070D177FE9A,U,pooled_joint_rl,rest_3954,1
REC-D0262A9AAE680D7B,TRN-5CFF63FCAF8551CB,U,pooled_joint_rl,rest_3954,1
REC-D03855CF061037FF,TRN-BC84606E1C327311,U,pooled_joint_rl,rest_3954,1
REC-D03B9013ECD51A56,TRN-BBC9C815A906DC55,U,pooled_joint_rl,rest_3954,1
REC-D0506E0B3E58E83E,TRN-B3BDCFFD82661FD9,U,pooled_joint_rl,rest_3954,1
REC-D0796AA93A0558A7,TRN-1B7AAAC9A2FA75E8,U,pooled_joint_rl,rest_3954,1
REC-D07B8D2151F41B9D,TRN-4EFB3EBDC66FD86E,U,pooled_joint_rl,rest_3954,1
REC-D08D14AF7000F6AB,TRN-FB426A6F1D3EC851,U,pooled_joint_rl,rest_3954,1
REC-D097607ADBA41AB8,TRN-124D9D8D1F7DD5DC,U,pooled_joint_rl,rest_3954,1
REC-D0CCD4DCD4600409,TRN-455CA29701420ED9,U,pooled_joint_rl,rest_3954,1
REC-D0E74BC6344A554C,TRN-091D298CE508AA36,U,pooled_joint_rl,rest_3954,1
REC-D0FDECD4F5761CE9,TRN-B5D4129A9FDB4B71,U,pooled_joint_rl,rest_3954,1
REC-D12CC7AD09ACCAEF,TRN-B1E48ABEDBC10D2B,U,pooled_joint_rl,rest_3954,1
REC-D1341CF9B4CE61CC,TRN-28C34FCC8B814E47,U,pooled_joint_rl,rest_3954,1
REC-D13525ACEF1D8A8E,TRN-984FD3F630AA00A7,U,pooled_joint_rl,rest_3954,1
REC-D138B943A6452C1E,TRN-3A0911DEEEDFAFBC,U,pooled_joint_rl,rest_3954,1
REC-D1398353A7B0DEC2,TRN-C7220F5481037C3F,U,pooled_joint_rl,rest_3954,1
REC-D13E8E687E99FCFD,TRN-7EBF2DED6CC845BD,U,pooled_joint_rl,rest_3954,1
REC-D143A3FF473E5611,TRN-9D4DDC80BB2D91FA,U,pooled_joint_rl,rest_3954,1
REC-D14997C7012094C5,TRN-53081B6FA4575C16,U,pooled_joint_rl,rest_3954,1
REC-D17E9DCEB79D6B48,TRN-2C21567826AF9F11,U,pooled_joint_rl,rest_3954,1
REC-D17F82C240F3490B,TRN-480B2E01CDDD6CAD,U,pooled_joint_rl,rest_3954,1
REC-D1AF8B55613C609A,TRN-B82096CDD4E2CF2A,U,pooled_joint_rl,rest_3954,1
REC-D1B31D1D966994F7,TRN-D47D5090D54ED2F6,U,pooled_joint_rl,rest_3954,1
REC-D1BBEA2212FDBC78,TRN-08ED934927B36EA7,U,pooled_joint_rl,rest_3954,1
REC-D1D72EFA3FF090A3,TRN-F5FF2D47A6169D37,U,pooled_joint_rl,rest_3954,1
REC-D1EC721B7DC735FE,TRN-48E9F38DF87B1BA8,U,pooled_joint_rl,rest_3954,1
REC-D1F1868FBAB5EC2D,TRN-1E6F4FB9AA412A8A,U,pooled_joint_rl,rest_3954,1
REC-D1F476657E4C4677,TRN-1C4527B66689F1FD,U,pooled_joint_rl,rest_3954,1
REC-D1F8F7650BE417B6,TRN-FA5F18DBC170F6D2,U,pooled_joint_rl,rest_3954,1
REC-D1FC54E20A736F5D,TRN-91E90EE0D1474213,U,pooled_joint_rl,rest_3954,1
REC-D23ACF4C97202294,TRN-FF84D2F23601C833,U,pooled_joint_rl,rest_3954,1
REC-D254F1B6342AF4CF,TRN-68071972C03F1C4A,U,pooled_joint_rl,rest_3954,1
REC-D256B2807A8B30DB,TRN-879EB018FD9510B7,U,pooled_joint_rl,rest_3954,1
REC-D26BCF90B6C684F1,TRN-EB10818313B82A90,U,pooled_joint_rl,rest_3954,1
REC-D282BD0626107EAC,TRN-AD881EEDBFC45FDC,U,pooled_joint_rl,rest_3954,1
REC-D28E8F2E88D74038,TRN-2BF5A5B8FE319E4B,U,pooled_joint_rl,rest_3954,1
REC-D2925D36E2883CC4,TRN-253136EB7532222D,U,pooled_joint_rl,rest_3954,1
REC-D293D9630FC83A6C,TRN-804404378F71B286,U,pooled_joint_rl,rest_3954,1
REC-D29DB0FADF0C2C22,TRN-1663E43EB85EC7FD,U,pooled_joint_rl,rest_3954,1
REC-D2B1C3E16024D5D9,TRN-36B8AB4BFE1CEB39,U,pooled_joint_rl,rest_3954,1
REC-D2B9460E6EEEE31F,TRN-09E89DAA9525D325,U,pooled_joint_rl,rest_3954,1
REC-D2EA3D1C07AC9234,TRN-ED02EDA1FB98CCC5,U,pooled_joint_rl,rest_3954,1
REC-D2EE851D27F2D882,TRN-6CB37D79037E6B39,U,pooled_joint_rl,rest_3954,1
REC-D2F919917581CE12,TRN-E791B27096CE0BE2,U,pooled_joint_rl,rest_3954,1
REC-D2FB91657A065159,TRN-394E8D1143DACDFF,U,pooled_joint_rl,rest_3954,1
REC-D3088E40D5BFEF61,TRN-3902A0AF43D1E65B,U,pooled_joint_rl,rest_3954,1
REC-D31E83EF080CB200,TRN-4DF8181E98330CE6,U,pooled_joint_rl,rest_3954,1
REC-D33F96014BD558D5,TRN-E8695BD5858E2770,U,pooled_joint_rl,rest_3954,1
REC-D35CB99CBC147D48,TRN-21E127509E22D5CD,U,pooled_joint_rl,rest_3954,1
REC-D36668B1A2535B42,TRN-4F2A419763E95D13,U,pooled_joint_rl,rest_3954,1
REC-D37B846CE362EDB1,TRN-1BC74FC3CC61BC21,U,pooled_joint_rl,rest_3954,1
REC-D3DF9FFBF14D0C14,TRN-609EB2273A6B5311,U,pooled_joint_rl,rest_3954,1
REC-D409EA3E08C89254,TRN-2C1A7F9ED5BBF3D9,U,pooled_joint_rl,rest_3954,1
REC-D40E7D5E42361404,TRN-E575BF3CCF676A55,U,pooled_joint_rl,rest_3954,1
REC-D41862347353EA6A,TRN-3D091312D38DEA34,U,pooled_joint_rl,rest_3954,1
REC-D41E5AE7F542E784,TRN-DAEBC49F951391B5,U,pooled_joint_rl,rest_3954,1
REC-D42CC11A0909B21E,TRN-D2807C1AB76DDB61,U,pooled_joint_rl,rest_3954,1
REC-D42F09693F789C92,TRN-C1762A3E4DEF9771,U,pooled_joint_rl,rest_3954,1
REC-D43249FEBD55F3E6,TRN-1699E19B6CEC30C8,U,pooled_joint_rl,rest_3954,1
REC-D4567F3E834035A4,TRN-F799A2A5BD23D137,U,pooled_joint_rl,rest_3954,1
REC-D4586D85B5DC1C01,TRN-E9D6032FE47E6551,U,pooled_joint_rl,rest_3954,1
REC-D4664420AD02F884,TRN-7005DD496799C732,U,pooled_joint_rl,rest_3954,1
REC-D46A21A631A19BE6,TRN-AF3F36085A24151F,U,pooled_joint_rl,rest_3954,1
REC-D46DB125E931CA5D,TRN-35BCEDD614B9108D,U,pooled_joint_rl,rest_3954,1
REC-D47EBBD1685F9BB3,TRN-367723D57A04DE35,U,pooled_joint_rl,rest_3954,1
REC-D4853B4A1F96B4F6,TRN-7E4B8A46A849FA29,U,pooled_joint_rl,rest_3954,1
REC-D49258494F760437,TRN-9A9FAE40697A9910,U,pooled_joint_rl,rest_3954,1
REC-D4A4A1AF16E2A669,TRN-56D2F248D3A36FD4,U,pooled_joint_rl,rest_3954,1
REC-D4ADAAE270657940,TRN-A0855598AD469F58,U,pooled_joint_rl,rest_3954,1
REC-D4AE59045C3A22B5,TRN-5BD86A3750F0F77A,U,pooled_joint_rl,rest_3954,1
REC-D4B63C23B6A7FB8B,TRN-FB66235A3F5EA542,U,pooled_joint_rl,rest_3954,1
REC-D4C36B7AB0F4230C,TRN-DEFE979C52FFD7B7,U,pooled_joint_rl,rest_3954,1
REC-D4D9AA1CC09B7BF0,TRN-646754A0D35DB734,U,pooled_joint_rl,rest_3954,1
REC-D4F576095F19186D,TRN-92751DE13013F239,U,pooled_joint_rl,rest_3954,1
REC-D51758F906023332,TRN-E079EBF245B820A9,U,pooled_joint_rl,rest_3954,1
REC-D518CD45950B7C6E,TRN-EF6F8CAEDF7A8F84,U,pooled_joint_rl,rest_3954,1
REC-D539355603D7C534,TRN-07FB86B91930C717,U,pooled_joint_rl,rest_3954,1
REC-D54CFC6045721717,TRN-13AA3752F4CA6950,U,pooled_joint_rl,rest_3954,1
REC-D54E0C6FADCE5E72,TRN-57E2BF7A5A7F4375,U,pooled_joint_rl,rest_3954,1
REC-D555C40381BD4A4B,TRN-C181EF00C1FFE4D0,U,pooled_joint_rl,rest_3954,1
REC-D57B9D62B59603EE,TRN-A37BB5FFE488DA0A,U,pooled_joint_rl,rest_3954,1
REC-D5970CD4DB9DF456,TRN-CC3C6C56E6C7BF9D,U,pooled_joint_rl,rest_3954,1
REC-D597BF632A5DFFDB,TRN-779CF13909C9CE04,U,pooled_joint_rl,rest_3954,1
REC-D5A832362955C386,TRN-0A66C0F189FC07E0,U,pooled_joint_rl,rest_3954,1
REC-D5BF65551D8453C5,TRN-3C0941110A712693,U,pooled_joint_rl,rest_3954,1
REC-D5C2D5103B86F9B7,TRN-52EFEC261765543D,U,pooled_joint_rl,rest_3954,1
REC-D5C334F3D054C2E1,TRN-885BFD767954BDCB,U,pooled_joint_rl,rest_3954,1
REC-D5EC710A05E82ECC,TRN-9E1779C1051E1CF5,U,pooled_joint_rl,rest_3954,1
REC-D616FFBA046A5854,TRN-4CA65FF82EAD43E8,U,pooled_joint_rl,rest_3954,1
REC-D644F9495FAB3BE2,TRN-DE9BDBF56546D842,U,pooled_joint_rl,rest_3954,1
REC-D671DCAB78B3465D,TRN-AC5481CB704322CE,U,pooled_joint_rl,rest_3954,1
REC-D67B43AE9B68BCD0,TRN-231829B7709B268D,U,pooled_joint_rl,rest_3954,1
REC-D689BAA53F8C7A6C,TRN-E79E81D070FF05E0,U,pooled_joint_rl,rest_3954,1
REC-D69E10B198F2EAB9,TRN-1ABAC430AFBF278A,U,pooled_joint_rl,rest_3954,1
REC-D6C71A31AFA306EB,TRN-5444B227E69E520A,U,pooled_joint_rl,rest_3954,1
REC-D6E4445740DC5A31,TRN-75F9008461091BE2,U,pooled_joint_rl,rest_3954,1
REC-D6E534B45CA03A3C,TRN-CE7794349D5BA35F,U,pooled_joint_rl,rest_3954,1
REC-D6E9500FF4B848B9,TRN-DED9EB4C1C28D6B0,U,pooled_joint_rl,rest_3954,1
REC-D6EB8A12AF0E2287,TRN-330B18F9F4FD9868,U,pooled_joint_rl,rest_3954,1
REC-D6F5287C5F9B0EF3,TRN-AD366109D9A48E72,U,pooled_joint_rl,rest_3954,1
REC-D6FE541256DDFA01,TRN-F45A62127834850E,U,pooled_joint_rl,rest_3954,1
REC-D716230F9BCCA6C0,TRN-AE4001290F031538,U,pooled_joint_rl,rest_3954,1
REC-D718E9F27DA2BF33,TRN-7BA1128305D86241,U,pooled_joint_rl,rest_3954,1
REC-D71D42D043E5D63B,TRN-4ECCBAEB426E8073,U,pooled_joint_rl,rest_3954,1
REC-D75E857C5750EF84,TRN-22902D4C1AAC336C,U,pooled_joint_rl,rest_3954,1
REC-D7745ED10BDE104E,TRN-7A92DBC99EC9B65A,U,pooled_joint_rl,rest_3954,1
REC-D781C72137A23744,TRN-3536F213549C71D1,U,pooled_joint_rl,rest_3954,1
REC-D7841E6B08C4C437,TRN-52CF99B726106183,U,pooled_joint_rl,rest_3954,1
REC-D78B72AB781289D7,TRN-923EECF4933C9D14,U,pooled_joint_rl,rest_3954,1
REC-D78C368655DAABBD,TRN-2841AC7BEAE2D170,U,pooled_joint_rl,rest_3954,1
REC-D794B75840522FF2,TRN-F858689EE10FED1D,U,pooled_joint_rl,rest_3954,1
REC-D7D68BC47F180712,TRN-A95DEFE42C88888B,U,pooled_joint_rl,rest_3954,1
REC-D7E720716582371C,TRN-EF953BC7AC9DF9C9,U,pooled_joint_rl,rest_3954,1
REC-D7F007774128017A,TRN-34630CBAA2013138,U,pooled_joint_rl,rest_3954,1
REC-D7F40796E5FC06A6,TRN-B2A3640BE8A06930,U,pooled_joint_rl,rest_3954,1
REC-D7FB34800B21AEFC,TRN-D7FCA06CE3A0AE01,U,pooled_joint_rl,rest_3954,1
REC-D80756B56364DC62,TRN-3DCE3BB74BC969A4,U,pooled_joint_rl,rest_3954,1
REC-D82663F10CC8583D,TRN-EAA5EB5C8A9A1F91,U,pooled_joint_rl,rest_3954,1
REC-D84BD9328070CDBD,TRN-4A9C98BCC7D11761,U,pooled_joint_rl,rest_3954,1
REC-D856228269336FF4,TRN-01F855816B83F96D,U,pooled_joint_rl,rest_3954,1
REC-D86F0628D9CC9DD6,TRN-1D06C3D9C4CABFC5,U,pooled_joint_rl,rest_3954,1
REC-D87A1F2CC4C3A9CD,TRN-6FD65D50946FE958,U,pooled_joint_rl,rest_3954,1
REC-D8A3EC21D9DE1C11,TRN-6FA68CE1D4450E2F,U,pooled_joint_rl,rest_3954,1
REC-D8BBA5BADC58AE8D,TRN-D9FCF8B930F16B19,U,pooled_joint_rl,rest_3954,1
REC-D8DA738896050C7F,TRN-DA3159C29B1D1049,U,pooled_joint_rl,rest_3954,1
REC-D8DD40B6751F6640,TRN-30E6C3020F98A111,U,pooled_joint_rl,rest_3954,1
REC-D8E6CB66D7A438CF,TRN-C358B1BFCC241963,U,pooled_joint_rl,rest_3954,1
REC-D8F0702157F6ABAD,TRN-92D8FBF2F279792D,U,pooled_joint_rl,rest_3954,1
REC-D90C2D5BB12337AE,TRN-6A113A8BB1C2F83B,U,pooled_joint_rl,rest_3954,1
REC-D9721822FB606944,TRN-8F5338118C26C48D,U,pooled_joint_rl,rest_3954,1
REC-D983FF3007153BB1,TRN-3B859661BC3CBE0A,U,pooled_joint_rl,rest_3954,1
REC-D990D9FE9DBEC3A8,TRN-0F44FDE0CC5F99F1,U,pooled_joint_rl,rest_3954,1
REC-D9A199CA97F53395,TRN-A226ADBC05D591B1,U,pooled_joint_rl,rest_3954,1
REC-D9A67DE4123463C8,TRN-8247B659AF797D0F,U,pooled_joint_rl,rest_3954,1
REC-D9A7FD0ED0E86FCC,TRN-BE9BC1B166837D3A,U,pooled_joint_rl,rest_3954,1
REC-D9BB1BBF1B8BD85D,TRN-3D4F29EFE37538DC,U,pooled_joint_rl,rest_3954,1
REC-D9E260E7772B8C5D,TRN-0850593581B03FC6,U,pooled_joint_rl,rest_3954,1
REC-DA09E9091668C836,TRN-F2670C49D131EF86,U,pooled_joint_rl,rest_3954,1
REC-DA467EFDCDF60B7F,TRN-3B43EF22F553F53A,U,pooled_joint_rl,rest_3954,1
REC-DA4DFB957785BC45,TRN-50C83A1D2173DF41,U,pooled_joint_rl,rest_3954,1
REC-DA590D030723FF3C,TRN-248D39937746FAB2,U,pooled_joint_rl,rest_3954,1
REC-DA7D844A98293BA9,TRN-4E4B6804EEE7172D,U,pooled_joint_rl,rest_3954,1
REC-DA7E26A94043CB16,TRN-B4158E848C3EFEB5,U,pooled_joint_rl,rest_3954,1
REC-DA8431763C580115,TRN-9F53206A1B5D04E6,U,pooled_joint_rl,rest_3954,1
REC-DA866F3FDA31EB7A,TRN-C43AB9C3EA913848,U,pooled_joint_rl,rest_3954,1
REC-DAA16AC61C004094,TRN-883F337E3C5D837C,U,pooled_joint_rl,rest_3954,1
REC-DAC53978B09A0C78,TRN-787B0A2A3CC75BFE,U,pooled_joint_rl,rest_3954,1
REC-DAC5F7BFDFBEF208,TRN-782C1A1ECD476DE3,U,pooled_joint_rl,rest_3954,1
REC-DAD624035F97C305,TRN-18DE6CBA60DB98A9,U,pooled_joint_rl,rest_3954,1
REC-DAEBC3D06AD1EEE5,TRN-8A3ED36D8F356022,U,pooled_joint_rl,rest_3954,1
REC-DAF07A5173D98C89,TRN-17DEED1358CE54B6,U,pooled_joint_rl,rest_3954,1
REC-DAF584C95B422D34,TRN-831936E2EE6C5570,U,pooled_joint_rl,rest_3954,1
REC-DB256D0B083E01A9,TRN-942866B9165EE5B9,U,pooled_joint_rl,rest_3954,1
REC-DB2D9A64D03AB021,TRN-5CD3EC73D5B00379,U,pooled_joint_rl,rest_3954,1
REC-DB391A72AD528309,TRN-40A8A33814E10C77,U,pooled_joint_rl,rest_3954,1
REC-DB3BE0CAA53FF28F,TRN-311649B24787D4FC,U,pooled_joint_rl,rest_3954,1
REC-DB4C9D114EBD53CA,TRN-EF7F490218A38F3A,U,pooled_joint_rl,rest_3954,1
REC-DB7D11F71C499359,TRN-043B3783E1F04625,U,pooled_joint_rl,rest_3954,1
REC-DB8D0417DABD75EC,TRN-6DA30C1557F37D43,U,pooled_joint_rl,rest_3954,1
REC-DB8EB59E328C7567,TRN-C97B76F35BE39BC8,U,pooled_joint_rl,rest_3954,1
REC-DB94CB79FAFE36ED,TRN-F495A0DD8BF4F633,U,pooled_joint_rl,rest_3954,1
REC-DBEE3D51195BF603,TRN-5D24ADAB73041326,U,pooled_joint_rl,rest_3954,1
REC-DBF11303EBF24191,TRN-825221912525C7B3,U,pooled_joint_rl,rest_3954,1
REC-DBFA9BB543CFB9DF,TRN-075304371DE00D1C,U,pooled_joint_rl,rest_3954,1
REC-DBFAE9E2F69F2B57,TRN-B700343C98895383,U,pooled_joint_rl,rest_3954,1
REC-DC04165FAF42E6F5,TRN-F5E9E92ADD83DDEC,U,pooled_joint_rl,rest_3954,1
REC-DC174915D9CCDC59,TRN-A4105F7B6162D57E,U,pooled_joint_rl,rest_3954,1
REC-DC23C7098AA38291,TRN-56492DAE7D5D64EA,U,pooled_joint_rl,rest_3954,1
REC-DC2AC0B96B3E1F86,TRN-59E86A87F05B9874,U,pooled_joint_rl,rest_3954,1
REC-DC31DD6C5779FFB6,TRN-8471FDB3A943013C,U,pooled_joint_rl,rest_3954,1
REC-DC39E48A145EEEAA,TRN-5E77AD86698C8C2D,U,pooled_joint_rl,rest_3954,1
REC-DC43023A384664EF,TRN-0B599E5E984E676C,U,pooled_joint_rl,rest_3954,1
REC-DC57645362B37459,TRN-083A9DAA7243A3C2,U,pooled_joint_rl,rest_3954,1
REC-DC72E6BAC1C7199A,TRN-B3D5C3F9903C9695,U,pooled_joint_rl,rest_3954,1
REC-DC733FC014D09058,TRN-1D4B1184B5B221C0,U,pooled_joint_rl,rest_3954,1
REC-DC83F54C07CF5899,TRN-588B858574CA9D4E,U,pooled_joint_rl,rest_3954,1
REC-DC84C8FAE1E55DB4,TRN-60DA091EEC9045E4,U,pooled_joint_rl,rest_3954,1
REC-DCB71522668B7899,TRN-8D2D07464B057BED,U,pooled_joint_rl,rest_3954,1
REC-DCC9A6215D01B832,TRN-1B3BC548C338F57C,U,pooled_joint_rl,rest_3954,1
REC-DCCB7FCBD7506F53,TRN-75AF6812034602A9,U,pooled_joint_rl,rest_3954,1
REC-DCD6092087F83594,TRN-E7EE393B1E60BC58,U,pooled_joint_rl,rest_3954,1
REC-DCDD2A2DA187EB64,TRN-8CD2F6AF1061A5A7,U,pooled_joint_rl,rest_3954,1
REC-DCF0177E3B409EE9,TRN-7C58500AD5F70C96,U,pooled_joint_rl,rest_3954,1
REC-DD198197EA901CC5,TRN-AC2C62AE2B0C4397,U,pooled_joint_rl,rest_3954,1
REC-DD2115657E601AAA,TRN-8C0AA2A84AB8BA19,U,pooled_joint_rl,rest_3954,1
REC-DD3195EF0EA13804,TRN-6146A99F32592C1A,U,pooled_joint_rl,rest_3954,1
REC-DD4810817EC8BEDB,TRN-AC3B07D5E48DB700,U,pooled_joint_rl,rest_3954,1
REC-DD68000205825211,TRN-BF89A493D92EE845,U,pooled_joint_rl,rest_3954,1
REC-DD70E4B1CDD4CB23,TRN-1D37AC7BD8F977FD,U,pooled_joint_rl,rest_3954,1
REC-DD80BCCE977D9A49,TRN-CB8F27BF72FDBFD8,U,pooled_joint_rl,rest_3954,1
REC-DD98F0E938D80CF8,TRN-B2CB523F3A649196,U,pooled_joint_rl,rest_3954,1
REC-DDBDB060CD7E5D8F,TRN-BFD14A329F4C89CE,U,pooled_joint_rl,rest_3954,1
REC-DDFBDDA1F6F8E881,TRN-A4E54BDDD66CBF43,U,pooled_joint_rl,rest_3954,1
REC-DE07C7BC0E223401,TRN-0EA5C04BC030FBAB,U,pooled_joint_rl,rest_3954,1
REC-DE13EF8D443D88BF,TRN-8F945BF639BA0A8F,U,pooled_joint_rl,rest_3954,1
REC-DE3D03A2C83B7263,TRN-ACDBDB4670989427,U,pooled_joint_rl,rest_3954,1
REC-DE4BE8995C121277,TRN-E5C2C708D1616BCD,U,pooled_joint_rl,rest_3954,1
REC-DE7612AE7EE2043E,TRN-06813453985F5C29,U,pooled_joint_rl,rest_3954,1
REC-DE8457580D20D91B,TRN-C4BA2A4285BD5D19,U,pooled_joint_rl,rest_3954,1
REC-DEB33EA78170EFD4,TRN-43E272E0E6A12F27,U,pooled_joint_rl,rest_3954,1
REC-DEB5D6C0D1632DE2,TRN-FCA8F7C54AE1CF35,U,pooled_joint_rl,rest_3954,1
REC-DEC0D9C176BFA93E,TRN-B6D219C312D1085A,U,pooled_joint_rl,rest_3954,1
REC-DED5111AAA569AF9,TRN-CE18C13032FCACE0,U,pooled_joint_rl,rest_3954,1
REC-DED705427A7969B1,TRN-00013B1E79E92BDA,U,pooled_joint_rl,rest_3954,1
REC-DED7093A8C3201A2,TRN-B792732D1FE0FF75,U,pooled_joint_rl,rest_3954,1
REC-DEE63B0AD8590844,TRN-DDD127B4DD6AE353,U,pooled_joint_rl,rest_3954,1
REC-DF19BD99BBCDF937,TRN-7BDB9266F4D3EB3E,U,pooled_joint_rl,rest_3954,1
REC-DF5E45A9895A7B65,TRN-A9267C3819F96FAF,U,pooled_joint_rl,rest_3954,1
REC-DF5F6405560D3197,TRN-B395E015BE6D0E3E,U,pooled_joint_rl,rest_3954,1
REC-DF84519DC01A76EF,TRN-E78C47EC53CE8D2C,U,pooled_joint_rl,rest_3954,1
REC-DF9BAE0220183575,TRN-EE4787354DC40A3B,U,pooled_joint_rl,rest_3954,1
REC-DFF0FABFEA96F96F,TRN-6A22AE0D31CF2A7E,U,pooled_joint_rl,rest_3954,1
REC-E01F3F70CF04F23D,TRN-EC75D8458481C9DF,U,pooled_joint_rl,rest_3954,1
REC-E02489D640C80CCC,TRN-8F449857CBBBD7FB,U,pooled_joint_rl,rest_3954,1
REC-E03008CE075B6C59,TRN-DA8459F0BE7B5589,U,pooled_joint_rl,rest_3954,1
REC-E0696DC09DE37A30,TRN-E33DD6D428AEE3B8,U,pooled_joint_rl,rest_3954,1
REC-E07BEBFE2FF77C05,TRN-99AB3C459E37994A,U,pooled_joint_rl,rest_3954,1
REC-E0857B5883CF6E6F,TRN-018910097E2B6AC9,U,pooled_joint_rl,rest_3954,1
REC-E094924386924E71,TRN-13FAB97410513B03,U,pooled_joint_rl,rest_3954,1
REC-E098D408498577C8,TRN-C704C492BAEE80DE,U,pooled_joint_rl,rest_3954,1
REC-E09F76F3299B106A,TRN-4632AECCB3F866F5,U,pooled_joint_rl,rest_3954,1
REC-E0B726F198C5AAC5,TRN-67B666A8696552F3,U,pooled_joint_rl,rest_3954,1
REC-E0BB6706102A3A6D,TRN-E23ACBD91D7210FF,U,pooled_joint_rl,rest_3954,1
REC-E0C0721D4FC4015F,TRN-E39A632002AC442A,U,pooled_joint_rl,rest_3954,1
REC-E0C30174E6232532,TRN-F266F9E65F7B4528,U,pooled_joint_rl,rest_3954,1
REC-E0F24758CF07E0FC,TRN-BF5D20E38AF729AF,U,pooled_joint_rl,rest_3954,1
REC-E0FC675AA5B19445,TRN-2098A80B58B8FAAF,U,pooled_joint_rl,rest_3954,1
REC-E10002B8B839117A,TRN-50B001886F73D334,U,pooled_joint_rl,rest_3954,1
REC-E1318719277E1CDC,TRN-110631192A2923F2,U,pooled_joint_rl,rest_3954,1
REC-E16AF526A3A3AB46,TRN-4B76100A6732E5DC,U,pooled_joint_rl,rest_3954,1
REC-E1897E8E416AF000,TRN-8373C5E7B7D562AF,U,pooled_joint_rl,rest_3954,1
REC-E19617823D82E9A3,TRN-C7261662CFCAACA7,U,pooled_joint_rl,rest_3954,1
REC-E19A44DBDFE225F7,TRN-0C2F1899F53DD71E,U,pooled_joint_rl,rest_3954,1
REC-E1C2126F7FD113A3,TRN-C4C7724E0DF1B343,U,pooled_joint_rl,rest_3954,1
REC-E1CF1500D6BFB323,TRN-ED46E81CBF41FAF6,U,pooled_joint_rl,rest_3954,1
REC-E1E3A07190DECF47,TRN-31E0B30BFA2C7BB7,U,pooled_joint_rl,rest_3954,1
REC-E1F3BC689CA77C8E,TRN-6BAF256CA8EC8DC6,U,pooled_joint_rl,rest_3954,1
REC-E1F8738D874E93B0,TRN-B8FC3D6CF6BFA04B,U,pooled_joint_rl,rest_3954,1
REC-E1FE4E4F13D1F3CE,TRN-EE819C151E8130CC,U,pooled_joint_rl,rest_3954,1
REC-E213D59D2DABFE75,TRN-18153AC78BF0293A,U,pooled_joint_rl,rest_3954,1
REC-E2213F68536B4B8A,TRN-B18E597079B12438,U,pooled_joint_rl,rest_3954,1
REC-E25F15786DD514CE,TRN-29E20E24EA903313,U,pooled_joint_rl,rest_3954,1
REC-E266D9D4E92C730A,TRN-90A17802711F9D16,U,pooled_joint_rl,rest_3954,1
REC-E277433F0EAB0830,TRN-3F843CCDE8E806F9,U,pooled_joint_rl,rest_3954,1
REC-E2816E19AF3A3877,TRN-674132EBA32C3D58,U,pooled_joint_rl,rest_3954,1
REC-E2880AF8C57211A2,TRN-DDCD6F9E5650FFB9,U,pooled_joint_rl,rest_3954,1
REC-E29AFBAA4D51C260,TRN-7541F97859D1B661,U,pooled_joint_rl,rest_3954,1
REC-E2A252B327B43481,TRN-7428B59B57F388C1,U,pooled_joint_rl,rest_3954,1
REC-E2AA71D272D04B1A,TRN-71E8C8EAD334E25F,U,pooled_joint_rl,rest_3954,1
REC-E2B746BE320DD924,TRN-B5A752177D28D104,U,pooled_joint_rl,rest_3954,1
REC-E2CB00BBEEA1E2B8,TRN-CC95376B0CAA4E92,U,pooled_joint_rl,rest_3954,1
REC-E2CFF975109BD21F,TRN-3156C6DF1EAC5DE7,U,pooled_joint_rl,rest_3954,1
REC-E2DC55D1DC0C6431,TRN-B42240ACEF35D382,U,pooled_joint_rl,rest_3954,1
REC-E2DF50087169F6DD,TRN-AFD66902A21901E7,U,pooled_joint_rl,rest_3954,1
REC-E2F0E1A50C13FA16,TRN-2C270D130D494643,U,pooled_joint_rl,rest_3954,1
REC-E321BB757D7D2546,TRN-46D443D1AA1BD902,U,pooled_joint_rl,rest_3954,1
REC-E332E8B7E5E20641,TRN-AAAE65F239651170,U,pooled_joint_rl,rest_3954,1
REC-E34ED4D0634F3469,TRN-DEB0788ED957A22C,U,pooled_joint_rl,rest_3954,1
REC-E362CD45D2F79DF9,TRN-ABF614E51063EEB3,U,pooled_joint_rl,rest_3954,1
REC-E36C6F5B62ACB7B2,TRN-B9DEA0D79361532A,U,pooled_joint_rl,rest_3954,1
REC-E3718CD261051CF6,TRN-28E2C1EDD7C66C26,U,pooled_joint_rl,rest_3954,1
REC-E3A71DD6CE4DAAE0,TRN-14B26203026C54FB,U,pooled_joint_rl,rest_3954,1
REC-E3BF8A84DC5E63DE,TRN-030547D54E9BB725,U,pooled_joint_rl,rest_3954,1
REC-E3C60F6DA9A651B1,TRN-549D63165096DCC7,U,pooled_joint_rl,rest_3954,1
REC-E3D1713F8B6B5A29,TRN-FED194BF9D53DEF9,U,pooled_joint_rl,rest_3954,1
REC-E3D2C3A57AD32958,TRN-98A0333A7FBF4C2C,U,pooled_joint_rl,rest_3954,1
REC-E3DDCC98B9864C57,TRN-27E0FABCA776D4B3,U,pooled_joint_rl,rest_3954,1
REC-E3F2CCD1CCB5A19F,TRN-3C28D03396EC4A86,U,pooled_joint_rl,rest_3954,1
REC-E42D1AAB54682345,TRN-89A2286BCA83DFBA,U,pooled_joint_rl,rest_3954,1
REC-E44BA7E0A22EC3D0,TRN-182416A523805F83,U,pooled_joint_rl,rest_3954,1
REC-E44DE0C20706F6D1,TRN-597F8B34EA9B842D,U,pooled_joint_rl,rest_3954,1
REC-E46E980CCE81A4EF,TRN-0E58629105B615EA,U,pooled_joint_rl,rest_3954,1
REC-E47DB985E79FB9F9,TRN-CB85E974D30BECB0,U,pooled_joint_rl,rest_3954,1
REC-E4AE42C330D29586,TRN-32804E751FB10ABB,U,pooled_joint_rl,rest_3954,1
REC-E4B006978BD06D81,TRN-10637C9DA61759DB,U,pooled_joint_rl,rest_3954,1
REC-E4B27E4AA712BD65,TRN-0496DE949F8489F7,U,pooled_joint_rl,rest_3954,1
REC-E4B7CDB88F75A71C,TRN-5BEF0BAB6EF3876E,U,pooled_joint_rl,rest_3954,1
REC-E4FD2ABD30F37C12,TRN-ACD8F88BCC7D2CDC,U,pooled_joint_rl,rest_3954,1
REC-E50D90F9D11336D2,TRN-5316AD1606F59887,U,pooled_joint_rl,rest_3954,1
REC-E54B5C7BB4AC5695,TRN-44808DB0FF1A61B9,U,pooled_joint_rl,rest_3954,1
REC-E54FDE37B91E3C0B,TRN-F386563B636F5D05,U,pooled_joint_rl,rest_3954,1
REC-E56DA054F6CDAE62,TRN-E262C375E2829F17,U,pooled_joint_rl,rest_3954,1
REC-E56DD609E028F685,TRN-5B735752331617A2,U,pooled_joint_rl,rest_3954,1
REC-E5818AE55138F40E,TRN-4B6150F2DCCD148F,U,pooled_joint_rl,rest_3954,1
REC-E594CEA2F7E65431,TRN-CFC0506EC0548F89,U,pooled_joint_rl,rest_3954,1
REC-E5A062199C959BC8,TRN-B219DA60E44BE963,U,pooled_joint_rl,rest_3954,1
REC-E5A1144997F3F200,TRN-66CF3EF130275EA1,U,pooled_joint_rl,rest_3954,1
REC-E5A658AC75DCFBD6,TRN-EA0941D35E9D66D1,U,pooled_joint_rl,rest_3954,1
REC-E5ABA8BFD9627329,TRN-60F471066B32BCB0,U,pooled_joint_rl,rest_3954,1
REC-E5B43E9E2A38A2AB,TRN-4A4996E7AB444FF0,U,pooled_joint_rl,rest_3954,1
REC-E5B4B2D40C97ABC1,TRN-15CF549A117EC687,U,pooled_joint_rl,rest_3954,1
REC-E5CD5987E4A8F677,TRN-1569F0D3F5EE4B23,U,pooled_joint_rl,rest_3954,1
REC-E5D0A165DF5D70A3,TRN-4AB4EDED96EF713E,U,pooled_joint_rl,rest_3954,1
REC-E5E5134432F68441,TRN-CB0229F21DD68620,U,pooled_joint_rl,rest_3954,1
REC-E5F5EF5A92C38FC5,TRN-7B6431BDD6FB68C6,U,pooled_joint_rl,rest_3954,1
REC-E601C849A45DDE4C,TRN-83DEE4C587DE14ED,U,pooled_joint_rl,rest_3954,1
REC-E608CA52E2E3642C,TRN-333F24EDCFE530D0,U,pooled_joint_rl,rest_3954,1
REC-E62297DA7880D68B,TRN-4A1F05C56567526C,U,pooled_joint_rl,rest_3954,1
REC-E6270DDF4E6488CF,TRN-EEF973411EB46B4B,U,pooled_joint_rl,rest_3954,1
REC-E63461F58F3B33F9,TRN-B7A55462C1B2199B,U,pooled_joint_rl,rest_3954,1
REC-E6680C2CE678E818,TRN-628A95C4CD6EECD2,U,pooled_joint_rl,rest_3954,1
REC-E688F34926CEFB61,TRN-332BA4F24BCA09AC,U,pooled_joint_rl,rest_3954,1
REC-E693290623764D5A,TRN-10C2A04D9F973EDD,U,pooled_joint_rl,rest_3954,1
REC-E69B38A2AB4A586A,TRN-1F5E22ABDCAA4620,U,pooled_joint_rl,rest_3954,1
REC-E6BBA7EE3A9DCA95,TRN-DD175AA2FD2ED753,U,pooled_joint_rl,rest_3954,1
REC-E6CD3214A3591E5A,TRN-EE17490FE7A0ADA1,U,pooled_joint_rl,rest_3954,1
REC-E6DCF5E9629DA915,TRN-11610DA88ABBF7C7,U,pooled_joint_rl,rest_3954,1
REC-E6E0AEDB263FBC7E,TRN-24C3ED730BFD6E73,U,pooled_joint_rl,rest_3954,1
REC-E6E22C5899CF0DA8,TRN-0ACC457E0BF2AF02,U,pooled_joint_rl,rest_3954,1
REC-E6E5D23A657DD4FE,TRN-2461A862B2989141,U,pooled_joint_rl,rest_3954,1
REC-E6F173A16657F730,TRN-50AFA432990A6A5E,U,pooled_joint_rl,rest_3954,1
REC-E708AC876F91198A,TRN-DF6158E6D0124B64,U,pooled_joint_rl,rest_3954,1
REC-E71D5A0D79C6EC6B,TRN-5B823BC63F7F0415,U,pooled_joint_rl,rest_3954,1
REC-E72C254700977B7F,TRN-CF1A9C770104B32F,U,pooled_joint_rl,rest_3954,1
REC-E7362E918EB410D2,TRN-20699C2DB4EADFD9,U,pooled_joint_rl,rest_3954,1
REC-E74311BC0D03F373,TRN-30B49702DACEC257,U,pooled_joint_rl,rest_3954,1
REC-E749A0D4B0AE7E27,TRN-8BD2FBE0DE42A4A8,U,pooled_joint_rl,rest_3954,1
REC-E758EE5A727B6A79,TRN-3DBA3DF8F966BBC8,U,pooled_joint_rl,rest_3954,1
REC-E76368F8AD2245E8,TRN-898F88EA530DEC50,U,pooled_joint_rl,rest_3954,1
REC-E76CF0C87BDF81CB,TRN-607D087B68585616,U,pooled_joint_rl,rest_3954,1
REC-E772CA5E216F054D,TRN-10F15B057580C1B1,U,pooled_joint_rl,rest_3954,1
REC-E774AD33CF7D8CE2,TRN-D44A970011FA906B,U,pooled_joint_rl,rest_3954,1
REC-E77CC3D67B9C9ECB,TRN-04CF2C8F732FAC9B,U,pooled_joint_rl,rest_3954,1
REC-E783A28FC48ABE38,TRN-577D9E871E6969CE,U,pooled_joint_rl,rest_3954,1
REC-E792E8209AA4F6D6,TRN-5157C7197485E00E,U,pooled_joint_rl,rest_3954,1
REC-E797EBF3F5285063,TRN-70A712E310AEF546,U,pooled_joint_rl,rest_3954,1
REC-E79F822A98AE93C4,TRN-C8B9ABA5D0DDF408,U,pooled_joint_rl,rest_3954,1
REC-E7B410EF09AB15B8,TRN-28AA74316D7AD8EC,U,pooled_joint_rl,rest_3954,1
REC-E7BD66CD097BE0FD,TRN-4E888481E2DDDE1B,U,pooled_joint_rl,rest_3954,1
REC-E7CBB58C7CA35E38,TRN-A9D5A7AA49F55F5A,U,pooled_joint_rl,rest_3954,1
REC-E7DCB9D2236AE461,TRN-08F3AF4FABA77613,U,pooled_joint_rl,rest_3954,1
REC-E801CF66F73F9488,TRN-627A231F747ADECE,U,pooled_joint_rl,rest_3954,1
REC-E80C5EBCF512C906,TRN-95F426F422DDBA24,U,pooled_joint_rl,rest_3954,1
REC-E80C7A56A24175C0,TRN-336BD89778A16BBF,U,pooled_joint_rl,rest_3954,1
REC-E81344483D18EFD2,TRN-A088EFE56DE3257F,U,pooled_joint_rl,rest_3954,1
REC-E840A3439F08CD0E,TRN-607B9E4F29B6D954,U,pooled_joint_rl,rest_3954,1
REC-E87B359248C23582,TRN-299683FF9F5ADB4F,U,pooled_joint_rl,rest_3954,1
REC-E889A3C79B5F4E23,TRN-135C0B2109A07DE2,U,pooled_joint_rl,rest_3954,1
REC-E896E961F52C1431,TRN-FE35D0BDC3F98A6B,U,pooled_joint_rl,rest_3954,1
REC-E8A827198BB00977,TRN-0F40A5DE8B59B644,U,pooled_joint_rl,rest_3954,1
REC-E8B0D7F85E5FB954,TRN-6E7EF8C465D76E5F,U,pooled_joint_rl,rest_3954,1
REC-E8C00AB0F71B4617,TRN-A2952576D9EB9D59,U,pooled_joint_rl,rest_3954,1
REC-E8E69FF4F7900407,TRN-2BE04AF1E3313089,U,pooled_joint_rl,rest_3954,1
REC-E8FB81071F103701,TRN-9C3D1E784A208FB6,U,pooled_joint_rl,rest_3954,1
REC-E90FF8824DEC0E10,TRN-AC16EB7A2F3B7C96,U,pooled_joint_rl,rest_3954,1
REC-E91BC48D3EAC54DA,TRN-52542044D8885200,U,pooled_joint_rl,rest_3954,1
REC-E91DCE112976D56F,TRN-38BC07071AFACD82,U,pooled_joint_rl,rest_3954,1
REC-E91E4EBF3B92A310,TRN-C1E37085B3B156A3,U,pooled_joint_rl,rest_3954,1
REC-E924CEBBD92326C2,TRN-2C703E5E67885054,U,pooled_joint_rl,rest_3954,1
REC-E9355DA78854F8BA,TRN-4DF43CBC5B94E694,U,pooled_joint_rl,rest_3954,1
REC-E9364850BA76A467,TRN-92A0680428D9B0ED,U,pooled_joint_rl,rest_3954,1
REC-E93825843A3FEF58,TRN-116C4FA62F51F83F,U,pooled_joint_rl,rest_3954,1
REC-E97C298C58BDD8A9,TRN-58B66CD97032465D,U,pooled_joint_rl,rest_3954,1
REC-E97F2DFC23A60A96,TRN-0824BE5420041947,U,pooled_joint_rl,rest_3954,1
REC-E99C3B9BBC757E4A,TRN-46D5D5ADDC3A2C50,U,pooled_joint_rl,rest_3954,1
REC-E9AEB07AD2E952B2,TRN-716A5C6378DA7500,U,pooled_joint_rl,rest_3954,1
REC-E9B1E13621890F07,TRN-910BF985797E9DF0,U,pooled_joint_rl,rest_3954,1
REC-E9C8D915D491B257,TRN-53A456761C64605C,U,pooled_joint_rl,rest_3954,1
REC-E9D613FD0BC3082D,TRN-3473638C3D98E694,U,pooled_joint_rl,rest_3954,1
REC-E9DE51A73F2D9DFF,TRN-865872BB05916CCC,U,pooled_joint_rl,rest_3954,1
REC-E9E436DEA4509774,TRN-FF3D77278B090B9D,U,pooled_joint_rl,rest_3954,1
REC-E9ECBF3EEEBD25FA,TRN-001B9AE107D98775,U,pooled_joint_rl,rest_3954,1
REC-E9F2E82C91D1FA8A,TRN-6B2CA8F6F69A529E,U,pooled_joint_rl,rest_3954,1
REC-EA0E72F7B69FD8BA,TRN-B7C41E0BB9B5BEE5,U,pooled_joint_rl,rest_3954,1
REC-EA1DCAB9D0772C8F,TRN-939FA22CF392900C,U,pooled_joint_rl,rest_3954,1
REC-EA3C069EA97D03DF,TRN-B32408FD79C9CC78,U,pooled_joint_rl,rest_3954,1
REC-EA5D0BAEBA7FE98D,TRN-279E38643CC3AF12,U,pooled_joint_rl,rest_3954,1
REC-EA5DCE6578B2A600,TRN-2CBFC904D8461196,U,pooled_joint_rl,rest_3954,1
REC-EA8EC3BAC1C8292A,TRN-822AA1575AD64943,U,pooled_joint_rl,rest_3954,1
REC-EAAF7B85580E9C65,TRN-636B1BD6E7A666B3,U,pooled_joint_rl,rest_3954,1
REC-EAB0D5B94BCC0F79,TRN-CF92AFDBBA01D2F7,U,pooled_joint_rl,rest_3954,1
REC-EAC0D32F17F796EF,TRN-5B14A3BE91131284,U,pooled_joint_rl,rest_3954,1
REC-EAC202737AC2D85A,TRN-968FEFD264568285,U,pooled_joint_rl,rest_3954,1
REC-EAD79C82281B604B,TRN-DC45D1C242193471,U,pooled_joint_rl,rest_3954,1
REC-EADBC5C11B258FAB,TRN-2C25C6205CD2E8EC,U,pooled_joint_rl,rest_3954,1
REC-EAE568C687F7E302,TRN-DB96DE9DBF558B7C,U,pooled_joint_rl,rest_3954,1
REC-EAE731931ACDF69F,TRN-E69B61855DB1001E,U,pooled_joint_rl,rest_3954,1
REC-EAF3A0888E459933,TRN-16D94B1F07E48322,U,pooled_joint_rl,rest_3954,1
REC-EAFEFBF671C63807,TRN-43F49239803327FB,U,pooled_joint_rl,rest_3954,1
REC-EB01BA7B13CCEF89,TRN-58754A44B59EAA3F,U,pooled_joint_rl,rest_3954,1
REC-EB0D128C5D94BE96,TRN-236EE4A7D5549179,U,pooled_joint_rl,rest_3954,1
REC-EB224BBF28EA5889,TRN-DDC0A64CC7C7E0DD,U,pooled_joint_rl,rest_3954,1
REC-EB2B58F271BD372F,TRN-7D616D752823F577,U,pooled_joint_rl,rest_3954,1
REC-EB433E8B62359D54,TRN-B317AE4486D3061D,U,pooled_joint_rl,rest_3954,1
REC-EB54EAC7FEF134C1,TRN-06573298A75A8103,U,pooled_joint_rl,rest_3954,1
REC-EB7396856B326F3F,TRN-7A9F446BEC84BF11,U,pooled_joint_rl,rest_3954,1
REC-EB97FC8EE73050F7,TRN-579F15C446B10269,U,pooled_joint_rl,rest_3954,1
REC-EBA5597DAB5561A4,TRN-37F093B585E03840,U,pooled_joint_rl,rest_3954,1
REC-EBB58CE3E33489ED,TRN-9B7802FA0E21CA4A,U,pooled_joint_rl,rest_3954,1
REC-EBC4865D0F86F718,TRN-55168975D7ED3BD6,U,pooled_joint_rl,rest_3954,1
REC-EBDB81DB31CE9538,TRN-0DD1019282DD227B,U,pooled_joint_rl,rest_3954,1
REC-EBE60D9C35951764,TRN-311327CD7D35201D,U,pooled_joint_rl,rest_3954,1
REC-EBF20DF14D04C7A3,TRN-CEF154F9981A2BDB,U,pooled_joint_rl,rest_3954,1
REC-EBF3DC8CE909C99C,TRN-CFB3922A75AAAB99,U,pooled_joint_rl,rest_3954,1
REC-EC24285185C67DF9,TRN-5FEC9067F0B14F37,U,pooled_joint_rl,rest_3954,1
REC-EC2529F607148C11,TRN-C99ADB2F12D31BB2,U,pooled_joint_rl,rest_3954,1
REC-EC3687530B4477E8,TRN-F20F96CC7C3BBDA4,U,pooled_joint_rl,rest_3954,1
REC-EC3F334C14BB07FF,TRN-1782310209F166C6,U,pooled_joint_rl,rest_3954,1
REC-EC47315D4B487DB2,TRN-C518A8C02EC24C2B,U,pooled_joint_rl,rest_3954,1
REC-EC4C471ED47BDCEC,TRN-38AE79408E225F46,U,pooled_joint_rl,rest_3954,1
REC-EC59A45AB3402EF7,TRN-F887E86D4E8A16B0,U,pooled_joint_rl,rest_3954,1
REC-EC6A79F437513674,TRN-3A3F4E2F47253D91,U,pooled_joint_rl,rest_3954,1
REC-EC8C93E2CB07EE2E,TRN-33ADDAEF6D074C10,U,pooled_joint_rl,rest_3954,1
REC-ECC610C6D455064C,TRN-8C34448346D0A9C2,U,pooled_joint_rl,rest_3954,1
REC-ECCA795AA9C9F392,TRN-C6E82380AB64AE33,U,pooled_joint_rl,rest_3954,1
REC-ECCDA82014E925EF,TRN-B5D9497125D5C88B,U,pooled_joint_rl,rest_3954,1
REC-ECCDFD581BA64D2D,TRN-689795A7F6283E6D,U,pooled_joint_rl,rest_3954,1
REC-ECCE1D6575B0A5F4,TRN-8C9310EE122D4979,U,pooled_joint_rl,rest_3954,1
REC-ECD553FF208FA1D6,TRN-B52F454E53E56D1C,U,pooled_joint_rl,rest_3954,1
REC-ECD66D791E995FDC,TRN-F133009FE8787667,U,pooled_joint_rl,rest_3954,1
REC-ECDAAF41968B02E4,TRN-2EF98B0759C49E37,U,pooled_joint_rl,rest_3954,1
REC-ECE81F5CBD86C403,TRN-56A861922947EFB6,U,pooled_joint_rl,rest_3954,1
REC-ECEFEB2AB93B0CB8,TRN-0106255E2DF61C86,U,pooled_joint_rl,rest_3954,1
REC-ECF6ED5CF7DFD461,TRN-1E1457C189821EF1,U,pooled_joint_rl,rest_3954,1
REC-ECF7FD4571F61348,TRN-A45F592C4D213401,U,pooled_joint_rl,rest_3954,1
REC-ED21ACA181481D00,TRN-C958E0B45985916C,U,pooled_joint_rl,rest_3954,1
REC-ED3975D9E6B66DE3,TRN-A826E0616D8B8B45,U,pooled_joint_rl,rest_3954,1
REC-ED5C8829A15ACD87,TRN-9CFD8F58F77BE0CE,U,pooled_joint_rl,rest_3954,1
REC-ED9287B7A9500656,TRN-2BEDFE8A8D2B70D5,U,pooled_joint_rl,rest_3954,1
REC-ED9699CAC869B02D,TRN-83E5EF961736983A,U,pooled_joint_rl,rest_3954,1
REC-EDA152D656D3EB70,TRN-E3E11A48D9DA1AFA,U,pooled_joint_rl,rest_3954,1
REC-EDB705B42CF9A765,TRN-F6A2E558CB895BF4,U,pooled_joint_rl,rest_3954,1
REC-EDCEC9EA39EC7F1C,TRN-0ABDE2CFC617668E,U,pooled_joint_rl,rest_3954,1
REC-EDD0344D1F084232,TRN-167185F80ADBEC4A,U,pooled_joint_rl,rest_3954,1
REC-EDE8E6C1D1AD267B,TRN-4A63E123748B6F35,U,pooled_joint_rl,rest_3954,1
REC-EDEDF038EBEBEFD8,TRN-886C7748D1962FD4,U,pooled_joint_rl,rest_3954,1
REC-EDFBB0C2EFB6C7C9,TRN-2BCEF6B743F86A90,U,pooled_joint_rl,rest_3954,1
REC-EE10CECF361D7FBC,TRN-0C793AA0CA33D7FA,U,pooled_joint_rl,rest_3954,1
REC-EE15D93B0AF56663,TRN-C3835414D64A27E7,U,pooled_joint_rl,rest_3954,1
REC-EE401FE7B6076516,TRN-61639F2524A60F79,U,pooled_joint_rl,rest_3954,1
REC-EE5769F91C76EAF2,TRN-7957FF11D2D6FA7F,U,pooled_joint_rl,rest_3954,1
REC-EE57AA1857743B37,TRN-5158A1435A0F1CE2,U,pooled_joint_rl,rest_3954,1
REC-EE60A5E507822FCE,TRN-E1DEFEC5543BC753,U,pooled_joint_rl,rest_3954,1
REC-EE68095F4C18E582,TRN-F58976A09CA084D1,U,pooled_joint_rl,rest_3954,1
REC-EE710F978756383C,TRN-D9410825F7F5CA4F,U,pooled_joint_rl,rest_3954,1
REC-EE925D18852320D5,TRN-5B4A87EB25FB56D6,U,pooled_joint_rl,rest_3954,1
REC-EEBCF995C49B5F23,TRN-4AAEE7739F2619D3,U,pooled_joint_rl,rest_3954,1
REC-EEBEDAFB1E9359AC,TRN-36CF37F5FA543E36,U,pooled_joint_rl,rest_3954,1
REC-EEECE607743D9C13,TRN-EC3644AB864E0751,U,pooled_joint_rl,rest_3954,1
REC-EF2FBC1A6DE749A8,TRN-8CA7B3571D03BB05,U,pooled_joint_rl,rest_3954,1
REC-EF30783263C6940F,TRN-AFC3CFC88ABA62FD,U,pooled_joint_rl,rest_3954,1
REC-EF61CC286D78E4B1,TRN-DC95893A9351CEA2,U,pooled_joint_rl,rest_3954,1
REC-EF6A2641E9C32781,TRN-40FDF69239064153,U,pooled_joint_rl,rest_3954,1
REC-EF6AFA24C56AB5C9,TRN-E4631AEAE25C8C13,U,pooled_joint_rl,rest_3954,1
REC-EF854402F1EACC4C,TRN-5521FBEA21467993,U,pooled_joint_rl,rest_3954,1
REC-EF8B20BDC1CC12F0,TRN-8D2D6767C472B0CF,U,pooled_joint_rl,rest_3954,1
REC-EF969FDA8B2AD152,TRN-873BDEA5D1B49875,U,pooled_joint_rl,rest_3954,1
REC-EFA13AA0EDEEA770,TRN-297F058DAC83C912,U,pooled_joint_rl,rest_3954,1
REC-EFC6AA73E2D7BDF3,TRN-AE712FEDCCC8C5B1,U,pooled_joint_rl,rest_3954,1
REC-EFCD8FFEFCD67504,TRN-D2AC9A096BB9979A,U,pooled_joint_rl,rest_3954,1
REC-EFF786D2ECDDE96A,TRN-C0D8B0114FD2226C,U,pooled_joint_rl,rest_3954,1
REC-EFFB58D888A47025,TRN-BEF91F0CE78DB5E3,U,pooled_joint_rl,rest_3954,1
REC-EFFDABA9314DD5B0,TRN-2538C3B1772C8953,U,pooled_joint_rl,rest_3954,1
REC-F00C12817415E452,TRN-35FE21B751F6B109,U,pooled_joint_rl,rest_3954,1
REC-F00F378FA56B9DA0,TRN-83DCD8F88D8918B8,U,pooled_joint_rl,rest_3954,1
REC-F015EF62D166BC6F,TRN-1956AADC0045E8D4,U,pooled_joint_rl,rest_3954,1
REC-F02180636DEA286B,TRN-31774F71BE7DC50D,U,pooled_joint_rl,rest_3954,1
REC-F028B65C2687BE33,TRN-42B6B83E7DDCA6AC,U,pooled_joint_rl,rest_3954,1
REC-F02F011891C13E31,TRN-02B5B03BB75B222B,U,pooled_joint_rl,rest_3954,1
REC-F03126170BC4AE87,TRN-811D6EDF35BAE55D,U,pooled_joint_rl,rest_3954,1
REC-F0372E1F185AA75B,TRN-9378DBA081E31896,U,pooled_joint_rl,rest_3954,1
REC-F0576F9C6FE800E2,TRN-CC2B04993C80F141,U,pooled_joint_rl,rest_3954,1
REC-F057D981E0965F1D,TRN-2410E2AEA5D1CBD9,U,pooled_joint_rl,rest_3954,1
REC-F071D513CE282E76,TRN-021238C2DD6AFC14,U,pooled_joint_rl,rest_3954,1
REC-F097E178145E8856,TRN-56464F1BCBE0B748,U,pooled_joint_rl,rest_3954,1
REC-F0A3106E7B5CF0D3,TRN-09A4DCC919BB268C,U,pooled_joint_rl,rest_3954,1
REC-F0A895B5EDF35A67,TRN-11293D43409BA404,U,pooled_joint_rl,rest_3954,1
REC-F0AC821DA3483E43,TRN-5B8E766E1F96E2D9,U,pooled_joint_rl,rest_3954,1
REC-F0C002EA4F6C9BE1,TRN-C53E30C5B0AA8894,U,pooled_joint_rl,rest_3954,1
REC-F0D932A40B517AFD,TRN-68105E70F1BFA107,U,pooled_joint_rl,rest_3954,1
REC-F0EFEF04DCD2AD1D,TRN-09C09B876153321A,U,pooled_joint_rl,rest_3954,1
REC-F11071769A9F557F,TRN-73F7C81265380B6D,U,pooled_joint_rl,rest_3954,1
REC-F1177C05A2980D3E,TRN-3733DC827677C663,U,pooled_joint_rl,rest_3954,1
REC-F127AFCCD07E35D5,TRN-5DF5EC200833F568,U,pooled_joint_rl,rest_3954,1
REC-F1299C9011B38F52,TRN-79E97822E336BD0E,U,pooled_joint_rl,rest_3954,1
REC-F136D20E02B4A108,TRN-6644B305DD97CE68,U,pooled_joint_rl,rest_3954,1
REC-F1412151A4516879,TRN-6F7C355B6D16DA62,U,pooled_joint_rl,rest_3954,1
REC-F1542D5CFB8A0BDE,TRN-499A4A8F6C6720D4,U,pooled_joint_rl,rest_3954,1
REC-F168499E9AE02482,TRN-F2AE0A4585D07FAB,U,pooled_joint_rl,rest_3954,1
REC-F1685983AE4FCC96,TRN-8A8B84978C0758C8,U,pooled_joint_rl,rest_3954,1
REC-F16BB36D9A67F176,TRN-B8357344A3234682,U,pooled_joint_rl,rest_3954,1
REC-F1A2D82256FDAFF4,TRN-253E4E66F16982BB,U,pooled_joint_rl,rest_3954,1
REC-F1B550F6311F9DC3,TRN-1DEC78A63241CB12,U,pooled_joint_rl,rest_3954,1
REC-F1CF26D9D7377CA0,TRN-139098C602DD4827,U,pooled_joint_rl,rest_3954,1
REC-F1D2DC13F0EA526A,TRN-643336357C0C069A,U,pooled_joint_rl,rest_3954,1
REC-F20360FA90B83E01,TRN-8B70C502976EDF6E,U,pooled_joint_rl,rest_3954,1
REC-F20B17F7CBA1159C,TRN-98EEDDD1889F6B45,U,pooled_joint_rl,rest_3954,1
REC-F228CC66E9B7B35D,TRN-6D031D013DE4750E,U,pooled_joint_rl,rest_3954,1
REC-F22C2F7002BB1449,TRN-D137FBF1FADEFA6F,U,pooled_joint_rl,rest_3954,1
REC-F23D39BA84EFB7E1,TRN-08F9E48F8ECDE206,U,pooled_joint_rl,rest_3954,1
REC-F24568149580AB73,TRN-0F7E200E565F0F87,U,pooled_joint_rl,rest_3954,1
REC-F27146F5FB27C6F8,TRN-05B530598CFCEFE6,U,pooled_joint_rl,rest_3954,1
REC-F2968EA917757246,TRN-D88B11E86A35CFB7,U,pooled_joint_rl,rest_3954,1
REC-F2A6A3F1EBBB3D5B,TRN-8B69FAEAAE99C46B,U,pooled_joint_rl,rest_3954,1
REC-F2AD7D4F37D833AE,TRN-FDB66014C1BB17E2,U,pooled_joint_rl,rest_3954,1
REC-F2B88B845F1FCF24,TRN-B348E68B8C9AF189,U,pooled_joint_rl,rest_3954,1
REC-F2E35846399DDB39,TRN-CAEF2E2EC0C31A1A,U,pooled_joint_rl,rest_3954,1
REC-F2F7A4FACB577DDC,TRN-43A565FFBFEA4582,U,pooled_joint_rl,rest_3954,1
REC-F2F90B55F0CC5CFE,TRN-A2E31CD9C6937007,U,pooled_joint_rl,rest_3954,1
REC-F307EE8F415A3457,TRN-3AB74761D2E953D2,U,pooled_joint_rl,rest_3954,1
REC-F31E4380D7BBC7A9,TRN-C490F80A3DF98B48,U,pooled_joint_rl,rest_3954,1
REC-F324A29DCADC184B,TRN-81232531F8114319,U,pooled_joint_rl,rest_3954,1
REC-F33372D4385F26BB,TRN-D2B507862E1489CC,U,pooled_joint_rl,rest_3954,1
REC-F34C5BE900CAC056,TRN-278A11DFBAD8589C,U,pooled_joint_rl,rest_3954,1
REC-F379D0B35424A038,TRN-9056231408540AAF,U,pooled_joint_rl,rest_3954,1
REC-F3A3636ECF61E46B,TRN-0637550234031996,U,pooled_joint_rl,rest_3954,1
REC-F3A6B2C1EA1F879C,TRN-84CF83B1C70E058D,U,pooled_joint_rl,rest_3954,1
REC-F3C2404FB2E24C4B,TRN-ED4F925846F206E1,U,pooled_joint_rl,rest_3954,1
REC-F3C964291F715F47,TRN-20A1D6696D71643E,U,pooled_joint_rl,rest_3954,1
REC-F3CCB18A2C400B08,TRN-38CD15420F1441D5,U,pooled_joint_rl,rest_3954,1
REC-F3E178742FF327EE,TRN-36D8231AA016C1E8,U,pooled_joint_rl,rest_3954,1
REC-F3F43CA7FAEF7FC8,TRN-57016A6A4EBFF530,U,pooled_joint_rl,rest_3954,1
REC-F3F89D7E988FFF67,TRN-FF8A176CC8E40129,U,pooled_joint_rl,rest_3954,1
REC-F3F9DA4ACC40957B,TRN-EBBEB5A2DD20D405,U,pooled_joint_rl,rest_3954,1
REC-F40804832F71B5CB,TRN-27A75622EA7D83AC,U,pooled_joint_rl,rest_3954,1
REC-F419089B04367797,TRN-2F4DF0A1DE79D99F,U,pooled_joint_rl,rest_3954,1
REC-F426198AE840FC75,TRN-EA7B37770AD4E045,U,pooled_joint_rl,rest_3954,1
REC-F4418DCD1E069114,TRN-12229085D21299DD,U,pooled_joint_rl,rest_3954,1
REC-F4496ACAD2CC6422,TRN-3A4D4E9859AE90F9,U,pooled_joint_rl,rest_3954,1
REC-F455C19A78F93E49,TRN-D29CC592580C3AA4,U,pooled_joint_rl,rest_3954,1
REC-F4697B121544755E,TRN-B2594CBB1BC79F0C,U,pooled_joint_rl,rest_3954,1
REC-F46D66B63AB5E000,TRN-B4E01F2959968B64,U,pooled_joint_rl,rest_3954,1
REC-F48306ED29E9C2A0,TRN-214D20455DC4C948,U,pooled_joint_rl,rest_3954,1
REC-F489A72F93A8CC04,TRN-F786D92062CDC649,U,pooled_joint_rl,rest_3954,1
REC-F49A265ED2899973,TRN-BC93E9A145ACE2B9,U,pooled_joint_rl,rest_3954,1
REC-F4A052D80568D6EF,TRN-B6CE9554499A80E9,U,pooled_joint_rl,rest_3954,1
REC-F4A9BE4EDE20616B,TRN-D51D442E434579A9,U,pooled_joint_rl,rest_3954,1
REC-F4BD5B10F554A8C7,TRN-96DEDCE2BBB49270,U,pooled_joint_rl,rest_3954,1
REC-F4C430D017834652,TRN-7B88E9A02982FF48,U,pooled_joint_rl,rest_3954,1
REC-F4FEF62485E0B32C,TRN-331C951016F5DFDB,U,pooled_joint_rl,rest_3954,1
REC-F512D00B1E70253F,TRN-86D7379BA4F15682,U,pooled_joint_rl,rest_3954,1
REC-F5157F1A1B6FDB01,TRN-6614C2A464DF036B,U,pooled_joint_rl,rest_3954,1
REC-F52215311DCBCB50,TRN-4C025229C6E3216C,U,pooled_joint_rl,rest_3954,1
REC-F525B1B299252800,TRN-C7F9D4BCBA04A8AC,U,pooled_joint_rl,rest_3954,1
REC-F54EA0F868BBB029,TRN-D60A5D8C925E528C,U,pooled_joint_rl,rest_3954,1
REC-F54F83C39011C68F,TRN-7FC22DA08C6F5CAD,U,pooled_joint_rl,rest_3954,1
REC-F5569D18B151DA11,TRN-A92D357DC3478E48,U,pooled_joint_rl,rest_3954,1
REC-F561F8C3E3EE8038,TRN-881DAD839A14830D,U,pooled_joint_rl,rest_3954,1
REC-F5686D08B793F896,TRN-3BE9F8366F657EB7,U,pooled_joint_rl,rest_3954,1
REC-F58D862A71999C56,TRN-7A7BF4052CC0EB0F,U,pooled_joint_rl,rest_3954,1
REC-F597631DD12A7D21,TRN-25132A2F6AC530E4,U,pooled_joint_rl,rest_3954,1
REC-F59B06ABE97CE080,TRN-600A6C329AB402F1,U,pooled_joint_rl,rest_3954,1
REC-F5B1B77EC5AFFB76,TRN-6C751EC148727151,U,pooled_joint_rl,rest_3954,1
REC-F5C67AC74CFE7E18,TRN-E7D22F6CBF459652,U,pooled_joint_rl,rest_3954,1
REC-F5CA9BAF4A4E1F00,TRN-CAD1C5389198A4DA,U,pooled_joint_rl,rest_3954,1
REC-F5E1ACE5058154C6,TRN-BAB1CC10524B1A7F,U,pooled_joint_rl,rest_3954,1
REC-F5E1F2FF2BD00DCE,TRN-09EFCC6830E2EBEB,U,pooled_joint_rl,rest_3954,1
REC-F5E20B921F074293,TRN-E25F3F669B55911E,U,pooled_joint_rl,rest_3954,1
REC-F60220EB21A4C404,TRN-2F3F6D357151C234,U,pooled_joint_rl,rest_3954,1
REC-F62620A15C29730F,TRN-988DB5722A2B53F0,U,pooled_joint_rl,rest_3954,1
REC-F62BCB37625F91F2,TRN-9BC16CB2DAF91039,U,pooled_joint_rl,rest_3954,1
REC-F63904828E694046,TRN-A82DC3134A995122,U,pooled_joint_rl,rest_3954,1
REC-F65B1ABC570356D4,TRN-268B17A93A473F7D,U,pooled_joint_rl,rest_3954,1
REC-F6A9D492AF53E57B,TRN-D16FC979F6211A94,U,pooled_joint_rl,rest_3954,1
REC-F6B5D90AF569AA5A,TRN-E9E27D1B8DF50355,U,pooled_joint_rl,rest_3954,1
REC-F6C42AA1E71A2B15,TRN-1EB64D4938844E8C,U,pooled_joint_rl,rest_3954,1
REC-F6DB722609DA1B9D,TRN-072F021CAAD87ED6,U,pooled_joint_rl,rest_3954,1
REC-F6F1BD36602D61EC,TRN-D6B76E4E7DF3E17A,U,pooled_joint_rl,rest_3954,1
REC-F6F3D0E91E0ECF67,TRN-182B47ACA6EA968B,U,pooled_joint_rl,rest_3954,1
REC-F706AE41922094C1,TRN-00087F1972F4A5EC,U,pooled_joint_rl,rest_3954,1
REC-F71965D21B31C2CB,TRN-45ECA59C4CD5BE89,U,pooled_joint_rl,rest_3954,1
REC-F72FE152386601E5,TRN-1481FA0826FEC96D,U,pooled_joint_rl,rest_3954,1
REC-F73C3C4EA1BF3760,TRN-9065E84688F543A2,U,pooled_joint_rl,rest_3954,1
REC-F75B3FA832C5CEBB,TRN-72FF6EACF5A8A4F7,U,pooled_joint_rl,rest_3954,1
REC-F76B042C34283E52,TRN-794C0D2708FFB568,U,pooled_joint_rl,rest_3954,1
REC-F7911F34AB7DF33F,TRN-903E46095FB4A273,U,pooled_joint_rl,rest_3954,1
REC-F793FA0780FFEA1C,TRN-58B7E576A2DA718F,U,pooled_joint_rl,rest_3954,1
REC-F7AD9ECBF87D3E77,TRN-805E88EDE714C321,U,pooled_joint_rl,rest_3954,1
REC-F7CB2273048DBA85,TRN-7DD2897A4A31C27F,U,pooled_joint_rl,rest_3954,1
REC-F7D65D1B37703FF3,TRN-A36041C1E3504C27,U,pooled_joint_rl,rest_3954,1
REC-F7DD189DF810AC72,TRN-21A7FE5EA7A0419A,U,pooled_joint_rl,rest_3954,1
REC-F7FDD600BAA9DD84,TRN-5232D5ACF8826FC7,U,pooled_joint_rl,rest_3954,1
REC-F80BA14A34BBF364,TRN-4C7517CA4DE44BC3,U,pooled_joint_rl,rest_3954,1
REC-F8212D390FD5B97C,TRN-21A293A67E7E6CAE,U,pooled_joint_rl,rest_3954,1
REC-F824310ECB5A0024,TRN-756281D97475FE8F,U,pooled_joint_rl,rest_3954,1
REC-F84D238B334F861E,TRN-ECD252523DCE19AC,U,pooled_joint_rl,rest_3954,1
REC-F868F135AE2BD969,TRN-78EAD36420CE9B6E,U,pooled_joint_rl,rest_3954,1
REC-F88327B3285A81E8,TRN-F2908F4294B5FFE1,U,pooled_joint_rl,rest_3954,1
REC-F885216DCA5334FF,TRN-7C319957BC233116,U,pooled_joint_rl,rest_3954,1
REC-F8EFEB1D19D2B657,TRN-13275981BBE44B97,U,pooled_joint_rl,rest_3954,1
REC-F8F0847C89FEB896,TRN-6140F0FBFE88D1FC,U,pooled_joint_rl,rest_3954,1
REC-F8F370E2E922DC3F,TRN-F717325FC142DC62,U,pooled_joint_rl,rest_3954,1
REC-F90B446C66985600,TRN-9080D322CC8894F5,U,pooled_joint_rl,rest_3954,1
REC-F90C999DE8EDC4BD,TRN-4EEDAAF5FE478222,U,pooled_joint_rl,rest_3954,1
REC-F91A42A72C602C59,TRN-DAD98280B4AB26F7,U,pooled_joint_rl,rest_3954,1
REC-F91DCC8B41B6D104,TRN-981F2035C35BFCA7,U,pooled_joint_rl,rest_3954,1
REC-F91E69765CE0446D,TRN-AAA742FEC05B393D,U,pooled_joint_rl,rest_3954,1
REC-F950B07E3E68DD5F,TRN-4AC2D4D104C6A4BF,U,pooled_joint_rl,rest_3954,1
REC-F982CBEDAC8990D3,TRN-8966444CBA3FB872,U,pooled_joint_rl,rest_3954,1
REC-F9927A52D594B988,TRN-71E440B0459E2FAE,U,pooled_joint_rl,rest_3954,1
REC-F999A7BACE75B4DC,TRN-F7B81D1C1AAE9364,U,pooled_joint_rl,rest_3954,1
REC-F9E2A9E57285B3ED,TRN-8EB37A5DDC37753C,U,pooled_joint_rl,rest_3954,1
REC-FA0F9280D285D523,TRN-8EA77BEE6012BE03,U,pooled_joint_rl,rest_3954,1
REC-FA1BD079D2F8CCF5,TRN-2E3CE616EA8EB116,U,pooled_joint_rl,rest_3954,1
REC-FA23EF058ADF694B,TRN-8CA4CC3C9E64B6D7,U,pooled_joint_rl,rest_3954,1
REC-FA37F32C5E13E347,TRN-4A1BE72FA5E62D8D,U,pooled_joint_rl,rest_3954,1
REC-FA3CD83A21180FAA,TRN-41B508DDFA15534C,U,pooled_joint_rl,rest_3954,1
REC-FA526925EBD75623,TRN-99CBD6FF108E0D44,U,pooled_joint_rl,rest_3954,1
REC-FA6AFCDE69DC8AB2,TRN-57D5B0BBF9145212,U,pooled_joint_rl,rest_3954,1
REC-FA6C55D18D9EAD20,TRN-A1BA61EF1FC1056A,U,pooled_joint_rl,rest_3954,1
REC-FA75603CDFCD116B,TRN-A74519B7878DE6BC,U,pooled_joint_rl,rest_3954,1
REC-FA75969DEDCF1D65,TRN-A9E3185E70DB6A04,U,pooled_joint_rl,rest_3954,1
REC-FA7D956C4B9A32D6,TRN-72633C570D33057A,U,pooled_joint_rl,rest_3954,1
REC-FA88DF36F27C43DB,TRN-C25A3098A8EAB364,U,pooled_joint_rl,rest_3954,1
REC-FA9C561E7CE3ACDA,TRN-FA08447A1A1B759F,U,pooled_joint_rl,rest_3954,1
REC-FAA5A687E44CF932,TRN-94C9B552BDB5B36C,U,pooled_joint_rl,rest_3954,1
REC-FAA7B927FC2C5BC2,TRN-7BF2BD66E8026211,U,pooled_joint_rl,rest_3954,1
REC-FAB0CDA22D7B75E2,TRN-5FEA3A8C47666B6F,U,pooled_joint_rl,rest_3954,1
REC-FABED0A246D6B759,TRN-325D3CD0C6B07D02,U,pooled_joint_rl,rest_3954,1
REC-FAD0E6EA7D81CD50,TRN-B2C7BF2770EAE802,U,pooled_joint_rl,rest_3954,1
REC-FAE2D8426C6A8972,TRN-02852180D7545CA6,U,pooled_joint_rl,rest_3954,1
REC-FAE9FD189B4EA689,TRN-75B725C43FECB58D,U,pooled_joint_rl,rest_3954,1
REC-FB097B5196C69780,TRN-8D3A84E1D529D96E,U,pooled_joint_rl,rest_3954,1
REC-FB0C5980093C96EC,TRN-6A9C648D0B9E8D5E,U,pooled_joint_rl,rest_3954,1
REC-FB2176CAAA45DE54,TRN-F65E975739079F2C,U,pooled_joint_rl,rest_3954,1
REC-FB2286B1B746E700,TRN-9E2846F77B3AE2E5,U,pooled_joint_rl,rest_3954,1
REC-FB60286F5EC66084,TRN-02571C117C4092A4,U,pooled_joint_rl,rest_3954,1
REC-FB6A0D9255020623,TRN-701C4FC8E63ABD89,U,pooled_joint_rl,rest_3954,1
REC-FB6E943BD587771A,TRN-567BC07D86DB2BF3,U,pooled_joint_rl,rest_3954,1
REC-FB725FA4B844B468,TRN-0E407792485439AA,U,pooled_joint_rl,rest_3954,1
REC-FB9F0630B99250D5,TRN-D809A1B077BDF399,U,pooled_joint_rl,rest_3954,1
REC-FBABEE762CE0EBFE,TRN-75685B3EA3130A73,U,pooled_joint_rl,rest_3954,1
REC-FBAC7024E586C3DB,TRN-FDD5B260C89415BE,U,pooled_joint_rl,rest_3954,1
REC-FBB10B4EC81113FB,TRN-68E21ED8D43A8F78,U,pooled_joint_rl,rest_3954,1
REC-FBCF7F04F1A92796,TRN-87810EB74A422290,U,pooled_joint_rl,rest_3954,1
REC-FBD72EFAAA419A35,TRN-CA7D3C10A2F82CDC,U,pooled_joint_rl,rest_3954,1
REC-FBD8401D02FEF9A9,TRN-AB28B727AC51884D,U,pooled_joint_rl,rest_3954,1
REC-FBFCE78C2A5E040A,TRN-8F22A751451614D3,U,pooled_joint_rl,rest_3954,1
REC-FC0A8C184BC3CC9D,TRN-33172614E2C09299,U,pooled_joint_rl,rest_3954,1
REC-FC0BDA9519C1BFAE,TRN-772AA3A9C1FF8335,U,pooled_joint_rl,rest_3954,1
REC-FC206DA578B811B0,TRN-ABF7F01814244D77,U,pooled_joint_rl,rest_3954,1
REC-FC23863A6725EFEA,TRN-84A72EBFD1F72508,U,pooled_joint_rl,rest_3954,1
REC-FC619D7BB2CE5B11,TRN-80FA3AD21386CF8F,U,pooled_joint_rl,rest_3954,1
REC-FC64EC597274210A,TRN-C513F88878EBA830,U,pooled_joint_rl,rest_3954,1
REC-FC6A665F4E5DCAA8,TRN-F0B8D123C6FF7879,U,pooled_joint_rl,rest_3954,1
REC-FC710AFDA1FBFD24,TRN-71CF095D5587506A,U,pooled_joint_rl,rest_3954,1
REC-FC76035E76D6191E,TRN-A86F3585F8EB622A,U,pooled_joint_rl,rest_3954,1
REC-FC762F37888F9081,TRN-717FFAB671EEB811,U,pooled_joint_rl,rest_3954,1
REC-FC796059E6B9DBA1,TRN-A3AAE5701D6B96FA,U,pooled_joint_rl,rest_3954,1
REC-FC79D43AE4E6C280,TRN-A036641D1F6D6F85,U,pooled_joint_rl,rest_3954,1
REC-FCB01DA895F06014,TRN-D247BE1B429661E8,U,pooled_joint_rl,rest_3954,1
REC-FCBA1E3DA22B32C6,TRN-C181B693B843E507,U,pooled_joint_rl,rest_3954,1
REC-FCC73B59CD8259A1,TRN-6B324C746390A395,U,pooled_joint_rl,rest_3954,1
REC-FCC896C68C49239C,TRN-47F421B91EBE5045,U,pooled_joint_rl,rest_3954,1
REC-FCED678C794C71C4,TRN-981C63A69D986803,U,pooled_joint_rl,rest_3954,1
REC-FCFA9FF92275E1FC,TRN-71E25FC0BCE3CE48,U,pooled_joint_rl,rest_3954,1
REC-FD003E19A717DB64,TRN-8176B3E84CADF089,U,pooled_joint_rl,rest_3954,1
REC-FD030BA05663133A,TRN-F540772CCF528266,U,pooled_joint_rl,rest_3954,1
REC-FD064F1C8D96D171,TRN-A6C556910C742C62,U,pooled_joint_rl,rest_3954,1
REC-FD12A48BBE41CA69,TRN-3834B526077DDFB0,U,pooled_joint_rl,rest_3954,1
REC-FD4933E6B888248D,TRN-F6A9503837A1E1EA,U,pooled_joint_rl,rest_3954,1
REC-FD5241EB8F14CDE3,TRN-B87385D2A9B755E2,U,pooled_joint_rl,rest_3954,1
REC-FD765542BB2435F5,TRN-55CFAB8AE11D81FD,U,pooled_joint_rl,rest_3954,1
REC-FD9CE876C35FBA6C,TRN-058926CB73D0F552,U,pooled_joint_rl,rest_3954,1
REC-FD9E8311BDD7CAF8,TRN-19F26F4FC61F3052,U,pooled_joint_rl,rest_3954,1
REC-FDAAD1A7A3556820,TRN-47E3B5D47BDE00E1,U,pooled_joint_rl,rest_3954,1
REC-FDAC16A2E6BD7054,TRN-21F41CCA1149CE31,U,pooled_joint_rl,rest_3954,1
REC-FDB8C51F32480E07,TRN-A7DAF3930B65D5C5,U,pooled_joint_rl,rest_3954,1
REC-FDC51E2D6CB21D05,TRN-F456872347C44094,U,pooled_joint_rl,rest_3954,1
REC-FDD73262F01E4A0C,TRN-CDA6666F3FA0C7B5,U,pooled_joint_rl,rest_3954,1
REC-FDDBDBCDF964BFA9,TRN-0AF63CBB9A960B65,U,pooled_joint_rl,rest_3954,1
REC-FDE4BB177AE14F7F,TRN-B8399BC6F6583208,U,pooled_joint_rl,rest_3954,1
REC-FDF17EDFFCB52CD8,TRN-2BA45AC94CB0F6DE,U,pooled_joint_rl,rest_3954,1
REC-FE0E100BB2B59791,TRN-11973562E56EAB3F,U,pooled_joint_rl,rest_3954,1
REC-FE0E289102DBD268,TRN-2B84841EEF3754D3,U,pooled_joint_rl,rest_3954,1
REC-FE23AB193655153F,TRN-3F3D9CF84EBD3E6C,U,pooled_joint_rl,rest_3954,1
REC-FE27081E0AAED3BE,TRN-B08F92E03DA83E1F,U,pooled_joint_rl,rest_3954,1
REC-FE3A7C9CD2C776A5,TRN-C7B4FEE93070D200,U,pooled_joint_rl,rest_3954,1
REC-FE523075BCB38FA0,TRN-D0CB387E21097A70,U,pooled_joint_rl,rest_3954,1
REC-FE610FCFD0A11A19,TRN-C91F0D4933AF147D,U,pooled_joint_rl,rest_3954,1
REC-FE66532630BB54A1,TRN-75C639201A08B7A0,U,pooled_joint_rl,rest_3954,1
REC-FE93F0A7DB159073,TRN-07C91B9B8708E28D,U,pooled_joint_rl,rest_3954,1
REC-FE9DA07673CCDF19,TRN-6EEEAE575AFB1F41,U,pooled_joint_rl,rest_3954,1
REC-FEBA49998B733C5D,TRN-4918F8F49BAECD5D,U,pooled_joint_rl,rest_3954,1
REC-FEC0E9F9A175453D,TRN-793A7B587913E35F,U,pooled_joint_rl,rest_3954,1
REC-FEE75E203D88AB03,TRN-CE33B3F6F20D1175,U,pooled_joint_rl,rest_3954,1
REC-FF0A4835AD763CC3,TRN-119497763A739416,U,pooled_joint_rl,rest_3954,1
REC-FF2321A60126B018,TRN-0952EA06EA087189,U,pooled_joint_rl,rest_3954,1
REC-FF41902FE76E0D4E,TRN-20A6DCDBAAE9A715,U,pooled_joint_rl,rest_3954,1
REC-FF4DB797FC0948C3,TRN-D0A3CBEB7C80DCF2,U,pooled_joint_rl,rest_3954,1
REC-FF5A346ACF423D6E,TRN-E10062481D2FF4D4,U,pooled_joint_rl,rest_3954,1
REC-FF5D8E4E29DA6D52,TRN-21ACCC071F7A1C34,U,pooled_joint_rl,rest_3954,1
REC-FF7B7C79FE1D8B94,TRN-46993151603A15AC,U,pooled_joint_rl,rest_3954,1
REC-FF858529900741EF,TRN-E6B2EE3DB7ACDE30,U,pooled_joint_rl,rest_3954,1
REC-FF9809DDFB0C3F8E,TRN-B44911890B12B5B7,U,pooled_joint_rl,rest_3954,1
REC-FFA10E122581751F,TRN-84754BD52CBC48CF,U,pooled_joint_rl,rest_3954,1
REC-FFA3E6BA07D66C2F,TRN-D5EB90186E0AB48E,U,pooled_joint_rl,rest_3954,1
REC-FFBAEA6F8952BDF8,TRN-2CECF0C502D4EC25,U,pooled_joint_rl,rest_3954,1
REC-FFC0F4CD888323C0,TRN-86C92D34850A37AB,U,pooled_joint_rl,rest_3954,1
REC-FFC65808EB53CC73,TRN-B114E2B618AD6483,U,pooled_joint_rl,rest_3954,1
REC-FFD1CC7F68610B7A,TRN-9508B1F4AE2BD5DB,U,pooled_joint_rl,rest_3954,1
REC-FFD36DDC32C21DD2,TRN-CA661EB97EB9E13F,U,pooled_joint_rl,rest_3954,1
REC-FFE5D7D15051C81A,TRN-EE8F48DB0845F371,U,pooled_joint_rl,rest_3954,1
REC-FFE98E76EE5F6B0A,TRN-D3647D2D5A6D8CA5,U,pooled_joint_rl,rest_3954,1
REC-FFEBFDE1B8AD5985,TRN-8905BD6D7F239D6C,U,pooled_joint_rl,rest_3954,1
REC-FFF5D7E6C1CE4217,TRN-5F4E98C305B50924,U,pooled_joint_rl,rest_3954,1
