expanded_rl_record_id,anon_instance_id,category,selected_for_expanded_rl,selection_origin,sampling_pool,current_raw_passrate,current_valid_passrate,n_observed,n_valid,n_pass,infra_failure_rows
ERL-48C8425659BB3E97,TRN-E07EB2136FDB8DF1,A,true,stage1_overlap,informative_non_extreme,0.5,0.5,4,4,2,0
ERL-BEAEF35C6626DD16,TRN-27783F06CDAA7C43,A,true,stage1_overlap,informative_non_extreme,0.75,0.75,4,4,3,0
ERL-FC1B3EEA1A63FB2A,TRN-9014EC4FA6CB630D,A,true,stage1_overlap,recoverable_zero,0.0,0.0,4,4,0,0
ERL-FB1661E486833297,TRN-7AF61310E60736E3,A,true,stage1_overlap,informative_non_extreme,0.5,0.5,4,4,2,0
ERL-1D67E07D6C06A053,TRN-013538F79DC7D105,A,true,stage1_overlap,informative_non_extreme,0.25,0.25,4,4,1,0
ERL-78E36022434CBD6E,TRN-5316502D93C1A5EA,A,true,stage1_overlap,informative_non_extreme,0.75,0.75,4,4,3,0
ERL-707F9B4734D8F2B9,TRN-E537689D73752319,A,true,stage1_overlap,recoverable_zero,0.0,0.0,4,4,0,0
ERL-A45432E7E7E1C987,TRN-0729BE280172BBFD,A,true,unseen_probe,informative_non_extreme,0.5,0.5,4,4,2,0
ERL-7AC3BDDF08E65D14,TRN-9917F2620F504CDF,A,true,stage1_overlap,informative_non_extreme,0.25,0.25,4,4,1,0
ERL-71F3E9DB72D3E6EC,TRN-F388075B62710901,A,true,stage1_overlap,informative_non_extreme,0.25,0.25,4,4,1,0
ERL-2DDDED0D1798A653,TRN-70C5F7157939531D,A,true,stage1_overlap,informative_non_extreme,0.75,0.75,4,4,3,0
ERL-7BD1A29D0FE8EF07,TRN-306D51611F97D8F6,A,true,stage1_overlap,recoverable_zero,0.0,0.0,4,4,0,0
ERL-8152D89437D7B4AE,TRN-F588A8200C762A7D,A,true,stage1_overlap,informative_non_extreme,0.75,0.75,4,4,3,0
ERL-3F5A9FD87868246A,TRN-0931040AC4049D75,A,true,stage1_overlap,informative_non_extreme,0.75,0.75,4,4,3,0
ERL-6A8D3121E7D5A7E2,TRN-8590FD3C9141BB58,A,true,stage1_overlap,informative_non_extreme,0.75,0.75,4,4,3,0
ERL-CF3BE1A7EFE813A4,TRN-55BD463FE04F95E5,A,true,stage1_overlap,informative_non_extreme,0.25,0.25,4,4,1,0
ERL-1B0D129F6C727109,TRN-8E29550881D16AB7,A,true,stage1_overlap,informative_non_extreme,0.25,0.3333333333333333,4,3,1,1
ERL-A8ADEF821C95B483,TRN-A0CFF6FFFB45434C,A,true,stage1_overlap,recoverable_zero,0.0,0.0,4,4,0,0
ERL-E9FC6701978D80B6,TRN-34C943432F84B6E3,A,true,stage1_overlap,informative_non_extreme,0.75,0.75,4,4,3,0
ERL-097B5A7D0A6867B3,TRN-2FC9CD44DBA9CF33,A,true,unseen_probe,informative_non_extreme,0.25,0.25,4,4,1,0
ERL-2CB90CD2936A8D66,TRN-E63E3D4AAE50CA51,A,true,stage1_overlap,recoverable_zero,0.0,0.0,4,4,0,0
ERL-E655CC74C4414467,TRN-141C1BB26CC28E75,A,true,stage1_overlap,informative_non_extreme,0.25,0.25,4,4,1,0
ERL-E10E24BDFCCDC41F,TRN-43C455BC4AB02975,A,true,stage1_overlap,informative_non_extreme,0.5,0.5,4,4,2,0
ERL-AE0F83DCF7D630D3,TRN-0899755D830DF34C,A,true,stage1_overlap,informative_non_extreme,0.75,0.75,4,4,3,0
ERL-3ED2DDE2EF5C491B,TRN-47D746A47D6EDDB9,A,true,stage1_overlap,informative_non_extreme,0.75,0.75,4,4,3,0
ERL-95A64722FCB0E559,TRN-353FDFE6D246CFCF,A,true,stage1_overlap,informative_non_extreme,0.75,0.75,4,4,3,0
ERL-6CDE80F85C0E331C,TRN-B95A06F9EE1BFB05,A,true,unseen_probe,informative_non_extreme,0.25,0.25,4,4,1,0
ERL-2FBBBF86D216183B,TRN-261BF8BE1CF05169,A,true,stage1_overlap,informative_non_extreme,0.5,0.5,4,4,2,0
ERL-3DFB8AD4AEAB2ADC,TRN-EF9F937BC86230AD,A,true,stage1_overlap,informative_non_extreme,0.25,0.25,4,4,1,0
ERL-4343C02DD45ADA82,TRN-BE32EBA8FBE1D10F,A,true,stage1_overlap,informative_non_extreme,0.5,0.5,4,4,2,0
ERL-F942412230998F12,TRN-6CEF477C7FCBC4C0,A,true,stage1_overlap,recoverable_zero,0.0,0.0,4,4,0,0
ERL-DEB9672AD09BC871,TRN-B5A752177D28D104,A,true,unseen_probe,informative_non_extreme,0.25,0.25,4,4,1,0
ERL-B3B744995493A2F7,TRN-8DF0CBD5C44DF06B,A,true,stage1_overlap,informative_non_extreme,0.5,0.5,4,4,2,0
ERL-82BB08E1E479AA1D,TRN-3C63B9524C79122E,A,true,stage1_overlap,informative_non_extreme,0.75,0.75,4,4,3,0
ERL-918255F04BB415FE,TRN-EFE43FC0344D5B49,A,true,unseen_probe,informative_non_extreme,0.25,0.25,4,4,1,0
ERL-0C6E8CFA1FAC7E72,TRN-71A102FDB68B49BB,A,true,unseen_probe,informative_non_extreme,0.5,0.5,4,4,2,0
ERL-46380B06045A263D,TRN-43860F4317A50399,A,true,stage1_overlap,informative_non_extreme,0.5,0.5,4,4,2,0
ERL-D75114437CA57A9F,TRN-A8AF190B8987CC4D,A,true,stage1_overlap,informative_non_extreme,0.75,0.75,4,4,3,0
ERL-64D8E4AC6713825D,TRN-64EAC9A9263E624E,A,true,stage1_overlap,informative_non_extreme,0.75,0.75,4,4,3,0
ERL-126007C461E64C1D,TRN-2801DAF29699C3E3,A,true,unseen_probe,informative_non_extreme,0.25,0.25,4,4,1,0
ERL-EA0EF104D8FEDC37,TRN-2CB97BF0A78D7138,A,true,stage1_overlap,informative_non_extreme,0.25,0.25,4,4,1,0
ERL-23C9923F58E4FE43,TRN-C8FE4C0B1B53B10F,A,true,stage1_overlap,informative_non_extreme,0.5,0.5,4,4,2,0
ERL-8A2356444FF620C9,TRN-3BBA5FA62E9324DB,A,true,stage1_overlap,informative_non_extreme,0.25,0.25,4,4,1,0
ERL-2836C26AEAE67216,TRN-F2F799DA5795BC49,A,true,stage1_overlap,informative_non_extreme,0.25,0.25,4,4,1,0
ERL-1736B75557145ED0,TRN-A26A46BBD9D2BCDA,A,true,stage1_overlap,informative_non_extreme,0.75,0.75,4,4,3,0
ERL-AFA345E16A03F5EF,TRN-0AB34BA9C0AB08CC,A,true,stage1_overlap,informative_non_extreme,0.75,0.75,4,4,3,0
ERL-03F167E342D65960,TRN-7F48B63A7A8DFD50,A,true,unseen_probe,informative_non_extreme,0.5,0.5,4,4,2,0
ERL-3B95AAC5E8D78F71,TRN-E308DEACE261C6B4,A,true,stage1_overlap,informative_non_extreme,0.75,0.75,4,4,3,0
ERL-D4528E1F79D8799D,TRN-F5305F7C52C7EF3A,A,true,stage1_overlap,informative_non_extreme,0.75,0.75,4,4,3,0
ERL-BF622BF843AAF73A,TRN-0C5254CC39E94900,A,true,stage1_overlap,informative_non_extreme,0.75,0.75,4,4,3,0
ERL-C7A65E70AAC82D10,TRN-AB120C68B1FE89A9,A,true,unseen_probe,informative_non_extreme,0.5,0.5,4,4,2,0
ERL-6B8B07900FC849A2,TRN-E6915EE6318661AB,A,true,stage1_overlap,informative_non_extreme,0.25,0.25,4,4,1,0
ERL-3455F5561BEA08F1,TRN-555CE53D09CE9C76,A,true,stage1_overlap,informative_non_extreme,0.75,0.75,4,4,3,0
ERL-67E315C7B866389F,TRN-7E068BB8C628F3FD,A,true,stage1_overlap,recoverable_zero,0.0,0.0,4,3,0,1
ERL-7575148A53935A99,TRN-E690EE04DC107496,A,true,unseen_probe,informative_non_extreme,0.75,0.75,4,4,3,0
ERL-B5D22DE9E0062698,TRN-DB10BE73265ACE8B,A,true,stage1_overlap,informative_non_extreme,0.5,0.5,4,4,2,0
ERL-F5FD3166856E1DDD,TRN-E26FE7013E5DEDD0,A,true,stage1_overlap,informative_non_extreme,0.5,0.5,4,4,2,0
ERL-329C14FC6832F8CA,TRN-4A733FDD63CF8548,A,true,stage1_overlap,informative_non_extreme,0.75,0.75,4,4,3,0
ERL-DC2837136764C134,TRN-B4F82015E5494DC6,A,true,unseen_probe,informative_non_extreme,0.5,0.5,4,4,2,0
ERL-DC65FB7308939F1D,TRN-1B541A3B2E81C5D3,A,true,stage1_overlap,informative_non_extreme,0.75,0.75,4,4,3,0
ERL-C3A73281507F5614,TRN-30D0E87B64BD1662,A,true,stage1_overlap,informative_non_extreme,0.75,0.75,4,4,3,0
ERL-9826E7142B492F38,TRN-FB275022E0CC75E2,A,true,stage1_overlap,informative_non_extreme,0.75,0.75,4,4,3,0
ERL-5F8417285B9CAE04,TRN-712186B6A613BB62,A,true,stage1_overlap,recoverable_zero,0.0,0.0,4,4,0,0
ERL-0E6EDABDED6DA4F1,TRN-ED545CD8ED5A9BB3,A,true,stage1_overlap,informative_non_extreme,0.75,0.75,4,4,3,0
ERL-AEECB261EF751461,TRN-CEF30B1DD15DD0AE,A,true,stage1_overlap,informative_non_extreme,0.75,0.75,4,4,3,0
ERL-D0E45C8ED29B9D24,TRN-7F954A922F5C298B,A,true,unseen_probe,informative_non_extreme,0.75,0.75,4,4,3,0
ERL-32ACB59016AE5722,TRN-71E25FC0BCE3CE48,A,true,unseen_probe,informative_non_extreme,0.75,0.75,4,4,3,0
ERL-4F7DC5BA1060D116,TRN-A71D0177568B5A06,A,true,stage1_overlap,informative_non_extreme,0.75,0.75,4,4,3,0
ERL-0450D2BDD44979BB,TRN-AD21520A2EC3E69E,A,true,stage1_overlap,informative_non_extreme,0.25,0.25,4,4,1,0
ERL-7345BE846200EC85,TRN-9D17E7323DFCB006,A,true,stage1_overlap,informative_non_extreme,0.75,0.75,4,4,3,0
ERL-A3428F66B2332FCA,TRN-AA545C296D3E058F,A,true,stage1_overlap,informative_non_extreme,0.5,0.5,4,4,2,0
ERL-BB24F4C5F101A594,TRN-2CC503BBD7B96FD6,A,true,stage1_overlap,informative_non_extreme,0.75,0.75,4,4,3,0
ERL-B4FBB9C3B74A7E31,TRN-1D7ABD5AFC8BC8A3,A,true,stage1_overlap,informative_non_extreme,0.75,0.75,4,4,3,0
ERL-6D9DD1D1AC19DEF1,TRN-B92B2A502220F004,A,true,stage1_overlap,recoverable_zero,0.0,0.0,4,4,0,0
ERL-8165A932292383C9,TRN-EC3644AB864E0751,A,true,unseen_probe,informative_non_extreme,0.75,0.75,4,4,3,0
ERL-CFE9104C1625C263,TRN-AA91AB4618DF833C,A,true,stage1_overlap,informative_non_extreme,0.5,0.5,4,4,2,0
ERL-BE562D0AF0706E5B,TRN-3E033B2BBC7D4E36,A,true,stage1_overlap,informative_non_extreme,0.75,0.75,4,4,3,0
ERL-F3EF0F3FB34E0AA0,TRN-77E4017FB81FF6A7,A,true,stage1_overlap,informative_non_extreme,0.75,0.75,4,4,3,0
ERL-69657534FF3EDB18,TRN-E5E37E0745AC31B7,A,true,unseen_probe,informative_non_extreme,0.5,0.5,4,4,2,0
ERL-F409485B979D4812,TRN-07CF84199DD2A4B8,A,true,stage1_overlap,informative_non_extreme,0.75,0.75,4,4,3,0
ERL-B2976A87F414D580,TRN-15D89BE3BA663673,A,true,stage1_overlap,informative_non_extreme,0.75,0.75,4,4,3,0
ERL-575AE5EFBD68727D,TRN-CDFB2AEB3322D4CD,A,true,unseen_probe,informative_non_extreme,0.75,0.75,4,4,3,0
ERL-55A855DA7BEBCCC4,TRN-048F98AE5C342C33,A,true,stage1_overlap,recoverable_zero,0.0,0.0,4,4,0,0
ERL-1D47ED51C31967E9,TRN-A148CB86F411D189,A,true,stage1_overlap,informative_non_extreme,0.25,0.25,4,4,1,0
ERL-17E58BD3634EE0F9,TRN-BAB72D56F8E4E840,A,true,unseen_probe,informative_non_extreme,0.5,0.5,4,4,2,0
ERL-8F5D8A9742B945D2,TRN-B89990820777FF0C,A,true,stage1_overlap,recoverable_zero,0.0,0.0,4,4,0,0
ERL-0EF6DA5BFD8B5D3A,TRN-93119F212A80DA66,A,true,stage1_overlap,recoverable_zero,0.0,0.0,4,4,0,0
ERL-04AEE719BE01C670,TRN-3CFAE000B4BEF89B,A,true,stage1_overlap,recoverable_zero,0.0,0.0,4,4,0,0
ERL-BE0C1FDDC88191AD,TRN-C5005A3835BF54EC,A,true,stage1_overlap,informative_non_extreme,0.5,0.5,4,4,2,0
ERL-8DCE287A42611CC3,TRN-2240BF09EF66D3AB,A,true,stage1_overlap,informative_non_extreme,0.75,0.75,4,4,3,0
ERL-606A824F724DE755,TRN-AB09CEA855058890,A,true,unseen_probe,informative_non_extreme,0.75,0.75,4,4,3,0
ERL-5290E693BCBD9618,TRN-14C88818C8533FE7,A,true,stage1_overlap,informative_non_extreme,0.25,0.25,4,4,1,0
ERL-DCFD379ED6AEB488,TRN-CC9445A982F3942F,A,true,stage1_overlap,informative_non_extreme,0.25,0.25,4,4,1,0
ERL-2FCB833257082F1C,TRN-381E531F9C9E0C2D,A,true,stage1_overlap,informative_non_extreme,0.5,0.5,4,4,2,0
ERL-8BC51BAF8EC5F150,TRN-5C8D62151068C670,A,true,stage1_overlap,informative_non_extreme,0.25,0.25,4,4,1,0
ERL-1DBC787E3F6176F0,TRN-EC4C65F7357AAD83,A,true,stage1_overlap,recoverable_zero,0.0,0.0,4,4,0,0
ERL-AFF6A112D7025FD9,TRN-E123055F8F26D4A7,A,true,stage1_overlap,informative_non_extreme,0.25,0.25,4,4,1,0
ERL-E929E0154F7DBB5C,TRN-64ED18C60A68FFD2,A,true,unseen_probe,informative_non_extreme,0.5,0.5,4,4,2,0
ERL-B1B0C9B402C97A6C,TRN-F3002E16516F7527,A,true,unseen_probe,informative_non_extreme,0.5,0.5,4,4,2,0
ERL-4A6411D05072C86E,TRN-569D2F130D41BBB9,A,true,stage1_overlap,informative_non_extreme,0.25,0.25,4,4,1,0
ERL-1BFF90893B93647E,TRN-E768B6270E615F91,A,true,stage1_overlap,informative_non_extreme,0.25,0.25,4,4,1,0
ERL-211E706BAC1B9A01,TRN-14F20B4E1FAF6819,A,true,stage1_overlap,informative_non_extreme,0.25,0.25,4,4,1,0
ERL-427A3D4F94A760C3,TRN-5CB2DEA460D1931D,A,true,unseen_probe,informative_non_extreme,0.75,0.75,4,4,3,0
ERL-B65ADDF43D07DCB4,TRN-67F6A0120FDD1564,A,true,stage1_overlap,recoverable_zero,0.0,0.0,4,4,0,0
ERL-374A05A35E7F5C42,TRN-813A2608070E0BB3,A,true,stage1_overlap,informative_non_extreme,0.75,0.75,4,4,3,0
ERL-87608FB4306447CE,TRN-754FF6BD7E4A12F2,A,true,stage1_overlap,informative_non_extreme,0.75,0.75,4,4,3,0
ERL-5196D254B2CEEF4C,TRN-8FB4F717822FA236,A,true,unseen_probe,informative_non_extreme,0.5,0.5,4,4,2,0
ERL-0A2D2C1AA9138401,TRN-6E24FEF9B71F1323,A,true,stage1_overlap,informative_non_extreme,0.25,0.25,4,4,1,0
ERL-B6BEEC87E4FB2018,TRN-03A6156ADD94FEF6,A,true,stage1_overlap,recoverable_zero,0.0,0.0,4,4,0,0
ERL-4524C12E6EC769F7,TRN-8B6DF8868B85F5D8,A,true,unseen_probe,informative_non_extreme,0.5,0.5,4,4,2,0
ERL-8CC1674C427591B0,TRN-24C8A71B38DDF1B5,A,true,stage1_overlap,informative_non_extreme,0.75,0.75,4,4,3,0
ERL-FAF08469933E636D,TRN-F900F3F35268D70A,A,true,stage1_overlap,informative_non_extreme,0.25,0.25,4,4,1,0
ERL-936AFEDDC66AB5CC,TRN-069B342EB5EBFA78,A,true,stage1_overlap,informative_non_extreme,0.5,0.5,4,4,2,0
ERL-A6DB26BF4A0C2FD7,TRN-6B93A589F17A2C6D,A,true,unseen_probe,informative_non_extreme,0.25,0.25,4,4,1,0
ERL-C6363D735B1A0791,TRN-030B5DCCD043E9F3,A,true,unseen_probe,informative_non_extreme,0.5,0.5,4,4,2,0
ERL-16753D8D634D1981,TRN-AB25FF7982807B48,A,true,stage1_overlap,informative_non_extreme,0.5,0.5,4,4,2,0
ERL-7D87D7A1CE7201F7,TRN-8F38291755BC53E7,A,true,stage1_overlap,informative_non_extreme,0.5,0.5,4,4,2,0
ERL-2023B7B775482597,TRN-7AF709F8A0FEBA15,A,true,stage1_overlap,informative_non_extreme,0.25,0.25,4,4,1,0
ERL-2E02982C6BE312DB,TRN-1EC036F521385A77,A,true,unseen_probe,informative_non_extreme,0.75,0.75,4,4,3,0
ERL-D7EEFF1C7A373C46,TRN-2D534FB548F7C581,A,true,stage1_overlap,recoverable_zero,0.0,0.0,4,4,0,0
ERL-715AEDF729364E66,TRN-C2AB35C7AA262308,A,true,stage1_overlap,informative_non_extreme,0.75,0.75,4,4,3,0
ERL-629906CEEE578A04,TRN-1AC981DD6E28E1BC,A,true,stage1_overlap,informative_non_extreme,0.25,0.25,4,4,1,0
ERL-BDA9213F77FE3948,TRN-4A5AF906C763065B,A,true,stage1_overlap,informative_non_extreme,0.5,0.5,4,4,2,0
ERL-AD1E13308CD4DEF3,TRN-3FB4D6C0E2C4EAF4,A,true,stage1_overlap,informative_non_extreme,0.5,0.5,4,4,2,0
ERL-5E959E1B1B50EF52,TRN-24726D7B2F26F253,A,true,stage1_overlap,informative_non_extreme,0.25,0.25,4,4,1,0
ERL-2173715F865D02CC,TRN-28A5693619C5BE4B,A,true,stage1_overlap,informative_non_extreme,0.5,0.5,4,4,2,0
ERL-229A450E8E4294CA,TRN-3D599F36D245B844,A,true,stage1_overlap,informative_non_extreme,0.75,0.75,4,4,3,0
ERL-654B67EFFF255445,TRN-8C810D35830AB7CD,A,true,stage1_overlap,informative_non_extreme,0.75,0.75,4,4,3,0
ERL-968019292C1F7EA0,TRN-D40866EECA870DF7,A,true,stage1_overlap,informative_non_extreme,0.75,0.75,4,4,3,0
ERL-092069ED3C339ADC,TRN-75FCC497E170B528,A,true,stage1_overlap,informative_non_extreme,0.5,0.5,4,4,2,0
ERL-284338E62D8E1AEB,TRN-7749943D3CD8E455,A,true,stage1_overlap,informative_non_extreme,0.25,0.25,4,4,1,0
ERL-986EC920204F6F6C,TRN-11BAA0FB6EF37D16,A,true,unseen_probe,informative_non_extreme,0.75,0.75,4,4,3,0
ERL-CBA9C7DED73E1FED,TRN-0186A33E9984F437,A,true,stage1_overlap,informative_non_extreme,0.25,0.25,4,4,1,0
ERL-83437D4C7CC192DF,TRN-20E8FF0E5B65D890,A,true,stage1_overlap,recoverable_zero,0.0,0.0,4,4,0,0
ERL-23E9641A0394E163,TRN-50FE4A72C23F3F86,A,true,stage1_overlap,informative_non_extreme,0.5,0.5,4,4,2,0
ERL-C1AE7E4ECCC2E409,TRN-6BC8F3C4E21A2007,A,true,unseen_probe,informative_non_extreme,0.5,0.5,4,4,2,0
ERL-4589B1101EE2C41C,TRN-1F5BE0AF79E59639,A,true,stage1_overlap,informative_non_extreme,0.75,0.75,4,4,3,0
ERL-F53C6D4DDF39C6D9,TRN-EDACB2C20270D69E,A,true,stage1_overlap,informative_non_extreme,0.25,0.25,4,4,1,0
ERL-10858459E87995D0,TRN-2F14F31693F52D97,A,true,stage1_overlap,informative_non_extreme,0.25,0.25,4,4,1,0
ERL-4CF1E923F7D8C92C,TRN-2B982023F4AE79D2,A,true,stage1_overlap,informative_non_extreme,0.75,0.75,4,4,3,0
ERL-5F0885F84C4490A8,TRN-2286B985DE0F1547,A,true,stage1_overlap,recoverable_zero,0.0,0.0,4,4,0,0
ERL-D48B6844ABAD2A2B,TRN-2461A862B2989141,A,true,unseen_probe,informative_non_extreme,0.75,0.75,4,4,3,0
ERL-698FBC0DA4F88684,TRN-AB7771C229B297A7,A,true,stage1_overlap,informative_non_extreme,0.25,0.25,4,4,1,0
ERL-C5B097874AE2FB39,TRN-362DFF39A4A4480E,A,true,unseen_probe,informative_non_extreme,0.75,0.75,4,4,3,0
ERL-856BE96568104B5D,TRN-8FF1354462345D39,A,true,stage1_overlap,recoverable_zero,0.0,0.0,4,4,0,0
ERL-0635C9647FFCAB4A,TRN-AA818A55A0A61C0A,A,true,stage1_overlap,informative_non_extreme,0.25,0.25,4,4,1,0
ERL-739D1E43F3515195,TRN-A83C1E535E4B0650,A,true,stage1_overlap,informative_non_extreme,0.5,0.5,4,4,2,0
ERL-B561FE5C094C6865,TRN-AFB40D263C7B4CB1,A,true,stage1_overlap,informative_non_extreme,0.5,0.5,4,4,2,0
ERL-59F746551D447D57,TRN-B28DCB80284E983C,A,true,stage1_overlap,informative_non_extreme,0.75,0.75,4,4,3,0
ERL-B5ACF2226AD768BB,TRN-D880559A8E9E209C,A,true,unseen_probe,informative_non_extreme,0.5,0.5,4,4,2,0
ERL-D797EC2D08D8473D,TRN-0A7D17C6E6F730B6,A,true,stage1_overlap,informative_non_extreme,0.75,0.75,4,4,3,0
ERL-14AB666B2F84F180,TRN-83C1E6C074C4274E,A,true,stage1_overlap,recoverable_zero,0.0,0.0,4,4,0,0
ERL-2BA02AAEEEAFD858,TRN-98BD598E60EA77DF,A,true,stage1_overlap,informative_non_extreme,0.25,0.25,4,4,1,0
ERL-18D4EC15779B56DC,TRN-803FA6273F160426,A,true,stage1_overlap,informative_non_extreme,0.75,0.75,4,4,3,0
ERL-60F22ADEB1986BE0,TRN-3A97C2AA76BCDA42,A,true,stage1_overlap,recoverable_zero,0.0,0.0,4,4,0,0
ERL-B40AD7BAE5570F2E,TRN-5FB3E15519356DB2,A,true,stage1_overlap,informative_non_extreme,0.75,0.75,4,4,3,0
ERL-8F527949B56CC8D7,TRN-ADEE820786E8CB05,A,true,unseen_probe,informative_non_extreme,0.5,0.5,4,4,2,0
ERL-BC46A9CC8DD24A22,TRN-8315E7ECD26A8E6B,A,true,stage1_overlap,informative_non_extreme,0.5,0.5,4,4,2,0
ERL-E6E8BD8DE211AA9A,TRN-6690FA199629FF9C,A,true,stage1_overlap,informative_non_extreme,0.5,0.5,4,4,2,0
ERL-A65773D90AF05DE7,TRN-AB122A6EC356BECD,A,true,stage1_overlap,informative_non_extreme,0.5,0.5,4,4,2,0
ERL-2BA86484C0E81647,TRN-8FC54F3C2B8CE4E6,A,true,stage1_overlap,informative_non_extreme,0.5,0.5,4,4,2,0
ERL-5A563E7260517E63,TRN-E39FA775FD76346D,A,true,stage1_overlap,informative_non_extreme,0.5,0.5,4,4,2,0
ERL-C4573CB49DB1E079,TRN-7D43438864E70963,A,true,stage1_overlap,recoverable_zero,0.0,0.0,4,4,0,0
ERL-C895782CE0E91F3B,TRN-089C069345012BA6,A,true,unseen_probe,informative_non_extreme,0.5,0.5,4,4,2,0
ERL-11E6A580A9258C1D,TRN-4325DED72BA2432C,A,true,stage1_overlap,informative_non_extreme,0.75,0.75,4,4,3,0
ERL-A07D7033D63497F1,TRN-AD8F6446B59DA959,A,true,stage1_overlap,informative_non_extreme,0.25,0.25,4,4,1,0
ERL-B5F9B561AFB6150F,TRN-0205DD004932A1B8,A,true,stage1_overlap,informative_non_extreme,0.5,0.5,4,4,2,0
ERL-BA0FDC3A97CA55DD,TRN-25F5E2DDA1371AA2,A,true,stage1_overlap,informative_non_extreme,0.25,0.25,4,4,1,0
ERL-BB3D600BAC138AF7,TRN-6792491473B606ED,A,true,stage1_overlap,informative_non_extreme,0.75,0.75,4,4,3,0
ERL-890817C8B1BE8128,TRN-FF8D82BE171567E2,A,true,stage1_overlap,informative_non_extreme,0.5,0.5,4,4,2,0
ERL-E40AA47CFB4733C2,TRN-62D719D130A03F79,A,true,stage1_overlap,recoverable_zero,0.0,0.0,4,4,0,0
ERL-E030E3A3FF74ADE4,TRN-E4CB5B9E9FD768B2,A,true,stage1_overlap,informative_non_extreme,0.75,0.75,4,4,3,0
ERL-414AD9C75AB21D1F,TRN-9234C3B39F456913,A,true,stage1_overlap,informative_non_extreme,0.5,0.5,4,4,2,0
ERL-B67F979D67524705,TRN-FBC3DB0C17042B23,A,true,stage1_overlap,informative_non_extreme,0.5,0.5,4,4,2,0
ERL-679B3D27D4157CB5,TRN-D92DFAAE47B8BB43,A,true,stage1_overlap,informative_non_extreme,0.5,0.6666666666666666,4,3,2,1
ERL-D48510537327A622,TRN-FA18F7E067038225,A,true,stage1_overlap,informative_non_extreme,0.75,0.75,4,4,3,0
ERL-35AC9ECBBDAF9181,TRN-EE5E19CFB9DB96D1,A,true,stage1_overlap,informative_non_extreme,0.75,0.75,4,4,3,0
ERL-5570963F8273535D,TRN-2F03B523DA233C1A,A,true,stage1_overlap,informative_non_extreme,0.5,0.5,4,4,2,0
ERL-A2FDBD18193C6370,TRN-7C10A67A8E23CE77,A,true,stage1_overlap,recoverable_zero,0.0,0.0,4,4,0,0
ERL-B4108A7E5574902B,TRN-F55543FE2629C7AA,A,true,stage1_overlap,informative_non_extreme,0.75,0.75,4,4,3,0
ERL-14FF0C572BF36C04,TRN-5DDAADD0B7C2C8D5,A,true,stage1_overlap,informative_non_extreme,0.5,0.5,4,4,2,0
ERL-62CBD4BFE1301874,TRN-C56FFB4DFCF45E79,A,true,stage1_overlap,informative_non_extreme,0.75,0.75,4,4,3,0
ERL-C33EE330FC6D69A6,TRN-8A997DDCFCCCF2DE,A,true,unseen_probe,informative_non_extreme,0.75,0.75,4,4,3,0
ERL-43BF87650D845C36,TRN-935E5771F1222055,A,true,stage1_overlap,recoverable_zero,0.0,0.0,4,4,0,0
ERL-1D64A891A41EBFBD,TRN-6FAA766CEFDFA02C,A,true,stage1_overlap,informative_non_extreme,0.5,0.5,4,4,2,0
ERL-1E8C4265AB3C0881,TRN-E0EA21EF2C6305F4,A,true,stage1_overlap,informative_non_extreme,0.25,0.25,4,4,1,0
ERL-AE5F0C209A020AC0,TRN-72691FD14F0A2F1E,A,true,stage1_overlap,informative_non_extreme,0.75,0.75,4,4,3,0
ERL-EB754C47F040C3B3,TRN-C9F5B1A4C2A7B9E2,A,true,unseen_probe,informative_non_extreme,0.5,0.5,4,4,2,0
ERL-12C0F59293172041,TRN-E89E61AA09AC1B6D,A,true,unseen_probe,informative_non_extreme,0.5,0.5,4,4,2,0
ERL-247013F20690C3FB,TRN-582B84FF371DD36D,A,true,stage1_overlap,informative_non_extreme,0.25,0.25,4,4,1,0
ERL-BAA0E9E58FBAEFA1,TRN-E52FBEA5BB12A544,A,true,stage1_overlap,informative_non_extreme,0.75,0.75,4,4,3,0
ERL-2D446869D5B76B8C,TRN-8688BD3284C07EAD,A,true,stage1_overlap,informative_non_extreme,0.5,0.5,4,4,2,0
ERL-17DD14B3B9532958,TRN-F5381F5C1BD91418,A,true,stage1_overlap,informative_non_extreme,0.75,0.75,4,4,3,0
ERL-10E11037DAD25DAD,TRN-9CCBFA6DAB9ACECE,A,true,stage1_overlap,informative_non_extreme,0.75,0.75,4,4,3,0
ERL-3C9DED1E94F0B031,TRN-D9AA58D0BE903478,A,true,unseen_probe,informative_non_extreme,0.75,0.75,4,4,3,0
ERL-3606CED6E12B7208,TRN-DC128B772041F1F8,A,true,stage1_overlap,informative_non_extreme,0.5,0.5,4,4,2,0
ERL-9B2412F3C85092FF,TRN-CDB0E6B28D7A24F7,A,true,stage1_overlap,informative_non_extreme,0.5,0.5,4,4,2,0
ERL-95FA7F337A9A37F7,TRN-3C64970696B305C0,A,true,stage1_overlap,informative_non_extreme,0.75,0.75,4,4,3,0
ERL-15C24CCE0E0A3B66,TRN-2F35EC4D9A97330B,A,true,stage1_overlap,informative_non_extreme,0.75,0.75,4,4,3,0
ERL-D1D14AFA8880335D,TRN-B01C76AF01ADF2AF,A,true,stage1_overlap,informative_non_extreme,0.75,0.75,4,4,3,0
ERL-139AC11E11D73A7E,TRN-E4DCD1BF06EC0F1C,A,true,stage1_overlap,informative_non_extreme,0.5,0.5,4,4,2,0
ERL-E71BEAFC58190903,TRN-1C2A4066CB07112C,A,true,unseen_probe,informative_non_extreme,0.25,0.25,4,4,1,0
ERL-2F8CC75D2E2D77C5,TRN-6D98C8BAAF9E5C9C,A,true,stage1_overlap,informative_non_extreme,0.75,0.75,4,4,3,0
ERL-E16A96900676CA76,TRN-2A003099702131DC,A,true,stage1_overlap,recoverable_zero,0.0,0.0,4,4,0,0
ERL-6496E0626D3F8AB1,TRN-85114F9E350ECD77,A,true,unseen_probe,informative_non_extreme,0.5,0.5,4,4,2,0
ERL-6FA71DE1ABAA2EF2,TRN-F6DEFB0973D36C40,A,true,stage1_overlap,informative_non_extreme,0.5,0.5,4,4,2,0
ERL-821A5318118591D0,TRN-A757716E9EAF2BE6,A,true,stage1_overlap,informative_non_extreme,0.25,0.25,4,4,1,0
ERL-67F2C9A04EE80B58,TRN-4C4645D077065A30,A,true,unseen_probe,informative_non_extreme,0.5,0.5,4,4,2,0
ERL-EFA85F0320D4D51D,TRN-A04C08AC4A882C68,A,true,stage1_overlap,informative_non_extreme,0.25,0.25,4,4,1,0
ERL-5B1324C8F4CAA1AC,TRN-0EEAB24362E89292,A,true,stage1_overlap,informative_non_extreme,0.75,0.75,4,4,3,0
ERL-EDBB4C5A76FD9A56,TRN-F4A942D7F8BC5EDA,A,true,stage1_overlap,informative_non_extreme,0.75,0.75,4,4,3,0
ERL-C051561CD32278EB,TRN-79A8686FBDD7BE80,A,true,unseen_probe,informative_non_extreme,0.75,0.75,4,4,3,0
ERL-E4039C386A8D0A58,TRN-9DA8D2C202A5BF34,A,true,stage1_overlap,recoverable_zero,0.0,0.0,4,4,0,0
ERL-1709A83B505ADB41,TRN-FEB42201C84D7914,A,true,stage1_overlap,informative_non_extreme,0.5,0.5,4,4,2,0
ERL-A2EB00F4F511315A,TRN-8CEAF8FA81D44417,A,true,stage1_overlap,informative_non_extreme,0.5,0.5,4,4,2,0
ERL-1E5708DA89116071,TRN-7FA0485F555E432A,A,true,unseen_probe,informative_non_extreme,0.5,0.5,4,4,2,0
ERL-5DED25E64F1663A3,TRN-7EE1EF604FFC8DF0,A,true,stage1_overlap,informative_non_extreme,0.5,0.5,4,4,2,0
ERL-3753DCB5E6F65C47,TRN-A4B33D3C154A7D31,A,true,stage1_overlap,informative_non_extreme,0.25,0.25,4,4,1,0
ERL-A6A1C688447C7AAF,TRN-73A1EF8AF1B48060,A,true,stage1_overlap,informative_non_extreme,0.75,0.75,4,4,3,0
ERL-026B7630416C328A,TRN-A4ADD8A42C3B45A7,A,true,stage1_overlap,informative_non_extreme,0.25,0.25,4,4,1,0
ERL-60CFA165AD47E8E5,TRN-3353EFE69F2C370D,A,true,stage1_overlap,informative_non_extreme,0.25,0.25,4,4,1,0
ERL-C76FFA73A460D1B7,TRN-1C8FFE8BC5674F78,A,true,stage1_overlap,informative_non_extreme,0.75,0.75,4,4,3,0
ERL-00046D9513EE264D,TRN-6A271F2DDA95381D,A,true,stage1_overlap,informative_non_extreme,0.75,0.75,4,4,3,0
ERL-E7E6F55BDAF16B1B,TRN-EBFC80E8A91F3D29,A,true,stage1_overlap,recoverable_zero,0.0,0.0,4,4,0,0
ERL-2162DC7BB4513B0B,TRN-0545A17FDCB4554C,A,true,stage1_overlap,recoverable_zero,0.0,0.0,4,4,0,0
ERL-7DAE8D8ABA081F04,TRN-5FFC4FA8AE680094,A,true,unseen_probe,informative_non_extreme,0.75,0.75,4,4,3,0
ERL-22FFE7446823F5A7,TRN-1B80E08F3FE6F83C,A,true,stage1_overlap,informative_non_extreme,0.25,0.25,4,4,1,0
ERL-02A698B487F3D1AB,TRN-71FD2FB833427C73,A,true,stage1_overlap,informative_non_extreme,0.25,0.25,4,4,1,0
ERL-81B5EA7B57A04909,TRN-7010340C179CAF7D,A,true,stage1_overlap,recoverable_zero,0.0,0.0,4,4,0,0
ERL-6EBB4A33923E92A9,TRN-46ADFFA9AB32E624,A,true,stage1_overlap,informative_non_extreme,0.75,0.75,4,4,3,0
ERL-9B4C3BBFC24651B4,TRN-332070BE625944E7,A,true,stage1_overlap,informative_non_extreme,0.5,0.5,4,4,2,0
ERL-A742FF1BECAF81E9,TRN-8DE60AA445B9DCEB,A,true,stage1_overlap,informative_non_extreme,0.25,0.25,4,4,1,0
ERL-8F1C157ABD365D6F,TRN-7EF0A52DAF585A2A,A,true,stage1_overlap,informative_non_extreme,0.5,0.5,4,4,2,0
ERL-28D63F09E07765AB,TRN-EA34F93B9B6A1A5B,A,true,stage1_overlap,informative_non_extreme,0.5,0.5,4,4,2,0
ERL-7C2745E6B2265B94,TRN-AC383DAC4FC36056,A,true,stage1_overlap,informative_non_extreme,0.75,0.75,4,4,3,0
ERL-5785A136ADC26394,TRN-D6ABB8A6856317D9,A,true,stage1_overlap,informative_non_extreme,0.5,0.5,4,4,2,0
ERL-5BDBC6C9F28DB5C5,TRN-323D975EF08AA997,A,true,unseen_probe,informative_non_extreme,0.75,0.75,4,4,3,0
ERL-F83BD9CFF0E2D27C,TRN-DA6516CD0AECA547,A,true,stage1_overlap,informative_non_extreme,0.75,0.75,4,4,3,0
ERL-D7618BE94F01F0AC,TRN-6485CB17F711D26F,A,true,stage1_overlap,informative_non_extreme,0.25,0.25,4,4,1,0
ERL-A852A58BDA787775,TRN-249C9534076F1560,A,true,stage1_overlap,recoverable_zero,0.0,0.0,4,4,0,0
ERL-4B39CDC1A19A27E3,TRN-2B97461DBC1C600B,A,true,stage1_overlap,informative_non_extreme,0.75,0.75,4,4,3,0
ERL-407697C2574AB5BF,TRN-23AD702003B5AAA2,A,true,stage1_overlap,informative_non_extreme,0.5,0.5,4,4,2,0
ERL-7B4A2FB093EA8C54,TRN-CC05F760D9E594CB,A,true,stage1_overlap,informative_non_extreme,0.25,0.25,4,4,1,0
ERL-DEB927EC1AFB6DA8,TRN-02AB76E7D510B3DB,A,true,stage1_overlap,informative_non_extreme,0.75,0.75,4,4,3,0
ERL-7F255FB68DC5A2C4,TRN-2D28F0C51E879CE5,A,true,stage1_overlap,informative_non_extreme,0.5,0.5,4,4,2,0
ERL-FBB0843DC4DAB91E,TRN-0700A6B2E99DF47A,A,true,unseen_probe,informative_non_extreme,0.5,0.5,4,4,2,0
ERL-D37CEC5E60D626E0,TRN-831E67E452C7D8DB,A,true,stage1_overlap,informative_non_extreme,0.5,0.5,4,4,2,0
ERL-EA1FD8691AD7F796,TRN-64545695C610111C,A,true,stage1_overlap,informative_non_extreme,0.75,0.75,4,4,3,0
ERL-888D8806404DCF9D,TRN-5399E41EF3BF4DF2,A,true,stage1_overlap,informative_non_extreme,0.5,0.5,4,4,2,0
ERL-BB48F7371C649FBE,TRN-CDB0E6B28D7A24F7,A,true,unseen_probe,informative_non_extreme,0.5,0.5,4,4,2,0
ERL-587A48549F1DC118,TRN-E9335CD52176CD2A,A,true,unseen_probe,informative_non_extreme,0.5,0.5,4,4,2,0
ERL-A8C45FAC393582B5,TRN-91E24088AA4623C3,A,true,unseen_probe,informative_non_extreme,0.75,0.75,4,4,3,0
ERL-7E247507B45ED459,TRN-1059D3C309E7582A,A,true,stage1_overlap,informative_non_extreme,0.5,0.5,4,4,2,0
ERL-C1F2E7D403F35EFA,TRN-D21E73F5CA6D568A,A,true,unseen_probe,informative_non_extreme,0.5,0.5,4,4,2,0
ERL-1407D4EC0C2B656B,TRN-81688AEE4BC43B9F,A,true,stage1_overlap,informative_non_extreme,0.25,0.25,4,4,1,0
ERL-24FD8B9EB043BCCB,TRN-A9E8539F16097839,A,true,stage1_overlap,informative_non_extreme,0.25,0.25,4,4,1,0
ERL-2C40C9A777C903DC,TRN-281D48D1DB819EDB,A,true,stage1_overlap,informative_non_extreme,0.5,0.5,4,4,2,0
ERL-5F3B7544585AA43D,TRN-1A4CCBA95886AD24,A,true,stage1_overlap,informative_non_extreme,0.75,0.75,4,4,3,0
ERL-B781FAA8C8E73DD2,TRN-335C8CF59E16871A,A,true,stage1_overlap,informative_non_extreme,0.5,0.5,4,4,2,0
ERL-7B72A9D0A4CA5379,TRN-4BCD01911C1E9E90,A,true,unseen_probe,informative_non_extreme,0.75,0.75,4,4,3,0
ERL-A52657D6B0DCB11B,TRN-36221B7BEC9C2C34,A,true,stage1_overlap,informative_non_extreme,0.75,0.75,4,4,3,0
ERL-6458F4EFDA6433D1,TRN-4B068F38D32A5C86,A,true,unseen_probe,informative_non_extreme,0.25,0.25,4,4,1,0
ERL-DADAAF6A5A9828E4,TRN-B848BD299EE213A1,A,true,stage1_overlap,informative_non_extreme,0.5,0.5,4,4,2,0
ERL-2D87B48528FF49C1,TRN-512AD94072578DF8,A,true,unseen_probe,informative_non_extreme,0.25,0.25,4,4,1,0
ERL-0D5CB37198B49841,TRN-6AAE84984D6EF2CE,A,true,stage1_overlap,recoverable_zero,0.0,0.0,4,4,0,0
ERL-80C36455E3DAD843,TRN-DEE431459A7CF7FE,A,true,stage1_overlap,informative_non_extreme,0.75,0.75,4,4,3,0
ERL-EBB4D0DAEE9921D0,TRN-D3507510FE3A6BBE,A,true,stage1_overlap,informative_non_extreme,0.5,0.5,4,4,2,0
ERL-F73CD778119B39C1,TRN-59BBA8FF646636BD,A,true,stage1_overlap,informative_non_extreme,0.75,0.75,4,4,3,0
ERL-A5D66B509542BDF9,TRN-CD97A276640BFF71,A,true,stage1_overlap,informative_non_extreme,0.5,0.5,4,4,2,0
ERL-7806C07C70F37B89,TRN-7FC7793B3CA63215,A,true,stage1_overlap,informative_non_extreme,0.5,0.5,4,4,2,0
ERL-38B49B981B3A1835,TRN-16DEBD756FF9CF71,A,true,stage1_overlap,informative_non_extreme,0.25,0.25,4,4,1,0
ERL-9970B8108D37973D,TRN-A7F4777D625A1354,A,true,stage1_overlap,informative_non_extreme,0.5,0.5,4,4,2,0
ERL-48B3FEBA419C6F1C,TRN-8D039F56C9D5B57C,A,true,stage1_overlap,informative_non_extreme,0.75,0.75,4,4,3,0
ERL-375D04A36D9FC9E2,TRN-605DE85C1C654B77,A,true,stage1_overlap,informative_non_extreme,0.25,0.25,4,4,1,0
ERL-377B4540CA593191,TRN-1AF5229B5BE43077,A,true,unseen_probe,informative_non_extreme,0.5,0.5,4,4,2,0
ERL-C672891B0689F70F,TRN-F72DBDA5B55962B4,A,true,stage1_overlap,informative_non_extreme,0.5,0.5,4,4,2,0
ERL-54B0C6F350E27B1E,TRN-74888549B2347CB1,A,true,stage1_overlap,informative_non_extreme,0.75,0.75,4,4,3,0
ERL-6180D64DDAE2A40D,TRN-5A67E19A88C2B58A,A,true,stage1_overlap,informative_non_extreme,0.25,0.25,4,4,1,0
ERL-10BB80D568295B22,TRN-44444E8E02AD6E3A,A,true,stage1_overlap,informative_non_extreme,0.75,0.75,4,4,3,0
ERL-83785637B40E4DFD,TRN-B39F95CE2A649CFB,A,true,stage1_overlap,informative_non_extreme,0.25,0.25,4,4,1,0
ERL-F653A65E0569F7F8,TRN-126A63EAD42BB71B,A,true,stage1_overlap,informative_non_extreme,0.75,0.75,4,4,3,0
ERL-D1C5296A80E16FE1,TRN-F5F4F8806228F3BC,A,true,stage1_overlap,informative_non_extreme,0.75,0.75,4,4,3,0
ERL-F0E7EA957A985D40,TRN-93B9AD6CD890346D,A,true,stage1_overlap,informative_non_extreme,0.75,0.75,4,4,3,0
ERL-8F2E78B5D1215B79,TRN-F15E964B1EFFAD25,A,true,stage1_overlap,informative_non_extreme,0.25,0.25,4,4,1,0
ERL-96449DBFFB4BFB35,TRN-7587EC6ED711C6B5,A,true,stage1_overlap,recoverable_zero,0.0,0.0,4,4,0,0
ERL-5D678577C48E78AC,TRN-A257D3BBE0923CAE,A,true,stage1_overlap,informative_non_extreme,0.25,0.25,4,4,1,0
ERL-393386DDE59D5042,TRN-5C6188A6928B87C0,A,true,unseen_probe,informative_non_extreme,0.25,0.25,4,4,1,0
ERL-DBB20ED109B7FD68,TRN-D360A477B31212A9,A,true,stage1_overlap,informative_non_extreme,0.75,0.75,4,4,3,0
ERL-474CFB17B571D94A,TRN-CC8DE3489B9F6046,A,true,stage1_overlap,informative_non_extreme,0.5,0.5,4,4,2,0
ERL-7602D6D98CCA2996,TRN-CB6B79D040B7CAFE,A,true,stage1_overlap,recoverable_zero,0.0,0.0,4,4,0,0
ERL-D6FF542E2A36F02F,TRN-A0661B44EABA49F7,A,true,stage1_overlap,informative_non_extreme,0.25,0.25,4,4,1,0
ERL-FB00D33A64241FA6,TRN-9D954620D0DCC918,A,true,stage1_overlap,informative_non_extreme,0.75,0.75,4,4,3,0
ERL-F1645BED915307E1,TRN-330810C5D45AB9D2,A,true,stage1_overlap,informative_non_extreme,0.5,0.5,4,4,2,0
ERL-C74F931E00746565,TRN-7D3447C4ACCC0B75,A,true,stage1_overlap,informative_non_extreme,0.75,0.75,4,4,3,0
ERL-C094443AFDBC192F,TRN-690548224D172404,A,true,unseen_probe,informative_non_extreme,0.5,0.5,4,4,2,0
ERL-3DB509D37A7367ED,TRN-8EE19607A12FC24C,A,true,stage1_overlap,informative_non_extreme,0.5,0.5,4,4,2,0
ERL-2F449ABA689A1B74,TRN-116C2D06641FEC07,A,true,unseen_probe,informative_non_extreme,0.75,0.75,4,4,3,0
ERL-359AAF27FB6DF5F5,TRN-D3903AFC0D976F20,A,true,stage1_overlap,informative_non_extreme,0.25,0.25,4,4,1,0
ERL-9408D0B137A8B95B,TRN-827206087B28B12D,A,true,stage1_overlap,informative_non_extreme,0.5,0.5,4,4,2,0
ERL-5A93EE571461AE2C,TRN-BFE204B1151CA750,A,true,stage1_overlap,informative_non_extreme,0.5,0.5,4,4,2,0
ERL-9B1C67A558C5EA71,TRN-34D9B1E0CE8AA379,A,true,stage1_overlap,informative_non_extreme,0.5,0.5,4,4,2,0
ERL-5B823BE642260ACB,TRN-1D78F3B9C7FCD6B8,A,true,unseen_probe,recoverable_zero,0.0,0.0,4,4,0,0
ERL-F3F2C1488E8F2659,TRN-509E2F10DCC5A61B,A,true,stage1_overlap,informative_non_extreme,0.75,0.75,4,4,3,0
ERL-4CFF6B9560F009A5,TRN-D479F9DBD4262A14,A,true,stage1_overlap,informative_non_extreme,0.75,0.75,4,4,3,0
ERL-94402876BD94427C,TRN-0B9062E4BE2A288A,A,true,stage1_overlap,recoverable_zero,0.0,0.0,4,4,0,0
ERL-64AA4051A45E3872,TRN-3E5C6EB2CC825D66,A,true,stage1_overlap,informative_non_extreme,0.5,0.5,4,4,2,0
ERL-53F18DF6FBC2B04D,TRN-EDAA8916102819E3,A,true,stage1_overlap,informative_non_extreme,0.5,0.5,4,4,2,0
ERL-6ED80B293E9FA6CA,TRN-C7A264BD009B5879,A,true,unseen_probe,informative_non_extreme,0.5,0.5,4,4,2,0
ERL-640724B0FDBED24C,TRN-4BF7C370EE8DC7AD,A,true,stage1_overlap,informative_non_extreme,0.75,0.75,4,4,3,0
ERL-007B018C7B6605B9,TRN-77C9C106AB368809,A,true,stage1_overlap,informative_non_extreme,0.5,0.5,4,4,2,0
ERL-90C938245EDAD285,TRN-E217181692513D87,A,true,stage1_overlap,informative_non_extreme,0.5,0.5,4,4,2,0
ERL-078A8E02326FEF52,TRN-1877FD3E1F4047B1,A,true,stage1_overlap,informative_non_extreme,0.5,0.5,4,4,2,0
ERL-A06273AEB66B505C,TRN-7D4C149E5C67C375,A,true,stage1_overlap,recoverable_zero,0.0,0.0,4,4,0,0
ERL-E326C4604DB65DE5,TRN-98CEB041DBD99BE1,A,true,unseen_probe,informative_non_extreme,0.75,0.75,4,4,3,0
ERL-A3D31CDBA02B5036,TRN-F1441D0491DC7E05,A,true,stage1_overlap,informative_non_extreme,0.75,0.75,4,4,3,0
ERL-11038E3072ACBC28,TRN-2A111F4981B8A005,A,true,unseen_probe,informative_non_extreme,0.75,0.75,4,4,3,0
ERL-4165EB09654D67E6,TRN-015CF12182869E6B,A,true,stage1_overlap,informative_non_extreme,0.5,0.5,4,4,2,0
ERL-A39B65E765C07892,TRN-6F141FC9A6B355AC,A,true,stage1_overlap,recoverable_zero,0.0,0.0,4,4,0,0
ERL-03DE5C7D81BAE7DA,TRN-30BC103C11BC9B91,A,true,stage1_overlap,recoverable_zero,0.0,0.0,4,4,0,0
ERL-1551546149C5F15F,TRN-CBC2F17702669E16,A,true,stage1_overlap,informative_non_extreme,0.5,0.5,4,4,2,0
ERL-4AEF2C1E057A30D5,TRN-C901EEF07510B6F8,A,true,stage1_overlap,informative_non_extreme,0.5,0.5,4,4,2,0
ERL-2AC80071D7C7C377,TRN-AA1AE10788F846B1,A,true,stage1_overlap,informative_non_extreme,0.75,0.75,4,4,3,0
ERL-CB1F6EB2BC1C6C2E,TRN-F518DB224538EF83,A,true,stage1_overlap,informative_non_extreme,0.5,0.5,4,4,2,0
ERL-375C25A42B1B0B7D,TRN-6ACDF7F711E60A25,A,true,stage1_overlap,informative_non_extreme,0.5,0.5,4,4,2,0
ERL-C2031E4C583E8052,TRN-D5C54EE87025F4CD,A,true,stage1_overlap,informative_non_extreme,0.5,0.5,4,4,2,0
ERL-869A4B620B3E7B7C,TRN-2F9786AD1FBFD5FD,A,true,stage1_overlap,informative_non_extreme,0.75,0.75,4,4,3,0
ERL-171DDEC296C8717A,TRN-CA843C7351A4CCE9,A,true,stage1_overlap,informative_non_extreme,0.5,0.5,4,4,2,0
ERL-8D32474B14EA4820,TRN-FE3624B5A78B06A6,A,true,unseen_probe,informative_non_extreme,0.5,0.5,4,4,2,0
ERL-5F0EC74FB9153ED4,TRN-740742A0836CE1E8,A,true,unseen_probe,informative_non_extreme,0.75,0.75,4,4,3,0
ERL-F8C48616A77EAE35,TRN-65FE073EEA0154AE,A,true,stage1_overlap,informative_non_extreme,0.75,0.75,4,4,3,0
ERL-3091BECBDE89F475,TRN-FA9891AEF78AFFC6,A,true,stage1_overlap,informative_non_extreme,0.25,0.25,4,4,1,0
ERL-261FE79FFD7759D8,TRN-6D451E4CF7935229,A,true,unseen_probe,informative_non_extreme,0.25,0.25,4,4,1,0
ERL-BF3C88ABE26AEEE0,TRN-6A33F382A6BED8DE,A,true,stage1_overlap,informative_non_extreme,0.5,0.5,4,4,2,0
ERL-5A41EA8FE5F4D0B2,TRN-AC2E1587D0BB7634,A,true,stage1_overlap,recoverable_zero,0.0,0.0,4,4,0,0
ERL-9CE969155FCBD603,TRN-2F215D191C91D7AD,A,true,unseen_probe,informative_non_extreme,0.25,0.25,4,4,1,0
ERL-57733B2F1CFD7EDC,TRN-07851DE09074DAE5,A,true,stage1_overlap,informative_non_extreme,0.5,0.5,4,4,2,0
ERL-DF02C18ED62FDFA5,TRN-D41CC9B2746C0256,A,true,stage1_overlap,informative_non_extreme,0.25,0.25,4,4,1,0
ERL-02EF5B9F6D5D6241,TRN-FFEDF482C8445057,A,true,stage1_overlap,informative_non_extreme,0.5,0.5,4,4,2,0
ERL-EB36E11C4ABA5B0D,TRN-8F74912896C642AC,A,true,unseen_probe,informative_non_extreme,0.25,0.25,4,4,1,0
ERL-845A13F5B49B8FF7,TRN-33E983B672DCD72B,A,true,stage1_overlap,informative_non_extreme,0.5,0.5,4,4,2,0
ERL-9E4EA3CC83CCD287,TRN-31D951385097101F,A,true,stage1_overlap,informative_non_extreme,0.75,0.75,4,4,3,0
ERL-DE4339D20D005215,TRN-1F1F399B2C65AC9A,A,true,stage1_overlap,informative_non_extreme,0.5,0.5,4,4,2,0
ERL-03720E17C6D58028,TRN-9B4DA2EAC367A3AC,A,true,stage1_overlap,informative_non_extreme,0.75,0.75,4,4,3,0
ERL-241D35252D5B9C6E,TRN-2548272648C2D801,A,true,unseen_probe,informative_non_extreme,0.5,0.5,4,4,2,0
ERL-2CB662330B9104A6,TRN-848988B9480EE293,A,true,stage1_overlap,informative_non_extreme,0.25,0.25,4,4,1,0
ERL-0C8EABFE0CC4A6E6,TRN-90193FED8E501340,A,true,stage1_overlap,informative_non_extreme,0.25,0.25,4,4,1,0
ERL-A40252DDD5C8759F,TRN-A74E274B038DC962,A,true,stage1_overlap,informative_non_extreme,0.25,0.25,4,4,1,0
ERL-3BC24758FA7AAA32,TRN-B392C4C3D2635F42,A,true,stage1_overlap,recoverable_zero,0.0,0.0,4,4,0,0
ERL-76CD18BFA00359C3,TRN-E7807BED1BEC596D,A,true,stage1_overlap,informative_non_extreme,0.25,0.25,4,4,1,0
ERL-4426B04404FA9F79,TRN-BAFAF985BCC0B207,A,true,stage1_overlap,informative_non_extreme,0.25,0.25,4,4,1,0
ERL-74DD747A85000AF8,TRN-42EFDE4D90D30B6F,A,true,stage1_overlap,recoverable_zero,0.0,0.0,4,4,0,0
ERL-2462758D51588F19,TRN-66C2EFE04836055F,A,true,stage1_overlap,informative_non_extreme,0.5,0.5,4,4,2,0
ERL-AFCB05BAB203B42E,TRN-64AA3AD4FB109AA2,A,true,unseen_probe,informative_non_extreme,0.75,0.75,4,4,3,0
ERL-A9972D16BE6D4D0B,TRN-FEBB480E052D6982,A,true,stage1_overlap,recoverable_zero,0.0,0.0,4,4,0,0
ERL-7130C5CE575D285D,TRN-64B5540D5A2C2A70,A,true,unseen_probe,informative_non_extreme,0.5,0.5,4,4,2,0
ERL-9C33A04F03F1E103,TRN-744A8FCBDB17D15E,A,true,stage1_overlap,informative_non_extreme,0.25,0.25,4,4,1,0
ERL-165D15B4B925EAF3,TRN-EE4F3C8253205156,A,true,stage1_overlap,informative_non_extreme,0.75,0.75,4,4,3,0
ERL-9246BC009B605478,TRN-5487CA47DB1BA6C6,A,true,stage1_overlap,informative_non_extreme,0.75,0.75,4,4,3,0
ERL-4EE8E15BD7C4CDF3,TRN-4624F7E540366C47,A,true,stage1_overlap,informative_non_extreme,0.25,0.25,4,4,1,0
ERL-AC129C14037F299D,TRN-3A33FF99A5AC615D,A,true,unseen_probe,informative_non_extreme,0.75,0.75,4,4,3,0
ERL-A3E9C391A81200E6,TRN-B95FB292CB8C5370,A,true,unseen_probe,informative_non_extreme,0.5,0.5,4,4,2,0
ERL-E929FB5DE56DA9BC,TRN-A26A2CF93676F77B,A,true,stage1_overlap,informative_non_extreme,0.25,0.25,4,4,1,0
ERL-D449F66E9739D251,TRN-0E5AA1CB4B462FCC,A,true,unseen_probe,informative_non_extreme,0.5,0.5,4,4,2,0
ERL-25F313BB5FFFEB2C,TRN-F961B4B7CB1EC760,A,true,stage1_overlap,informative_non_extreme,0.5,0.5,4,4,2,0
ERL-C84C55FFC12636C3,TRN-7816D496F8C2121C,A,true,stage1_overlap,informative_non_extreme,0.75,0.75,4,4,3,0
ERL-2CEDBD28D9C27067,TRN-5CF67C89BA2DC870,A,true,stage1_overlap,recoverable_zero,0.0,0.0,4,4,0,0
ERL-219F74EE1A88FA2E,TRN-AB7F6D632656DE0F,A,true,stage1_overlap,informative_non_extreme,0.5,0.5,4,4,2,0
ERL-CB6F44FAADBC126F,TRN-0990D5789553F791,A,true,unseen_probe,informative_non_extreme,0.5,0.5,4,4,2,0
ERL-DCEBCC85A62BD509,TRN-24A5C7F4EB3ADC2E,A,true,stage1_overlap,informative_non_extreme,0.75,0.75,4,4,3,0
ERL-E0CC4798FD43C8A3,TRN-C91AD5BE9BF0E78E,A,true,unseen_probe,informative_non_extreme,0.5,0.5,4,4,2,0
ERL-29CF58CD72E91285,TRN-9BC721E9D86663F8,A,true,stage1_overlap,informative_non_extreme,0.25,0.25,4,4,1,0
ERL-F683D1C9C16DDFDA,TRN-3E12536A6FE2C61A,A,true,unseen_probe,informative_non_extreme,0.25,0.3333333333333333,4,3,1,1
ERL-1B099627DD862239,TRN-D8E98E00BE4E92A3,A,true,unseen_probe,informative_non_extreme,0.75,0.75,4,4,3,0
ERL-94B611358F4605D5,TRN-D45472179450215F,A,true,stage1_overlap,informative_non_extreme,0.5,0.5,4,4,2,0
ERL-CFACE09561E1E1B7,TRN-314075E9AEF68C02,A,true,unseen_probe,informative_non_extreme,0.75,0.75,4,4,3,0
ERL-3D8DA61AD8AFEB36,TRN-63607927ADFEE32D,A,true,unseen_probe,informative_non_extreme,0.75,0.75,4,4,3,0
ERL-A6D4272D99433D83,TRN-7FA5E283B16F594A,A,true,stage1_overlap,informative_non_extreme,0.5,0.5,4,4,2,0
ERL-2A1935DCC64E28FD,TRN-A89B3686D81C6D62,A,true,stage1_overlap,informative_non_extreme,0.5,0.5,4,4,2,0
ERL-29BABB576A95147E,TRN-EE38D73BE6B3C35C,A,true,stage1_overlap,informative_non_extreme,0.25,0.25,4,4,1,0
ERL-EF24EA32DE7F03E8,TRN-047904192E013882,A,true,stage1_overlap,informative_non_extreme,0.5,0.5,4,4,2,0
ERL-688C9F19DD0DE4BA,TRN-DB3306517B22FC70,A,true,stage1_overlap,informative_non_extreme,0.25,0.25,4,4,1,0
ERL-BA969BB19335EB0B,TRN-6970598C13E4E3FE,A,true,stage1_overlap,informative_non_extreme,0.25,0.25,4,4,1,0
ERL-5123D5B8C7F36F91,TRN-77B3C0D3015B2125,A,true,stage1_overlap,recoverable_zero,0.0,0.0,4,4,0,0
ERL-2626530D5AE447DF,TRN-51FB246EE01692D4,A,true,unseen_probe,informative_non_extreme,0.75,0.75,4,4,3,0
ERL-E24B485E3F025F98,TRN-1ECDBABD095340C1,A,true,stage1_overlap,recoverable_zero,0.0,0.0,4,4,0,0
ERL-4664F5F6F7F3428B,TRN-6E4D53CE88B737D7,A,true,unseen_probe,recoverable_zero,0.0,0.0,4,4,0,0
ERL-C5E645581EAB46FA,TRN-0B72DA9B81A54EE2,A,true,unseen_probe,recoverable_zero,0.0,0.0,4,4,0,0
ERL-01578374B93B9249,TRN-BAB421F3CAB0C04D,A,true,stage1_overlap,recoverable_zero,0.0,0.0,4,4,0,0
ERL-B1DDCD0FD37C9196,TRN-0F46C559D7CC748B,A,true,stage1_overlap,informative_non_extreme,0.25,0.25,4,4,1,0
ERL-AD80EB5F1970E497,TRN-6BA772185CBB7D68,A,true,stage1_overlap,informative_non_extreme,0.75,0.75,4,4,3,0
ERL-B8C532ADDFCB10FA,TRN-5FD717A1D643EFCA,A,true,stage1_overlap,informative_non_extreme,0.5,0.5,4,4,2,0
ERL-E44CD7C167BB3370,TRN-7C844CC2ADEF3E3B,A,true,stage1_overlap,informative_non_extreme,0.5,0.5,4,4,2,0
ERL-CF5AC328D8E43A7C,TRN-8A0DAD17EF7E955C,A,true,unseen_probe,informative_non_extreme,0.75,0.75,4,4,3,0
ERL-88B7470C56F9F9D6,TRN-60E35A500032C427,A,true,stage1_overlap,recoverable_zero,0.0,0.0,4,4,0,0
ERL-5FEEFDBB4CB2C798,TRN-37A3AD27233F061A,A,true,unseen_probe,informative_non_extreme,0.75,0.75,4,4,3,0
ERL-8531E1F1C07377D0,TRN-C4EA3847D797D309,A,true,unseen_probe,informative_non_extreme,0.5,0.5,4,4,2,0
ERL-D9BEFC458F565436,TRN-D4AE99F067D8F07E,A,true,stage1_overlap,recoverable_zero,0.0,0.0,4,4,0,0
ERL-C4F51602CA9AE7CB,TRN-9BE6187BAE83A2DB,A,true,unseen_probe,informative_non_extreme,0.25,0.25,4,4,1,0
ERL-20E1AA3C7A980269,TRN-B0B29440CE0F529B,A,true,stage1_overlap,informative_non_extreme,0.25,0.25,4,4,1,0
ERL-E899F5C699809B8D,TRN-387717FB2132D26B,A,true,stage1_overlap,informative_non_extreme,0.75,0.75,4,4,3,0
ERL-7EDDED3B47318868,TRN-B9589F5BC67C668B,A,true,unseen_probe,informative_non_extreme,0.5,0.5,4,4,2,0
ERL-5513C471FCE337A4,TRN-8A3E2483D02BBCB9,A,true,unseen_probe,informative_non_extreme,0.75,0.75,4,4,3,0
ERL-10DEF14EF36285B1,TRN-99628B61142CDC0A,A,true,unseen_probe,informative_non_extreme,0.75,0.75,4,4,3,0
ERL-F77231255FB29D30,TRN-D4F4B090126AB7C6,A,true,stage1_overlap,informative_non_extreme,0.75,0.75,4,4,3,0
ERL-B90A50FA7FBE5B99,TRN-D10AA1E1B7932A5D,A,true,stage1_overlap,informative_non_extreme,0.25,0.25,4,4,1,0
ERL-1B19617E96E56AF3,TRN-2D970A7A9A503060,A,true,stage1_overlap,informative_non_extreme,0.75,0.75,4,4,3,0
ERL-2792B2574C144EF8,TRN-86854808D6F40BAE,A,true,stage1_overlap,recoverable_zero,0.0,0.0,4,4,0,0
ERL-59FFAE80D461BCAE,TRN-2381D51A914ED3FC,A,true,stage1_overlap,informative_non_extreme,0.25,0.25,4,4,1,0
ERL-830A12FB9EB8D2FA,TRN-94244C479D374C68,A,true,stage1_overlap,informative_non_extreme,0.25,0.25,4,4,1,0
ERL-0A18FF3456654C3B,TRN-D188E7A41FDC94F9,A,true,stage1_overlap,informative_non_extreme,0.75,0.75,4,4,3,0
ERL-7CAD02C82669993D,TRN-58ED50B434E70E09,A,true,stage1_overlap,informative_non_extreme,0.5,0.5,4,4,2,0
ERL-21C613EAA0453170,TRN-065B9866E9E3B336,A,true,stage1_overlap,informative_non_extreme,0.75,0.75,4,4,3,0
ERL-8B36414AA453CAC0,TRN-596A2E87A8DEA819,A,true,stage1_overlap,informative_non_extreme,0.5,0.5,4,4,2,0
ERL-BDEE49E942CDAB4C,TRN-3F883D1FE2AA1823,A,true,stage1_overlap,informative_non_extreme,0.5,0.5,4,4,2,0
ERL-F9ABD5331EDA2963,TRN-724EA6045F79CD9B,A,true,stage1_overlap,informative_non_extreme,0.75,0.75,4,4,3,0
ERL-0C3668DEF33F1561,TRN-CA9086DC4983F5BF,A,true,stage1_overlap,informative_non_extreme,0.25,0.25,4,4,1,0
ERL-B9B3456953B8104F,TRN-93EE86A760F2C94C,A,true,stage1_overlap,informative_non_extreme,0.75,0.75,4,4,3,0
ERL-BE110E93450C8EFB,TRN-145D128153C8CB10,A,true,stage1_overlap,informative_non_extreme,0.5,0.5,4,4,2,0
ERL-D814A73533BE2211,TRN-E13C858B86E6C0FA,A,true,stage1_overlap,informative_non_extreme,0.75,0.75,4,4,3,0
ERL-21CF2138FCA78452,TRN-99FA2CF6E31FBBB3,A,true,unseen_probe,informative_non_extreme,0.25,0.25,4,4,1,0
ERL-5E53222B48D1A249,TRN-B911A651D0B03625,A,true,stage1_overlap,informative_non_extreme,0.75,0.75,4,4,3,0
ERL-213D131DCC29B830,TRN-5B0386ED8780AA47,A,true,unseen_probe,informative_non_extreme,0.5,0.5,4,4,2,0
ERL-31539B9D38A97395,TRN-F3ACCED737B0B42C,A,true,stage1_overlap,informative_non_extreme,0.25,0.25,4,4,1,0
ERL-99406CEE49B881BF,TRN-5234E7EF97CA46FB,A,true,stage1_overlap,informative_non_extreme,0.75,0.75,4,4,3,0
ERL-F35AFBA71BF62C57,TRN-7DD377B23AF36F88,A,true,unseen_probe,informative_non_extreme,0.5,0.5,4,4,2,0
ERL-F6B83A58151A6929,TRN-60E627128DB13ADA,A,true,stage1_overlap,informative_non_extreme,0.5,0.5,4,4,2,0
ERL-CCA8F03942679112,TRN-D7D302227A8C67D5,A,true,stage1_overlap,informative_non_extreme,0.25,0.25,4,4,1,0
ERL-3B40C6A4ABECBFC3,TRN-EDD8FD5DD4191801,A,true,stage1_overlap,informative_non_extreme,0.5,0.5,4,4,2,0
ERL-9B5B8F555F9471A2,TRN-0537A5DD06DBF1F3,A,true,stage1_overlap,recoverable_zero,0.0,0.0,4,3,0,1
ERL-305BD443E15330A2,TRN-B1C607310EE34654,A,true,unseen_probe,informative_non_extreme,0.25,0.25,4,4,1,0
ERL-2697C0822D770948,TRN-244E11737D9B24CF,A,true,stage1_overlap,informative_non_extreme,0.75,0.75,4,4,3,0
ERL-C02761BCBDE5DA72,TRN-7EDCC55E624D8E37,A,true,stage1_overlap,informative_non_extreme,0.25,0.25,4,4,1,0
ERL-060D277701BEC1FC,TRN-325C4377EEF68A21,A,true,stage1_overlap,informative_non_extreme,0.5,0.5,4,4,2,0
ERL-0A27C566D73C287B,TRN-97A2952D94006B5A,A,true,unseen_probe,recoverable_zero,0.0,0.0,4,4,0,0
ERL-4DD03A91FFFCC990,TRN-B2F8B951C579CD6F,A,true,unseen_probe,informative_non_extreme,0.75,0.75,4,4,3,0
ERL-2A74C95894FC96C2,TRN-966122929FD8624E,A,true,stage1_overlap,informative_non_extreme,0.5,0.6666666666666666,4,3,2,1
ERL-10854E9F15899316,TRN-5EB9E27966FB1CF3,A,true,stage1_overlap,informative_non_extreme,0.75,0.75,4,4,3,0
ERL-374CB9659B450C7F,TRN-45192E70F65E1120,A,true,stage1_overlap,informative_non_extreme,0.5,0.5,4,4,2,0
ERL-07D64EED8AF632E1,TRN-ADEB888B5108BB74,A,true,stage1_overlap,informative_non_extreme,0.75,0.75,4,4,3,0
ERL-F49D1E7AB542B988,TRN-95EE8B644237EA06,A,true,stage1_overlap,informative_non_extreme,0.25,0.25,4,4,1,0
ERL-0AA65152EC418326,TRN-52B766B35C8D481F,A,true,unseen_probe,informative_non_extreme,0.75,0.75,4,4,3,0
ERL-951C87E46EDA590D,TRN-F392CCBE0F057D03,A,true,stage1_overlap,informative_non_extreme,0.5,0.5,4,4,2,0
ERL-185A5B8970B659E0,TRN-3313193DA515ED56,A,true,stage1_overlap,informative_non_extreme,0.75,0.75,4,4,3,0
ERL-2D7DB32706E42EE2,TRN-462E0871654D8E79,A,true,stage1_overlap,recoverable_zero,0.0,0.0,4,4,0,0
ERL-B761F00B2E759D6C,TRN-92CFFF442435FD04,A,true,stage1_overlap,informative_non_extreme,0.5,0.5,4,4,2,0
ERL-B1D89323B2E47AAD,TRN-DA37333AC968DF38,A,true,stage1_overlap,informative_non_extreme,0.75,0.75,4,4,3,0
ERL-231725AA79D4DD62,TRN-CC26CD7565DA856A,A,true,stage1_overlap,recoverable_zero,0.0,0.0,4,4,0,0
ERL-4D526CAF0390CA46,TRN-A148746A25C404B3,A,true,stage1_overlap,informative_non_extreme,0.5,0.5,4,4,2,0
ERL-92315D8B52B02C1A,TRN-44F154A7841967E4,A,true,stage1_overlap,informative_non_extreme,0.75,0.75,4,4,3,0
ERL-A2FBDB8440985A05,TRN-C47171B312162769,A,true,unseen_probe,informative_non_extreme,0.25,0.25,4,4,1,0
ERL-6B1DAE90BEF32A28,TRN-D2A61B21AFF9C638,A,true,stage1_overlap,informative_non_extreme,0.5,0.5,4,4,2,0
ERL-A6954936AD0C4695,TRN-45F4BC9AB388EE27,A,true,stage1_overlap,informative_non_extreme,0.75,0.75,4,4,3,0
ERL-B5EDFF990FEF0234,TRN-969D61CCA83856EB,A,true,stage1_overlap,informative_non_extreme,0.25,0.25,4,4,1,0
ERL-D98738CEAC455F2B,TRN-76ABDF016785D4E3,A,true,stage1_overlap,informative_non_extreme,0.75,0.75,4,4,3,0
ERL-2E711104151A0FD2,TRN-186353749EA6B945,A,true,unseen_probe,informative_non_extreme,0.25,0.25,4,4,1,0
ERL-C2A6D4FF7B4D0D42,TRN-6F565BA599B135B7,A,true,stage1_overlap,informative_non_extreme,0.75,0.75,4,4,3,0
ERL-66D48F650B0D6ABB,TRN-B9849CF0F54616B1,A,true,stage1_overlap,informative_non_extreme,0.5,0.5,4,4,2,0
ERL-747C535CF5EA920B,TRN-9B6D569CD0DAC943,A,true,stage1_overlap,recoverable_zero,0.0,0.0,4,4,0,0
ERL-F4BA844D10C7AEEB,TRN-ED776249A679A325,A,true,stage1_overlap,informative_non_extreme,0.75,0.75,4,4,3,0
ERL-4AD7A3821C5FF985,TRN-48A0399C58DC7951,A,true,stage1_overlap,recoverable_zero,0.0,0.0,4,4,0,0
ERL-804D74A6E687C046,TRN-8AF2642265C6EEFC,A,true,stage1_overlap,informative_non_extreme,0.75,0.75,4,4,3,0
ERL-BF01D0370AE70FCB,TRN-4FC08BD421486D89,A,true,unseen_probe,informative_non_extreme,0.5,0.6666666666666666,4,3,2,1
ERL-84BF694FE60F3EE7,TRN-F730F88BA55B4747,A,true,stage1_overlap,informative_non_extreme,0.75,0.75,4,4,3,0
ERL-3F6DD71E1C71A24C,TRN-6885522589BE6F40,A,true,stage1_overlap,informative_non_extreme,0.25,0.25,4,4,1,0
ERL-B43DC802DBEF6B04,TRN-E54CDFA8C0B8F2CE,A,true,stage1_overlap,recoverable_zero,0.0,0.0,4,4,0,0
ERL-F55E1CF0F599899B,TRN-CC2B9567C13857CA,A,true,unseen_probe,informative_non_extreme,0.75,0.75,4,4,3,0
ERL-6BC24A40DBFED671,TRN-E5B940D99437193F,A,true,unseen_probe,informative_non_extreme,0.75,0.75,4,4,3,0
ERL-BA95400071EA98B2,TRN-B51365D4C85A4512,A,true,stage1_overlap,informative_non_extreme,0.5,0.5,4,4,2,0
ERL-C2CBD1FDCA357969,TRN-A4F040728070F5C3,A,true,stage1_overlap,informative_non_extreme,0.75,0.75,4,4,3,0
ERL-CA3A1AD1AA87B65E,TRN-51506C2C2C621B33,A,true,stage1_overlap,recoverable_zero,0.0,0.0,4,4,0,0
ERL-11709A9193DA7EDB,TRN-000470B715FE3BBB,A,true,stage1_overlap,informative_non_extreme,0.5,0.5,4,4,2,0
ERL-ABEC40BE3F8B1ADC,TRN-5B3A27630E24FCFF,A,true,stage1_overlap,informative_non_extreme,0.25,0.25,4,4,1,0
ERL-C76FDB69CB06BEE0,TRN-3C673FAD404ADF91,A,true,unseen_probe,informative_non_extreme,0.75,0.75,4,4,3,0
ERL-6545914657F6EBBB,TRN-55947DBA66852C1E,A,true,stage1_overlap,recoverable_zero,0.0,0.0,4,4,0,0
ERL-57E084620AEB8D64,TRN-F82EE47A629B64ED,A,true,stage1_overlap,recoverable_zero,0.0,0.0,4,4,0,0
ERL-B425B7BB672978C1,TRN-6BB0A767E79E2B9B,A,true,stage1_overlap,recoverable_zero,0.0,0.0,4,4,0,0
ERL-F7F2E8E593376860,TRN-2A6954C03396A53B,A,true,stage1_overlap,informative_non_extreme,0.5,0.5,4,4,2,0
ERL-BCDC45DB9CD6DC5C,TRN-EFB731837AE10FDE,A,true,stage1_overlap,informative_non_extreme,0.25,0.25,4,4,1,0
ERL-33B7BD1914D858D6,TRN-C2B20A5A7998C655,A,true,stage1_overlap,informative_non_extreme,0.75,0.75,4,4,3,0
ERL-A5DD44529478A4B3,TRN-9B36972BAAC0F4CC,A,true,stage1_overlap,informative_non_extreme,0.5,0.5,4,4,2,0
ERL-1D8155F0DC66B15F,TRN-37A52A25366B5D02,A,true,unseen_probe,informative_non_extreme,0.25,0.25,4,4,1,0
ERL-61CE4BA1B3F8717C,TRN-D91FAD1F2722DEC9,A,true,stage1_overlap,informative_non_extreme,0.25,0.25,4,4,1,0
ERL-F715681EC6089240,TRN-5B1F8AA40990EE16,A,true,stage1_overlap,informative_non_extreme,0.25,0.25,4,4,1,0
ERL-DA54D1AAF6FFA244,TRN-377097C10D3398E8,A,true,stage1_overlap,informative_non_extreme,0.5,0.5,4,4,2,0
ERL-FF9A6A9AAD97531B,TRN-F6C08C6A4A48876A,A,true,stage1_overlap,informative_non_extreme,0.25,0.25,4,4,1,0
ERL-FAC8C73BF52EF6B3,TRN-B2CAD1D3F892FD3C,A,true,stage1_overlap,informative_non_extreme,0.25,0.25,4,4,1,0
ERL-F45EEAB47934009B,TRN-73D9BEA1DD45F896,A,true,stage1_overlap,informative_non_extreme,0.5,0.5,4,4,2,0
ERL-EB03F04409F264D1,TRN-557ED1B5027DC8AD,A,true,stage1_overlap,informative_non_extreme,0.5,0.5,4,4,2,0
ERL-EC62CF52D80BAB99,TRN-2A519A49ED4E5285,A,true,stage1_overlap,informative_non_extreme,0.75,0.75,4,4,3,0
ERL-E2DA06D54AFA798B,TRN-78C2CB2A3150A3DE,A,true,stage1_overlap,informative_non_extreme,0.75,0.75,4,4,3,0
ERL-4BBB90AC229332E5,TRN-D9047F21B9395399,A,true,unseen_probe,informative_non_extreme,0.75,0.75,4,4,3,0
ERL-F73D149ED3AAB726,TRN-88351D9F82EF69A2,A,true,stage1_overlap,informative_non_extreme,0.5,0.5,4,4,2,0
ERL-81519D599F3BAE7B,TRN-72584242A13D04B7,A,true,unseen_probe,informative_non_extreme,0.75,0.75,4,4,3,0
ERL-88FDF3279473CDD6,TRN-FDFF918A255F03A1,A,true,stage1_overlap,informative_non_extreme,0.5,0.5,4,4,2,0
ERL-A3E32B641884A1CC,TRN-CED317885EE44546,A,true,stage1_overlap,informative_non_extreme,0.75,0.75,4,4,3,0
ERL-47410460E064E66D,TRN-B385326B523BE71C,A,true,stage1_overlap,informative_non_extreme,0.5,0.5,4,4,2,0
ERL-1F81FA40D578BDEE,TRN-696B4832C7176A17,A,true,stage1_overlap,informative_non_extreme,0.25,0.25,4,4,1,0
ERL-D3A09F1D88E745A7,TRN-35BCEE9EB5C7B77F,A,true,unseen_probe,informative_non_extreme,0.5,0.5,4,4,2,0
ERL-526B503CDE9DE419,TRN-26D89C787775A532,A,true,stage1_overlap,informative_non_extreme,0.75,0.75,4,4,3,0
ERL-73332FE03B9E8EFF,TRN-A908791C9A8F81B0,A,true,stage1_overlap,informative_non_extreme,0.25,0.25,4,4,1,0
ERL-25CC4C54A964FB9B,TRN-833E6E747916A7D1,A,true,stage1_overlap,informative_non_extreme,0.25,0.25,4,4,1,0
ERL-0BC2129C369BA3FA,TRN-C03C8607D9885DAF,A,true,stage1_overlap,informative_non_extreme,0.25,0.25,4,4,1,0
ERL-6877EE5B95B3C7FE,TRN-013A485EBF382701,A,true,unseen_probe,informative_non_extreme,0.75,0.75,4,4,3,0
ERL-28BEF1AB0BBDAC32,TRN-865F401FB5E9AA1A,A,true,unseen_probe,informative_non_extreme,0.5,0.5,4,4,2,0
ERL-794F440D73726F0C,TRN-512FEF63E5C439E4,A,true,stage1_overlap,informative_non_extreme,0.75,0.75,4,4,3,0
ERL-2C6D4D901AB3234B,TRN-8A70B94561570626,A,true,stage1_overlap,informative_non_extreme,0.75,0.75,4,4,3,0
ERL-CCF77E57CF7086DB,TRN-36D55BB367522E3A,A,true,stage1_overlap,informative_non_extreme,0.75,0.75,4,4,3,0
ERL-B65E967C51D5FA07,TRN-E6A612FAAC763974,A,true,stage1_overlap,informative_non_extreme,0.5,0.5,4,4,2,0
ERL-CB5FD395EF296EC9,TRN-44A33FAF847990E1,A,true,stage1_overlap,informative_non_extreme,0.5,0.5,4,4,2,0
ERL-4D3CCDF1051557DA,TRN-44C8A506CD0DFFC0,A,true,unseen_probe,informative_non_extreme,0.75,0.75,4,4,3,0
ERL-2A8AF207B31F8405,TRN-CDDD5BE430697193,A,true,stage1_overlap,informative_non_extreme,0.75,0.75,4,4,3,0
ERL-F38EC975A5698A18,TRN-57597AF1D2DC3951,A,true,unseen_probe,informative_non_extreme,0.25,0.25,4,4,1,0
ERL-3408F54F7E70E2BD,TRN-D2DF6317E1A213E1,A,true,stage1_overlap,recoverable_zero,0.0,0.0,4,4,0,0
ERL-FAD577C8A82D09C0,TRN-923C6548152D8593,A,true,stage1_overlap,informative_non_extreme,0.75,0.75,4,4,3,0
ERL-1541DEB9624E452C,TRN-E0BD1483B1A96014,A,true,unseen_probe,informative_non_extreme,0.5,0.5,4,4,2,0
ERL-C7582B965D47501D,TRN-B5E9B58732FDE081,A,true,unseen_probe,informative_non_extreme,0.75,0.75,4,4,3,0
ERL-550EEEC0E3B065BB,TRN-61869D3EE15AF625,A,true,stage1_overlap,informative_non_extreme,0.5,0.5,4,4,2,0
ERL-B60DCBFFC491DF67,TRN-5CB6D61104F1DA6D,A,true,stage1_overlap,informative_non_extreme,0.5,0.5,4,4,2,0
ERL-8A2447B24C1140ED,TRN-B72F0BA1CA4335C5,A,true,stage1_overlap,informative_non_extreme,0.75,0.75,4,4,3,0
ERL-DB6007D751231995,TRN-52C0C288AC8DC8D9,A,true,unseen_probe,informative_non_extreme,0.25,0.25,4,4,1,0
ERL-B7E28F0C1054CABE,TRN-CF3B43A2DA94F999,A,true,unseen_probe,informative_non_extreme,0.5,0.5,4,4,2,0
ERL-30CE2158E8F19C8F,TRN-3B37A6DD543A82CC,A,true,unseen_probe,informative_non_extreme,0.75,0.75,4,4,3,0
ERL-F25C51F05336BE79,TRN-E3234C251BAB9648,A,true,stage1_overlap,informative_non_extreme,0.25,0.25,4,4,1,0
ERL-DE5864CBA961E2E3,TRN-E23DAC64A1042EFB,A,true,stage1_overlap,informative_non_extreme,0.5,0.5,4,4,2,0
ERL-98482132B6D5CC75,TRN-F86940FE58677FD6,A,true,stage1_overlap,recoverable_zero,0.0,0.0,4,4,0,0
ERL-675263B2E7E7168A,TRN-437271DE12B2DE05,A,true,stage1_overlap,informative_non_extreme,0.75,0.75,4,4,3,0
ERL-A41FE7C5978EE9AD,TRN-71BBD34E365FAA56,A,true,stage1_overlap,informative_non_extreme,0.25,0.25,4,4,1,0
ERL-3306D84F6755DD64,TRN-991236C7C78A20E2,A,true,stage1_overlap,informative_non_extreme,0.25,0.25,4,4,1,0
ERL-D0A1531EF77B8685,TRN-B23DD06C37887709,A,true,stage1_overlap,recoverable_zero,0.0,0.0,4,4,0,0
ERL-DF7AB9C3CACB378B,TRN-AC527C334113F520,A,true,stage1_overlap,informative_non_extreme,0.5,0.5,4,4,2,0
ERL-C9B0C60EDED6F83C,TRN-0CFF5D2A5ACAA7D4,A,true,stage1_overlap,informative_non_extreme,0.5,0.5,4,4,2,0
ERL-0234793BA035CF84,TRN-9DF627A03FC7AFE9,A,true,stage1_overlap,informative_non_extreme,0.25,0.25,4,4,1,0
ERL-384D4C89047B5740,TRN-B0957F51B8BC62F0,A,true,stage1_overlap,informative_non_extreme,0.75,0.75,4,4,3,0
ERL-9A348009D6B580F3,TRN-5670A5044A648692,A,true,stage1_overlap,informative_non_extreme,0.5,0.5,4,4,2,0
ERL-9ED4F9F1E985855D,TRN-92EF237DF7ADE71A,A,true,stage1_overlap,informative_non_extreme,0.75,0.75,4,4,3,0
ERL-DC79558330031AB0,TRN-6CA99CA66B0ABC01,A,true,stage1_overlap,recoverable_zero,0.0,0.0,4,4,0,0
ERL-9CF676A871A8CD33,TRN-C1A4AD900FAE2E25,A,true,stage1_overlap,informative_non_extreme,0.5,0.5,4,4,2,0
ERL-082F106462F0F963,TRN-EEA55BC5790C36F2,A,true,stage1_overlap,informative_non_extreme,0.5,0.5,4,4,2,0
ERL-96932EE8A9E092CE,TRN-2228D1532526D6A5,A,true,unseen_probe,informative_non_extreme,0.75,0.75,4,4,3,0
ERL-3B3E650277892372,TRN-70CDC746C026AB99,A,true,stage1_overlap,informative_non_extreme,0.5,0.5,4,4,2,0
ERL-B48E298D1B963708,TRN-77C8FA19F80E948A,A,true,unseen_probe,informative_non_extreme,0.75,0.75,4,4,3,0
ERL-167DF22DA4833AEF,TRN-37BFAEF492D54652,A,true,stage1_overlap,informative_non_extreme,0.75,0.75,4,4,3,0
ERL-4640F617FF7F93AC,TRN-B2257B2204708DD3,A,true,stage1_overlap,informative_non_extreme,0.25,0.25,4,4,1,0
ERL-1BEB416D2A270B24,TRN-43D92ACB1660D6E2,A,true,stage1_overlap,informative_non_extreme,0.75,0.75,4,4,3,0
ERL-2E69C4F59863C5A5,TRN-A244830605476F3B,A,true,unseen_probe,informative_non_extreme,0.5,0.5,4,4,2,0
ERL-2C8AB9349A1434E0,TRN-C94EB920C213DC55,A,true,stage1_overlap,recoverable_zero,0.0,0.0,4,4,0,0
ERL-C759F1AB77E1697B,TRN-BF0875F51466CABE,A,true,unseen_probe,informative_non_extreme,0.75,0.75,4,4,3,0
ERL-B476E0CAA3E67E18,TRN-A7BA1EDDD5EE71E3,A,true,stage1_overlap,informative_non_extreme,0.75,0.75,4,4,3,0
ERL-161FA985F5A62C77,TRN-3F0E1D72DF2E873B,A,true,stage1_overlap,informative_non_extreme,0.5,0.5,4,4,2,0
ERL-EB49C73A4674FD5A,TRN-3A9D41BC3EF50A5F,A,true,stage1_overlap,informative_non_extreme,0.25,0.25,4,4,1,0
ERL-85DF39A8E5B04CE4,TRN-B84422165AF2200D,A,true,stage1_overlap,informative_non_extreme,0.5,0.5,4,4,2,0
ERL-549816629C3367BB,TRN-61E8810E9160A7C7,A,true,stage1_overlap,informative_non_extreme,0.5,0.5,4,4,2,0
ERL-CBC076084B6A7088,TRN-6A2D797DC0CF54CA,A,true,stage1_overlap,recoverable_zero,0.0,0.0,4,4,0,0
ERL-B124D03DFB9874BC,TRN-1499BEE9F1187314,A,true,stage1_overlap,recoverable_zero,0.0,0.0,4,4,0,0
ERL-617F35E84B998027,TRN-E0A781CB7D675DFD,A,true,stage1_overlap,informative_non_extreme,0.75,0.75,4,4,3,0
ERL-314698B46F2F9D0C,TRN-9A989D117F2C4049,A,true,stage1_overlap,recoverable_zero,0.0,0.0,4,4,0,0
ERL-FBFB1B220A18AC9D,TRN-B493E2050EA615FF,A,true,stage1_overlap,recoverable_zero,0.0,0.0,4,4,0,0
ERL-453C7B56A374FED9,TRN-5B9A9A328E8CBDA8,A,true,stage1_overlap,informative_non_extreme,0.5,0.5,4,4,2,0
ERL-9AAD08409412E428,TRN-533AB42E4F85F7C4,A,true,stage1_overlap,informative_non_extreme,0.75,0.75,4,4,3,0
ERL-0559A674621CB1E8,TRN-269F4AF6341FD8EF,A,true,stage1_overlap,informative_non_extreme,0.25,0.25,4,4,1,0
ERL-00A952AD8A3B740F,TRN-A3B4E0521D49EEEF,A,true,stage1_overlap,recoverable_zero,0.0,0.0,4,4,0,0
ERL-E7664EEFE2A9771E,TRN-8B7EB1B7E8C80839,A,true,stage1_overlap,recoverable_zero,0.0,0.0,4,4,0,0
ERL-B8F20D6F34AE70AB,TRN-3E7524E66FF9DEC3,A,true,stage1_overlap,recoverable_zero,0.0,0.0,4,4,0,0
ERL-301D31DEB2FC1553,TRN-72594FD5DA257D05,A,true,stage1_overlap,informative_non_extreme,0.75,0.75,4,4,3,0
ERL-50F71411AE41B4B0,TRN-F926956699868B79,A,true,stage1_overlap,recoverable_zero,0.0,0.0,4,4,0,0
ERL-8271465C3C287FB5,TRN-3E19373168E91F40,A,true,unseen_probe,informative_non_extreme,0.75,0.75,4,4,3,0
ERL-BF9D2D77FCA22331,TRN-09EB8161DE0475EC,B,true,stage1_overlap,informative_non_extreme,0.5,0.5,4,4,2,0
ERL-6F552C5B428415EF,TRN-D88CBD8226AFCECF,B,true,stage1_overlap,informative_non_extreme,0.75,0.75,4,4,3,0
ERL-D5B66D9CB59C0460,TRN-49DC81F993C6A74D,B,true,stage1_overlap,informative_non_extreme,0.25,0.25,4,4,1,0
ERL-1FED83518B97E620,TRN-2FCCA9C1ED0F1F4E,B,true,stage1_overlap,recoverable_zero,0.0,0.0,4,4,0,0
ERL-668810AFBBF98AF0,TRN-D729EA48455D4557,B,true,stage1_overlap,informative_non_extreme,0.25,0.25,4,4,1,0
ERL-012BAA30655034DE,TRN-CD8772F38045FA4E,B,true,stage1_overlap,recoverable_zero,0.0,0.0,4,4,0,0
ERL-CC34D0A937F86C35,TRN-54F2AB459ECC35C0,B,true,stage1_overlap,informative_non_extreme,0.25,0.25,4,4,1,0
ERL-ADB46397219BC9AA,TRN-14AB9BCABD516FC9,B,true,stage1_overlap,informative_non_extreme,0.5,0.5,4,4,2,0
ERL-5CDEDEE0A9EF52CE,TRN-09A63CAE8DE48EB1,B,true,stage1_overlap,informative_non_extreme,0.5,0.5,4,4,2,0
ERL-600FB141650CD391,TRN-E73A220D86F3DFC2,B,true,stage1_overlap,informative_non_extreme,0.5,0.5,4,4,2,0
ERL-8B0D9D70C4E85463,TRN-52209532020B2A8E,B,true,stage1_overlap,informative_non_extreme,0.5,0.5,4,4,2,0
ERL-5D63AAC229393378,TRN-87BFEC337185A43B,B,true,stage1_overlap,recoverable_zero,0.0,0.0,4,4,0,0
ERL-5A32E4E83D467727,TRN-643ED6425DC0BCC4,B,true,stage1_overlap,informative_non_extreme,0.75,0.75,4,4,3,0
ERL-6F7D5AA39C12F9EC,TRN-598CC8BE96874398,B,true,stage1_overlap,recoverable_zero,0.0,0.0,4,4,0,0
ERL-5D9B1CF2A46127CD,TRN-B8E11534492D48E2,B,true,unseen_probe,informative_non_extreme,0.5,0.5,4,4,2,0
ERL-EAC3D853C1B9EF65,TRN-E6E795F36D1B07F1,B,true,stage1_overlap,informative_non_extreme,0.75,0.75,4,4,3,0
ERL-0B31DD68111B4FA8,TRN-85B5F49A0A6456B3,B,true,stage1_overlap,recoverable_zero,0.0,0.0,4,4,0,0
ERL-8BD5144E81F3E0B5,TRN-A429AE461BF0F2D0,B,true,stage1_overlap,informative_non_extreme,0.25,0.25,4,4,1,0
ERL-8A6CDF96E32D7AB7,TRN-55C4E945D8DAC5FE,B,true,stage1_overlap,informative_non_extreme,0.5,0.5,4,4,2,0
ERL-90637ACC55EE5685,TRN-B98157A7E011E8D9,B,true,stage1_overlap,informative_non_extreme,0.75,0.75,4,4,3,0
ERL-22CC7B6B98CDBAA6,TRN-960437A0AC91004A,B,true,stage1_overlap,recoverable_zero,0.0,0.0,4,4,0,0
ERL-63C3C4F44A750CC3,TRN-8BA4FBD7F0CCB26F,B,true,stage1_overlap,informative_non_extreme,0.75,0.75,4,4,3,0
ERL-B463291F5B7E5D6F,TRN-553C94CDDF2C6DD8,B,true,stage1_overlap,informative_non_extreme,0.25,0.25,4,4,1,0
ERL-7F184F5122C40AA0,TRN-E49FB8CB2D0B6FAA,B,true,stage1_overlap,informative_non_extreme,0.5,0.5,4,4,2,0
ERL-30CEE2BA6F09D386,TRN-3CF5E8E69A8BFADD,B,true,stage1_overlap,informative_non_extreme,0.5,0.5,4,4,2,0
ERL-28D167D6A977B6CC,TRN-8134AE8F5F0357E3,B,true,stage1_overlap,informative_non_extreme,0.75,0.75,4,4,3,0
ERL-133126DECF0AFA09,TRN-A1A30E9ACC1EDB30,B,true,unseen_probe,informative_non_extreme,0.25,0.25,4,4,1,0
ERL-4D2D095FF5660459,TRN-EFE7A5CE0260DEE9,B,true,stage1_overlap,informative_non_extreme,0.75,0.75,4,4,3,0
ERL-B3C03C2E5449FAF9,TRN-73E30CA3EA506D6A,B,true,stage1_overlap,informative_non_extreme,0.5,0.5,4,4,2,0
ERL-A6C329D8BBE5BF6F,TRN-EBEBFABB279A8142,B,true,unseen_probe,informative_non_extreme,0.75,0.75,4,4,3,0
ERL-72EC19876564D61D,TRN-529BD319C6AB702F,B,true,stage1_overlap,informative_non_extreme,0.5,0.5,4,4,2,0
ERL-9B8F7622B09A25BE,TRN-E6FD856D1EFDD736,B,true,stage1_overlap,informative_non_extreme,0.75,0.75,4,4,3,0
ERL-49928D492D60ABCA,TRN-1875C07E211E32AF,B,true,stage1_overlap,informative_non_extreme,0.75,0.75,4,4,3,0
ERL-11A4ED9ED27D19E4,TRN-49A6A7C85BED30BF,B,true,stage1_overlap,informative_non_extreme,0.5,0.5,4,4,2,0
ERL-F4777C32D3367866,TRN-225F84879E74B746,B,true,stage1_overlap,informative_non_extreme,0.75,0.75,4,4,3,0
ERL-BDCB9F01478A83A9,TRN-B67DBE6BCF1005FC,B,true,stage1_overlap,informative_non_extreme,0.25,0.25,4,4,1,0
ERL-BA8F9095A7813FD8,TRN-088E89A8F4A56323,B,true,stage1_overlap,informative_non_extreme,0.75,0.75,4,4,3,0
ERL-393FD676AA6C9895,TRN-9909C4029D552886,B,true,stage1_overlap,informative_non_extreme,0.75,0.75,4,4,3,0
ERL-906E54CBC10E186F,TRN-4131A695CFF4697F,B,true,stage1_overlap,informative_non_extreme,0.5,0.5,4,4,2,0
ERL-6C199EF7F5F29218,TRN-05094B0D1C1F79E7,B,true,stage1_overlap,informative_non_extreme,0.25,0.25,4,4,1,0
ERL-BDF0CE90CF3ED180,TRN-0DE1262AB9BA4BE7,B,true,unseen_probe,informative_non_extreme,0.5,0.5,4,4,2,0
ERL-BD051C9B21472501,TRN-AC3E019D18C2035F,B,true,stage1_overlap,informative_non_extreme,0.5,0.5,4,4,2,0
ERL-4C4273AB37D820BD,TRN-BC98A68D40312279,B,true,stage1_overlap,informative_non_extreme,0.5,0.5,4,4,2,0
ERL-0AF884B79FAEF30D,TRN-F8391434D997078F,B,true,unseen_probe,informative_non_extreme,0.75,0.75,4,4,3,0
ERL-F3FC6BBF189B83EB,TRN-00800BAEE88B06B2,B,true,unseen_probe,informative_non_extreme,0.5,0.5,4,4,2,0
ERL-3297EAEDC94DEE53,TRN-3EC8DD94CB72AA89,B,true,stage1_overlap,informative_non_extreme,0.75,0.75,4,4,3,0
ERL-4DD727CB1D974897,TRN-EF7FA47732E4AFBD,B,true,stage1_overlap,informative_non_extreme,0.75,0.75,4,4,3,0
ERL-6B216053C817C4FD,TRN-8F593D01B84F0902,B,true,stage1_overlap,informative_non_extreme,0.75,0.75,4,4,3,0
ERL-5E55D6C93BC7309B,TRN-2A03E1CD11615F2D,B,true,stage1_overlap,informative_non_extreme,0.75,0.75,4,4,3,0
ERL-47A17B39EE825238,TRN-81AAD6972EF0AF5F,B,true,unseen_probe,informative_non_extreme,0.75,0.75,4,4,3,0
ERL-F61E5C594EC76DAE,TRN-391E81CD51BBBE12,B,true,stage1_overlap,informative_non_extreme,0.5,0.5,4,4,2,0
ERL-831E09DD616E26E7,TRN-7AEACB89647C8809,B,true,stage1_overlap,informative_non_extreme,0.75,0.75,4,4,3,0
ERL-F6BEA9EEA7DDF15D,TRN-5559CDE0028BC23C,B,true,stage1_overlap,informative_non_extreme,0.75,0.75,4,4,3,0
ERL-DBC86CB290D8D8B5,TRN-9C60ACBFB7A960F5,B,true,stage1_overlap,informative_non_extreme,0.5,0.5,4,4,2,0
ERL-11ADC74FD15E206B,TRN-6F2C65855A13FBF2,B,true,stage1_overlap,informative_non_extreme,0.5,0.5,4,4,2,0
ERL-5DCEF32573D93F0E,TRN-E491890534486ED4,B,true,stage1_overlap,informative_non_extreme,0.5,0.5,4,4,2,0
ERL-D92467C16D208CCF,TRN-BB3F69D34123AF41,B,true,stage1_overlap,informative_non_extreme,0.75,0.75,4,4,3,0
ERL-FB77C95C1DE89B6B,TRN-EC0C58C395DF4970,B,true,stage1_overlap,informative_non_extreme,0.25,0.25,4,4,1,0
ERL-38661D593EE0C445,TRN-CD5CD72E0C4E54F9,B,true,unseen_probe,informative_non_extreme,0.75,0.75,4,4,3,0
ERL-8174547D78EF659F,TRN-2629B62C244D6FB5,B,true,stage1_overlap,informative_non_extreme,0.75,0.75,4,4,3,0
ERL-4F7B3FC78BDD2435,TRN-BB6798FEE54BD2E9,B,true,stage1_overlap,informative_non_extreme,0.75,0.75,4,4,3,0
ERL-6B70344EA845C23E,TRN-F1F86DA2F4561C7F,B,true,stage1_overlap,informative_non_extreme,0.25,0.25,4,4,1,0
ERL-EBAF6AEE8A35CC8F,TRN-E33CEE4C9B5D03E8,B,true,stage1_overlap,informative_non_extreme,0.75,0.75,4,4,3,0
ERL-0109354BFF8CB0B1,TRN-195EAA5B78BD0BD7,B,true,stage1_overlap,informative_non_extreme,0.5,0.5,4,4,2,0
ERL-8C55C69AE81D1361,TRN-852B0BD813B1CA48,B,true,stage1_overlap,informative_non_extreme,0.75,0.75,4,4,3,0
ERL-6945E1EAC4D4D176,TRN-76FD977C9F2A8781,B,true,stage1_overlap,informative_non_extreme,0.25,0.25,4,4,1,0
ERL-2A2C69900075DFAB,TRN-BFB395706EEE3CAF,B,true,unseen_probe,informative_non_extreme,0.5,0.5,4,4,2,0
ERL-7C9659B91E4B33BA,TRN-330B18F9F4FD9868,B,true,unseen_probe,informative_non_extreme,0.75,0.75,4,4,3,0
ERL-6084C56E98871D32,TRN-F8B02CD09219C391,B,true,stage1_overlap,informative_non_extreme,0.5,0.5,4,4,2,0
ERL-FA77A8FE88800EF9,TRN-4FC474A5C59E5273,B,true,stage1_overlap,informative_non_extreme,0.25,0.25,4,4,1,0
ERL-FF72C9292665383F,TRN-B154E86EF58F841F,B,true,stage1_overlap,informative_non_extreme,0.5,0.5,4,4,2,0
ERL-6BCFECD3C363F9E5,TRN-54B353554B52C2F1,B,true,stage1_overlap,informative_non_extreme,0.5,0.5,4,4,2,0
ERL-511719FD4B71B28D,TRN-9413A3658230C258,B,true,unseen_probe,recoverable_zero,0.0,0.0,4,4,0,0
ERL-95A04B97D2E8E108,TRN-FFBD1FB01525CB4D,B,true,stage1_overlap,informative_non_extreme,0.75,0.75,4,4,3,0
ERL-7E042BF4E9F19217,TRN-1B00DF1DC6E577D8,B,true,stage1_overlap,informative_non_extreme,0.5,0.5,4,4,2,0
ERL-6D15FA336B7BBC3F,TRN-7FFAD27F3C141639,B,true,stage1_overlap,informative_non_extreme,0.75,0.75,4,4,3,0
ERL-E4FC6EE32F316414,TRN-222C70E711B8C061,B,true,stage1_overlap,informative_non_extreme,0.5,0.5,4,4,2,0
ERL-25485DA472242BC8,TRN-4CBF62C2794CEA00,B,true,stage1_overlap,informative_non_extreme,0.75,0.75,4,4,3,0
ERL-917FC9D2B97A90CC,TRN-9DF2C38C6D0BF027,B,true,stage1_overlap,informative_non_extreme,0.5,0.5,4,4,2,0
ERL-069225A9141D11B4,TRN-27BBA37CC608A665,B,true,stage1_overlap,informative_non_extreme,0.25,0.25,4,4,1,0
ERL-F06817002F89331D,TRN-74B36ECA02DCD888,B,true,stage1_overlap,recoverable_zero,0.0,0.0,4,4,0,0
ERL-9CF019F5F8960CBC,TRN-85382D4625AFF779,B,true,stage1_overlap,informative_non_extreme,0.75,0.75,4,4,3,0
ERL-D13083E821DE375C,TRN-BA254DD340CC88B3,B,true,stage1_overlap,informative_non_extreme,0.5,0.5,4,4,2,0
ERL-DA4CD28FF8E67368,TRN-CB04A27A0E6A4A54,B,true,stage1_overlap,informative_non_extreme,0.75,0.75,4,4,3,0
ERL-C87B414B4139B9C6,TRN-409152C69F48AC8B,B,true,stage1_overlap,informative_non_extreme,0.5,0.5,4,4,2,0
ERL-EF8230F9FC55F902,TRN-06BFA483A2457002,B,true,stage1_overlap,informative_non_extreme,0.75,0.75,4,4,3,0
ERL-2AD5735900D70FE5,TRN-4773EEC432B4687C,B,true,stage1_overlap,recoverable_zero,0.0,0.0,4,4,0,0
ERL-07FBA115AAB4E05C,TRN-DECF8EB42319431E,B,true,stage1_overlap,informative_non_extreme,0.75,0.75,4,4,3,0
ERL-FF2AADCB03EA055E,TRN-F8B4302DA3947DE8,B,true,stage1_overlap,informative_non_extreme,0.75,0.75,4,4,3,0
ERL-F6D0316EC9161197,TRN-B009D35F358466BF,B,true,stage1_overlap,informative_non_extreme,0.75,0.75,4,4,3,0
ERL-86CDC452313A0CD9,TRN-13B082CF1A2565F9,B,true,unseen_probe,informative_non_extreme,0.25,0.25,4,4,1,0
ERL-88DEB05A5084D32D,TRN-E3E62973CC004D4F,B,true,stage1_overlap,informative_non_extreme,0.25,0.25,4,4,1,0
ERL-E10CF4D1959E44F0,TRN-FCAE87006B64CBF5,B,true,stage1_overlap,recoverable_zero,0.0,0.0,4,4,0,0
ERL-695E3EC47E8EC439,TRN-ABCF843E60B06ABF,B,true,stage1_overlap,informative_non_extreme,0.5,0.5,4,4,2,0
ERL-45D024F34E80F359,TRN-ACAC63E0AA8E3C76,B,true,stage1_overlap,recoverable_zero,0.0,0.0,4,4,0,0
ERL-1FC05494CBDE2D97,TRN-ABB08771E5191F1B,B,true,stage1_overlap,informative_non_extreme,0.5,0.5,4,4,2,0
ERL-18EDD59F1517BA68,TRN-873407744AD77CE4,B,true,stage1_overlap,informative_non_extreme,0.5,0.5,4,4,2,0
ERL-B27A607B6E2AC9AE,TRN-42B4B187E5BE19BA,B,true,stage1_overlap,informative_non_extreme,0.75,0.75,4,4,3,0
ERL-98B1F1CFCDB37B2F,TRN-016EE6F5D42B9F73,B,true,stage1_overlap,informative_non_extreme,0.5,0.5,4,4,2,0
ERL-EE27293DFE05DEC2,TRN-63E8E0866B1752FA,B,true,stage1_overlap,informative_non_extreme,0.75,0.75,4,4,3,0
ERL-7D992EEEC5C18535,TRN-17A4F9268BF0F261,B,true,stage1_overlap,informative_non_extreme,0.75,0.75,4,4,3,0
ERL-57C10FF1DECB5E24,TRN-11EF44801D7FAA48,B,true,stage1_overlap,recoverable_zero,0.0,0.0,4,4,0,0
ERL-1DE72855A4F445F0,TRN-7CC97B1B65359791,B,true,stage1_overlap,informative_non_extreme,0.25,0.25,4,4,1,0
ERL-D92AB637C3C297FF,TRN-F52B72FDB1FAD2EF,B,true,stage1_overlap,informative_non_extreme,0.75,0.75,4,4,3,0
ERL-6CB69CF16135595F,TRN-495F999080DBB85D,B,true,stage1_overlap,informative_non_extreme,0.75,0.75,4,4,3,0
ERL-C6C7CAE64DDC3875,TRN-983F3EB2A47C13FE,B,true,stage1_overlap,informative_non_extreme,0.25,0.25,4,4,1,0
ERL-0151E2852BDD3A7A,TRN-A98C8574DF76E7F4,B,true,stage1_overlap,informative_non_extreme,0.75,0.75,4,4,3,0
ERL-2DE9A2250671A596,TRN-968153092A21D6BD,B,true,stage1_overlap,informative_non_extreme,0.25,0.3333333333333333,4,3,1,1
ERL-E638C249CA58C738,TRN-12338DAF2CBF6B15,B,true,unseen_probe,informative_non_extreme,0.5,0.5,4,4,2,0
ERL-E1F6E3200B7523ED,TRN-8CA2FD92D92C509C,B,true,stage1_overlap,recoverable_zero,0.0,0.0,4,4,0,0
ERL-C194A04CFF49AB3D,TRN-FB39EB1B49A1DDC6,B,true,unseen_probe,informative_non_extreme,0.25,0.25,4,4,1,0
ERL-DF3603B49043CB9F,TRN-B163B689D56D0F07,B,true,stage1_overlap,informative_non_extreme,0.75,0.75,4,4,3,0
ERL-792E9264FE87A5DF,TRN-BE251DA5E44DE081,B,true,stage1_overlap,informative_non_extreme,0.25,0.25,4,4,1,0
ERL-35EF9D114EB2FDC7,TRN-533C6019322C52D3,B,true,unseen_probe,informative_non_extreme,0.75,0.75,4,4,3,0
ERL-49363DB07845D882,TRN-AA802B9E2972C128,B,true,unseen_probe,informative_non_extreme,0.5,0.5,4,4,2,0
ERL-E338EE35DF959B43,TRN-1DD9FA8E431F4928,B,true,stage1_overlap,informative_non_extreme,0.75,0.75,4,4,3,0
ERL-4145F1FAAB37C618,TRN-EAD13991C16C83D6,B,true,stage1_overlap,recoverable_zero,0.0,0.0,4,4,0,0
ERL-88FE25CA784757AC,TRN-844A45D0BC6BCB31,B,true,stage1_overlap,informative_non_extreme,0.75,0.75,4,4,3,0
ERL-E2B97213C148647A,TRN-F4DC9CC9A6C7E586,B,true,unseen_probe,informative_non_extreme,0.75,0.75,4,4,3,0
ERL-B5D265E4AE7E2694,TRN-D85C81B61AFFBB39,B,true,stage1_overlap,informative_non_extreme,0.75,0.75,4,4,3,0
ERL-5C52F323C9DE1FDB,TRN-7AFE64F361FA7112,B,true,stage1_overlap,informative_non_extreme,0.5,0.5,4,4,2,0
ERL-6894983650497394,TRN-B9E4FEA4AD7ACF54,B,true,stage1_overlap,informative_non_extreme,0.75,0.75,4,4,3,0
ERL-C720504964DE851B,TRN-C3E541022E703BB6,B,true,stage1_overlap,informative_non_extreme,0.75,0.75,4,4,3,0
ERL-CB8841527727025E,TRN-BE15414604B69C8A,B,true,stage1_overlap,informative_non_extreme,0.75,0.75,4,4,3,0
ERL-AAC80EC685B2DC26,TRN-B003B640A697AEAD,B,true,stage1_overlap,informative_non_extreme,0.5,0.5,4,4,2,0
ERL-F68F6E068C6364A2,TRN-4FBB343ECD89882C,B,true,stage1_overlap,informative_non_extreme,0.5,0.5,4,4,2,0
ERL-A9F7872108039735,TRN-86E12948710E2280,B,true,stage1_overlap,informative_non_extreme,0.5,0.5,4,4,2,0
ERL-2FC2D083C4FD854F,TRN-5A2FB31D5D51EAC4,B,true,stage1_overlap,recoverable_zero,0.0,0.0,4,4,0,0
ERL-9133DE3BA59FC58D,TRN-10687AF99AE8E060,B,true,unseen_probe,informative_non_extreme,0.25,0.25,4,4,1,0
ERL-B721068B0A3DCD69,TRN-CF93EC152A34AC7E,B,true,stage1_overlap,informative_non_extreme,0.75,0.75,4,4,3,0
ERL-DDFC6183EC5C5B8A,TRN-C352218B6A53EC1A,B,true,unseen_probe,recoverable_zero,0.0,0.0,4,4,0,0
ERL-8C376F80B6247917,TRN-FC3582F7D8C595DA,B,true,stage1_overlap,recoverable_zero,0.0,0.0,4,4,0,0
ERL-ABB6ABEC3745AEB1,TRN-486248BA2DEAD918,B,true,stage1_overlap,informative_non_extreme,0.25,0.25,4,4,1,0
ERL-C7DFD169A8F972FA,TRN-61335761F502A3CB,B,true,stage1_overlap,informative_non_extreme,0.75,0.75,4,4,3,0
ERL-D374CC283E038211,TRN-A9BFEDDAE868285E,B,true,stage1_overlap,recoverable_zero,0.0,0.0,4,4,0,0
ERL-F5CF368BCA334CF3,TRN-EDEA7B39C690512F,B,true,unseen_probe,informative_non_extreme,0.25,0.25,4,4,1,0
ERL-61FB6E765E910A5C,TRN-72FAF28E66BDEF5E,B,true,unseen_probe,informative_non_extreme,0.5,0.5,4,4,2,0
ERL-D7DED61DC792F40D,TRN-915E54E116DFB471,B,true,stage1_overlap,recoverable_zero,0.0,0.0,4,4,0,0
ERL-DBF2A850B4343A60,TRN-A3E6D6670C34D921,B,true,stage1_overlap,recoverable_zero,0.0,0.0,4,4,0,0
ERL-BB1CE9F2DA5DDC73,TRN-86AF9CAE4966B20D,B,true,stage1_overlap,recoverable_zero,0.0,0.0,4,4,0,0
ERL-AE4EA39125136DB4,TRN-AA1E634CD4B525D5,B,true,stage1_overlap,informative_non_extreme,0.75,0.75,4,4,3,0
ERL-B2ACB701526C5E09,TRN-A170657835FFEFB1,B,true,stage1_overlap,informative_non_extreme,0.5,0.5,4,4,2,0
ERL-1CE605AF15AD5B62,TRN-7C6FDB6631101BFA,B,true,stage1_overlap,informative_non_extreme,0.75,0.75,4,4,3,0
ERL-C2CECE8FF6321957,TRN-D755867E19CF2C5E,B,true,stage1_overlap,informative_non_extreme,0.5,0.5,4,4,2,0
ERL-907F924DADC50CA6,TRN-283AE1CDABA5B8C2,B,true,stage1_overlap,informative_non_extreme,0.25,0.25,4,4,1,0
ERL-F2781E52A15CCDC2,TRN-61EA73522A12B00F,B,true,stage1_overlap,informative_non_extreme,0.75,0.75,4,4,3,0
ERL-C3043E43ECA2926F,TRN-1AB09B6EB29F5DEF,B,true,stage1_overlap,informative_non_extreme,0.75,0.75,4,4,3,0
ERL-5458A5C8D1A59FC1,TRN-D52EB8A61D848ED6,B,true,stage1_overlap,informative_non_extreme,0.75,0.75,4,4,3,0
ERL-F7EFDC156905F35D,TRN-85293217959882F7,B,true,stage1_overlap,informative_non_extreme,0.75,0.75,4,4,3,0
ERL-A73E94D92B52046E,TRN-2495235CA402A503,B,true,stage1_overlap,informative_non_extreme,0.5,0.6666666666666666,4,3,2,1
ERL-30B2D707DA2BDB2F,TRN-1351690F083B8001,B,true,stage1_overlap,informative_non_extreme,0.5,0.5,4,4,2,0
ERL-CD40A671305DFD9C,TRN-EEF973411EB46B4B,B,true,unseen_probe,informative_non_extreme,0.5,0.5,4,4,2,0
ERL-FD46451B7A0F1FC5,TRN-CE9E032AA68E8D2E,B,true,unseen_probe,informative_non_extreme,0.75,0.75,4,4,3,0
ERL-FB3EDDA1A3035EAA,TRN-453DF0B0B784EA05,B,true,stage1_overlap,informative_non_extreme,0.75,0.75,4,4,3,0
ERL-1DDA72713C8BE7D6,TRN-45ECA59C4CD5BE89,B,true,unseen_probe,informative_non_extreme,0.5,0.5,4,4,2,0
ERL-1117C27E375FC49C,TRN-A6355D25CB6C82A5,B,true,stage1_overlap,informative_non_extreme,0.25,0.25,4,4,1,0
ERL-3902E57953AACE3C,TRN-0FDB9C7E9FEFF192,B,true,stage1_overlap,informative_non_extreme,0.75,0.75,4,4,3,0
ERL-C3F9B310BB76986D,TRN-1D8ED87FC03F8031,B,true,stage1_overlap,informative_non_extreme,0.5,0.5,4,4,2,0
ERL-AEC419BD2DDCF914,TRN-32276E506E56E286,B,true,stage1_overlap,informative_non_extreme,0.75,0.75,4,4,3,0
ERL-C268137B1B1F8D22,TRN-A9F283D9C5BF37C1,B,true,unseen_probe,informative_non_extreme,0.25,0.25,4,4,1,0
ERL-54978C5946A6D8E1,TRN-63FBB3B129AFDF7A,B,true,unseen_probe,informative_non_extreme,0.5,0.5,4,4,2,0
ERL-8EB55FA2FAE129B2,TRN-EBD907AE42ED9D6E,B,true,stage1_overlap,informative_non_extreme,0.25,0.25,4,4,1,0
ERL-C5645A81E74CD73A,TRN-24C3ED730BFD6E73,B,true,unseen_probe,informative_non_extreme,0.25,0.25,4,4,1,0
ERL-9DD38F4C2645D108,TRN-D47B94A07BF46D17,B,true,unseen_probe,informative_non_extreme,0.75,0.75,4,4,3,0
ERL-22F69BECB73E4659,TRN-9F2F2FD128C16BE2,B,true,stage1_overlap,recoverable_zero,0.0,0.0,4,4,0,0
ERL-6660D3FE9F223139,TRN-F71B53157A76815A,B,true,stage1_overlap,informative_non_extreme,0.75,0.75,4,4,3,0
ERL-BCE5DDC49A4414D4,TRN-6CECE11302C194B4,B,true,stage1_overlap,informative_non_extreme,0.75,0.75,4,4,3,0
ERL-3432632CD09B8BA7,TRN-BFF373573C26E05E,B,true,stage1_overlap,informative_non_extreme,0.25,0.25,4,4,1,0
ERL-64EAA232C27F1A48,TRN-BA834D87E9A6330C,B,true,stage1_overlap,informative_non_extreme,0.25,0.25,4,4,1,0
ERL-8F1E95E9C7B1A6ED,TRN-F1373CBE330D6EFD,B,true,stage1_overlap,informative_non_extreme,0.5,0.5,4,4,2,0
ERL-392DE6EBDBB3C3DB,TRN-4642F13C20134FA3,B,true,stage1_overlap,informative_non_extreme,0.75,0.75,4,4,3,0
ERL-4F5D4ED19E6C98B8,TRN-49B0087C76103DFF,B,true,stage1_overlap,informative_non_extreme,0.75,0.75,4,4,3,0
ERL-BD24113B5E5028F3,TRN-00C46102B80DCD78,B,true,unseen_probe,informative_non_extreme,0.5,0.5,4,4,2,0
ERL-1FA21BEE34BA2A8C,TRN-E38D071A166003CF,B,true,stage1_overlap,informative_non_extreme,0.5,0.5,4,4,2,0
ERL-222CFC975343F0EB,TRN-D599994BA7BF704B,B,true,stage1_overlap,informative_non_extreme,0.5,0.5,4,4,2,0
ERL-C921121DCEF14948,TRN-15249DD7C70E227F,B,true,unseen_probe,informative_non_extreme,0.75,0.75,4,4,3,0
ERL-D2D61F2CF9084279,TRN-76219B3958694835,B,true,stage1_overlap,informative_non_extreme,0.5,0.5,4,4,2,0
ERL-0FCE2FFB6D9D0354,TRN-A8E9EFDBE05B4F45,B,true,stage1_overlap,informative_non_extreme,0.25,0.25,4,4,1,0
ERL-65D8757F38630C52,TRN-74915C8432A814A0,B,true,stage1_overlap,informative_non_extreme,0.25,0.25,4,4,1,0
ERL-215877DDF433145E,TRN-54793697BA56FD45,B,true,unseen_probe,informative_non_extreme,0.5,0.5,4,4,2,0
ERL-DF3FD43088BDB5D6,TRN-34E2B6DBDB7FF9E3,B,true,stage1_overlap,informative_non_extreme,0.75,0.75,4,4,3,0
ERL-0053DFEC90CCC535,TRN-06118FA13DEB2FC4,B,true,stage1_overlap,informative_non_extreme,0.5,0.5,4,4,2,0
ERL-F6CE6EF902E64231,TRN-CF1A925FBD0B170D,B,true,unseen_probe,informative_non_extreme,0.5,0.5,4,4,2,0
ERL-254C53E8842F2F38,TRN-30A72C1C6A7AD63E,B,true,stage1_overlap,informative_non_extreme,0.25,0.3333333333333333,4,3,1,1
ERL-20018F45A4138217,TRN-9DD4B60EA1E85ECF,B,true,unseen_probe,informative_non_extreme,0.5,0.5,4,4,2,0
ERL-719741BFDE3C9215,TRN-902917AF91636B39,B,true,stage1_overlap,informative_non_extreme,0.75,0.75,4,4,3,0
ERL-5A93E07DC8C991BA,TRN-90EC114B1B107816,B,true,stage1_overlap,informative_non_extreme,0.75,0.75,4,4,3,0
ERL-A5087AC510ED169A,TRN-FA6B55433987F390,B,true,stage1_overlap,informative_non_extreme,0.75,0.75,4,4,3,0
ERL-E632298D564ECD11,TRN-B2DDF46838585BDF,B,true,unseen_probe,informative_non_extreme,0.75,0.75,4,4,3,0
ERL-315EA760B00F7022,TRN-012C2078617BB1EA,B,true,unseen_probe,informative_non_extreme,0.75,0.75,4,4,3,0
ERL-EB740CE29553AE29,TRN-E30387E49CEA0489,B,true,unseen_probe,informative_non_extreme,0.75,0.75,4,4,3,0
ERL-93E8EEC01F1BE911,TRN-AD84B925F8A722A0,B,true,stage1_overlap,informative_non_extreme,0.5,0.5,4,4,2,0
ERL-EE2968014DFC2F21,TRN-22159B32AD16D41E,B,true,stage1_overlap,informative_non_extreme,0.5,0.5,4,4,2,0
ERL-D84C72867686A45C,TRN-D93E97545357BD2B,B,true,unseen_probe,informative_non_extreme,0.25,0.25,4,4,1,0
ERL-A629ADD5E8B14296,TRN-BE9DF58201E6F4A6,B,true,stage1_overlap,informative_non_extreme,0.75,0.75,4,4,3,0
ERL-DCD4B711873ECA5F,TRN-7CCA1E453DF24174,B,true,unseen_probe,informative_non_extreme,0.75,0.75,4,4,3,0
ERL-92AC4D61ADE4F072,TRN-8FC4BA4B6F4E2A43,B,true,unseen_probe,informative_non_extreme,0.75,0.75,4,4,3,0
ERL-8759CA400531BE93,TRN-A137DA5F76CD261F,B,true,unseen_probe,informative_non_extreme,0.5,0.5,4,4,2,0
ERL-84F7915B90A677CA,TRN-B2B783E03DCEAD09,B,true,stage1_overlap,informative_non_extreme,0.5,0.5,4,4,2,0
ERL-41786EF39D6F67F2,TRN-00CEDB01262EA8CE,B,true,stage1_overlap,recoverable_zero,0.0,0.0,4,4,0,0
ERL-04CDF978CE1E6C4A,TRN-75025A9B666A2626,B,true,stage1_overlap,informative_non_extreme,0.75,0.75,4,4,3,0
ERL-6BADF9483BFD6CDF,TRN-07CE9A63CABB0E51,B,true,stage1_overlap,recoverable_zero,0.0,0.0,4,4,0,0
ERL-5868531DB05BA87D,TRN-C7D792707328DEB0,B,true,stage1_overlap,informative_non_extreme,0.75,0.75,4,4,3,0
ERL-E3BD93AFD4B22A04,TRN-934EB5BAB44B079D,B,true,stage1_overlap,informative_non_extreme,0.5,0.5,4,4,2,0
ERL-E93B6752EA1F10AC,TRN-7933C043AE176627,B,true,unseen_probe,informative_non_extreme,0.5,0.5,4,4,2,0
ERL-1AEEDE64428F9AF0,TRN-58778702A590D183,B,true,stage1_overlap,informative_non_extreme,0.75,0.75,4,4,3,0
ERL-C57BC5F67C8D380A,TRN-41E8D1959C002EF2,B,true,stage1_overlap,informative_non_extreme,0.5,0.5,4,4,2,0
ERL-989E48168376CD99,TRN-040F485CFDE95B4F,B,true,stage1_overlap,informative_non_extreme,0.75,0.75,4,4,3,0
ERL-4FA18D391CA931D2,TRN-A7B5799C89F3FFCF,B,true,stage1_overlap,informative_non_extreme,0.75,0.75,4,4,3,0
ERL-1E65F8D5261B2E54,TRN-89BF476CC91A2F8C,B,true,stage1_overlap,recoverable_zero,0.0,0.0,4,4,0,0
ERL-583043D25AAAD316,TRN-0FC8D0F8F2CE0BEE,B,true,stage1_overlap,recoverable_zero,0.0,0.0,4,4,0,0
ERL-9A333788EDE84FF9,TRN-D9FCF8B930F16B19,B,true,unseen_probe,informative_non_extreme,0.75,0.75,4,4,3,0
ERL-EED52D05A0A72A61,TRN-F5A9354366BF050B,B,true,unseen_probe,informative_non_extreme,0.75,0.75,4,4,3,0
ERL-5823F242B6205F87,TRN-30463AA784C65FF6,B,true,stage1_overlap,informative_non_extreme,0.75,0.75,4,4,3,0
ERL-3528C09A656BB7C8,TRN-2A1A5B00DAE56878,B,true,stage1_overlap,informative_non_extreme,0.5,0.5,4,4,2,0
ERL-B59419DE7A563CCF,TRN-BC77B736006DF7A4,B,true,stage1_overlap,informative_non_extreme,0.5,0.5,4,4,2,0
ERL-AEF509471F846484,TRN-5ADC9BBEF0EDA71F,B,true,stage1_overlap,informative_non_extreme,0.75,0.75,4,4,3,0
ERL-C94389E9594C4364,TRN-9C6C760E9A8FC9D9,B,true,stage1_overlap,informative_non_extreme,0.25,0.25,4,4,1,0
ERL-B72C92EAC44553AE,TRN-7072933C745A224B,B,true,stage1_overlap,informative_non_extreme,0.5,0.5,4,4,2,0
ERL-A590AE2FF3CE0005,TRN-BE21CB6E530993E3,B,true,unseen_probe,recoverable_zero,0.0,0.0,4,4,0,0
ERL-417FE59246AFA131,TRN-A84041E7BEE2AAD6,B,true,stage1_overlap,informative_non_extreme,0.5,0.5,4,4,2,0
ERL-FEC2F262DCCC95CA,TRN-325FB0F392E6D51F,B,true,stage1_overlap,informative_non_extreme,0.25,0.25,4,4,1,0
ERL-59310557415A7163,TRN-019652D421B100C4,B,true,unseen_probe,informative_non_extreme,0.5,0.5,4,4,2,0
ERL-4EC94A83E1B7B082,TRN-9623FDEECC0439BE,B,true,stage1_overlap,recoverable_zero,0.0,0.0,4,4,0,0
ERL-891A73030717DDA0,TRN-2606FD9F7208E65F,B,true,stage1_overlap,informative_non_extreme,0.75,0.75,4,4,3,0
ERL-564472E3E92D250B,TRN-C0CACADEC13F5A6A,B,true,stage1_overlap,informative_non_extreme,0.75,0.75,4,4,3,0
ERL-9EA3466E6F94B097,TRN-4ABE6D271D5B454E,B,true,stage1_overlap,informative_non_extreme,0.75,0.75,4,4,3,0
ERL-835B9D26409C26DA,TRN-C34C9BD7896C4343,B,true,stage1_overlap,recoverable_zero,0.0,0.0,4,4,0,0
ERL-95266024CBA33850,TRN-C1B20DB410A947F6,B,true,unseen_probe,informative_non_extreme,0.75,0.75,4,4,3,0
ERL-B664F3AF082604F5,TRN-D9AB9254F0D72E5B,B,true,stage1_overlap,informative_non_extreme,0.25,0.25,4,4,1,0
ERL-468CC77723A7EEE4,TRN-B2594CBB1BC79F0C,B,true,unseen_probe,informative_non_extreme,0.5,0.5,4,4,2,0
ERL-FF84C8115E3C8250,TRN-EF27FB7CE65C7B56,B,true,stage1_overlap,informative_non_extreme,0.75,0.75,4,4,3,0
ERL-25E2250EDC800AF3,TRN-C539CA88E73AB1EC,B,true,stage1_overlap,informative_non_extreme,0.5,0.5,4,4,2,0
ERL-2662F39B34513C2E,TRN-65594F711086EC82,B,true,stage1_overlap,informative_non_extreme,0.25,0.25,4,4,1,0
ERL-0A89FEC9F0C048D4,TRN-29CFC25137AFE473,B,true,stage1_overlap,informative_non_extreme,0.5,0.5,4,4,2,0
ERL-49210411567486CD,TRN-17EF2566980AEDA2,B,true,unseen_probe,informative_non_extreme,0.25,0.25,4,4,1,0
ERL-A6FA054F9C4B1EDC,TRN-F21368E6FCFAE06A,B,true,stage1_overlap,informative_non_extreme,0.75,0.75,4,4,3,0
ERL-4D01016EF5EFD1B2,TRN-D722BCEE8CF5C039,B,true,stage1_overlap,informative_non_extreme,0.75,0.75,4,4,3,0
ERL-344B8AB7C24C6045,TRN-5B49A5E856A003FA,B,true,stage1_overlap,informative_non_extreme,0.5,0.5,4,4,2,0
ERL-F25EB20EE4F07407,TRN-E3AE07090DE999F8,B,true,stage1_overlap,informative_non_extreme,0.75,0.75,4,4,3,0
ERL-0DA138C494CDFC67,TRN-4E289D2B0CC21991,B,true,stage1_overlap,informative_non_extreme,0.25,0.25,4,4,1,0
ERL-6671EB3C7979963A,TRN-6D03784345CFF000,B,true,stage1_overlap,informative_non_extreme,0.5,0.5,4,4,2,0
ERL-1431CE084E222E0A,TRN-663A3ADA75CB898E,B,true,stage1_overlap,informative_non_extreme,0.75,0.75,4,4,3,0
ERL-A4A6CB7ED96320F4,TRN-E5A72DE11656072B,B,true,stage1_overlap,informative_non_extreme,0.75,0.75,4,4,3,0
ERL-02BC149F8B4CB54C,TRN-58600270F31AE8AA,B,true,stage1_overlap,informative_non_extreme,0.75,0.75,4,4,3,0
ERL-E2E05BD6C4AE4E32,TRN-7B58EBB0613736A7,B,true,stage1_overlap,informative_non_extreme,0.5,0.5,4,4,2,0
ERL-2F933813B2318D97,TRN-3F14051A4E27F4D9,B,true,stage1_overlap,informative_non_extreme,0.75,0.75,4,4,3,0
ERL-F9B752B4C7A13A85,TRN-158F46491727C007,B,true,stage1_overlap,informative_non_extreme,0.75,0.75,4,4,3,0
ERL-5BCA9878DB86142C,TRN-234BDE137C084205,B,true,stage1_overlap,informative_non_extreme,0.75,0.75,4,4,3,0
ERL-E9C8CAE82D1A9362,TRN-621E34941E2FF39A,B,true,stage1_overlap,informative_non_extreme,0.75,0.75,4,4,3,0
ERL-A12B8E60F771E4D8,TRN-766B6F816880EE3D,B,true,stage1_overlap,informative_non_extreme,0.75,0.75,4,4,3,0
ERL-C4BB49181CEC9A92,TRN-91493567AD2B8792,B,true,stage1_overlap,informative_non_extreme,0.5,0.5,4,4,2,0
ERL-BA894402C4F53197,TRN-84A6AEE5277123EC,B,true,stage1_overlap,informative_non_extreme,0.75,0.75,4,4,3,0
ERL-C752D8179D3DDAA7,TRN-864EC010BB08DF03,B,true,stage1_overlap,informative_non_extreme,0.75,0.75,4,4,3,0
ERL-6CAA7C95F28E2AD2,TRN-671A1469C5D1B2D5,B,true,stage1_overlap,informative_non_extreme,0.5,0.5,4,4,2,0
ERL-9590076D3B933A75,TRN-4EA901732289302F,B,true,stage1_overlap,informative_non_extreme,0.75,0.75,4,4,3,0
ERL-38D0EF88B501B983,TRN-F449318A8B257EBF,B,true,stage1_overlap,informative_non_extreme,0.75,0.75,4,4,3,0
ERL-D7D05879E053A423,TRN-07D8CF29D14A3034,B,true,unseen_probe,informative_non_extreme,0.25,0.25,4,4,1,0
ERL-AF32790DCF08DC6A,TRN-CA0E2C576FA78C85,B,true,stage1_overlap,informative_non_extreme,0.75,0.75,4,4,3,0
ERL-B0413D1969410529,TRN-A3663CCB807EE59E,B,true,unseen_probe,recoverable_zero,0.0,0.0,4,4,0,0
ERL-AD9EE43E8F89DD46,TRN-1B50829715A076C3,B,true,stage1_overlap,informative_non_extreme,0.5,0.5,4,4,2,0
ERL-5ABB6216ED2F03C0,TRN-617151A94B6900C3,B,true,unseen_probe,informative_non_extreme,0.75,0.75,4,4,3,0
ERL-7B037ACECD1F5ED0,TRN-B658692C1C11505F,B,true,stage1_overlap,informative_non_extreme,0.75,0.75,4,4,3,0
ERL-FBDE135B6112FDA3,TRN-0DEFACB9D437EC5E,B,true,stage1_overlap,recoverable_zero,0.0,0.0,4,4,0,0
ERL-B0A2C8F37B933025,TRN-35A3C3C782A4EAE4,B,true,unseen_probe,informative_non_extreme,0.75,0.75,4,4,3,0
ERL-B60948C3B532A295,TRN-A28D3BDAC9B3F528,B,true,stage1_overlap,informative_non_extreme,0.25,0.25,4,4,1,0
ERL-A67D4D746BE337B3,TRN-F3FAE49C8D46F1B4,B,true,stage1_overlap,informative_non_extreme,0.5,0.5,4,4,2,0
ERL-EBB555DBA0F84C5D,TRN-8302631B7EAE4198,B,true,stage1_overlap,informative_non_extreme,0.75,0.75,4,4,3,0
ERL-DE8065053B2701DD,TRN-0F1BA1CFF99209B6,B,true,unseen_probe,informative_non_extreme,0.75,0.75,4,4,3,0
ERL-C938253523172CF2,TRN-358EB7EAC6EB76FF,B,true,stage1_overlap,informative_non_extreme,0.75,0.75,4,4,3,0
ERL-1E94D26390FB81BA,TRN-7F6488EED1487FB1,B,true,stage1_overlap,informative_non_extreme,0.5,0.5,4,4,2,0
ERL-1ECAA542A0FAF477,TRN-7B2B5CC8F1756F72,B,true,stage1_overlap,informative_non_extreme,0.5,0.5,4,4,2,0
ERL-224520149B89F39D,TRN-B50741A4F5DEAE83,B,true,stage1_overlap,informative_non_extreme,0.5,0.5,4,4,2,0
ERL-6F79E8D8DA626438,TRN-5C1F7F5058D66996,B,true,unseen_probe,informative_non_extreme,0.75,0.75,4,4,3,0
ERL-7DE2C84F81A319C4,TRN-6E45B1B302180767,B,true,stage1_overlap,informative_non_extreme,0.5,0.5,4,4,2,0
ERL-D5B3757234FD68ED,TRN-95F40F68A9882F10,B,true,stage1_overlap,informative_non_extreme,0.75,0.75,4,4,3,0
ERL-5EC779FF212346A9,TRN-43F8AFB4C8FBB0DC,B,true,stage1_overlap,informative_non_extreme,0.5,0.5,4,4,2,0
ERL-52B13A7531A1B558,TRN-85CB405E738AB7A7,B,true,stage1_overlap,informative_non_extreme,0.5,0.5,4,4,2,0
ERL-1F6DBB7492A18C96,TRN-309DEA73A7BEF2EA,B,true,stage1_overlap,recoverable_zero,0.0,0.0,4,4,0,0
ERL-8219A656DDB2D6AA,TRN-BA96FC8CC7746FF0,B,true,stage1_overlap,recoverable_zero,0.0,0.0,4,4,0,0
ERL-4CA9977F066F97DC,TRN-02571C117C4092A4,B,true,unseen_probe,informative_non_extreme,0.5,0.5,4,4,2,0
ERL-068CE9F69A866BC9,TRN-73B243695566CB0F,B,true,unseen_probe,informative_non_extreme,0.25,0.25,4,4,1,0
ERL-323777751D6978A2,TRN-0322381F14B3EB2B,B,true,stage1_overlap,informative_non_extreme,0.75,0.75,4,4,3,0
ERL-2F8B84B6DDBCB901,TRN-081B06256E404ABB,B,true,stage1_overlap,informative_non_extreme,0.25,0.25,4,4,1,0
ERL-B6BA732C8B6F0C4A,TRN-D21B155D84968614,B,true,stage1_overlap,informative_non_extreme,0.75,0.75,4,4,3,0
ERL-39297DCE9114B352,TRN-20C9E81ED36D04C6,B,true,stage1_overlap,informative_non_extreme,0.75,0.75,4,4,3,0
ERL-7485188A478C4168,TRN-E5FCB70AF60EDE17,B,true,stage1_overlap,informative_non_extreme,0.75,0.75,4,4,3,0
ERL-4D7CE67D8D55709C,TRN-5AA5EA324421796F,B,true,unseen_probe,recoverable_zero,0.0,0.0,4,4,0,0
ERL-B8E8C53C7A2D0D7D,TRN-032E3A6D0AE42E57,B,true,stage1_overlap,informative_non_extreme,0.75,0.75,4,4,3,0
ERL-993F56C06C580862,TRN-55F8777006BDB055,B,true,stage1_overlap,informative_non_extreme,0.25,0.25,4,4,1,0
ERL-4D92921087322660,TRN-20E76BC0A7D3F414,B,true,unseen_probe,informative_non_extreme,0.75,0.75,4,4,3,0
ERL-0723E153FDE2ED5B,TRN-BB3436FACBA3BFC7,B,true,stage1_overlap,informative_non_extreme,0.5,0.5,4,4,2,0
ERL-B535F07B301D74D5,TRN-0A98C3CFE7BEF32B,B,true,stage1_overlap,informative_non_extreme,0.75,0.75,4,4,3,0
ERL-D27BB1F31173FDFE,TRN-7CC9CC2CAC7ACC9D,B,true,stage1_overlap,informative_non_extreme,0.5,0.5,4,4,2,0
ERL-B79182B1B70E8C8B,TRN-D117BF53733089F6,B,true,stage1_overlap,recoverable_zero,0.0,0.0,4,4,0,0
ERL-E298C85B43FBBED2,TRN-F50F2E0302E6578C,B,true,stage1_overlap,informative_non_extreme,0.25,0.25,4,4,1,0
ERL-C9732C1D6D78BCB9,TRN-7FA0BE857CF150A4,B,true,unseen_probe,informative_non_extreme,0.5,0.5,4,4,2,0
ERL-D16F990A0D253671,TRN-77B6A591B0A4DFC2,B,true,stage1_overlap,informative_non_extreme,0.5,0.5,4,4,2,0
ERL-63C4DCCE25E98938,TRN-8A7C9D47E1019AF6,B,true,stage1_overlap,informative_non_extreme,0.75,0.75,4,4,3,0
ERL-EA1BAD70C114FB5A,TRN-03C0140326CDD64F,B,true,stage1_overlap,informative_non_extreme,0.75,0.75,4,4,3,0
ERL-ACE9722AD28076A3,TRN-F58FCEA487E31523,B,true,unseen_probe,informative_non_extreme,0.75,0.75,4,4,3,0
ERL-F54D5A079FADFCD9,TRN-6A83D1C2E9389393,B,true,unseen_probe,informative_non_extreme,0.25,0.25,4,4,1,0
ERL-70C501A7D7DA98BD,TRN-9B336C22711040ED,B,true,stage1_overlap,informative_non_extreme,0.75,0.75,4,4,3,0
ERL-7B8845890E23AEF2,TRN-42AA7ED5D59DBBD0,B,true,stage1_overlap,informative_non_extreme,0.25,0.25,4,4,1,0
ERL-59AD3672B80FEB7D,TRN-35EAA5E571AD992C,B,true,unseen_probe,informative_non_extreme,0.75,0.75,4,4,3,0
ERL-8FE0FDF40DD6E014,TRN-0730029AEA797D79,B,true,unseen_probe,recoverable_zero,0.0,0.0,4,4,0,0
ERL-C25BDB0EF5B87A5A,TRN-6F5EBBE1546632A7,B,true,unseen_probe,informative_non_extreme,0.75,0.75,4,4,3,0
ERL-F171B57183192252,TRN-1FE10AB7CE6E7B66,B,true,unseen_probe,informative_non_extreme,0.75,0.75,4,4,3,0
ERL-EC637D4293D956B4,TRN-47C3A78939151650,B,true,unseen_probe,informative_non_extreme,0.25,0.25,4,4,1,0
ERL-DFDE1FBD1F6EA7B8,TRN-3E321FEF84B14FB9,B,true,stage1_overlap,informative_non_extreme,0.25,0.25,4,4,1,0
ERL-CF08EEE1B1F5D835,TRN-DB03B00BCE13FA37,B,true,unseen_probe,informative_non_extreme,0.75,0.75,4,4,3,0
ERL-C2B5036A6A11D88E,TRN-90C2B0548C8EE51D,B,true,unseen_probe,informative_non_extreme,0.75,0.75,4,4,3,0
ERL-60288594688AA92C,TRN-C198C1D919ABFE48,B,true,stage1_overlap,informative_non_extreme,0.75,0.75,4,4,3,0
ERL-D8F7E0E65C43CDBF,TRN-721325213A1F872E,B,true,unseen_probe,informative_non_extreme,0.5,0.5,4,4,2,0
ERL-578764FC0FBEB009,TRN-2E14F70E0823E17E,B,true,unseen_probe,informative_non_extreme,0.75,0.75,4,4,3,0
ERL-6199D1035F70673D,TRN-DEF0DA5DA9F98956,B,true,stage1_overlap,informative_non_extreme,0.5,0.5,4,4,2,0
ERL-30C45DA4FC3C86EF,TRN-931E0A1B7F1570BE,B,true,stage1_overlap,informative_non_extreme,0.5,0.5,4,4,2,0
ERL-43A9090CB10FA1C3,TRN-84EC34009B0E2B72,B,true,unseen_probe,informative_non_extreme,0.75,0.75,4,4,3,0
ERL-BEC007F1DC88DF4C,TRN-00B8098A9CE4AEE9,B,true,stage1_overlap,informative_non_extreme,0.5,0.5,4,4,2,0
ERL-503D7C073AE5DEDE,TRN-E69AACA3F0DD35CC,B,true,stage1_overlap,informative_non_extreme,0.75,0.75,4,4,3,0
ERL-DC1A456C4CF760A7,TRN-B829965633CEA38A,B,true,stage1_overlap,recoverable_zero,0.0,0.0,4,4,0,0
ERL-D13CBE046D101E38,TRN-A1DF22DCF90E6486,B,true,stage1_overlap,informative_non_extreme,0.25,0.25,4,4,1,0
ERL-19895845E7745DD1,TRN-A7CF1FF1D63DA911,B,true,stage1_overlap,informative_non_extreme,0.75,0.75,4,4,3,0
ERL-30EBFDA9FC95198E,TRN-C7BCB0DC25530517,B,true,stage1_overlap,informative_non_extreme,0.25,0.25,4,4,1,0
ERL-BC3E02464AE8E190,TRN-179486512DB47430,B,true,unseen_probe,informative_non_extreme,0.25,0.25,4,4,1,0
ERL-700845CB06138387,TRN-99903EA1117EA542,B,true,stage1_overlap,informative_non_extreme,0.5,0.5,4,4,2,0
ERL-E70A9BB8DDC08E98,TRN-4D234FEB987F2413,B,true,stage1_overlap,informative_non_extreme,0.75,0.75,4,4,3,0
ERL-47317EAE9372076D,TRN-77BF5610577067FC,B,true,unseen_probe,informative_non_extreme,0.75,0.75,4,4,3,0
ERL-D1F4A8F3BEBA040F,TRN-B0D37BD62191D533,B,true,stage1_overlap,informative_non_extreme,0.25,0.25,4,4,1,0
ERL-525575E00F659E5A,TRN-F109502F0578DE6C,B,true,stage1_overlap,informative_non_extreme,0.25,0.25,4,4,1,0
ERL-64EE7DCA4B0FAEB8,TRN-DBB8F98BFEFB354D,B,true,unseen_probe,informative_non_extreme,0.75,0.75,4,4,3,0
ERL-08B879B9A23EBA65,TRN-453072C91AD45116,B,true,stage1_overlap,recoverable_zero,0.0,0.0,4,4,0,0
ERL-D2E6898FB0FCA145,TRN-98CB4D06DE14DC76,B,true,unseen_probe,informative_non_extreme,0.75,0.75,4,4,3,0
ERL-76BA133E1537750E,TRN-041EF1FD28720A5E,B,true,stage1_overlap,informative_non_extreme,0.75,0.75,4,4,3,0
ERL-2DFD464F5EB0B223,TRN-CCBC2C4165986071,B,true,stage1_overlap,informative_non_extreme,0.25,0.25,4,4,1,0
ERL-1594437812709CFF,TRN-402648E54CE1E862,B,true,stage1_overlap,informative_non_extreme,0.75,0.75,4,4,3,0
ERL-B197C571FB983636,TRN-D57BF801AD2472C4,B,true,stage1_overlap,informative_non_extreme,0.5,0.5,4,4,2,0
ERL-75CD3B2CE80B1BD5,TRN-2340C335E04C0A57,B,true,stage1_overlap,recoverable_zero,0.0,0.0,4,4,0,0
ERL-B0B3B51C0B53EB50,TRN-DFBE3A48E49DD614,B,true,stage1_overlap,informative_non_extreme,0.5,0.5,4,4,2,0
ERL-169BFA35699249EF,TRN-F66C97C65530B806,B,true,stage1_overlap,informative_non_extreme,0.75,0.75,4,4,3,0
ERL-469EC0ED4F790D94,TRN-9682B70BAD155231,B,true,unseen_probe,informative_non_extreme,0.5,0.5,4,4,2,0
ERL-C4E76DBFFA4C1BC0,TRN-91737DD180EA4002,B,true,stage1_overlap,informative_non_extreme,0.75,0.75,4,4,3,0
ERL-7D5732BA7A115E68,TRN-3BBC67E9785651FB,B,true,stage1_overlap,informative_non_extreme,0.75,0.75,4,4,3,0
ERL-AF77E93432E115EB,TRN-EFC7A0108BDBED58,B,true,stage1_overlap,informative_non_extreme,0.25,0.25,4,4,1,0
ERL-E2AA26C16FB407BE,TRN-5AAC36678D023694,B,true,unseen_probe,informative_non_extreme,0.5,0.5,4,4,2,0
ERL-C7777F2BDB4C274A,TRN-2A3006EE75435E66,B,true,stage1_overlap,informative_non_extreme,0.5,0.5,4,4,2,0
ERL-7476C51C5EF25036,TRN-E6FAFBD7EFF7D1F7,B,true,stage1_overlap,informative_non_extreme,0.25,0.25,4,4,1,0
ERL-D88AA5B7A19AB569,TRN-E07837C4082E804A,B,true,stage1_overlap,informative_non_extreme,0.75,0.75,4,4,3,0
ERL-EFFCC2D7D4929C60,TRN-ECE98CDEAE12A8D7,B,true,stage1_overlap,informative_non_extreme,0.5,0.5,4,4,2,0
ERL-75F4821234D45E90,TRN-8748B25EB53830A5,B,true,unseen_probe,informative_non_extreme,0.75,0.75,4,4,3,0
ERL-067E1B6AF1C4FB95,TRN-B29CB7F7A61EB3B0,B,true,stage1_overlap,recoverable_zero,0.0,0.0,4,4,0,0
ERL-4AA78009211C3E78,TRN-E793A1FEA79DF80F,B,true,unseen_probe,informative_non_extreme,0.5,0.5,4,4,2,0
ERL-50C1CC29B7844628,TRN-98E325F10EB5EFAC,B,true,unseen_probe,informative_non_extreme,0.75,0.75,4,4,3,0
ERL-6231D167B60EF074,TRN-043D6AAE0345E974,B,true,stage1_overlap,informative_non_extreme,0.25,0.25,4,4,1,0
ERL-AF29E2E5BD501D72,TRN-754E7C6DA3C32F25,B,true,unseen_probe,informative_non_extreme,0.5,0.5,4,4,2,0
ERL-89FFFDF53548134C,TRN-E109061DD1715EA0,B,true,stage1_overlap,informative_non_extreme,0.75,0.75,4,4,3,0
ERL-7814C1DF4CD9EBDE,TRN-787D3DD425C5D051,B,true,stage1_overlap,recoverable_zero,0.0,0.0,4,4,0,0
ERL-F9DD8DE189F69564,TRN-E419EE3C8FF5F200,B,true,stage1_overlap,informative_non_extreme,0.5,0.5,4,4,2,0
ERL-344524E0C90B1945,TRN-A4A28870E77FE7E7,B,true,unseen_probe,informative_non_extreme,0.75,0.75,4,4,3,0
ERL-231FC627B919CB4B,TRN-63E92EEA5E2F12AF,B,true,stage1_overlap,recoverable_zero,0.0,0.0,4,4,0,0
ERL-D61649CB663FC38C,TRN-7EE35E78301ACCB2,B,true,unseen_probe,informative_non_extreme,0.75,0.75,4,4,3,0
ERL-9C62AC991E0DE0EB,TRN-F3023ABBF26DF7E5,B,true,stage1_overlap,informative_non_extreme,0.75,0.75,4,4,3,0
ERL-0C5274BF8E895CA2,TRN-182D95168413B420,B,true,unseen_probe,informative_non_extreme,0.75,0.75,4,4,3,0
ERL-771683030EC1230A,TRN-D1B32E310EE285AD,B,true,stage1_overlap,informative_non_extreme,0.5,0.5,4,4,2,0
ERL-1841348D282CE42D,TRN-25A6EF4C2936E080,B,true,unseen_probe,informative_non_extreme,0.5,0.5,4,4,2,0
ERL-8620B1DB715930EB,TRN-6B079739E11258E2,B,true,stage1_overlap,informative_non_extreme,0.25,0.3333333333333333,4,3,1,1
ERL-A3D3E3F911EEFA20,TRN-D86947A7F7CF7A17,B,true,stage1_overlap,recoverable_zero,0.0,0.0,4,4,0,0
ERL-711E9B937B369400,TRN-31DE400E2D0312F7,B,true,unseen_probe,informative_non_extreme,0.25,0.25,4,4,1,0
ERL-67CF2E6F02ABA24D,TRN-C31A2322D93671AC,B,true,unseen_probe,informative_non_extreme,0.75,0.75,4,4,3,0
ERL-AD8BB05D4BA84833,TRN-70A45F18438D4D26,B,true,stage1_overlap,informative_non_extreme,0.75,0.75,4,4,3,0
ERL-585BFA7553633BF0,TRN-DF2F502F74F315B0,B,true,unseen_probe,informative_non_extreme,0.75,0.75,4,4,3,0
ERL-E0965873DC06EF49,TRN-111626B6F62AFDD9,B,true,stage1_overlap,informative_non_extreme,0.5,0.5,4,4,2,0
ERL-8CF7FC4BEDABFBB7,TRN-BC87FA2AC9F40382,B,true,stage1_overlap,informative_non_extreme,0.5,0.5,4,4,2,0
ERL-FAB30266CAEA4C7F,TRN-7C8D032914508559,B,true,stage1_overlap,informative_non_extreme,0.25,0.25,4,4,1,0
ERL-719A69776F2F9725,TRN-D20A2E738BFE3EA2,B,true,stage1_overlap,informative_non_extreme,0.25,0.25,4,4,1,0
ERL-7F763C6B5284A0BD,TRN-9DC2ECC5198D2890,B,true,stage1_overlap,recoverable_zero,0.0,0.0,4,3,0,1
ERL-E34C6071242C9C2D,TRN-3B94C1EE9982E0E1,B,true,unseen_probe,informative_non_extreme,0.75,0.75,4,4,3,0
ERL-B67632E36E497F1C,TRN-45EB39CF307E9AF0,B,true,stage1_overlap,informative_non_extreme,0.75,0.75,4,4,3,0
ERL-2B3272921833C632,TRN-62A8B2393EBE5D1C,B,true,stage1_overlap,informative_non_extreme,0.75,0.75,4,4,3,0
ERL-BFF28155FC0B6E66,TRN-82CAFFC37D65A214,B,true,stage1_overlap,informative_non_extreme,0.5,0.5,4,4,2,0
ERL-FB126E5C79B298B6,TRN-2245F5479ADFF48A,B,true,stage1_overlap,informative_non_extreme,0.75,0.75,4,4,3,0
ERL-767BA49BDD7CC777,TRN-D588A23C39763953,B,true,unseen_probe,informative_non_extreme,0.5,0.5,4,4,2,0
ERL-A2CAB62E239C9390,TRN-67414FA2399DD582,B,true,stage1_overlap,informative_non_extreme,0.75,0.75,4,4,3,0
ERL-6F305A5F79294D23,TRN-869DD2C3B91A2299,B,true,unseen_probe,informative_non_extreme,0.25,0.25,4,4,1,0
ERL-1ADEA4C46D8610FE,TRN-97679D6A964C539D,B,true,stage1_overlap,recoverable_zero,0.0,0.0,4,4,0,0
ERL-AA31F469AF6DFD19,TRN-D7BD3D693FCDECC0,B,true,unseen_probe,informative_non_extreme,0.75,0.75,4,4,3,0
ERL-833B0AB990352CC0,TRN-9FE6ED77D8DB1F70,B,true,stage1_overlap,informative_non_extreme,0.25,0.25,4,4,1,0
ERL-4F6FCE81FDF5BA74,TRN-93895EEB68132CBF,B,true,unseen_probe,informative_non_extreme,0.75,0.75,4,4,3,0
ERL-712627C09D26254A,TRN-0CED7243A1D46BDB,B,true,stage1_overlap,informative_non_extreme,0.25,0.25,4,4,1,0
ERL-C239D060DEE655BA,TRN-3A84A15C4714103B,B,true,stage1_overlap,informative_non_extreme,0.25,0.25,4,4,1,0
ERL-470675C0DA7B95FA,TRN-9602EF679C6F2C81,B,true,stage1_overlap,informative_non_extreme,0.75,0.75,4,4,3,0
ERL-866AE6423444A4DF,TRN-3A6E768847347A2A,B,true,stage1_overlap,informative_non_extreme,0.5,0.5,4,4,2,0
ERL-0D7CA1ECAFDF1524,TRN-A915DFF428690870,B,true,stage1_overlap,informative_non_extreme,0.75,0.75,4,4,3,0
ERL-9853C11AFF263412,TRN-619D1C7179215890,B,true,stage1_overlap,informative_non_extreme,0.25,0.25,4,4,1,0
ERL-07F11A299482E6D9,TRN-E43FDFF8413CFA9F,B,true,stage1_overlap,informative_non_extreme,0.25,0.25,4,4,1,0
ERL-3A903A9FF84607B9,TRN-9BAE0A244FD84532,B,true,stage1_overlap,informative_non_extreme,0.5,0.5,4,4,2,0
ERL-73CAC462E73107C8,TRN-C327F42E42A4E567,B,true,stage1_overlap,informative_non_extreme,0.5,0.5,4,4,2,0
ERL-85078CFC903AFDDC,TRN-659E710199041329,B,true,stage1_overlap,informative_non_extreme,0.75,0.75,4,4,3,0
ERL-139B4BFAE7320098,TRN-AA1AB52D30626F71,B,true,stage1_overlap,informative_non_extreme,0.25,0.25,4,4,1,0
ERL-8B749CF930466743,TRN-0AABA3A201BCB0E5,B,true,stage1_overlap,informative_non_extreme,0.5,0.5,4,4,2,0
ERL-5DB08CE92F796636,TRN-87B9204BDCBBDFBD,B,true,stage1_overlap,informative_non_extreme,0.25,0.25,4,4,1,0
ERL-EC2F334868E8DBA5,TRN-65241B426375CE78,B,true,stage1_overlap,informative_non_extreme,0.75,0.75,4,4,3,0
ERL-E4854591BBA15041,TRN-B16C100071CCF68F,B,true,stage1_overlap,informative_non_extreme,0.25,0.25,4,4,1,0
ERL-B4E0B5FCF4B53A3C,TRN-C454E3F3E6172B50,B,true,stage1_overlap,informative_non_extreme,0.5,0.5,4,4,2,0
ERL-E7E2550AAB0FB40D,TRN-2DB3E560A59A9C60,B,true,stage1_overlap,recoverable_zero,0.0,0.0,4,4,0,0
ERL-8C155348CF03F2DB,TRN-2F971741C7933A9C,B,true,unseen_probe,informative_non_extreme,0.25,0.25,4,4,1,0
ERL-A2EA8CE8ED5D294A,TRN-28BC8809A071D388,B,true,unseen_probe,informative_non_extreme,0.5,0.5,4,4,2,0
ERL-5BB4B3696FA62D2A,TRN-0F72F3EEC4762A00,B,true,unseen_probe,informative_non_extreme,0.25,0.25,4,4,1,0
ERL-258B23A7FDB9CCFB,TRN-24DB5C8994E97B0A,B,true,stage1_overlap,recoverable_zero,0.0,0.0,4,4,0,0
ERL-437F01B30E00D38D,TRN-A475FDADDE8F1D24,B,true,stage1_overlap,informative_non_extreme,0.5,0.5,4,4,2,0
ERL-F2655B8F037390C3,TRN-1B3FB50353366E6A,B,true,unseen_probe,informative_non_extreme,0.25,0.25,4,4,1,0
ERL-B177402B4710F67B,TRN-83D3F7A50263E9B7,B,true,stage1_overlap,recoverable_zero,0.0,0.0,4,4,0,0
ERL-922CFBDF66E88524,TRN-7A22BEFB83E71732,B,true,stage1_overlap,informative_non_extreme,0.75,0.75,4,4,3,0
ERL-56798FA44CE91EAF,TRN-F71DF3009848C94D,B,true,stage1_overlap,informative_non_extreme,0.5,0.5,4,4,2,0
ERL-BD4881D704D723A7,TRN-7696AFA2DD77CA5F,B,true,stage1_overlap,informative_non_extreme,0.75,0.75,4,4,3,0
ERL-B5FF6B0BB0A83FC6,TRN-E4F4884F7636BFC3,B,true,unseen_probe,informative_non_extreme,0.5,0.5,4,4,2,0
ERL-FEB92F1252D6CC4D,TRN-F8146E23CE0C0DBE,B,true,stage1_overlap,informative_non_extreme,0.25,0.25,4,4,1,0
ERL-5D4680117A8BDCCC,TRN-9494C892B2BBDDD8,B,true,stage1_overlap,informative_non_extreme,0.75,0.75,4,4,3,0
ERL-6B04D39691DCB95D,TRN-87524296AAC820F7,B,true,stage1_overlap,recoverable_zero,0.0,0.0,4,4,0,0
ERL-584CD5FB03F3F8EA,TRN-BF56E7DAF5EEFBAB,B,true,unseen_probe,informative_non_extreme,0.75,0.75,4,4,3,0
ERL-D957597B67EF42FB,TRN-95BBE3427E8A0CC0,B,true,unseen_probe,informative_non_extreme,0.5,0.5,4,4,2,0
ERL-2E18EB2DF141B0D2,TRN-E3AC9EF37A50C729,B,true,unseen_probe,informative_non_extreme,0.75,0.75,4,4,3,0
ERL-46586705ED99A310,TRN-6D5BFA5426CD0B38,B,true,stage1_overlap,informative_non_extreme,0.5,0.5,4,4,2,0
ERL-86853A88CE5AFA8F,TRN-77E0D9F1FDF36984,B,true,unseen_probe,informative_non_extreme,0.75,0.75,4,4,3,0
ERL-857A0B1ACE021580,TRN-F531AAA6776EC3BA,B,true,stage1_overlap,informative_non_extreme,0.5,0.5,4,4,2,0
ERL-D2BBAAF9BF527AD0,TRN-01564B7C4CA9DC8C,B,true,stage1_overlap,informative_non_extreme,0.5,0.5,4,4,2,0
ERL-97D8A3E45AE053AD,TRN-5978963EB3ABD45D,B,true,stage1_overlap,informative_non_extreme,0.5,0.5,4,4,2,0
ERL-381EC865BED0FEE1,TRN-C73573D9732C08AB,B,true,stage1_overlap,recoverable_zero,0.0,0.0,4,4,0,0
ERL-C2F5DE8E23ED7B98,TRN-6AAFB92FBD53FE91,B,true,unseen_probe,informative_non_extreme,0.25,0.25,4,4,1,0
ERL-5ABCF4F95E04D97B,TRN-FBAC3BE25125C5C2,B,true,unseen_probe,informative_non_extreme,0.75,0.75,4,4,3,0
ERL-D45D509B17CA34D0,TRN-0EDA5E9E810A70A4,B,true,stage1_overlap,informative_non_extreme,0.75,0.75,4,4,3,0
ERL-B7CB2B61EB195021,TRN-FEA65789A6E1349D,B,true,stage1_overlap,informative_non_extreme,0.25,0.25,4,4,1,0
ERL-B61ADDDCB6AA5C38,TRN-37492ECC1D6894BF,B,true,unseen_probe,informative_non_extreme,0.75,0.75,4,4,3,0
ERL-26B5B6E99B740252,TRN-25D3D5AAAC9F6467,B,true,unseen_probe,informative_non_extreme,0.75,0.75,4,4,3,0
ERL-F7839C4E414A3534,TRN-23F58C67650E4192,B,true,unseen_probe,informative_non_extreme,0.75,0.75,4,4,3,0
ERL-BCA3A40FA33C19D4,TRN-E49C4CCA565C44B6,B,true,stage1_overlap,informative_non_extreme,0.5,0.5,4,4,2,0
ERL-EA5D9F33E8D0312B,TRN-1204F7D38F44B51E,B,true,stage1_overlap,informative_non_extreme,0.5,0.5,4,4,2,0
ERL-40DBCD557BCBC4CC,TRN-9899AF6FAD4DC891,B,true,stage1_overlap,informative_non_extreme,0.25,0.25,4,4,1,0
ERL-6584DB8C34AD1D41,TRN-4B62538C9A471848,B,true,stage1_overlap,recoverable_zero,0.0,0.0,4,4,0,0
ERL-8C5DA9186633A1A4,TRN-EFC75F1B54D27CAC,B,true,stage1_overlap,informative_non_extreme,0.5,0.5,4,4,2,0
ERL-55D7863B84B4328D,TRN-34AEE3F1ED7800DC,B,true,unseen_probe,informative_non_extreme,0.25,0.25,4,4,1,0
ERL-DFFA328906A57600,TRN-C92B63258DF41880,B,true,stage1_overlap,informative_non_extreme,0.25,0.25,4,4,1,0
ERL-BF6598E3119D9C32,TRN-9277A53A126B6B0F,B,true,unseen_probe,informative_non_extreme,0.75,0.75,4,4,3,0
ERL-F9C737A5D3349821,TRN-0B8FF9EB1C622D0E,B,true,stage1_overlap,informative_non_extreme,0.25,0.25,4,4,1,0
ERL-D6FCDA8838062871,TRN-02497F5F70CDEB8E,B,true,stage1_overlap,informative_non_extreme,0.5,0.5,4,4,2,0
ERL-831C4A091257ED9C,TRN-102247B14BD0505B,B,true,stage1_overlap,informative_non_extreme,0.5,0.5,4,4,2,0
ERL-24E5EF5D1B38B5F5,TRN-25E03A6A8D30C3F0,B,true,stage1_overlap,recoverable_zero,0.0,0.0,4,4,0,0
ERL-4101CDCF45B2E993,TRN-E98A69B77651AE72,B,true,stage1_overlap,informative_non_extreme,0.5,0.5,4,4,2,0
ERL-31F9F6FCB3A06BAB,TRN-D78F673429DFCBF0,B,true,stage1_overlap,recoverable_zero,0.0,0.0,4,4,0,0
ERL-B4F19503981F5D9F,TRN-7D15E2CE35AC1A29,B,true,stage1_overlap,informative_non_extreme,0.5,0.5,4,4,2,0
ERL-E810F40FD0933790,TRN-537354BF8029EE6A,B,true,stage1_overlap,informative_non_extreme,0.75,0.75,4,4,3,0
ERL-EFE1399AD41439B6,TRN-EF96CE7CA8F17059,B,true,stage1_overlap,informative_non_extreme,0.25,0.25,4,4,1,0
ERL-9F50266700CD0DE3,TRN-AA7F588DF0E41A3D,B,true,stage1_overlap,informative_non_extreme,0.5,0.5,4,4,2,0
ERL-B057DC8F9637489E,TRN-4B9FD58C3D05C84B,B,true,unseen_probe,informative_non_extreme,0.75,0.75,4,4,3,0
ERL-2EC57E6ABA858FB8,TRN-80D3A531EE32A8D7,B,true,unseen_probe,informative_non_extreme,0.75,0.75,4,4,3,0
ERL-4F48C8C758715B77,TRN-B956B912CDE7C03E,B,true,unseen_probe,informative_non_extreme,0.75,0.75,4,4,3,0
ERL-A0CD714E14D2D27E,TRN-0BB8B812A01754E5,B,true,unseen_probe,informative_non_extreme,0.75,0.75,4,4,3,0
ERL-6BFCEF745A4671E4,TRN-4AC88586D82CEDEB,B,true,stage1_overlap,recoverable_zero,0.0,0.0,4,4,0,0
ERL-5EC375D81E8EC4C7,TRN-756717FE36F65889,B,true,stage1_overlap,informative_non_extreme,0.5,0.5,4,4,2,0
ERL-DD479E2E1917AAF3,TRN-9315D7147682092E,B,true,stage1_overlap,informative_non_extreme,0.5,0.5,4,4,2,0
ERL-9898159322BF36F6,TRN-5DED2ECEB3A550E4,B,true,stage1_overlap,informative_non_extreme,0.75,0.75,4,4,3,0
ERL-694A8F7E62AD8E82,TRN-E3B9D34723555DF0,B,true,stage1_overlap,recoverable_zero,0.0,0.0,4,4,0,0
ERL-9B9AD0C1E4B46036,TRN-7514973ED244EA96,B,true,stage1_overlap,informative_non_extreme,0.25,0.25,4,4,1,0
ERL-567BDA79C98BF92C,TRN-B3DE7C8968B7BE51,B,true,stage1_overlap,informative_non_extreme,0.5,0.5,4,4,2,0
ERL-02C043148921BCB6,TRN-5C68EDDC6E0DA5C7,B,true,stage1_overlap,informative_non_extreme,0.75,0.75,4,4,3,0
ERL-50B86EA34291EF2D,TRN-FDAECE2A234A3EFC,B,true,stage1_overlap,informative_non_extreme,0.25,0.25,4,4,1,0
ERL-BE1F38B1711BFF88,TRN-8ED15000F801A4A0,B,true,unseen_probe,informative_non_extreme,0.5,0.5,4,4,2,0
ERL-C9CA4A5E7523FDDA,TRN-C03907E4B90E6E2D,B,true,stage1_overlap,recoverable_zero,0.0,0.0,4,4,0,0
ERL-FBBEECE712EA6343,TRN-772F1B2E21E094BC,B,true,stage1_overlap,informative_non_extreme,0.75,0.75,4,4,3,0
ERL-EF92FB1C63D93959,TRN-7AFDFEB13A674A0C,B,true,unseen_probe,informative_non_extreme,0.5,0.5,4,4,2,0
ERL-3A25B3ACAD36071F,TRN-40705F5E1C47B50C,B,true,stage1_overlap,informative_non_extreme,0.5,0.5,4,4,2,0
ERL-2145B8E81DB3AFD9,TRN-24C1B7EBEDDF866A,B,true,unseen_probe,informative_non_extreme,0.5,0.5,4,4,2,0
ERL-ED997F12B246E8A3,TRN-78584E43FD0F72C8,B,true,unseen_probe,informative_non_extreme,0.5,0.5,4,4,2,0
ERL-70FD815B18AAFFB4,TRN-5E313BF70C3ED13F,B,true,unseen_probe,informative_non_extreme,0.5,0.5,4,4,2,0
ERL-E5D32BF30C1D0116,TRN-8E6029D1D5DA6B86,B,true,unseen_probe,informative_non_extreme,0.75,0.75,4,4,3,0
ERL-106B1A4AA150AAE3,TRN-1E062D458663D212,B,true,stage1_overlap,informative_non_extreme,0.75,0.75,4,4,3,0
ERL-9EE7213E254FE459,TRN-608BB5393A53D209,B,true,stage1_overlap,recoverable_zero,0.0,0.0,4,4,0,0
ERL-EA7C84E6F24306C4,TRN-1C8537BD8A23F39E,B,true,unseen_probe,informative_non_extreme,0.75,0.75,4,4,3,0
ERL-7C79C44BBD31F982,TRN-AAD319A0AB8F8395,B,true,stage1_overlap,informative_non_extreme,0.25,0.25,4,4,1,0
ERL-60F9196A9898031F,TRN-CD70E4B8BDB746F9,B,true,unseen_probe,informative_non_extreme,0.25,0.25,4,4,1,0
ERL-43A6DB7795E07E05,TRN-38D56EA721DB7E94,B,true,stage1_overlap,informative_non_extreme,0.75,0.75,4,4,3,0
ERL-9C9855637F2D8F44,TRN-4F106EA6AB6CBB38,B,true,stage1_overlap,informative_non_extreme,0.5,0.5,4,4,2,0
ERL-221A7FF1E69947C3,TRN-214D6E0AF9A67AFE,B,true,stage1_overlap,informative_non_extreme,0.25,0.25,4,4,1,0
ERL-95199E6CA76F3D76,TRN-683A19C01FBB9F0D,B,true,unseen_probe,informative_non_extreme,0.75,0.75,4,4,3,0
ERL-1A4BD4D07028888F,TRN-45DF7DB7049FE3B7,B,true,stage1_overlap,recoverable_zero,0.0,0.0,4,4,0,0
ERL-40B33702B534B893,TRN-6D9DFB801AF94E43,B,true,stage1_overlap,recoverable_zero,0.0,0.0,4,4,0,0
ERL-35BCB86E1026AF2C,TRN-A0A553D9CBF9E7F5,B,true,stage1_overlap,recoverable_zero,0.0,0.0,4,4,0,0
ERL-632CD81664E1D2E7,TRN-46DB7F0132F814D9,B,true,unseen_probe,informative_non_extreme,0.5,0.5,4,4,2,0
ERL-A94555E4599A3D5E,TRN-E25F8B4FD0993CA1,B,true,stage1_overlap,informative_non_extreme,0.5,0.5,4,4,2,0
ERL-79F9406012D138C3,TRN-D34F8CEF80431108,B,true,stage1_overlap,informative_non_extreme,0.25,0.25,4,4,1,0
ERL-8E13C27916899F43,TRN-745486E0578AEBFB,B,true,unseen_probe,informative_non_extreme,0.25,0.25,4,4,1,0
ERL-47E92FDFA80B0595,TRN-F98FFA237ACF0DB4,B,true,stage1_overlap,recoverable_zero,0.0,0.0,4,4,0,0
ERL-47E87CE892021848,TRN-1A288DED52B04FF1,B,true,unseen_probe,informative_non_extreme,0.75,0.75,4,4,3,0
ERL-3656D90352E07C49,TRN-B3C0998495D73FAD,B,true,stage1_overlap,informative_non_extreme,0.5,0.5,4,4,2,0
ERL-19F346ECA66345D2,TRN-23A9994B58562BD8,B,true,stage1_overlap,informative_non_extreme,0.5,0.5,4,4,2,0
ERL-9EE1D6D03710D09D,TRN-B084A02FD770CE65,B,true,stage1_overlap,informative_non_extreme,0.25,0.25,4,4,1,0
ERL-BF47694BCCCB9ECB,TRN-E5A0A44AE9221CDB,B,true,stage1_overlap,recoverable_zero,0.0,0.0,4,4,0,0
ERL-D48EBF9B5437214E,TRN-CECFEF13438CB2A3,B,true,stage1_overlap,informative_non_extreme,0.75,0.75,4,4,3,0
ERL-7667F2747E2A7EBD,TRN-92C2B6B3C2741924,B,true,stage1_overlap,informative_non_extreme,0.75,0.75,4,4,3,0
ERL-D253DEF9A644E7D5,TRN-DDF56B6AB26220EB,B,true,stage1_overlap,informative_non_extreme,0.5,0.5,4,4,2,0
ERL-F8F541792AF96376,TRN-20925F4FAEA079B1,B,true,stage1_overlap,informative_non_extreme,0.5,0.5,4,4,2,0
ERL-DE60764DA54B5572,TRN-162328DF6313DD8D,B,true,stage1_overlap,recoverable_zero,0.0,0.0,4,4,0,0
ERL-15DE68A7CEC8CA83,TRN-72A36DF4FA66303D,C,true,stage1_overlap,informative_non_extreme,0.25,0.25,4,4,1,0
ERL-1A96CF657DC05609,TRN-FBDE6680F36D4F08,C,true,stage1_overlap,recoverable_zero,0.0,0.0,4,4,0,0
ERL-ABCD1678EE33E852,TRN-8301F6AF0A041F7B,C,true,stage1_overlap,informative_non_extreme,0.5,0.5,4,4,2,0
ERL-CB078AED9D87BE33,TRN-F06868FCABC16C0C,C,true,stage1_overlap,recoverable_zero,0.0,0.0,4,4,0,0
ERL-6F5A7E1428AB946E,TRN-696530281FB442D8,C,true,stage1_overlap,informative_non_extreme,0.5,0.5,4,4,2,0
ERL-D4286BDA736F8783,TRN-FA862799FC864B55,C,true,stage1_overlap,recoverable_zero,0.0,0.0,4,4,0,0
ERL-0D3549007121A485,TRN-F073FC7494475A37,C,true,stage1_overlap,informative_non_extreme,0.5,0.5,4,4,2,0
ERL-C6AE82833698850E,TRN-DBCAF6CB18E461E1,C,true,stage1_overlap,informative_non_extreme,0.75,0.75,4,4,3,0
ERL-4E436ACF8E14B247,TRN-D925116BEA4A48AA,C,true,stage1_overlap,informative_non_extreme,0.75,0.75,4,4,3,0
ERL-59087836EA395B0C,TRN-7F3205801ADC4147,C,true,stage1_overlap,informative_non_extreme,0.75,0.75,4,4,3,0
ERL-6F85C2CDE25CA90D,TRN-2257D1FD71B0AF37,C,true,stage1_overlap,informative_non_extreme,0.25,0.25,4,4,1,0
ERL-506C357C6E5464E0,TRN-C2FDAB2FB946946A,C,true,stage1_overlap,informative_non_extreme,0.25,0.25,4,4,1,0
ERL-6A10214695A6AF15,TRN-71BD74FD53A0D996,C,true,stage1_overlap,informative_non_extreme,0.25,0.25,4,4,1,0
ERL-255C2084B758E0F8,TRN-7A09BB0528E03899,C,true,stage1_overlap,informative_non_extreme,0.25,0.25,4,4,1,0
ERL-66923368C1DFADD8,TRN-DB648035FB050E07,C,true,stage1_overlap,recoverable_zero,0.0,0.0,4,4,0,0
ERL-9A32B8AED97BAACD,TRN-39E9A9D411064687,C,true,stage1_overlap,informative_non_extreme,0.25,0.25,4,4,1,0
ERL-A32B66EA54386746,TRN-D70C1FC1E0F6CE53,C,true,stage1_overlap,informative_non_extreme,0.75,0.75,4,4,3,0
ERL-A5C0C342E70DF911,TRN-38B7A8ED83D2743F,C,true,stage1_overlap,informative_non_extreme,0.5,0.5,4,4,2,0
ERL-E4332C971848350C,TRN-6877CC83CA57A6B4,C,true,unseen_probe,informative_non_extreme,0.75,0.75,4,4,3,0
ERL-487AA810C0D364E2,TRN-D84C72D83BBABB94,C,true,stage1_overlap,informative_non_extreme,0.75,0.75,4,4,3,0
ERL-53276B2047834928,TRN-F805B170CEF6EF4D,C,true,stage1_overlap,recoverable_zero,0.0,0.0,4,4,0,0
ERL-8C9B09A5C7789DD1,TRN-5A012E08739C5042,C,true,stage1_overlap,informative_non_extreme,0.5,0.5,4,4,2,0
ERL-1442F712A84F0EBB,TRN-27602C9A121C0363,C,true,stage1_overlap,informative_non_extreme,0.75,0.75,4,4,3,0
ERL-BD122617F1FEF2C1,TRN-EB8936594703C2EB,C,true,stage1_overlap,recoverable_zero,0.0,0.0,4,4,0,0
ERL-9F02F10976D61A4C,TRN-0F7E200E565F0F87,C,true,unseen_probe,informative_non_extreme,0.25,0.25,4,4,1,0
ERL-08621E9EED627F6D,TRN-1CEF4E1C1FE0E71D,C,true,unseen_probe,informative_non_extreme,0.25,0.25,4,4,1,0
ERL-56F599AB59EF293C,TRN-7D8E0064738DE773,C,true,stage1_overlap,informative_non_extreme,0.75,0.75,4,4,3,0
ERL-8509E2A68359D47E,TRN-44DE5FF7A88DD5C4,C,true,stage1_overlap,informative_non_extreme,0.25,0.25,4,4,1,0
ERL-F1B37F0A68C84520,TRN-BF1B89ABAE0A499D,C,true,stage1_overlap,informative_non_extreme,0.5,0.5,4,4,2,0
ERL-A7837495621C713F,TRN-6B1D973E15D5202B,C,true,stage1_overlap,informative_non_extreme,0.5,0.5,4,4,2,0
ERL-A722F117F5F95619,TRN-50FDAD354BE7CDA0,C,true,stage1_overlap,informative_non_extreme,0.5,0.5,4,4,2,0
ERL-619617E1B30CE586,TRN-F9C46625EE973CF8,C,true,stage1_overlap,informative_non_extreme,0.75,0.75,4,4,3,0
ERL-71BF8F24E16F601E,TRN-69F75655E6C6D713,C,true,stage1_overlap,informative_non_extreme,0.25,0.25,4,4,1,0
ERL-CF9105DADF726918,TRN-128CCDA984627651,C,true,stage1_overlap,informative_non_extreme,0.25,0.25,4,4,1,0
ERL-1E47C8E8F2EF134B,TRN-4D099DB65225CE68,C,true,stage1_overlap,informative_non_extreme,0.5,0.5,4,4,2,0
ERL-CF37BDE2E57BDA3D,TRN-9E8109CD5B3682B0,C,true,stage1_overlap,informative_non_extreme,0.75,0.75,4,4,3,0
ERL-81F94009A90A9F4E,TRN-41CC5B13DF102FC5,C,true,stage1_overlap,informative_non_extreme,0.75,0.75,4,4,3,0
ERL-350BEF1D3BE53D91,TRN-5AE05B80DDAD83A5,C,true,stage1_overlap,informative_non_extreme,0.5,0.5,4,4,2,0
ERL-FEB9221C9965DD61,TRN-8A863DB31A804554,C,true,stage1_overlap,recoverable_zero,0.0,0.0,4,4,0,0
ERL-8DBF448E86E9ACA5,TRN-63027EDB7DD14F57,C,true,unseen_probe,informative_non_extreme,0.25,0.25,4,4,1,0
ERL-EFC63C3648D4C083,TRN-12CE96685E1CD76F,C,true,stage1_overlap,recoverable_zero,0.0,0.0,4,4,0,0
ERL-E8599D2C8C3182A4,TRN-79F1CD983F0166B3,C,true,stage1_overlap,informative_non_extreme,0.75,0.75,4,4,3,0
ERL-9CAFA65C800AF9F2,TRN-BE22C480EA37ECDB,C,true,stage1_overlap,informative_non_extreme,0.25,0.25,4,4,1,0
ERL-FDE295713C16F097,TRN-7CEBAA7DE68B48B9,C,true,unseen_probe,informative_non_extreme,0.5,0.5,4,4,2,0
ERL-267BEE276FD02D03,TRN-0D1A872C0D3A411C,C,true,stage1_overlap,recoverable_zero,0.0,0.0,4,4,0,0
ERL-6B93FD3F15CA5D53,TRN-949D46CE09003909,C,true,stage1_overlap,informative_non_extreme,0.75,0.75,4,4,3,0
ERL-E1724F4A001A215A,TRN-EE23D884F258BA2C,C,true,stage1_overlap,informative_non_extreme,0.25,0.25,4,4,1,0
ERL-4A68CBF74A021355,TRN-96778B334FFB554B,C,true,stage1_overlap,informative_non_extreme,0.75,0.75,4,4,3,0
ERL-8190ABAE7C309C82,TRN-3A7B6421891414F6,C,true,stage1_overlap,recoverable_zero,0.0,0.0,4,4,0,0
ERL-D60780506932C301,TRN-C54122660AB00E12,C,true,stage1_overlap,informative_non_extreme,0.25,0.25,4,4,1,0
ERL-921A3A857E04A4AC,TRN-AE4001290F031538,C,true,unseen_probe,informative_non_extreme,0.25,0.25,4,4,1,0
ERL-0A9FDEA2ABC79C4F,TRN-6B82FBB49DE7876F,C,true,stage1_overlap,recoverable_zero,0.0,0.0,4,4,0,0
ERL-BCD049298B39F43C,TRN-B75AB1557F33F446,C,true,stage1_overlap,informative_non_extreme,0.5,0.5,4,4,2,0
ERL-0E964493E2319A50,TRN-EF665A6C834CF0B6,C,true,stage1_overlap,recoverable_zero,0.0,0.0,4,4,0,0
ERL-54149E08E6608183,TRN-70E862F57E588087,C,true,stage1_overlap,informative_non_extreme,0.5,0.5,4,4,2,0
ERL-7E44A937A9029870,TRN-BEBCE01331D0BABD,C,true,stage1_overlap,informative_non_extreme,0.25,0.25,4,4,1,0
ERL-B197B4100773B329,TRN-E4ABB76BA5070033,C,true,stage1_overlap,recoverable_zero,0.0,0.0,4,4,0,0
ERL-68F50C1739B6B0AA,TRN-72A507BF965C5668,C,true,stage1_overlap,informative_non_extreme,0.75,0.75,4,4,3,0
ERL-D7B27FB3BD6882E9,TRN-8D7A04200A548177,C,true,stage1_overlap,informative_non_extreme,0.75,0.75,4,4,3,0
ERL-2BF328B724A8752C,TRN-341A476B7104C4B6,C,true,stage1_overlap,recoverable_zero,0.0,0.0,4,4,0,0
ERL-5A0CC4DDC32B4B62,TRN-7D35BEBE8E7C0A61,C,true,stage1_overlap,informative_non_extreme,0.5,0.5,4,4,2,0
ERL-A63AFE7FE61D5F13,TRN-AE10FE68A1D66445,C,true,stage1_overlap,informative_non_extreme,0.75,0.75,4,4,3,0
ERL-5CD2992DA108EF45,TRN-4E27EE81D566E57C,C,true,stage1_overlap,recoverable_zero,0.0,0.0,4,4,0,0
ERL-5A8D88F0487AAD54,TRN-B05FE01D439534BA,C,true,stage1_overlap,informative_non_extreme,0.5,0.5,4,4,2,0
ERL-4DA5F84D2AC76F94,TRN-BE0E15441B89CA73,C,true,stage1_overlap,informative_non_extreme,0.5,0.5,4,4,2,0
ERL-C208DCA30F5DB52D,TRN-419990AD31486C91,C,true,stage1_overlap,informative_non_extreme,0.25,0.25,4,4,1,0
ERL-7BF1825608C8A570,TRN-79C42A1132D9775E,C,true,stage1_overlap,informative_non_extreme,0.25,0.25,4,4,1,0
ERL-B42301DC22BCC175,TRN-86103873151642ED,C,true,stage1_overlap,informative_non_extreme,0.5,0.5,4,4,2,0
ERL-BE1C7CBE50CE5AFA,TRN-ED0F0EF02A7516F1,C,true,stage1_overlap,recoverable_zero,0.0,0.0,4,4,0,0
ERL-069588AAAF60426C,TRN-4E676D5D7E932F5D,C,true,stage1_overlap,informative_non_extreme,0.5,0.5,4,4,2,0
ERL-260A776B1D156E06,TRN-A42C9EA7C7A8987B,C,true,stage1_overlap,informative_non_extreme,0.5,0.5,4,4,2,0
ERL-D757C7DA3D59CAD0,TRN-F07F92F2ADACECE2,C,true,stage1_overlap,informative_non_extreme,0.75,0.75,4,4,3,0
ERL-803AD0F14B3385CA,TRN-4558521C5FD7C145,C,true,stage1_overlap,recoverable_zero,0.0,0.0,4,4,0,0
ERL-114EE77C772B1ECC,TRN-BBE6D45813F826AF,C,true,unseen_probe,informative_non_extreme,0.75,0.75,4,4,3,0
ERL-134C52D24C2AE493,TRN-EAC36D2AAA85E502,C,true,unseen_probe,informative_non_extreme,0.25,0.25,4,4,1,0
ERL-5A53C6AE94511B7C,TRN-63FAE6946ECCD491,C,true,stage1_overlap,informative_non_extreme,0.75,0.75,4,4,3,0
ERL-7FE37C78D0D4E8B6,TRN-9E13216AA8C4958C,C,true,stage1_overlap,informative_non_extreme,0.5,0.5,4,4,2,0
ERL-AFE53CAC4DF9A854,TRN-2A4B95A0BF5A12F7,C,true,stage1_overlap,recoverable_zero,0.0,0.0,4,4,0,0
ERL-BE0C03CF04344AB0,TRN-029E94667FBE2EB2,C,true,stage1_overlap,informative_non_extreme,0.5,0.5,4,4,2,0
ERL-10A10C5D5A59CE0D,TRN-90B776A133B47ED5,C,true,stage1_overlap,informative_non_extreme,0.5,0.5,4,4,2,0
ERL-5F2A65D28A07FB2B,TRN-A86642B789629A24,C,true,stage1_overlap,informative_non_extreme,0.5,0.5,4,4,2,0
ERL-6F7D3552FDA730FD,TRN-9F3ABD7603F1FDE1,C,true,stage1_overlap,informative_non_extreme,0.75,0.75,4,4,3,0
ERL-57679FA1FB7F7690,TRN-233ED8A618B2DCB8,C,true,stage1_overlap,informative_non_extreme,0.5,0.5,4,4,2,0
ERL-024FF87694D7080C,TRN-717E867AEE862E54,C,true,stage1_overlap,informative_non_extreme,0.5,0.5,4,4,2,0
ERL-438E539FB55A06E7,TRN-4915D9150BD833DB,C,true,stage1_overlap,informative_non_extreme,0.75,0.75,4,4,3,0
ERL-B5701F37D24E3D58,TRN-A6BF04353C8EC8D8,C,true,stage1_overlap,recoverable_zero,0.0,0.0,4,4,0,0
ERL-A749035B55A16DC9,TRN-61D46FC96FD212B3,C,true,unseen_probe,informative_non_extreme,0.5,0.5,4,4,2,0
ERL-D93317AEF021F470,TRN-FF160CE291A8AC2F,C,true,stage1_overlap,recoverable_zero,0.0,0.0,4,4,0,0
ERL-3B67EC9CF4E58C07,TRN-AD181662F65165D2,C,true,stage1_overlap,informative_non_extreme,0.5,0.5,4,4,2,0
ERL-E25AC7CB226933A3,TRN-C357361B87C8B169,C,true,unseen_probe,informative_non_extreme,0.75,0.75,4,4,3,0
ERL-0AC016322F4FC7DF,TRN-617438F79AE17EB4,C,true,stage1_overlap,informative_non_extreme,0.25,0.25,4,4,1,0
ERL-C4EFEB9DA11DAAC2,TRN-00BA5924FDCCE4C7,C,true,stage1_overlap,informative_non_extreme,0.5,0.5,4,4,2,0
ERL-43D37BE38DF0E0FC,TRN-D210ADC5970EE350,C,true,stage1_overlap,informative_non_extreme,0.25,0.25,4,4,1,0
ERL-5D347CA023A8192A,TRN-8CABA854A32011EF,C,true,stage1_overlap,informative_non_extreme,0.75,0.75,4,4,3,0
ERL-28E312071B380B99,TRN-A630EC0E2D37D59C,C,true,stage1_overlap,recoverable_zero,0.0,0.0,4,4,0,0
ERL-0F8A100584C8DFB3,TRN-0AF15DDA819E4703,C,true,stage1_overlap,informative_non_extreme,0.75,0.75,4,4,3,0
ERL-0EF6859E64092417,TRN-6AEE3E628BB9A196,C,true,stage1_overlap,informative_non_extreme,0.25,0.25,4,4,1,0
ERL-C120F230C6A3A21B,TRN-8BACDFFD7B1D2D33,C,true,stage1_overlap,recoverable_zero,0.0,0.0,4,4,0,0
ERL-C1201D47D5174B1A,TRN-2E10F7E2CB517EFB,C,true,unseen_probe,informative_non_extreme,0.5,0.5,4,4,2,0
ERL-CD56FFFEE6AC1AD3,TRN-727113C3AE6E1A4C,C,true,stage1_overlap,informative_non_extreme,0.5,0.5,4,4,2,0
ERL-C4A434946522EE9B,TRN-123E2F5A3717558F,C,true,stage1_overlap,recoverable_zero,0.0,0.0,4,4,0,0
ERL-0F814F5C111131CC,TRN-C48082073FDBBCD4,C,true,stage1_overlap,informative_non_extreme,0.5,0.5,4,4,2,0
ERL-637B7717AB30645C,TRN-E3ECAA718D008292,C,true,stage1_overlap,informative_non_extreme,0.5,0.5,4,4,2,0
ERL-98EB2B03FBF5D1C9,TRN-5470D7149F53A430,C,true,stage1_overlap,informative_non_extreme,0.25,0.25,4,4,1,0
ERL-6CE0EA99A0E50AAD,TRN-349B78041165F5A9,C,true,stage1_overlap,informative_non_extreme,0.75,0.75,4,4,3,0
ERL-219A5356480B2987,TRN-C28CBDE53FFDCDD6,C,true,stage1_overlap,informative_non_extreme,0.5,0.5,4,4,2,0
ERL-88D46DE48F941933,TRN-A80522A791FB6A36,C,true,stage1_overlap,recoverable_zero,0.0,0.0,4,4,0,0
ERL-DE95625B3AF789DE,TRN-1B87B4984A37F670,C,true,stage1_overlap,recoverable_zero,0.0,0.0,4,4,0,0
ERL-F77CBBD34632DA77,TRN-A1F2B4B56564E7C1,C,true,stage1_overlap,informative_non_extreme,0.75,0.75,4,4,3,0
ERL-006BECF00D00D05B,TRN-D8943984BC49C3D0,C,true,stage1_overlap,recoverable_zero,0.0,0.0,4,4,0,0
ERL-8B4CBEAAE2ABEE33,TRN-266913FFCAA1B48D,C,true,stage1_overlap,informative_non_extreme,0.25,0.25,4,4,1,0
ERL-F73D59A60ABD5C83,TRN-1E7E2F552BFC4A8A,C,true,stage1_overlap,informative_non_extreme,0.25,0.25,4,4,1,0
ERL-E66DF63C2F80A2B0,TRN-21BAED661A711D29,C,true,unseen_probe,informative_non_extreme,0.25,0.25,4,4,1,0
ERL-F24C695353E9A5B4,TRN-8E6DD1D537015FE3,C,true,stage1_overlap,informative_non_extreme,0.25,0.25,4,4,1,0
ERL-1218FFC4710BA46C,TRN-6D2A33D96063431F,C,true,stage1_overlap,informative_non_extreme,0.75,0.75,4,4,3,0
ERL-ACB07FDFDEC82FBA,TRN-871411FCD7AEA4D2,C,true,stage1_overlap,informative_non_extreme,0.25,0.25,4,4,1,0
ERL-6BAFC2D0E0A7B414,TRN-461FDFEC3D08785B,C,true,stage1_overlap,informative_non_extreme,0.75,0.75,4,4,3,0
ERL-0D68B834F6815479,TRN-258B4451F1F72BDD,C,true,stage1_overlap,informative_non_extreme,0.5,0.5,4,4,2,0
ERL-4BE3B21C12299299,TRN-F3F2C88E9FA6FCA0,C,true,stage1_overlap,informative_non_extreme,0.5,0.5,4,4,2,0
ERL-29E6A17F7674AC37,TRN-EB4B1C03DA6F859B,C,true,stage1_overlap,recoverable_zero,0.0,0.0,4,4,0,0
ERL-129DEE9105FB9C08,TRN-7BC0BB3990F5B60F,C,true,stage1_overlap,informative_non_extreme,0.5,0.5,4,4,2,0
ERL-3D979B4E27726FC3,TRN-30D5EE4692DC12C5,C,true,unseen_probe,informative_non_extreme,0.75,0.75,4,4,3,0
ERL-36C7C8BBC0FB9F69,TRN-2201171670D0E79D,C,true,stage1_overlap,informative_non_extreme,0.75,0.75,4,4,3,0
ERL-7C1ABFD4122941E6,TRN-EF69F8DC8431D3B5,C,true,stage1_overlap,recoverable_zero,0.0,0.0,4,4,0,0
ERL-74F42D47DEBC4A9D,TRN-29D8AFC7AD64EADE,C,true,stage1_overlap,informative_non_extreme,0.5,0.5,4,4,2,0
ERL-9FDD57CCB1C6F0A1,TRN-769B23D0E0179F81,C,true,unseen_probe,informative_non_extreme,0.75,0.75,4,4,3,0
ERL-199AAC00ED2562BD,TRN-11293D43409BA404,C,true,unseen_probe,informative_non_extreme,0.5,0.5,4,4,2,0
ERL-204B0D6042B50FF2,TRN-FB581D01481D4EF2,C,true,stage1_overlap,informative_non_extreme,0.75,0.75,4,4,3,0
ERL-3843AB30A7CDAE63,TRN-0D3CA0438F8875BD,C,true,stage1_overlap,informative_non_extreme,0.75,0.75,4,4,3,0
ERL-FE1AC3F4E29FC83C,TRN-58EE240D5E297FBB,C,true,stage1_overlap,informative_non_extreme,0.5,0.5,4,4,2,0
ERL-8233D156D5CB74EB,TRN-A68480575DFBD6AD,C,true,unseen_probe,informative_non_extreme,0.75,0.75,4,4,3,0
ERL-8F8679697160E472,TRN-FF35CAD87E1D655C,C,true,stage1_overlap,recoverable_zero,0.0,0.0,4,4,0,0
ERL-84ED7BE1D0C10AD0,TRN-3E33D34FEE9CF709,C,true,stage1_overlap,informative_non_extreme,0.75,0.75,4,4,3,0
ERL-7978D8A8827B2402,TRN-9570BE6C0AE2749E,C,true,unseen_probe,informative_non_extreme,0.75,0.75,4,4,3,0
ERL-E4580588DBF45763,TRN-A287004341238AED,C,true,stage1_overlap,informative_non_extreme,0.25,0.25,4,4,1,0
ERL-E027FF3F0C8CCF41,TRN-5EA2760DC771BB0F,C,true,stage1_overlap,informative_non_extreme,0.5,0.5,4,4,2,0
ERL-991A9F78D22121D0,TRN-D222663B5D5EFAE4,C,true,stage1_overlap,recoverable_zero,0.0,0.0,4,4,0,0
ERL-5263C9ECD5BCCA98,TRN-A0A2768EFF496A88,C,true,stage1_overlap,recoverable_zero,0.0,0.0,4,4,0,0
ERL-0CE63A6339546A6D,TRN-C5EBA6281101CD3E,C,true,stage1_overlap,informative_non_extreme,0.75,0.75,4,4,3,0
ERL-D97AF09660074BF2,TRN-F09C23158967A530,C,true,stage1_overlap,recoverable_zero,0.0,0.0,4,4,0,0
ERL-746C90B0DEAF8257,TRN-EFB401CA92608636,C,true,stage1_overlap,informative_non_extreme,0.75,0.75,4,4,3,0
ERL-F4FC7A6E0AE4F8CD,TRN-3E2706F14686F5EE,C,true,stage1_overlap,informative_non_extreme,0.75,0.75,4,4,3,0
ERL-79B9F9D1EB1EFEFF,TRN-3A50D961982854D9,C,true,stage1_overlap,informative_non_extreme,0.25,0.25,4,4,1,0
ERL-C8FEED9AA0B6FB0F,TRN-25629FAC64145A0D,C,true,stage1_overlap,informative_non_extreme,0.75,0.75,4,4,3,0
ERL-5F5028B813A354BF,TRN-F79A6CDB8E1AC08F,C,true,stage1_overlap,informative_non_extreme,0.5,0.5,4,4,2,0
ERL-B892B575410F83C4,TRN-226BAD5D5F6ABB6E,C,true,stage1_overlap,informative_non_extreme,0.5,0.5,4,4,2,0
ERL-5EA3B15AE2AD14E7,TRN-52AFE822FB908AF8,C,true,stage1_overlap,recoverable_zero,0.0,0.0,4,4,0,0
ERL-817FE10D10B46878,TRN-346E57E08997C9B7,C,true,stage1_overlap,informative_non_extreme,0.25,0.5,4,2,1,2
ERL-09C2E5976E7B74D0,TRN-04C0C6980086600D,C,true,stage1_overlap,informative_non_extreme,0.5,0.6666666666666666,4,3,2,1
ERL-42739481BA2C6384,TRN-96CAE5F10F9809D3,C,true,stage1_overlap,informative_non_extreme,0.5,0.5,4,4,2,0
ERL-F5A64B965CA8AB54,TRN-9A51B76E12ED0D8F,C,true,stage1_overlap,informative_non_extreme,0.25,0.25,4,4,1,0
ERL-5A164C2A7683505C,TRN-83F6E8C969FC2DD8,C,true,stage1_overlap,informative_non_extreme,0.5,0.5,4,4,2,0
ERL-C2130E31A7AB396D,TRN-9080C2079714CCE5,C,true,stage1_overlap,informative_non_extreme,0.25,0.25,4,4,1,0
ERL-04B3700676779DF9,TRN-39E0FE8CAE8E8264,C,true,stage1_overlap,informative_non_extreme,0.25,0.25,4,4,1,0
ERL-14AD1FABF713A573,TRN-B1A1E7122B0E6A2C,C,true,stage1_overlap,informative_non_extreme,0.5,0.5,4,4,2,0
ERL-C6AF39BC1376D7DA,TRN-749A8FABE187D4B1,C,true,stage1_overlap,informative_non_extreme,0.25,0.25,4,4,1,0
ERL-C1EBF0EF78705BA9,TRN-3975EDCD503E1237,C,true,stage1_overlap,informative_non_extreme,0.25,0.25,4,4,1,0
ERL-92B8FC0E3F0CC1C7,TRN-F27ED0E33BA97E9D,C,true,stage1_overlap,recoverable_zero,0.0,0.0,4,3,0,1
ERL-541E930123A14A81,TRN-2C55847CD521080D,C,true,stage1_overlap,informative_non_extreme,0.25,0.25,4,4,1,0
ERL-7AB98AE07173529D,TRN-665C6AED8B81BBB3,C,true,stage1_overlap,informative_non_extreme,0.5,0.5,4,4,2,0
ERL-0CC05593B19473F6,TRN-FCB5155CFBD40F52,C,true,stage1_overlap,informative_non_extreme,0.5,0.5,4,4,2,0
ERL-797155978F28992E,TRN-E064AC154983B6C1,C,true,stage1_overlap,informative_non_extreme,0.75,0.75,4,4,3,0
ERL-4B100E6DEDB7C22F,TRN-943B1F66C91CA52A,C,true,unseen_probe,informative_non_extreme,0.75,0.75,4,4,3,0
ERL-CA4345E1A81085A0,TRN-54FCAB3B0103E570,C,true,stage1_overlap,informative_non_extreme,0.25,0.25,4,4,1,0
ERL-E3BE6647BF37F96E,TRN-55B3258FB22E4C3C,C,true,stage1_overlap,informative_non_extreme,0.5,0.5,4,4,2,0
ERL-06252B6728F44039,TRN-ED56AF0CB307D905,C,true,stage1_overlap,informative_non_extreme,0.5,0.5,4,4,2,0
ERL-4BA15409E66AF1CE,TRN-760D310C99777E91,C,true,stage1_overlap,recoverable_zero,0.0,0.0,4,4,0,0
ERL-DC94BCADD7A14E3F,TRN-C50D8077CC77895C,C,true,stage1_overlap,informative_non_extreme,0.75,0.75,4,4,3,0
ERL-B48B3255F5623F86,TRN-05F4F8AFAC0D75A9,C,true,stage1_overlap,informative_non_extreme,0.25,0.25,4,4,1,0
ERL-062B74678035E430,TRN-69F995E89983E9DC,C,true,unseen_probe,informative_non_extreme,0.75,0.75,4,4,3,0
ERL-FBC07337EE251D31,TRN-B8C9B79426FF56F9,C,true,stage1_overlap,informative_non_extreme,0.25,0.25,4,4,1,0
ERL-51EE8E046AF82954,TRN-C269CBC2781DEDFF,C,true,stage1_overlap,informative_non_extreme,0.5,0.5,4,4,2,0
ERL-2E72BA76509392A6,TRN-C454308DD5FE999B,C,true,unseen_probe,informative_non_extreme,0.5,0.5,4,4,2,0
ERL-7A19C7E21F7D9F13,TRN-A1E0A9B8F0AF73A3,C,true,stage1_overlap,recoverable_zero,0.0,0.0,4,4,0,0
ERL-6CE992B9A14E2C48,TRN-72A28357E083B684,C,true,unseen_probe,informative_non_extreme,0.25,0.25,4,4,1,0
ERL-634975C0A8DC3EAD,TRN-3797FA8BA25276B0,C,true,stage1_overlap,informative_non_extreme,0.25,0.25,4,4,1,0
ERL-4690577EE554CCBB,TRN-4AB8BDEE8557195D,C,true,stage1_overlap,informative_non_extreme,0.5,0.5,4,4,2,0
ERL-C6153F9139095485,TRN-A9269E1EFF2F5005,C,true,unseen_probe,informative_non_extreme,0.75,0.75,4,4,3,0
ERL-71487E1A2D9B8334,TRN-D47ED735B6A2C350,C,true,stage1_overlap,informative_non_extreme,0.25,0.25,4,4,1,0
ERL-911F3D4880E82DC8,TRN-3809824FBCFF5B90,C,true,stage1_overlap,informative_non_extreme,0.5,0.5,4,4,2,0
ERL-0F9F0BADE17A2CC2,TRN-FE4FDABB89698E9F,C,true,stage1_overlap,informative_non_extreme,0.25,0.25,4,4,1,0
ERL-65AD2912ABCAB011,TRN-EC237C1E4A4BD55C,C,true,stage1_overlap,informative_non_extreme,0.75,0.75,4,4,3,0
ERL-BB0E1002DE305FD5,TRN-60BA4B6CC73B119D,C,true,stage1_overlap,informative_non_extreme,0.25,0.25,4,4,1,0
ERL-AF217DCEFE6E817E,TRN-47DA52A14E8FA658,C,true,stage1_overlap,recoverable_zero,0.0,0.0,4,4,0,0
ERL-DFDA3EBC2332EAC1,TRN-19B2F6CE13FB10CC,C,true,stage1_overlap,informative_non_extreme,0.5,0.5,4,4,2,0
ERL-353D0B29F35DE268,TRN-4F1686861AC44437,C,true,stage1_overlap,informative_non_extreme,0.25,0.25,4,4,1,0
ERL-CEB4DD7E77C0049A,TRN-8F66F23A247AEED4,C,true,stage1_overlap,informative_non_extreme,0.25,0.25,4,4,1,0
ERL-8CC000C6DF02D91F,TRN-1546676887A65165,C,true,stage1_overlap,informative_non_extreme,0.25,0.25,4,4,1,0
ERL-224C8630979BE9D2,TRN-F4F634C7DEF50AB8,C,true,stage1_overlap,informative_non_extreme,0.75,0.75,4,4,3,0
ERL-0B13184F1D3F7500,TRN-943B1F66C91CA52A,C,true,stage1_overlap,informative_non_extreme,0.75,0.75,4,4,3,0
ERL-93CB108C790D8CA4,TRN-F7BFA312FA65E0E5,C,true,stage1_overlap,informative_non_extreme,0.25,0.25,4,4,1,0
ERL-EA986E7D7BB184B4,TRN-8212018D8DCBE205,C,true,stage1_overlap,informative_non_extreme,0.5,0.5,4,4,2,0
ERL-DF18EE30D5B06623,TRN-92061A9A8B274CFD,C,true,stage1_overlap,informative_non_extreme,0.25,0.25,4,4,1,0
ERL-4210562B13A0871F,TRN-10CF14E7DBC8C243,C,true,stage1_overlap,informative_non_extreme,0.75,0.75,4,4,3,0
ERL-A879B3E6E122BF4D,TRN-A5796660A441CCC0,C,true,stage1_overlap,informative_non_extreme,0.75,0.75,4,4,3,0
ERL-66C3D3E8499B7644,TRN-0D1F2F8EE67A36EE,C,true,stage1_overlap,informative_non_extreme,0.5,0.5,4,4,2,0
ERL-E1CDA360B4EEBB6C,TRN-C21AC329C0D3BDB3,C,true,stage1_overlap,informative_non_extreme,0.75,0.75,4,4,3,0
ERL-67A43EFDCD10603F,TRN-93BE998C2FF7FE1A,C,true,stage1_overlap,informative_non_extreme,0.25,0.25,4,4,1,0
ERL-1AF15E7E6269CCE3,TRN-81253E4245DEA135,C,true,stage1_overlap,informative_non_extreme,0.5,0.5,4,4,2,0
ERL-179854413DA2971A,TRN-F1FA9640E40654B2,C,true,stage1_overlap,informative_non_extreme,0.5,0.5,4,4,2,0
ERL-C86E9FB1B428AE42,TRN-6D32243F764024A9,C,true,stage1_overlap,informative_non_extreme,0.5,0.5,4,4,2,0
ERL-EB8556EB228CD16D,TRN-4B9B12D68EE8011F,C,true,stage1_overlap,informative_non_extreme,0.75,0.75,4,4,3,0
ERL-4D710E2AD0804E80,TRN-79E16AB6888011B1,C,true,unseen_probe,informative_non_extreme,0.5,0.5,4,4,2,0
ERL-D706D2C117BDA2F6,TRN-C00F0822059A199A,C,true,stage1_overlap,recoverable_zero,0.0,0.0,4,4,0,0
ERL-8FDCDA920060D03E,TRN-EDD5E80B137FFA84,C,true,stage1_overlap,informative_non_extreme,0.75,0.75,4,4,3,0
ERL-CC6AD12D55873699,TRN-8006FA7CF1AB635A,C,true,stage1_overlap,informative_non_extreme,0.5,0.5,4,4,2,0
ERL-4DA52185B703CE28,TRN-9FE3DA9BCDA63D8A,C,true,stage1_overlap,informative_non_extreme,0.5,0.5,4,4,2,0
ERL-456849D0AE1A01E0,TRN-7240A1CC9E4DA600,C,true,stage1_overlap,informative_non_extreme,0.25,0.25,4,4,1,0
ERL-9A12987AC5155F85,TRN-11035CB6A670BA9F,C,true,stage1_overlap,informative_non_extreme,0.5,0.5,4,4,2,0
ERL-51CC7191717C704F,TRN-9A3ECAD595D6510C,C,true,unseen_probe,informative_non_extreme,0.5,0.5,4,4,2,0
ERL-5B4D818CAAA41DE5,TRN-4A2424EE06764719,C,true,stage1_overlap,informative_non_extreme,0.75,0.75,4,4,3,0
ERL-23AB8AF5B84CB251,TRN-0028BDFFB81852A4,C,true,stage1_overlap,informative_non_extreme,0.75,0.75,4,4,3,0
ERL-4EE1140ED665F736,TRN-63A48610E3C69810,C,true,stage1_overlap,recoverable_zero,0.0,0.0,4,4,0,0
ERL-94FDD47EDB671ADC,TRN-DA2999F865ED53A7,C,true,stage1_overlap,informative_non_extreme,0.25,0.25,4,4,1,0
ERL-4FE4757D4F90292E,TRN-ECFE613E82A3B3AD,C,true,stage1_overlap,informative_non_extreme,0.5,0.5,4,4,2,0
ERL-AD46DC34122549D9,TRN-007FF158D422FD8D,C,true,stage1_overlap,recoverable_zero,0.0,0.0,4,4,0,0
ERL-9889EA72D2E9F2C3,TRN-C2624B0F3575EC19,C,true,stage1_overlap,recoverable_zero,0.0,0.0,4,4,0,0
ERL-D637A613A9C3CD38,TRN-395FF07F745C5C44,C,true,stage1_overlap,informative_non_extreme,0.25,0.25,4,4,1,0
ERL-F2C28927DD987052,TRN-4F5F8DA34F88E38F,C,true,stage1_overlap,informative_non_extreme,0.5,0.5,4,4,2,0
ERL-7092DA35098EB6B3,TRN-7F0221A78A754DB2,C,true,stage1_overlap,recoverable_zero,0.0,0.0,4,4,0,0
ERL-22E0A805A1AA6BAE,TRN-7EF054D6A5759AAE,C,true,stage1_overlap,informative_non_extreme,0.5,0.5,4,4,2,0
ERL-A14C8A56D23C5D94,TRN-94644628D29770B3,C,true,stage1_overlap,recoverable_zero,0.0,0.0,4,4,0,0
ERL-D5F73768C0C7945D,TRN-35EB58372181B02B,C,true,stage1_overlap,informative_non_extreme,0.25,0.25,4,4,1,0
ERL-23657F4197F2B468,TRN-FF1DE358FE4ECFB1,C,true,stage1_overlap,recoverable_zero,0.0,0.0,4,4,0,0
ERL-560DA554951F58E7,TRN-B7C6272A20855914,C,true,stage1_overlap,informative_non_extreme,0.5,0.5,4,4,2,0
ERL-B7225A79DD4A75CA,TRN-9A0D1993AA1B05BC,C,true,stage1_overlap,informative_non_extreme,0.5,0.5,4,4,2,0
ERL-3E0A629617F771FF,TRN-350828417A66BADA,C,true,stage1_overlap,recoverable_zero,0.0,0.0,4,4,0,0
ERL-C0E2140096314FB9,TRN-5447D1D648C833A7,C,true,unseen_probe,informative_non_extreme,0.25,0.25,4,4,1,0
ERL-ECC56CE5D0992E91,TRN-3D2923D695A00B4E,C,true,stage1_overlap,recoverable_zero,0.0,0.0,4,4,0,0
ERL-CBD2788380DE870E,TRN-3E2EECCE1304ADC5,C,true,unseen_probe,informative_non_extreme,0.25,0.25,4,4,1,0
ERL-435EA995C52F6022,TRN-4A0B7855120FDBF0,C,true,stage1_overlap,informative_non_extreme,0.5,0.5,4,4,2,0
ERL-F7F7EE9FC2275E65,TRN-26A5017D8C53DBAB,C,true,stage1_overlap,informative_non_extreme,0.25,0.25,4,4,1,0
ERL-0F93D739FED66BCA,TRN-BC00A8DEAAA2550A,C,true,stage1_overlap,informative_non_extreme,0.25,0.25,4,4,1,0
ERL-6D49F8EDF51FAE6C,TRN-DC757431D57E64C8,C,true,stage1_overlap,informative_non_extreme,0.5,0.5,4,4,2,0
ERL-D50968A109B22770,TRN-39C85774148D8C52,C,true,stage1_overlap,recoverable_zero,0.0,0.0,4,4,0,0
ERL-D6B38586841EA37D,TRN-B8966AD59DCB5D10,C,true,stage1_overlap,informative_non_extreme,0.25,0.25,4,4,1,0
ERL-541BC9D0EC2A6568,TRN-2D93706ABFB1ECFC,C,true,stage1_overlap,informative_non_extreme,0.75,0.75,4,4,3,0
ERL-72724B49CCE5B004,TRN-11B32446569FE25C,C,true,stage1_overlap,informative_non_extreme,0.5,0.5,4,4,2,0
ERL-D6FE36BD2805AFF3,TRN-4B8E02C12D10CEA8,C,true,stage1_overlap,informative_non_extreme,0.25,0.25,4,4,1,0
ERL-6A53F345EE8FBD7F,TRN-207681A55ABE87CE,C,true,stage1_overlap,informative_non_extreme,0.25,0.25,4,4,1,0
ERL-24FBAD591D491872,TRN-5A33D33F719682C3,C,true,stage1_overlap,informative_non_extreme,0.5,0.5,4,4,2,0
ERL-0A20A845A24B51FA,TRN-536C16B8FBB9061D,C,true,stage1_overlap,informative_non_extreme,0.25,0.3333333333333333,4,3,1,1
ERL-85925B00FDF97765,TRN-289FC662F27BEDA0,C,true,stage1_overlap,informative_non_extreme,0.25,0.25,4,4,1,0
ERL-719061EE81C2CFB4,TRN-64E0B4CB6716D088,C,true,stage1_overlap,informative_non_extreme,0.75,0.75,4,4,3,0
ERL-BEB4C37D87F7E966,TRN-C6B968CC81EC6A32,C,true,stage1_overlap,informative_non_extreme,0.5,0.5,4,4,2,0
ERL-3E7BF4B8C3375705,TRN-32109B9E82D45C8C,C,true,stage1_overlap,recoverable_zero,0.0,0.0,4,4,0,0
ERL-F005E628B95A1921,TRN-B8B2C52775B171D7,C,true,stage1_overlap,informative_non_extreme,0.5,0.5,4,4,2,0
ERL-1DA26A6076C3813C,TRN-48AA0490D9DBAC44,C,true,stage1_overlap,recoverable_zero,0.0,0.0,4,4,0,0
ERL-66FB75DCC225AC60,TRN-E1660BF58FF99CD1,C,true,stage1_overlap,informative_non_extreme,0.75,0.75,4,4,3,0
ERL-D9F588E7C32AB7DC,TRN-722CE9CAF73A74DC,C,true,unseen_probe,informative_non_extreme,0.5,0.5,4,4,2,0
ERL-CBF7337BEE96B51E,TRN-F5DCD344F1E85BEC,C,true,stage1_overlap,informative_non_extreme,0.75,0.75,4,4,3,0
ERL-A99BDC5548F85076,TRN-BC7D70F1863144CC,C,true,stage1_overlap,informative_non_extreme,0.25,0.25,4,4,1,0
ERL-C9C3E20F25E31127,TRN-101EB3CF1474F6A9,C,true,stage1_overlap,informative_non_extreme,0.75,0.75,4,4,3,0
ERL-4FA00944E68B7954,TRN-B58F9AB1E01EFA67,C,true,stage1_overlap,informative_non_extreme,0.5,0.5,4,4,2,0
ERL-94702148CD8DE1E6,TRN-BCB1B910947BD9C6,C,true,stage1_overlap,recoverable_zero,0.0,0.0,4,4,0,0
ERL-9C54170A6F70AA1A,TRN-F3E0EDAF08075664,C,true,stage1_overlap,informative_non_extreme,0.75,0.75,4,4,3,0
ERL-CA937D42418A949F,TRN-DCCDD25170E64022,C,true,unseen_probe,informative_non_extreme,0.25,0.25,4,4,1,0
ERL-F54C6F94A1B831B2,TRN-29788E86081EDB28,C,true,stage1_overlap,informative_non_extreme,0.25,0.25,4,4,1,0
ERL-1EE8AE845AE73EB4,TRN-5B5E45AD50874D55,C,true,stage1_overlap,informative_non_extreme,0.25,0.25,4,4,1,0
ERL-3647EF8D3A92453E,TRN-30F0B2CBB0E620F9,C,true,stage1_overlap,informative_non_extreme,0.5,0.5,4,4,2,0
ERL-9D0C9B8841222104,TRN-379F936547F0046F,C,true,stage1_overlap,informative_non_extreme,0.5,0.5,4,4,2,0
ERL-77821F365B27A6BE,TRN-CBD238316445EF9E,C,true,stage1_overlap,informative_non_extreme,0.5,0.5,4,4,2,0
ERL-96CE6A3C14A7A890,TRN-B357C8428096D760,C,true,stage1_overlap,informative_non_extreme,0.5,0.5,4,4,2,0
ERL-92F3ADB6550B3648,TRN-5540DA5FE6329CD7,C,true,stage1_overlap,informative_non_extreme,0.25,0.25,4,4,1,0
ERL-97632E045C4AADA2,TRN-182346FB9AB05EA0,C,true,stage1_overlap,informative_non_extreme,0.25,0.25,4,4,1,0
ERL-4513870D879D04CC,TRN-BD170F0C11BF576C,C,true,stage1_overlap,informative_non_extreme,0.25,0.25,4,4,1,0
ERL-F211120BE37AB949,TRN-BC8B1ED29B2C0032,C,true,stage1_overlap,informative_non_extreme,0.5,0.5,4,4,2,0
ERL-B86934ABC5D3219B,TRN-21195DF8C0C1FC47,C,true,stage1_overlap,recoverable_zero,0.0,0.0,4,4,0,0
ERL-0FDDFF752CAF18CF,TRN-7B70D878BA057334,C,true,unseen_probe,informative_non_extreme,0.25,0.25,4,4,1,0
ERL-A33A2E40C4DFE01C,TRN-24AAB8E32915E168,C,true,stage1_overlap,informative_non_extreme,0.75,0.75,4,4,3,0
ERL-216D747E28FEB426,TRN-3D8F3D8100C1601E,C,true,unseen_probe,informative_non_extreme,0.5,0.5,4,4,2,0
ERL-6E1EFF528CA38484,TRN-6F29488C7DFE1306,C,true,stage1_overlap,informative_non_extreme,0.5,0.5,4,4,2,0
ERL-AAFE826523216C0B,TRN-F1A4465863E30080,C,true,stage1_overlap,recoverable_zero,0.0,0.0,4,4,0,0
ERL-68853B30FFF6F45B,TRN-D9D950D6428E3391,C,true,stage1_overlap,informative_non_extreme,0.5,0.5,4,4,2,0
ERL-18A974229A8A896F,TRN-7CEAC968AA07C8A0,C,true,stage1_overlap,informative_non_extreme,0.25,0.25,4,4,1,0
ERL-2B7E50670D5FE06B,TRN-F6D398F5C7669A35,C,true,stage1_overlap,recoverable_zero,0.0,0.0,4,4,0,0
ERL-4F35419AF87436FD,TRN-137E1FB618DF9398,C,true,stage1_overlap,recoverable_zero,0.0,0.0,4,4,0,0
ERL-AB8B2581A19C5243,TRN-1FE999EB3B95C8F1,C,true,unseen_probe,informative_non_extreme,0.75,0.75,4,4,3,0
ERL-0F876AFD52AE6E8A,TRN-8004A797C0EAE67D,C,true,stage1_overlap,informative_non_extreme,0.25,0.25,4,4,1,0
ERL-491882110BA8EEC2,TRN-CA5D60E64F1875AD,C,true,stage1_overlap,informative_non_extreme,0.75,0.75,4,4,3,0
ERL-4809E4146B31A3AE,TRN-52FF0296B178890D,C,true,stage1_overlap,recoverable_zero,0.0,0.0,4,4,0,0
ERL-A027417B833997AF,TRN-92C2BAD546A9714D,C,true,stage1_overlap,informative_non_extreme,0.25,0.25,4,4,1,0
ERL-B07B4CF09189F6ED,TRN-3AAC55E52602F385,C,true,unseen_probe,recoverable_zero,0.0,0.0,4,4,0,0
ERL-40D58125C24C1120,TRN-B268472C2FBECCC7,C,true,stage1_overlap,informative_non_extreme,0.5,0.5,4,4,2,0
ERL-D0EBB0DB0F43F7EF,TRN-0F7D4B35EBC8A7AC,C,true,stage1_overlap,informative_non_extreme,0.75,0.75,4,4,3,0
ERL-D7D28209F44EF436,TRN-C3107FC1855C143C,C,true,stage1_overlap,informative_non_extreme,0.75,0.75,4,4,3,0
ERL-82692B5C37A24D62,TRN-389DBB76D5D20112,C,true,stage1_overlap,informative_non_extreme,0.75,0.75,4,4,3,0
ERL-4131EDE8A67AF4DB,TRN-CD6B9678B35D1DF1,C,true,stage1_overlap,informative_non_extreme,0.25,0.25,4,4,1,0
ERL-CF1E285223A889F6,TRN-95BEF1A5B2F331EC,C,true,stage1_overlap,informative_non_extreme,0.5,0.5,4,4,2,0
ERL-0C831DE82A529397,TRN-5391D1329ECED335,C,true,stage1_overlap,recoverable_zero,0.0,0.0,4,4,0,0
ERL-E048B09DAA1AC9FD,TRN-90B6F4DAE35A1246,C,true,stage1_overlap,recoverable_zero,0.0,0.0,4,4,0,0
ERL-15598FBDB7D648C9,TRN-77086B4ED32C489C,C,true,unseen_probe,informative_non_extreme,0.5,0.5,4,4,2,0
ERL-376F22406A494F8E,TRN-E2D5488BB070D1EC,C,true,stage1_overlap,recoverable_zero,0.0,0.0,4,4,0,0
ERL-92664E201ACC7BBC,TRN-FD87E40422099885,C,true,stage1_overlap,recoverable_zero,0.0,0.0,4,4,0,0
ERL-C95C0E120438F9F5,TRN-9E4FB16CEFEB1699,C,true,stage1_overlap,informative_non_extreme,0.25,0.25,4,4,1,0
ERL-4A615BD00060D673,TRN-D5FC1FBBDBE1D6BE,C,true,stage1_overlap,informative_non_extreme,0.25,0.25,4,4,1,0
ERL-B94314D4ECF13665,TRN-3D6F7C4C5EDDD168,C,true,stage1_overlap,informative_non_extreme,0.5,0.5,4,4,2,0
ERL-11055B35716F4784,TRN-69A57CFD1F1E30B0,C,true,unseen_probe,informative_non_extreme,0.75,0.75,4,4,3,0
ERL-42C3E8DBB73396DA,TRN-F297E9EFD24BD8F4,C,true,unseen_probe,informative_non_extreme,0.75,0.75,4,4,3,0
ERL-D1C121DA73AF930F,TRN-D9F5940E25AFA8E2,C,true,stage1_overlap,recoverable_zero,0.0,0.0,4,4,0,0
ERL-3CC4FEBA652B4ED5,TRN-0F2973D73D81CB45,C,true,stage1_overlap,informative_non_extreme,0.25,0.25,4,4,1,0
ERL-A11537F7C7815564,TRN-22014EF936F0D889,C,true,stage1_overlap,informative_non_extreme,0.5,0.5,4,4,2,0
ERL-61603EB563E3D77A,TRN-F1DAFD52BC404190,C,true,stage1_overlap,informative_non_extreme,0.5,0.5,4,4,2,0
ERL-2CF18367B0BE8B00,TRN-7AAE493C6BFE8FA4,C,true,stage1_overlap,informative_non_extreme,0.75,0.75,4,4,3,0
ERL-4DE8AF27D9691736,TRN-16576F820AED6D6A,C,true,stage1_overlap,informative_non_extreme,0.25,0.25,4,4,1,0
ERL-D6CFD47DA2B1EC79,TRN-E7A656D65427FCFF,C,true,stage1_overlap,informative_non_extreme,0.5,0.5,4,4,2,0
ERL-9744F720B1D46734,TRN-1730199DB5C161F9,C,true,stage1_overlap,informative_non_extreme,0.75,0.75,4,4,3,0
ERL-4CB003A93DC32F02,TRN-CA0AC5E1A6AD6473,C,true,stage1_overlap,informative_non_extreme,0.25,0.25,4,4,1,0
ERL-FE4B70B040FBE9A1,TRN-E9D34BD808A40193,C,true,stage1_overlap,informative_non_extreme,0.75,0.75,4,4,3,0
ERL-0AE4253A44E0262B,TRN-952FE7BBBABF9BF1,C,true,stage1_overlap,informative_non_extreme,0.75,0.75,4,4,3,0
ERL-4456944FE97A03B0,TRN-ED57DEB00D329DBD,C,true,stage1_overlap,informative_non_extreme,0.5,0.5,4,4,2,0
ERL-B1B51D0F9DE79022,TRN-065E9743E2D37BA2,C,true,stage1_overlap,informative_non_extreme,0.5,0.5,4,4,2,0
ERL-14FB8AAF0793709A,TRN-119037837EE4337D,C,true,unseen_probe,informative_non_extreme,0.5,0.5,4,4,2,0
ERL-455C8B423470B35C,TRN-06A29195416183DD,C,true,stage1_overlap,informative_non_extreme,0.5,0.5,4,4,2,0
ERL-E93A0656A49E9990,TRN-93C72436A5F9FDB4,C,true,stage1_overlap,informative_non_extreme,0.25,0.25,4,4,1,0
ERL-552FB7CABBD3D961,TRN-754F822BD9111B57,C,true,stage1_overlap,informative_non_extreme,0.25,0.25,4,4,1,0
ERL-0A9A29A8EC2E7841,TRN-A25DE5A2C96A15C4,C,true,stage1_overlap,recoverable_zero,0.0,0.0,4,4,0,0
ERL-6CACC461468E1C20,TRN-15B5CAEB6AEC9F78,C,true,unseen_probe,informative_non_extreme,0.75,0.75,4,4,3,0
ERL-0F15CF08FF217375,TRN-09A965C9196C8C30,C,true,stage1_overlap,informative_non_extreme,0.5,0.5,4,4,2,0
ERL-F6256EDC49C853B9,TRN-33DEBAB4296A28A4,C,true,stage1_overlap,recoverable_zero,0.0,0.0,4,4,0,0
ERL-A9EF89EAEE3CDFA8,TRN-93F379D232AA0A41,C,true,stage1_overlap,informative_non_extreme,0.75,0.75,4,4,3,0
ERL-69B0CFD8C6D5A8BD,TRN-0BDB784F1627ECDE,C,true,stage1_overlap,informative_non_extreme,0.5,0.5,4,4,2,0
ERL-EF314597C7D8EA87,TRN-EB2C49D55A6F7F80,C,true,stage1_overlap,informative_non_extreme,0.75,0.75,4,4,3,0
ERL-FDD490BB8DF3B163,TRN-A8EAA614240C8B7B,C,true,stage1_overlap,informative_non_extreme,0.5,0.5,4,4,2,0
ERL-AA641836F8D756DD,TRN-A3A33E82249751E5,C,true,unseen_probe,informative_non_extreme,0.25,0.25,4,4,1,0
ERL-6A7F0FDD83463158,TRN-BE89028D2C73AE72,C,true,stage1_overlap,recoverable_zero,0.0,0.0,4,4,0,0
ERL-365A2DA648045BCB,TRN-AC54D518587B005D,C,true,stage1_overlap,informative_non_extreme,0.75,0.75,4,4,3,0
ERL-BBA46288E466AD7B,TRN-87C63AEB8FC5BDBA,C,true,stage1_overlap,informative_non_extreme,0.75,0.75,4,4,3,0
ERL-29279A62D7589F28,TRN-C5F23F9602C5B9B6,C,true,stage1_overlap,informative_non_extreme,0.5,0.5,4,4,2,0
ERL-E967B51ADB4EC72F,TRN-9B5850B54457FABD,C,true,stage1_overlap,informative_non_extreme,0.25,0.25,4,4,1,0
ERL-E59E39421C54331A,TRN-F81F606A19F223A5,C,true,stage1_overlap,recoverable_zero,0.0,0.0,4,4,0,0
ERL-E4D740C5D397543C,TRN-821E802C14117AE4,C,true,stage1_overlap,informative_non_extreme,0.25,0.25,4,4,1,0
ERL-088925C50B56948B,TRN-9E0D370D2FAAB563,C,true,stage1_overlap,informative_non_extreme,0.5,0.5,4,4,2,0
ERL-9CA2F3B5DA07F9FC,TRN-CBD60CF88370E75E,C,true,stage1_overlap,recoverable_zero,0.0,0.0,4,4,0,0
ERL-19DA58FCBC51D3D5,TRN-34BC1499DBB97567,C,true,stage1_overlap,informative_non_extreme,0.75,0.75,4,4,3,0
ERL-B6A71EB9DE8D9187,TRN-F1B644A283C4812C,C,true,stage1_overlap,informative_non_extreme,0.5,0.5,4,4,2,0
ERL-2171855BF711D72F,TRN-A21F4669D97E6590,C,true,stage1_overlap,informative_non_extreme,0.25,0.25,4,4,1,0
ERL-628A742D5E1F740C,TRN-F5DCF1D435D98717,C,true,stage1_overlap,recoverable_zero,0.0,0.0,4,4,0,0
ERL-4AD90AEE85CAA01A,TRN-9BF86A793A39BB9A,C,true,stage1_overlap,informative_non_extreme,0.5,0.5,4,4,2,0
ERL-5439BC9986922762,TRN-8C1C7B9D9CF25DE8,C,true,stage1_overlap,recoverable_zero,0.0,0.0,4,4,0,0
ERL-D344CFBFBBF7CDE7,TRN-4DB797206DAB2D50,C,true,stage1_overlap,informative_non_extreme,0.25,0.25,4,4,1,0
ERL-09B782B9D9CCE426,TRN-075B647775B7FBA0,C,true,stage1_overlap,informative_non_extreme,0.5,0.5,4,4,2,0
ERL-C3C0772DED5EA03D,TRN-0C71AB0A2612E503,C,true,stage1_overlap,informative_non_extreme,0.75,0.75,4,4,3,0
ERL-E163583E62B0E0AB,TRN-485BB43569C29F57,C,true,stage1_overlap,informative_non_extreme,0.75,0.75,4,4,3,0
ERL-18EF830B4061F2F0,TRN-561491FC4C6D538B,C,true,unseen_probe,informative_non_extreme,0.25,0.25,4,4,1,0
ERL-87D579FCE98345EF,TRN-65E567959B89126B,C,true,stage1_overlap,informative_non_extreme,0.25,0.25,4,4,1,0
ERL-36B4428E6D9192C4,TRN-8D7A04200A548177,C,true,unseen_probe,informative_non_extreme,0.75,0.75,4,4,3,0
ERL-5EB607E6A9BF0157,TRN-51AD740491DF2B0C,C,true,stage1_overlap,informative_non_extreme,0.5,0.5,4,4,2,0
ERL-341D670C6268B5EA,TRN-E11FE289A057BCD1,C,true,unseen_probe,informative_non_extreme,0.75,0.75,4,4,3,0
ERL-87E4512CA14AF918,TRN-D68316F07AB7B3EF,C,true,stage1_overlap,informative_non_extreme,0.75,0.75,4,4,3,0
ERL-11402CCFD106D6BB,TRN-E77437683DA3B1BF,C,true,stage1_overlap,recoverable_zero,0.0,0.0,4,4,0,0
ERL-6CF83713D06F18F7,TRN-FF24E8512D862D30,C,true,stage1_overlap,informative_non_extreme,0.75,0.75,4,4,3,0
ERL-69209A11666E7557,TRN-75F160A7B6DFB096,C,true,stage1_overlap,informative_non_extreme,0.75,0.75,4,4,3,0
ERL-7AD3865F12B9599F,TRN-5835F7AA6E46997C,C,true,stage1_overlap,informative_non_extreme,0.5,0.5,4,4,2,0
ERL-195AFDFD087205BA,TRN-039B4CC941C6561D,C,true,stage1_overlap,informative_non_extreme,0.25,0.25,4,4,1,0
ERL-3BCDBE6AA4EFDC13,TRN-17A787666F326A93,C,true,stage1_overlap,recoverable_zero,0.0,0.0,4,4,0,0
ERL-793F0EC861CE3CA9,TRN-586DAB962B71360B,C,true,stage1_overlap,informative_non_extreme,0.5,0.5,4,4,2,0
ERL-C0B48DE7D5E963AE,TRN-DDC06326C46DFDE2,C,true,stage1_overlap,informative_non_extreme,0.25,0.25,4,4,1,0
ERL-7779BEBD377CD779,TRN-2D34E39DB5FB1785,C,true,unseen_probe,informative_non_extreme,0.5,0.5,4,4,2,0
ERL-F2D39CA7F589EF2A,TRN-AE459BCE242E8090,C,true,stage1_overlap,informative_non_extreme,0.5,0.5,4,4,2,0
ERL-94C3431C7DFB0AF1,TRN-3D3551211D5C6B59,C,true,stage1_overlap,informative_non_extreme,0.5,0.5,4,4,2,0
ERL-804AAD1510FE5B7A,TRN-7928F8F0345E5632,C,true,stage1_overlap,recoverable_zero,0.0,0.0,4,4,0,0
ERL-BEFDF3A1AE6CE6C8,TRN-5FEE33917FB24005,C,true,stage1_overlap,informative_non_extreme,0.25,0.25,4,4,1,0
ERL-4DCFCD2EA193C281,TRN-B89993162ABC13C4,C,true,stage1_overlap,informative_non_extreme,0.5,0.5,4,4,2,0
ERL-5D3162AD8BC87503,TRN-AD63A38AE986DEE6,C,true,stage1_overlap,informative_non_extreme,0.5,0.5,4,4,2,0
ERL-ED2AC821EB1645B1,TRN-01758F61A60F2530,C,true,stage1_overlap,informative_non_extreme,0.75,0.75,4,4,3,0
ERL-24E9259335501366,TRN-7FA33180991889F3,C,true,stage1_overlap,informative_non_extreme,0.75,0.75,4,4,3,0
ERL-3F569B50E3D46FC3,TRN-DE26D1611E75A514,C,true,stage1_overlap,informative_non_extreme,0.25,0.25,4,4,1,0
ERL-14495F751B175E71,TRN-F37EBDBE20231EAE,C,true,stage1_overlap,informative_non_extreme,0.5,0.5,4,4,2,0
ERL-BFC91CE8912EFCCF,TRN-AB3C77CF69FB7DE7,C,true,unseen_probe,informative_non_extreme,0.25,0.25,4,4,1,0
ERL-CCB2044C31EE43C9,TRN-D412D38F359B853F,C,true,stage1_overlap,informative_non_extreme,0.25,0.25,4,4,1,0
ERL-B0DD408E6DB95338,TRN-B6F39447C781B05D,C,true,stage1_overlap,recoverable_zero,0.0,0.0,4,4,0,0
ERL-6E9AE1498950B82B,TRN-DECEE7082907A739,C,true,stage1_overlap,informative_non_extreme,0.75,0.75,4,4,3,0
ERL-5A2FAA2D51C4A72D,TRN-ECC42A1BD6308758,C,true,stage1_overlap,informative_non_extreme,0.75,0.75,4,4,3,0
ERL-5EE6F538A3BB167B,TRN-D395ECAA98A138D0,C,true,stage1_overlap,informative_non_extreme,0.5,0.5,4,4,2,0
ERL-DA35E4FD18343E04,TRN-C5E2588E8620F9AD,C,true,stage1_overlap,informative_non_extreme,0.75,0.75,4,4,3,0
ERL-2D987808B6A089E5,TRN-948A4E1D5BB8ADAF,C,true,stage1_overlap,informative_non_extreme,0.75,0.75,4,4,3,0
ERL-119827709A037262,TRN-9115C26F4E3AF3B0,C,true,unseen_probe,informative_non_extreme,0.25,0.25,4,4,1,0
ERL-FB36DBFEBD561D4C,TRN-80A216570B950104,C,true,stage1_overlap,recoverable_zero,0.0,0.0,4,4,0,0
ERL-A6E5359707C0600E,TRN-A7A5AE452B562C2C,C,true,stage1_overlap,informative_non_extreme,0.25,0.25,4,4,1,0
ERL-D72A27A370954C78,TRN-39DF5CB03E9E5B00,C,true,stage1_overlap,informative_non_extreme,0.75,0.75,4,4,3,0
ERL-8AD2063803B038CC,TRN-50C7B187C3932B1C,C,true,unseen_probe,informative_non_extreme,0.75,0.75,4,4,3,0
ERL-5F54675ABE116740,TRN-559E8AA3ABEF0B47,C,true,stage1_overlap,informative_non_extreme,0.25,0.25,4,4,1,0
ERL-36F81AD1BE09979A,TRN-707458714B8F7C71,C,true,stage1_overlap,informative_non_extreme,0.75,0.75,4,4,3,0
ERL-3DCA0B71F606E3EF,TRN-61B8E562C1B8818A,C,true,stage1_overlap,informative_non_extreme,0.25,0.25,4,4,1,0
ERL-5A858DEF6B8B6716,TRN-4075F13F5293DFA8,C,true,stage1_overlap,informative_non_extreme,0.25,0.25,4,4,1,0
ERL-840B192EEF7395BF,TRN-F0301D0FF91B2A50,C,true,stage1_overlap,informative_non_extreme,0.25,0.25,4,4,1,0
ERL-8CEEAC05272FB5D0,TRN-F97C97FA7153932B,C,true,stage1_overlap,informative_non_extreme,0.5,0.5,4,4,2,0
ERL-B33A811E0C4EE766,TRN-9118082FFAC55C79,C,true,stage1_overlap,informative_non_extreme,0.75,0.75,4,4,3,0
ERL-846F3119DA37F797,TRN-1B3D8EB36BEE4AB4,C,true,stage1_overlap,informative_non_extreme,0.5,0.5,4,4,2,0
ERL-180AC3F8C62B81DD,TRN-86C5A84CBD93C1B1,C,true,unseen_probe,informative_non_extreme,0.75,0.75,4,4,3,0
ERL-3FA5FD74EF099D5E,TRN-58D55015CCF1CD70,C,true,stage1_overlap,informative_non_extreme,0.25,0.25,4,4,1,0
ERL-D962CA7D1900474D,TRN-E429394BE8D4764C,C,true,stage1_overlap,informative_non_extreme,0.5,0.5,4,4,2,0
ERL-AADB98B47C8F0311,TRN-CB6F7E001C76CCFB,C,true,stage1_overlap,informative_non_extreme,0.5,0.5,4,4,2,0
ERL-FC54D54ADD24D029,TRN-28674004999A9A79,C,true,stage1_overlap,recoverable_zero,0.0,0.0,4,4,0,0
ERL-B5FBBF8E77EB81C2,TRN-56435A54537EF22A,C,true,stage1_overlap,informative_non_extreme,0.5,0.5,4,4,2,0
ERL-954DE7A26F8942F7,TRN-6C118F6123DC85FA,C,true,stage1_overlap,informative_non_extreme,0.5,0.5,4,4,2,0
ERL-449780416CF2C112,TRN-E967AD35540F3E13,C,true,stage1_overlap,recoverable_zero,0.0,0.0,4,4,0,0
ERL-D2C763CC4BE70DB8,TRN-47CBE510E46518DD,C,true,stage1_overlap,informative_non_extreme,0.75,0.75,4,4,3,0
ERL-3B7ADBECA6A96F79,TRN-105A0227E3104323,C,true,unseen_probe,informative_non_extreme,0.75,0.75,4,4,3,0
ERL-D522B76FD616A3D3,TRN-1EF221714CF88754,C,true,stage1_overlap,informative_non_extreme,0.5,0.5,4,4,2,0
ERL-1FD0FEADF721AC95,TRN-55BDED5A5CC3C72D,C,true,stage1_overlap,recoverable_zero,0.0,0.0,4,4,0,0
ERL-709AB275B59204F8,TRN-774899E210BA0256,C,true,stage1_overlap,informative_non_extreme,0.75,0.75,4,4,3,0
ERL-F068EFFB93179667,TRN-724957405868C8A5,C,true,stage1_overlap,informative_non_extreme,0.5,0.5,4,4,2,0
ERL-CCF4029EE13362D1,TRN-9F5F1A8F1E836CFA,C,true,unseen_probe,informative_non_extreme,0.5,0.5,4,4,2,0
ERL-3925190904273C76,TRN-CC375883598DE3D9,C,true,stage1_overlap,informative_non_extreme,0.75,0.75,4,4,3,0
ERL-0610035471F080F2,TRN-DE86E1FA7F741F02,C,true,unseen_probe,informative_non_extreme,0.75,0.75,4,4,3,0
ERL-59803BDA0837393B,TRN-21A69286AC98B453,C,true,stage1_overlap,informative_non_extreme,0.25,0.25,4,4,1,0
ERL-1D8CFD74AF34AE2D,TRN-2A95EA48772B91BD,C,true,stage1_overlap,recoverable_zero,0.0,0.0,4,4,0,0
ERL-4632284469506F9B,TRN-B44DD0471C870B43,C,true,stage1_overlap,informative_non_extreme,0.5,0.5,4,4,2,0
ERL-55508E0348B8E436,TRN-135AD2C0F28F49C5,C,true,unseen_probe,informative_non_extreme,0.5,0.5,4,4,2,0
ERL-42FD5F44903C422D,TRN-E1FBFAED245D2AEC,C,true,stage1_overlap,informative_non_extreme,0.25,0.25,4,4,1,0
ERL-154798CF4B5FB8EA,TRN-D5839A83C51F373F,C,true,stage1_overlap,informative_non_extreme,0.75,0.75,4,4,3,0
ERL-F2D8E6E54DA619A7,TRN-792181F3117EF7FA,C,true,stage1_overlap,informative_non_extreme,0.5,0.5,4,4,2,0
ERL-816FAB6A16B7B4C0,TRN-73819D87010401AB,C,true,stage1_overlap,informative_non_extreme,0.25,0.25,4,4,1,0
ERL-55EC6E5BB501BEB3,TRN-EA599BE35B0E17F0,C,true,stage1_overlap,informative_non_extreme,0.75,0.75,4,4,3,0
ERL-7197B029CE7F76CE,TRN-DBFB84646656EC83,C,true,stage1_overlap,recoverable_zero,0.0,0.0,4,4,0,0
ERL-CA81CE2F5FA52E3E,TRN-6C3CEE74717AB272,C,true,stage1_overlap,informative_non_extreme,0.5,0.5,4,4,2,0
ERL-63EF6DD1DADE6958,TRN-722FEE10E75CC1B7,C,true,stage1_overlap,recoverable_zero,0.0,0.0,4,4,0,0
ERL-D10200EA58D5B2C8,TRN-E79E81D070FF05E0,C,true,unseen_probe,recoverable_zero,0.0,0.0,4,4,0,0
ERL-854A9FEAFC8B6F77,TRN-30D7D306F6B25E51,C,true,stage1_overlap,informative_non_extreme,0.25,0.25,4,4,1,0
ERL-CE9215F8BBA44728,TRN-40A598E9C0EB1A3A,C,true,stage1_overlap,recoverable_zero,0.0,0.0,4,4,0,0
ERL-2A65BA068218F951,TRN-1120B3C98B9E4953,C,true,stage1_overlap,informative_non_extreme,0.75,0.75,4,4,3,0
ERL-B7BA20740D9BBF41,TRN-80E87448046C5122,C,true,stage1_overlap,informative_non_extreme,0.25,0.25,4,4,1,0
ERL-F10C6D39E3A46144,TRN-11C32B5FBB182E8F,C,true,stage1_overlap,informative_non_extreme,0.5,0.5,4,4,2,0
ERL-C2E1A3E12E2EB9F7,TRN-976EC5F544D3CBA1,C,true,stage1_overlap,informative_non_extreme,0.5,0.5,4,4,2,0
ERL-FA6B99BAE259ACBE,TRN-9411DD943CA31ABB,C,true,stage1_overlap,informative_non_extreme,0.75,0.75,4,4,3,0
ERL-B0C20A80AC8847D1,TRN-7A08C0D84B8A6DBB,C,true,stage1_overlap,informative_non_extreme,0.5,0.5,4,4,2,0
ERL-1676D541720B7167,TRN-4B53C2790E84B7A3,C,true,stage1_overlap,informative_non_extreme,0.5,0.5,4,4,2,0
ERL-C755D6B9934ABCFC,TRN-26047A7AFAC2455D,C,true,stage1_overlap,informative_non_extreme,0.5,0.5,4,4,2,0
ERL-4F23FABB63935B02,TRN-CFA9512DEE3C916F,C,true,stage1_overlap,informative_non_extreme,0.25,0.25,4,4,1,0
ERL-EE1FF4BBFA7FD2B5,TRN-AFDEBCA86421A716,C,true,stage1_overlap,recoverable_zero,0.0,0.0,4,4,0,0
ERL-C4B23176FA046727,TRN-40CAFB2C8E574FD1,C,true,stage1_overlap,informative_non_extreme,0.5,0.5,4,4,2,0
ERL-084F73E26354BBD0,TRN-7020FBAA75017B7F,C,true,stage1_overlap,recoverable_zero,0.0,0.0,4,4,0,0
ERL-6BFAD1B33F10C958,TRN-EB4B1C03DA6F859B,C,true,unseen_probe,informative_non_extreme,0.75,0.75,4,4,3,0
ERL-FDB79D98D76BCD56,TRN-E6BDBD4A03C75C4A,C,true,stage1_overlap,recoverable_zero,0.0,0.0,4,4,0,0
ERL-9ED1B4616CD982F7,TRN-579F8BD1E7E0428F,C,true,stage1_overlap,recoverable_zero,0.0,0.0,4,4,0,0
ERL-A43EEFE0BB785D46,TRN-20AD8C3F40C6D4B5,C,true,stage1_overlap,informative_non_extreme,0.5,0.5,4,4,2,0
ERL-66C906C32CB6408D,TRN-D04515FF3F1F38C1,C,true,stage1_overlap,informative_non_extreme,0.75,0.75,4,4,3,0
ERL-B99D767A7CF02557,TRN-AE1A012DF4D22CAB,C,true,stage1_overlap,informative_non_extreme,0.25,0.25,4,4,1,0
ERL-029EB5D7FB6ECD17,TRN-AB2197329319D491,C,true,stage1_overlap,recoverable_zero,0.0,0.0,4,4,0,0
ERL-B2BF0CAFB918E648,TRN-3D4DDE0588642DA3,C,true,stage1_overlap,informative_non_extreme,0.75,0.75,4,4,3,0
ERL-3AD8729B3C378AAD,TRN-9C40F1D2B8F0ECF4,C,true,stage1_overlap,recoverable_zero,0.0,0.0,4,4,0,0
ERL-859F1563A6A48971,TRN-373B762ED3BA8AD1,C,true,stage1_overlap,informative_non_extreme,0.25,0.25,4,4,1,0
ERL-A01A0FCAF6106020,TRN-DA1207745D78807A,C,true,stage1_overlap,informative_non_extreme,0.5,0.5,4,4,2,0
ERL-03CFFACE7D195D0F,TRN-F48DDC9DA0E094B5,C,true,stage1_overlap,informative_non_extreme,0.5,0.5,4,4,2,0
ERL-61B11524AF1C65E7,TRN-9DE6B66E0B7B941D,C,true,stage1_overlap,informative_non_extreme,0.5,0.5,4,4,2,0
ERL-00E6374CA18A8F2D,TRN-46B3798B1CF7CC1C,C,true,stage1_overlap,informative_non_extreme,0.75,0.75,4,4,3,0
ERL-76F29D817F710E17,TRN-9080C2079714CCE5,C,true,unseen_probe,informative_non_extreme,0.5,0.5,4,4,2,0
ERL-B9442527215CDE09,TRN-4ADCF0687F42F59A,C,true,stage1_overlap,informative_non_extreme,0.5,0.5,4,4,2,0
ERL-42CFC1496C1406F1,TRN-E2F8B577371942D6,C,true,stage1_overlap,informative_non_extreme,0.25,0.25,4,4,1,0
ERL-06B1EE2003C17D92,TRN-A533D9A62157F405,C,true,stage1_overlap,informative_non_extreme,0.5,0.5,4,4,2,0
ERL-3830FB78D3AD2A48,TRN-A0715748BC68A86B,C,true,stage1_overlap,informative_non_extreme,0.5,0.5,4,4,2,0
ERL-C49DD89E95FE07B7,TRN-A64EC7A22844C5D6,C,true,stage1_overlap,informative_non_extreme,0.75,0.75,4,4,3,0
ERL-8FB7E49CF4BC1B96,TRN-7A09A4E02E9304B7,C,true,stage1_overlap,informative_non_extreme,0.5,0.5,4,4,2,0
ERL-03991AF19CB14E46,TRN-B8FC3D6CF6BFA04B,C,true,unseen_probe,recoverable_zero,0.0,0.0,4,4,0,0
ERL-9EE2C331C1C398EB,TRN-1F29CCA5DC699312,C,true,unseen_probe,informative_non_extreme,0.5,0.5,4,4,2,0
ERL-F516D7F4B9467D71,TRN-F15617BF40FA6D60,C,true,stage1_overlap,informative_non_extreme,0.25,0.25,4,4,1,0
ERL-A6D855EA779768E3,TRN-1C11E6419360D0FE,C,true,stage1_overlap,informative_non_extreme,0.25,0.25,4,4,1,0
ERL-647D6DB8CADCCCD7,TRN-520656D21ED526DF,C,true,stage1_overlap,informative_non_extreme,0.5,0.5,4,4,2,0
ERL-501D24D9395E1711,TRN-1841FCB77C14042D,C,true,stage1_overlap,informative_non_extreme,0.5,0.5,4,4,2,0
ERL-5336F9859D2C9C56,TRN-F79BDE6F00D91DED,C,true,stage1_overlap,informative_non_extreme,0.75,0.75,4,4,3,0
ERL-6A9C508ED5E0EE0F,TRN-C57272AEE55BD063,C,true,stage1_overlap,informative_non_extreme,0.25,0.25,4,4,1,0
ERL-C1AF91320853A196,TRN-2617535DCFFE1810,C,true,stage1_overlap,informative_non_extreme,0.5,0.5,4,4,2,0
ERL-9124BF7DB9577EF0,TRN-C48218ED9854620B,C,true,stage1_overlap,recoverable_zero,0.0,0.0,4,4,0,0
ERL-75D46AC7AEB95744,TRN-1797B9C92C44D2E7,C,true,stage1_overlap,informative_non_extreme,0.75,0.75,4,4,3,0
ERL-597BAC03788E48B0,TRN-4AA3095887EDD5E8,C,true,stage1_overlap,informative_non_extreme,0.5,0.5,4,4,2,0
ERL-47D1C863733DB931,TRN-385D6555F0A58987,C,true,stage1_overlap,informative_non_extreme,0.25,0.25,4,4,1,0
ERL-E72CBB2ED187D8AE,TRN-6C00DEB698C2EF2C,C,true,stage1_overlap,informative_non_extreme,0.75,0.75,4,4,3,0
ERL-E83E3C73CA5141E9,TRN-3D12529DA7F5935A,C,true,stage1_overlap,informative_non_extreme,0.5,0.5,4,4,2,0
ERL-A38EF60CA65387EF,TRN-19D0326778CE7408,C,true,unseen_probe,informative_non_extreme,0.5,0.5,4,4,2,0
ERL-5BB957B831713F69,TRN-50BFDED018A48E6B,C,true,stage1_overlap,informative_non_extreme,0.75,0.75,4,4,3,0
ERL-E4807C4D362D6807,TRN-50C4EE3DFACFDBCD,C,true,stage1_overlap,informative_non_extreme,0.25,0.25,4,4,1,0
ERL-3600D2D5304F8F27,TRN-6765657F854D1A54,C,true,unseen_probe,informative_non_extreme,0.75,0.75,4,4,3,0
ERL-4007ED775838A81D,TRN-6B32262B829F96C0,C,true,stage1_overlap,informative_non_extreme,0.5,0.5,4,4,2,0
ERL-F170811E76189EED,TRN-ADC49F72FAA01B9E,C,true,unseen_probe,informative_non_extreme,0.5,0.6666666666666666,4,3,2,1
ERL-6C157E857FF1C961,TRN-2CA8A05D43F9FAE0,C,true,stage1_overlap,informative_non_extreme,0.25,0.25,4,4,1,0
ERL-56AE6F8FEBBAA751,TRN-FD3DEA46CBFEE8C4,C,true,stage1_overlap,informative_non_extreme,0.25,0.25,4,4,1,0
ERL-83CBB410EDDD84B9,TRN-1563E214450FA380,C,true,stage1_overlap,informative_non_extreme,0.75,0.75,4,4,3,0
ERL-52A5688136A00568,TRN-6C118F6123DC85FA,C,true,unseen_probe,informative_non_extreme,0.25,0.25,4,4,1,0
ERL-96DD4533F6AE6DC7,TRN-C53BF2C3E117E333,C,true,stage1_overlap,informative_non_extreme,0.75,0.75,4,4,3,0
ERL-AB112A785000B212,TRN-59B15D7BFB3FD135,C,true,stage1_overlap,informative_non_extreme,0.5,0.5,4,4,2,0
ERL-5F9316DC07E9245A,TRN-E434B7AA14909610,C,true,stage1_overlap,informative_non_extreme,0.5,0.5,4,4,2,0
ERL-922B2F3C4CBC5639,TRN-9A2D84FA663C5A19,C,true,stage1_overlap,informative_non_extreme,0.5,0.5,4,4,2,0
ERL-793DF6E9973B1A91,TRN-4C31B4C64E00E1C1,C,true,stage1_overlap,informative_non_extreme,0.75,0.75,4,4,3,0
ERL-C5DCA90D860764E4,TRN-A10B380BFDBB09CF,C,true,stage1_overlap,informative_non_extreme,0.75,0.75,4,4,3,0
ERL-369DB3F3BCC617F2,TRN-843E9CCEBF742AF5,C,true,unseen_probe,informative_non_extreme,0.25,0.25,4,4,1,0
ERL-3440D51391AD8A1B,TRN-6D675F6E769B2D26,C,true,stage1_overlap,informative_non_extreme,0.25,0.25,4,4,1,0
ERL-AD399DA634537415,TRN-6D97E7D8C0EF95E4,C,true,stage1_overlap,recoverable_zero,0.0,0.0,4,4,0,0
ERL-DEE0E0F15B6F04FA,TRN-78A43B8B0CD6CE6A,C,true,stage1_overlap,informative_non_extreme,0.75,0.75,4,4,3,0
ERL-C8BDE0DCA1408F56,TRN-46AAD94CD990B5CE,C,true,stage1_overlap,informative_non_extreme,0.25,0.25,4,4,1,0
ERL-633A8C1759AF6326,TRN-27631EBC7F7A4D82,C,true,unseen_probe,recoverable_zero,0.0,0.0,4,4,0,0
ERL-09F4475D38071F66,TRN-94662DE321C244D1,C,true,stage1_overlap,informative_non_extreme,0.75,0.75,4,4,3,0
ERL-C591ADA3BA91B0B1,TRN-E2CE5D68B5DC80FD,C,true,unseen_probe,informative_non_extreme,0.75,0.75,4,4,3,0
ERL-AE4D06ABBE185DA8,TRN-338F4C7E926EFD49,C,true,stage1_overlap,informative_non_extreme,0.75,0.75,4,4,3,0
ERL-42F18F87882F86D6,TRN-13B2430867F02D56,C,true,stage1_overlap,informative_non_extreme,0.5,0.5,4,4,2,0
ERL-3E232ECCA3413E6C,TRN-C44A54EA24906FC9,C,true,stage1_overlap,informative_non_extreme,0.25,0.25,4,4,1,0
ERL-33D0ED9233648CDA,TRN-2856717292C1073C,C,true,stage1_overlap,informative_non_extreme,0.25,0.25,4,4,1,0
ERL-CDD4A82E0B4D0AEB,TRN-A7B6C69A1589C553,C,true,stage1_overlap,informative_non_extreme,0.25,0.25,4,4,1,0
ERL-6DFF7B21D5165F66,TRN-64B73BEAA64F6FBB,C,true,stage1_overlap,informative_non_extreme,0.75,0.75,4,4,3,0
ERL-3D7598395577AE0C,TRN-7EE0F3FEAEE52334,C,true,stage1_overlap,informative_non_extreme,0.25,0.25,4,4,1,0
ERL-70895A50330DB138,TRN-4EA09BE5486792D8,C,true,stage1_overlap,informative_non_extreme,0.75,0.75,4,4,3,0
ERL-BBC80394F3298974,TRN-810CAE38D0534407,C,true,stage1_overlap,informative_non_extreme,0.5,0.5,4,4,2,0
ERL-80A17867B198F7D8,TRN-98BED4E7C850731B,C,true,stage1_overlap,informative_non_extreme,0.5,0.5,4,4,2,0
ERL-8AA0F1CC7C2C89F5,TRN-2E62C10D14BFA947,C,true,stage1_overlap,informative_non_extreme,0.5,0.5,4,4,2,0
ERL-43C3102B76E83D07,TRN-06223677706F6605,C,true,stage1_overlap,recoverable_zero,0.0,0.0,4,4,0,0
ERL-71B45363C3C2FFFE,TRN-F37A3808745C80CD,C,true,stage1_overlap,informative_non_extreme,0.5,0.5,4,4,2,0
ERL-EC1EF42D1BBE3D69,TRN-7FC2656C728FE513,C,true,stage1_overlap,informative_non_extreme,0.25,0.25,4,4,1,0
ERL-CC90D679A141D205,TRN-A7D1856B51EA97C5,C,true,stage1_overlap,informative_non_extreme,0.75,0.75,4,4,3,0
ERL-64D26BAA7F5882C3,TRN-8FF0EF2D20700400,C,true,unseen_probe,recoverable_zero,0.0,0.0,4,4,0,0
ERL-6898D44B0B137EEF,TRN-5FB453F1D0AE56A5,C,true,unseen_probe,informative_non_extreme,0.75,0.75,4,4,3,0
ERL-61802083854C54BF,TRN-A4AB24566E9F5931,C,true,stage1_overlap,recoverable_zero,0.0,0.0,4,4,0,0
ERL-3D31DFBC7D59C45D,TRN-3AE5A5A8F97FB4E7,C,true,stage1_overlap,informative_non_extreme,0.75,0.75,4,4,3,0
ERL-7F07E542E1FC7F0F,TRN-F80F97C5FCB8BDA4,C,true,stage1_overlap,informative_non_extreme,0.75,0.75,4,4,3,0
ERL-A375F203BC04E1F1,TRN-96E65E2B021BC722,C,true,stage1_overlap,informative_non_extreme,0.75,0.75,4,4,3,0
ERL-20275FED00C7A6FD,TRN-04160BD026F9C833,C,true,stage1_overlap,informative_non_extreme,0.25,0.25,4,4,1,0
ERL-EAA6E0AC2C540BD3,TRN-28B7EAC536BBF8E2,C,true,stage1_overlap,recoverable_zero,0.0,0.0,4,4,0,0
ERL-F005D8DCFE9653D4,TRN-F6AAC5EB2F0EA362,C,true,unseen_probe,informative_non_extreme,0.25,0.25,4,4,1,0
ERL-3915FDDCB9E41766,TRN-B2343DEEAAA38F85,C,true,stage1_overlap,informative_non_extreme,0.75,0.75,4,4,3,0
ERL-3487FE442B11AECF,TRN-DA32C0385C2FDE12,C,true,stage1_overlap,informative_non_extreme,0.25,0.25,4,4,1,0
ERL-12FA2EEE03A2097C,TRN-B1DE1543A31431B7,C,true,stage1_overlap,recoverable_zero,0.0,0.0,4,4,0,0
ERL-A41F0E7ED6531929,TRN-DBD06BF9DE009F45,C,true,stage1_overlap,informative_non_extreme,0.25,0.25,4,4,1,0
ERL-C0F1DD4C2981F89B,TRN-3D8696DE5029332B,C,true,stage1_overlap,informative_non_extreme,0.75,0.75,4,4,3,0
ERL-224036F0BD6FFD6D,TRN-8B050158F6E61993,C,true,stage1_overlap,informative_non_extreme,0.75,0.75,4,4,3,0
ERL-D07A761552C3F5D4,TRN-3E17D0EAA132F410,C,true,stage1_overlap,informative_non_extreme,0.5,0.5,4,4,2,0
ERL-7BD1A76269ECE32A,TRN-656057EDA359DD0A,C,true,stage1_overlap,informative_non_extreme,0.75,0.75,4,4,3,0
ERL-9121BA26067A7245,TRN-E5F83D4A0E110726,C,true,unseen_probe,informative_non_extreme,0.5,0.5,4,4,2,0
ERL-B211C8449206BE05,TRN-4A9135581C9546C1,C,true,stage1_overlap,informative_non_extreme,0.75,0.75,4,4,3,0
ERL-C9D244D0A83D320A,TRN-C3ED94F5450C97C2,C,true,stage1_overlap,informative_non_extreme,0.5,0.5,4,4,2,0
ERL-91115205DFE5529E,TRN-0BDE77367C20FBCD,C,true,stage1_overlap,recoverable_zero,0.0,0.0,4,4,0,0
ERL-50F9BBEA9B4EEA2D,TRN-DCE94747893DFAD7,C,true,stage1_overlap,recoverable_zero,0.0,0.0,4,4,0,0
ERL-E9B2047B49AB380D,TRN-1F5BEE6E122E748F,C,true,stage1_overlap,informative_non_extreme,0.25,0.25,4,4,1,0
ERL-AE83144CE370CE0D,TRN-B367F2F3E812C3A2,C,true,stage1_overlap,informative_non_extreme,0.5,0.5,4,4,2,0
ERL-589DF1B0A47A3401,TRN-97FBB7DE43F1155D,C,true,stage1_overlap,recoverable_zero,0.0,0.0,4,4,0,0
ERL-302258EB20454EA5,TRN-CEDC169F65C960D0,C,true,stage1_overlap,recoverable_zero,0.0,0.0,4,4,0,0
ERL-684218E5EEEDC6B0,TRN-F17D57162C43CA3A,C,true,stage1_overlap,informative_non_extreme,0.75,0.75,4,4,3,0
ERL-B59DD139D697C863,TRN-3DED2EB3C532B914,C,true,stage1_overlap,informative_non_extreme,0.5,0.5,4,4,2,0
ERL-BAB8CE158911BBDD,TRN-A02A03A2BD1F5899,C,true,stage1_overlap,informative_non_extreme,0.75,0.75,4,4,3,0
ERL-6F181AAF3B1806B9,TRN-FDC7F34F200E100E,C,true,stage1_overlap,recoverable_zero,0.0,0.0,4,4,0,0
ERL-20B2FCB173FBE84F,TRN-3C0C4991F9EEDF67,C,true,stage1_overlap,recoverable_zero,0.0,0.0,4,4,0,0
ERL-6861F2F70AC74443,TRN-5AB4BE0A830DF143,C,true,stage1_overlap,informative_non_extreme,0.75,0.75,4,4,3,0
ERL-294A645E2C037054,TRN-154E40EB1B9051B2,C,true,stage1_overlap,informative_non_extreme,0.25,0.25,4,4,1,0
ERL-74D600A9B005A724,TRN-B846B1B28DDF99A5,C,true,stage1_overlap,informative_non_extreme,0.75,0.75,4,4,3,0
ERL-A8597EAD3E7CA9E8,TRN-8AA53E5FDB6506F7,C,true,unseen_probe,informative_non_extreme,0.25,0.25,4,4,1,0
ERL-1DA970CEA3C57038,TRN-A6951496E6D0285A,C,true,stage1_overlap,informative_non_extreme,0.5,0.5,4,4,2,0
ERL-55BA5C7316262550,TRN-55078EF5F55EE952,C,true,stage1_overlap,informative_non_extreme,0.75,0.75,4,4,3,0
ERL-000C23DA788E23E0,TRN-F1D01CC188925C83,C,true,stage1_overlap,informative_non_extreme,0.5,0.5,4,4,2,0
ERL-B4469E287361A474,TRN-FAEBE15D1C8789DD,C,true,unseen_probe,informative_non_extreme,0.25,0.25,4,4,1,0
ERL-8D6AC6791C3572A8,TRN-E616CF50180BE78E,C,true,stage1_overlap,recoverable_zero,0.0,0.0,4,4,0,0
ERL-C4A6248B83460298,TRN-BB9466CCB286F345,C,true,stage1_overlap,recoverable_zero,0.0,0.0,4,4,0,0
ERL-3336B6E48B70478F,TRN-5C00528904E30B12,C,true,stage1_overlap,informative_non_extreme,0.5,0.5,4,4,2,0
ERL-5509D5BBF152F989,TRN-EDB653F69D03EDAA,C,true,unseen_probe,informative_non_extreme,0.75,0.75,4,4,3,0
ERL-444F1833A8ACE79A,TRN-8EB7FC43FCBFD29E,C,true,stage1_overlap,informative_non_extreme,0.5,0.5,4,4,2,0
ERL-1A6DBF376C2FA7C4,TRN-E0A830662A93D264,C,true,stage1_overlap,recoverable_zero,0.0,0.0,4,4,0,0
ERL-DDA0D31E091F4D31,TRN-1B4F686EB8A35E1F,C,true,unseen_probe,informative_non_extreme,0.75,0.75,4,4,3,0
ERL-091133F53D3B2C4E,TRN-FA8FD9CB1D280136,C,true,unseen_probe,informative_non_extreme,0.25,0.25,4,4,1,0
ERL-04E46C8A7CC03B64,TRN-8EF81716A855E336,C,true,stage1_overlap,informative_non_extreme,0.5,0.5,4,4,2,0
ERL-84E9AE34384A65BA,TRN-498F5CF7B0ACB490,C,true,unseen_probe,informative_non_extreme,0.75,0.75,4,4,3,0
ERL-20ED08DE640B01B0,TRN-57660639FBDEBB60,C,true,stage1_overlap,informative_non_extreme,0.75,0.75,4,4,3,0
ERL-E63B2D33A637E432,TRN-BE7EF01A29540EF7,C,true,stage1_overlap,informative_non_extreme,0.5,0.5,4,4,2,0
ERL-F12C38E4510444A7,TRN-E4FBF3DCEABA412B,C,true,stage1_overlap,informative_non_extreme,0.75,0.75,4,4,3,0
ERL-AF63F01872043E25,TRN-2B0D9B2769395ED0,C,true,stage1_overlap,informative_non_extreme,0.25,0.25,4,4,1,0
ERL-EFA69BB4CC3CEB2B,TRN-D1AC297D0526C493,C,true,stage1_overlap,informative_non_extreme,0.25,0.25,4,4,1,0
ERL-539157F3877D9255,TRN-61B99789598F9D0E,C,true,stage1_overlap,informative_non_extreme,0.5,0.5,4,4,2,0
ERL-72F793A420D23CF6,TRN-13F5B14AFE4378D9,C,true,stage1_overlap,informative_non_extreme,0.25,0.25,4,4,1,0
ERL-C04AE582883B3A8E,TRN-4AC0CC3BD38A3E6E,C,true,stage1_overlap,informative_non_extreme,0.5,0.5,4,4,2,0
ERL-8B401989FBD5A53B,TRN-25A3B9D42D68EEBD,C,true,stage1_overlap,recoverable_zero,0.0,0.0,4,4,0,0
ERL-2CF5AB4900254525,TRN-03268D56D0A55C2A,C,true,unseen_probe,informative_non_extreme,0.75,0.75,4,4,3,0
ERL-0849D27DFD437B58,TRN-A108948C1BA60A18,C,true,stage1_overlap,recoverable_zero,0.0,0.0,4,4,0,0
ERL-7B6E13C4B3A9E39D,TRN-E8AA9A5CBF2D6CD4,C,true,stage1_overlap,informative_non_extreme,0.75,0.75,4,4,3,0
ERL-E0D66D387F1E9019,TRN-6B0EB872015DBE5C,C,true,stage1_overlap,recoverable_zero,0.0,0.0,4,4,0,0
ERL-1C968ECF1CD06F97,TRN-B22524FE3BD68833,C,true,stage1_overlap,informative_non_extreme,0.75,0.75,4,4,3,0
ERL-192054D78BD3CB1B,TRN-1782297FAE4525DD,C,true,stage1_overlap,informative_non_extreme,0.75,0.75,4,4,3,0
ERL-CF5F5DEE3B3B57CA,TRN-4B382785B98168DC,C,true,stage1_overlap,recoverable_zero,0.0,0.0,4,4,0,0
ERL-5C4C01113944C421,TRN-9243E3642862F6C3,C,true,stage1_overlap,informative_non_extreme,0.5,0.5,4,4,2,0
ERL-EEA02D27FEF89AE4,TRN-5C8BFB3C32F8D91A,C,true,unseen_probe,informative_non_extreme,0.75,0.75,4,4,3,0
ERL-C6C632F55AA87DDE,TRN-58316325BD5616FC,C,true,stage1_overlap,informative_non_extreme,0.5,0.5,4,4,2,0
ERL-208F69BB3ED2B05F,TRN-F72BD487A1475650,C,true,stage1_overlap,recoverable_zero,0.0,0.0,4,4,0,0
ERL-E3274B8FF8185D02,TRN-2929E6BE4002D4ED,C,true,stage1_overlap,informative_non_extreme,0.5,0.5,4,4,2,0
ERL-AA29D5C974058002,TRN-BD07A5A324777056,C,true,stage1_overlap,informative_non_extreme,0.75,0.75,4,4,3,0
ERL-5D5AB20FE59DE126,TRN-7C416602535246FC,C,true,stage1_overlap,informative_non_extreme,0.25,0.25,4,4,1,0
ERL-E88A9EABBC7920CA,TRN-C1F256A7F94E901D,C,true,stage1_overlap,informative_non_extreme,0.75,0.75,4,4,3,0
ERL-70B66490ED8722F4,TRN-A4F47410CC82BF36,C,true,unseen_probe,informative_non_extreme,0.75,0.75,4,4,3,0
ERL-76B57B451B8BFE36,TRN-9E0979C99ADB5A20,C,true,unseen_probe,informative_non_extreme,0.75,0.75,4,4,3,0
ERL-297069A8D99DBDA3,TRN-E55D62B72B4A38C1,C,true,stage1_overlap,informative_non_extreme,0.75,0.75,4,4,3,0
ERL-C54C3045182D4807,TRN-FD3730CE8163B290,C,true,stage1_overlap,informative_non_extreme,0.5,0.5,4,4,2,0
ERL-0DFB9A31AF016664,TRN-2E39908090393B05,C,true,stage1_overlap,informative_non_extreme,0.75,0.75,4,4,3,0
ERL-8B5B2CEF352C9EF4,TRN-2070BCED0F5A8AC3,C,true,stage1_overlap,informative_non_extreme,0.25,0.25,4,4,1,0
ERL-ED2D93AB7D8FE8BF,TRN-4EA9EF9FC8F987AE,C,true,unseen_probe,informative_non_extreme,0.75,0.75,4,4,3,0
ERL-E78EE38D427A3AFF,TRN-F42471CD3F5E176D,C,true,stage1_overlap,informative_non_extreme,0.5,0.5,4,4,2,0
ERL-59323DC1F86668D3,TRN-F63C2CD8FF21B2C7,C,true,stage1_overlap,informative_non_extreme,0.25,0.3333333333333333,4,3,1,1
ERL-FA2FF76867C955E6,TRN-8BB187365E5410EE,C,true,stage1_overlap,recoverable_zero,0.0,0.0,4,4,0,0
ERL-1853314C5BEFDA0E,TRN-61DDF24B3904E35C,C,true,stage1_overlap,informative_non_extreme,0.75,0.75,4,4,3,0
ERL-094EF7179635FDCB,TRN-238AAC03225D18FE,C,true,stage1_overlap,recoverable_zero,0.0,0.0,4,4,0,0
ERL-E27105EF916A7EBE,TRN-2D50D9C9DD40294F,C,true,stage1_overlap,informative_non_extreme,0.5,0.5,4,4,2,0
ERL-CE82D4F619FFF77C,TRN-F4632E35F18FB9F8,C,true,stage1_overlap,recoverable_zero,0.0,0.0,4,4,0,0
ERL-CA5798F11C49AC4C,TRN-53C59D76C9A8FD0D,C,true,stage1_overlap,informative_non_extreme,0.25,0.25,4,4,1,0
ERL-7F4CFB4FB47BB702,TRN-2F916DB1AE7146D9,C,true,unseen_probe,informative_non_extreme,0.5,0.5,4,4,2,0
ERL-C2DAAABCD514AAFF,TRN-723B8E03F218BD29,C,true,stage1_overlap,recoverable_zero,0.0,0.0,4,4,0,0
ERL-FE253541EDA55072,TRN-3375A45E6D9D2D2B,C,true,unseen_probe,recoverable_zero,0.0,0.0,4,4,0,0
ERL-F75064844A561916,TRN-D3EAFF2BDADCED77,C,true,stage1_overlap,informative_non_extreme,0.25,0.25,4,4,1,0
ERL-039C777260DE1D43,TRN-E72CD865D680AEEF,C,true,stage1_overlap,informative_non_extreme,0.25,0.25,4,4,1,0
ERL-D340C35A7A686D83,TRN-A9D4E37A951B21EA,C,true,stage1_overlap,informative_non_extreme,0.5,0.5,4,4,2,0
ERL-0452D9B7B862A59D,TRN-F9F715F67A68E532,C,true,stage1_overlap,informative_non_extreme,0.75,0.75,4,4,3,0
ERL-9BC27EF65DCCC007,TRN-2FB99F168A3EFCD6,C,true,stage1_overlap,recoverable_zero,0.0,0.0,4,4,0,0
ERL-6FEBA7E0B1EC5613,TRN-F5DC8AB11AA6CA83,C,true,stage1_overlap,informative_non_extreme,0.25,0.25,4,4,1,0
ERL-B4A2594AFC74FF30,TRN-A0B90FFEBD4241CB,C,true,stage1_overlap,informative_non_extreme,0.75,0.75,4,4,3,0
ERL-8C2B589EFB64F02A,TRN-9B2A4142D3E75571,C,true,stage1_overlap,informative_non_extreme,0.5,0.5,4,4,2,0
ERL-02FDD8E7F61ADF15,TRN-B68D2A437C048875,C,true,stage1_overlap,recoverable_zero,0.0,0.0,4,4,0,0
ERL-DE300371B2FCD914,TRN-9A8A4223D9F32DBF,C,true,stage1_overlap,informative_non_extreme,0.75,0.75,4,4,3,0
ERL-867EF54FA14EC88A,TRN-88075FB8B2046BB0,C,true,stage1_overlap,informative_non_extreme,0.75,0.75,4,4,3,0
ERL-19E9B4B442D5C636,TRN-554A5B629FC0FB51,C,true,unseen_probe,informative_non_extreme,0.75,0.75,4,4,3,0
ERL-4DDB4E9FCFC7E46B,TRN-111E03803BECEF8E,C,true,stage1_overlap,recoverable_zero,0.0,0.0,4,4,0,0
ERL-DA4723D4D1E67316,TRN-8C7BA884BD8A81B4,C,true,stage1_overlap,informative_non_extreme,0.5,0.5,4,4,2,0
ERL-3793FFE9E60E4F2C,TRN-AD1C4031EC8836C5,C,true,stage1_overlap,informative_non_extreme,0.5,0.5,4,4,2,0
ERL-F411CAD88A8DA147,TRN-5EBA434F2652BEC5,C,true,unseen_probe,informative_non_extreme,0.75,0.75,4,4,3,0
ERL-3715F7AF49C4FC59,TRN-1D3FE50573EBA6A2,C,true,stage1_overlap,recoverable_zero,0.0,0.0,4,4,0,0
ERL-8775AED68BA3956F,TRN-413C86C984315058,C,true,stage1_overlap,recoverable_zero,0.0,0.0,4,4,0,0
ERL-C8C39E1BF859395F,TRN-6BB6038D0EE23833,C,true,stage1_overlap,recoverable_zero,0.0,0.0,4,4,0,0
ERL-3EEF72EDE6AAA5DD,TRN-B8F1558F49A011C7,C,true,stage1_overlap,informative_non_extreme,0.25,0.25,4,4,1,0
ERL-829C88F73D16EF1C,TRN-E229B85197239A7F,C,true,stage1_overlap,informative_non_extreme,0.75,0.75,4,4,3,0
ERL-B36F6DD565BE2897,TRN-FCA196788C11EAC7,C,true,stage1_overlap,informative_non_extreme,0.25,0.25,4,4,1,0
ERL-1AF95E27249B38CA,TRN-D9F419F248D8B109,C,true,stage1_overlap,recoverable_zero,0.0,0.0,4,4,0,0
ERL-C4CA6972EF4FC83A,TRN-944C194A6211A194,C,true,stage1_overlap,informative_non_extreme,0.5,0.5,4,4,2,0
ERL-FCD2F5C8E46E0037,TRN-17781E9DACD4F275,C,true,stage1_overlap,informative_non_extreme,0.5,0.5,4,4,2,0
ERL-E1521AE5AF74E3C8,TRN-6D1037D75D0C93B8,C,true,stage1_overlap,informative_non_extreme,0.75,0.75,4,4,3,0
ERL-A19DC29F97B6D61C,TRN-407B20D722D0A488,C,true,stage1_overlap,informative_non_extreme,0.5,0.5,4,4,2,0
ERL-29352E05E969904F,TRN-9B0C6A4EEA4DE7A6,C,true,stage1_overlap,informative_non_extreme,0.25,0.25,4,4,1,0
ERL-DE3AB3933271460A,TRN-9E5062C1223BE981,C,true,stage1_overlap,informative_non_extreme,0.5,0.5,4,4,2,0
ERL-E322E58042BDC1C3,TRN-91F3323B1659A27B,C,true,stage1_overlap,informative_non_extreme,0.5,0.5,4,4,2,0
ERL-E2D4408834F0E7AD,TRN-D2FD4BC5EADEFEFF,C,true,stage1_overlap,informative_non_extreme,0.75,0.75,4,4,3,0
ERL-ECD36BABC67F8A40,TRN-7C633F8F57D48B58,C,true,stage1_overlap,informative_non_extreme,0.5,0.5,4,4,2,0
ERL-303CBC94105B0094,TRN-871C1A412BA6E49A,C,true,stage1_overlap,recoverable_zero,0.0,0.0,4,4,0,0
ERL-471094BD9FD1A5D5,TRN-E93B14AD6733E481,C,true,stage1_overlap,informative_non_extreme,0.5,0.5,4,4,2,0
ERL-6E886CA40729EEB2,TRN-A0A7387D7D386527,C,true,stage1_overlap,informative_non_extreme,0.5,0.5,4,4,2,0
ERL-04F20D7A506F67E5,TRN-7A1A2E77357890FE,C,true,stage1_overlap,informative_non_extreme,0.5,0.5,4,4,2,0
ERL-D350A389E595F5D1,TRN-4EDE17E3B4D77638,C,true,stage1_overlap,informative_non_extreme,0.75,0.75,4,4,3,0
ERL-5EBA572CA5240BE7,TRN-16F6DECED11F4D5E,C,true,unseen_probe,informative_non_extreme,0.75,0.75,4,4,3,0
ERL-BE540AC6844C852D,TRN-EA0D3C28E60D1046,C,true,stage1_overlap,informative_non_extreme,0.75,0.75,4,4,3,0
ERL-FDE21CC69B58FB2F,TRN-2D74C11F6556B4AE,C,true,stage1_overlap,informative_non_extreme,0.25,0.25,4,4,1,0
ERL-AA7F9A34070C90E8,TRN-4F560AA4CBD84708,C,true,stage1_overlap,informative_non_extreme,0.25,0.25,4,4,1,0
ERL-5E7DDB1D12F11604,TRN-B0438D505366B6C7,C,true,stage1_overlap,recoverable_zero,0.0,0.0,4,4,0,0
ERL-D3FFB481F64C8CB6,TRN-C1B3077EC0CD34EB,C,true,unseen_probe,informative_non_extreme,0.5,0.5,4,4,2,0
ERL-09C64FE9CE19E6C1,TRN-5A5AF33211C48FAE,C,true,stage1_overlap,informative_non_extreme,0.5,0.5,4,4,2,0
ERL-7D29C457EA696BC3,TRN-C4BF0773E5BD2315,C,true,stage1_overlap,informative_non_extreme,0.75,0.75,4,4,3,0
ERL-72D3C669161B3DBC,TRN-B7FC9A950E934D85,C,true,stage1_overlap,informative_non_extreme,0.25,0.25,4,4,1,0
ERL-42D6DF6001314148,TRN-B70D566A0E19AF31,C,true,stage1_overlap,recoverable_zero,0.0,0.0,4,4,0,0
ERL-78A74DC149412C02,TRN-F82E5B0F94EC6EE3,C,true,stage1_overlap,informative_non_extreme,0.75,0.75,4,4,3,0
ERL-35F8FE62F0124B7A,TRN-129BFCEC6FDD8E08,C,true,stage1_overlap,informative_non_extreme,0.75,0.75,4,4,3,0
ERL-E67D203FE1E6309A,TRN-0F844742DD1BAE64,C,true,stage1_overlap,informative_non_extreme,0.75,0.75,4,4,3,0
ERL-97BFA075287ACEC0,TRN-19C3104FEAF76C38,C,true,stage1_overlap,informative_non_extreme,0.5,0.5,4,4,2,0
ERL-F6DD55526AA47D71,TRN-85C5457D5C4F9D40,C,true,unseen_probe,informative_non_extreme,0.25,0.25,4,4,1,0
ERL-5C5C1DC0023E4675,TRN-1EBB70275777C11E,C,true,stage1_overlap,informative_non_extreme,0.75,0.75,4,4,3,0
ERL-6794F320E7C768A7,TRN-1B08EFC650D57650,C,true,stage1_overlap,informative_non_extreme,0.5,0.5,4,4,2,0
ERL-82274582B6A2AC56,TRN-2274AB20147A2D91,C,true,stage1_overlap,informative_non_extreme,0.25,0.25,4,4,1,0
ERL-AABAE5CFDF04B0EB,TRN-FC7A93927885F99D,C,true,stage1_overlap,informative_non_extreme,0.75,0.75,4,4,3,0
ERL-180857B2276C2220,TRN-962665FFB50AE7A4,C,true,stage1_overlap,informative_non_extreme,0.75,0.75,4,4,3,0
ERL-F44031FABEA9B1B1,TRN-A9A6F012CDED3C25,C,true,stage1_overlap,informative_non_extreme,0.75,0.75,4,4,3,0
ERL-9960018EC800D3DA,TRN-DCAF3D962D199638,C,true,stage1_overlap,informative_non_extreme,0.25,0.25,4,4,1,0
ERL-A27A4372B142E40E,TRN-F897B8F9312E8500,C,true,stage1_overlap,informative_non_extreme,0.25,0.25,4,4,1,0
ERL-FDF90B28F96AB61C,TRN-5236C8E86CBAB351,C,true,stage1_overlap,informative_non_extreme,0.5,0.5,4,4,2,0
ERL-620B96B725D1CF8F,TRN-28E8C42D4AC703E7,C,true,unseen_probe,informative_non_extreme,0.75,0.75,4,4,3,0
ERL-1A1EADB97BAF7A79,TRN-6BD644B57D0CB426,C,true,stage1_overlap,informative_non_extreme,0.75,0.75,4,4,3,0
ERL-FE685C950B1181AC,TRN-2619768EB5AA0561,C,true,unseen_probe,recoverable_zero,0.0,0.0,4,4,0,0
ERL-35B899AB0541EFBC,TRN-1DD6D6941AFEA89F,C,true,stage1_overlap,informative_non_extreme,0.5,0.5,4,4,2,0
ERL-437DF634EB0EC71F,TRN-2B5F2E78D1247128,C,true,stage1_overlap,informative_non_extreme,0.75,0.75,4,4,3,0
ERL-10F8198BA6002B94,TRN-FC63FB7AC5280D5D,C,true,stage1_overlap,informative_non_extreme,0.5,0.5,4,4,2,0
ERL-F4BCDBEA2190D4CB,TRN-FD94FDAAF4B1C893,C,true,stage1_overlap,informative_non_extreme,0.5,0.5,4,4,2,0
ERL-FBD5A4D7D1D58E68,TRN-05DCE6099C8158CD,C,true,stage1_overlap,informative_non_extreme,0.5,0.5,4,4,2,0
ERL-DBA59926605A3FAD,TRN-B48D09312D5526E3,C,true,stage1_overlap,informative_non_extreme,0.5,0.5,4,4,2,0
ERL-9F57E04AB0F6CAA0,TRN-B1410D739D6B6C81,C,true,stage1_overlap,informative_non_extreme,0.25,0.25,4,4,1,0
ERL-1BAD2D76EC6BEE13,TRN-6FD9C8BF231F2B9F,C,true,stage1_overlap,recoverable_zero,0.0,0.0,4,4,0,0
ERL-61B8F0FE6ECFBB09,TRN-D639E9033742C4B5,C,true,stage1_overlap,informative_non_extreme,0.75,0.75,4,4,3,0
ERL-1F0E36445A014A00,TRN-DB4DCE1AB7F412C4,C,true,unseen_probe,informative_non_extreme,0.75,0.75,4,4,3,0
ERL-967C1B5D101080F5,TRN-40C0BCB71889DE7D,C,true,stage1_overlap,recoverable_zero,0.0,0.0,4,4,0,0
ERL-C9F7332A29D2DD45,TRN-773C502028D4E3D5,C,true,stage1_overlap,informative_non_extreme,0.25,0.25,4,4,1,0
ERL-BC1F3DD2BE10ABCC,TRN-FB609770694B89A6,C,true,stage1_overlap,recoverable_zero,0.0,0.0,4,4,0,0
ERL-07713FCB8D9B4630,TRN-5B33A45007B52CC0,C,true,stage1_overlap,informative_non_extreme,0.25,0.25,4,4,1,0
ERL-EB569C747264362A,TRN-148443C23274E13D,C,true,stage1_overlap,informative_non_extreme,0.25,0.25,4,4,1,0
ERL-0BB205A7CE3E37AD,TRN-6CED83D81D8905E0,C,true,stage1_overlap,recoverable_zero,0.0,0.0,4,4,0,0
ERL-D165EC223A81B16C,TRN-8FB2DB35B5F4265B,C,true,stage1_overlap,informative_non_extreme,0.25,0.25,4,4,1,0
ERL-C4FDECF395567F15,TRN-4565828DF85B86F3,C,true,stage1_overlap,informative_non_extreme,0.75,0.75,4,4,3,0
ERL-F8709188ED14F0C7,TRN-3F08917CB82E0527,C,true,stage1_overlap,informative_non_extreme,0.75,0.75,4,4,3,0
ERL-44AB546EDF30A2B6,TRN-56AE8FEA9C435479,C,true,unseen_probe,informative_non_extreme,0.5,0.5,4,4,2,0
ERL-F1BEFD214C0F6549,TRN-D2CCDE6D1F9BFD8A,C,true,stage1_overlap,recoverable_zero,0.0,0.0,4,3,0,1
ERL-47276E58EE8B5893,TRN-99DBFF3F009A461F,C,true,unseen_probe,informative_non_extreme,0.75,0.75,4,4,3,0
ERL-AECC697D93D4FB7C,TRN-B2ED1B6EC757B2DA,C,true,stage1_overlap,informative_non_extreme,0.5,0.5,4,4,2,0
ERL-51164A63E5EF3602,TRN-4C211F2212B17B53,C,true,stage1_overlap,informative_non_extreme,0.75,0.75,4,4,3,0
ERL-E6FAA6F6E75AC56C,TRN-7A25F1120F34935A,C,true,stage1_overlap,recoverable_zero,0.0,0.0,4,4,0,0
ERL-49480376C2AB8FA3,TRN-BF4A5C7D58C2DB6D,C,true,stage1_overlap,informative_non_extreme,0.5,0.5,4,4,2,0
ERL-735C9C02ADC01C1A,TRN-4BAFAAB7316C6E83,C,true,stage1_overlap,informative_non_extreme,0.5,0.5,4,4,2,0
ERL-EB86D2666EA94CCC,TRN-AD7C7DCA22A5318B,C,true,stage1_overlap,informative_non_extreme,0.75,0.75,4,4,3,0
ERL-C8AE001450605E5D,TRN-5E59E28B1C3BB9CE,C,true,stage1_overlap,informative_non_extreme,0.25,0.25,4,4,1,0
ERL-A4231FB06E0DB3F6,TRN-8BC67D48BBB059E0,C,true,stage1_overlap,informative_non_extreme,0.75,0.75,4,4,3,0
ERL-87CB8CC9D41136DF,TRN-AE0821819461DD33,C,true,stage1_overlap,informative_non_extreme,0.25,0.25,4,4,1,0
ERL-9052232413C9A621,TRN-75FAB82E11C65E2E,C,true,stage1_overlap,informative_non_extreme,0.75,0.75,4,4,3,0
ERL-DB3D8CC30DA3B4E0,TRN-7A830E8F1C3787DB,C,true,stage1_overlap,informative_non_extreme,0.5,0.5,4,4,2,0
ERL-B64346F1C7C6E75B,TRN-047989A5C7532C1D,C,true,unseen_probe,informative_non_extreme,0.5,0.5,4,4,2,0
ERL-6705514D4DC1035C,TRN-2B4B99F0C8E9235B,C,true,stage1_overlap,informative_non_extreme,0.75,0.75,4,4,3,0
ERL-F0B0ED71EFE47728,TRN-95C2D9B925CAE077,C,true,stage1_overlap,informative_non_extreme,0.5,0.5,4,4,2,0
ERL-AE8FD8F31DC9D877,TRN-691887722066564E,C,true,unseen_probe,informative_non_extreme,0.5,0.5,4,4,2,0
ERL-1DF48EF1E7BDDA0C,TRN-89A587266D311A9D,C,true,stage1_overlap,informative_non_extreme,0.5,0.5,4,4,2,0
ERL-D25F897832526019,TRN-B211369DD1CC6A92,C,true,stage1_overlap,informative_non_extreme,0.5,0.5,4,4,2,0
ERL-4130D371D2380EA2,TRN-7F39B9458FAA5C32,C,true,stage1_overlap,informative_non_extreme,0.75,0.75,4,4,3,0
ERL-46CED82EEB362293,TRN-F5965ABD9D7A135F,C,true,stage1_overlap,informative_non_extreme,0.5,0.5,4,4,2,0
ERL-007CFFDADC3741F7,TRN-6228109C327B37AB,C,true,stage1_overlap,informative_non_extreme,0.5,0.5,4,4,2,0
ERL-D00AB44E21133073,TRN-A8FB0426DE1ADC86,C,true,stage1_overlap,informative_non_extreme,0.75,0.75,4,4,3,0
ERL-EC3DE8798EF638C4,TRN-68537895598D477E,C,true,stage1_overlap,informative_non_extreme,0.75,0.75,4,4,3,0
ERL-589EFD075E37F174,TRN-906317BFD470F53B,C,true,unseen_probe,informative_non_extreme,0.75,0.75,4,4,3,0
ERL-5ED3E6D701D66247,TRN-BB15E2E99783EF49,C,true,stage1_overlap,informative_non_extreme,0.25,0.25,4,4,1,0
ERL-5BD17D659E830D1E,TRN-D7EA4DDB6953F7E0,C,true,unseen_probe,informative_non_extreme,0.75,0.75,4,4,3,0
ERL-BACDA0CA87E3225D,TRN-BBC85521C158D6FC,C,true,stage1_overlap,informative_non_extreme,0.75,0.75,4,4,3,0
ERL-0CEBBBBFAB57F143,TRN-5FEBA5AA700FD376,C,true,unseen_probe,informative_non_extreme,0.75,0.75,4,4,3,0
ERL-DAD706E29F8166FE,TRN-A4A5EFB8DA9620CB,C,true,stage1_overlap,informative_non_extreme,0.75,0.75,4,4,3,0
ERL-6B9165ADA448DBD6,TRN-C678C4AA21820C75,C,true,stage1_overlap,informative_non_extreme,0.25,0.25,4,4,1,0
ERL-FD3FBB76996E916E,TRN-62BFAD80F548DE83,C,true,stage1_overlap,informative_non_extreme,0.5,0.5,4,4,2,0
ERL-E017246ED397EBF3,TRN-6FAC8EBDE808932D,C,true,stage1_overlap,informative_non_extreme,0.25,0.25,4,4,1,0
ERL-79982650E960B482,TRN-D52167C86E4EA39E,C,true,stage1_overlap,informative_non_extreme,0.5,0.5,4,4,2,0
ERL-4D201A7DF04635E0,TRN-09121440F821E408,C,true,unseen_probe,informative_non_extreme,0.75,0.75,4,4,3,0
ERL-518F9159D5521726,TRN-96A17591F49C9EA1,C,true,stage1_overlap,informative_non_extreme,0.75,0.75,4,4,3,0
ERL-EE1B43231D906021,TRN-A3592003608224E9,C,true,stage1_overlap,recoverable_zero,0.0,0.0,4,4,0,0
ERL-B5B8B3CA4A828F06,TRN-22D155C3F5EAA85B,C,true,unseen_probe,informative_non_extreme,0.75,0.75,4,4,3,0
ERL-2C637BAA35DFDDE5,TRN-EE8ED7AB3E97854B,C,true,stage1_overlap,informative_non_extreme,0.25,0.25,4,4,1,0
ERL-16D91BCBCB73EA23,TRN-60E746B3EE44B65F,C,true,stage1_overlap,informative_non_extreme,0.5,0.5,4,4,2,0
ERL-55BB48AB270B6F78,TRN-736CBEB8BF921E9D,C,true,stage1_overlap,recoverable_zero,0.0,0.0,4,4,0,0
ERL-70314AFBCD9A1FE9,TRN-890927CAA11334E3,C,true,stage1_overlap,informative_non_extreme,0.5,0.5,4,4,2,0
ERL-106B3E7897954B02,TRN-A9EEB82F185F42F6,C,true,stage1_overlap,informative_non_extreme,0.75,0.75,4,4,3,0
ERL-E0B2523D37C0A16D,TRN-7148E074B137CEC8,C,true,stage1_overlap,informative_non_extreme,0.75,0.75,4,4,3,0
ERL-8465FAF3ACE9FA55,TRN-BAF36504DA7E5133,C,true,stage1_overlap,informative_non_extreme,0.75,0.75,4,4,3,0
ERL-B9A2AC363DEF84DB,TRN-D3238C4891A71A63,C,true,stage1_overlap,recoverable_zero,0.0,0.0,4,4,0,0
ERL-519380851DAC432D,TRN-AF33DAD54CA44F4C,C,true,stage1_overlap,informative_non_extreme,0.25,0.25,4,4,1,0
ERL-F996D9E84395FDAA,TRN-495D2E988A7EAAC9,C,true,stage1_overlap,informative_non_extreme,0.25,0.25,4,4,1,0
ERL-CA8364929EE4BA85,TRN-47DB03903303FB54,C,true,stage1_overlap,informative_non_extreme,0.75,0.75,4,4,3,0
ERL-E2BDE2ACE9EB397A,TRN-8722678E2C8BD539,C,true,stage1_overlap,informative_non_extreme,0.5,0.5,4,4,2,0
ERL-C7923FE3989C8934,TRN-A49AEC4436043947,C,true,stage1_overlap,informative_non_extreme,0.5,0.5,4,4,2,0
ERL-AD445F73A0D82963,TRN-317A220864523E19,C,true,stage1_overlap,recoverable_zero,0.0,0.0,4,4,0,0
ERL-5634CF9A12A2D2A1,TRN-0AAC118DC1F0AA08,C,true,stage1_overlap,informative_non_extreme,0.25,0.25,4,4,1,0
ERL-478761BAF5584394,TRN-08F416F7E5F66461,C,true,unseen_probe,informative_non_extreme,0.5,0.5,4,4,2,0
ERL-125D1E9D7EA1DB5C,TRN-F47F3957251669E2,C,true,stage1_overlap,informative_non_extreme,0.75,0.75,4,4,3,0
ERL-366E118DFCB7B2DA,TRN-FC329691338307F6,C,true,stage1_overlap,informative_non_extreme,0.25,0.25,4,4,1,0
ERL-A5AF7146F822AE8F,TRN-56934B06EB7216AA,C,true,unseen_probe,informative_non_extreme,0.5,0.5,4,4,2,0
ERL-92742F0798AA3DCE,TRN-3B3E2E9832F75B1E,C,true,stage1_overlap,informative_non_extreme,0.5,0.5,4,4,2,0
ERL-A58F5CE0E3F25ED4,TRN-7CC713D667AE9A06,C,true,unseen_probe,recoverable_zero,0.0,0.0,4,4,0,0
ERL-EDA04AF81FBFF96E,TRN-B7A2E24A2BCA3E42,C,true,stage1_overlap,informative_non_extreme,0.25,0.25,4,4,1,0
ERL-2A05CFC6418435DD,TRN-9B4EF961DE2EB8C2,C,true,stage1_overlap,informative_non_extreme,0.25,0.25,4,4,1,0
ERL-7EAC5FB1862BA571,TRN-D83CD1D8471B5F7A,C,true,stage1_overlap,recoverable_zero,0.0,0.0,4,4,0,0
ERL-BDB8EB360AF1FE69,TRN-5DBE3C3FC36495AA,C,true,stage1_overlap,informative_non_extreme,0.25,0.25,4,4,1,0
ERL-9BDFAF52787A2842,TRN-6461AA6EF5996253,C,true,stage1_overlap,recoverable_zero,0.0,0.0,4,4,0,0
ERL-603785CE9976D6AE,TRN-545B4ACCB2D530C9,C,true,stage1_overlap,informative_non_extreme,0.75,0.75,4,4,3,0
ERL-51EF1C4301D90969,TRN-76602DEF6A31BE04,C,true,stage1_overlap,informative_non_extreme,0.5,0.5,4,4,2,0
ERL-9FAB3A208B618885,TRN-AFA62337509745CE,C,true,stage1_overlap,informative_non_extreme,0.25,0.25,4,4,1,0
ERL-35BE106E25F882C3,TRN-6AFAAB9FC0A2A8F4,C,true,stage1_overlap,informative_non_extreme,0.75,0.75,4,4,3,0
ERL-F21EF0966A9684F2,TRN-6A46C849D9D95637,C,true,stage1_overlap,informative_non_extreme,0.25,0.25,4,4,1,0
ERL-AA834C97DF16122A,TRN-8B13F21EE531A5A4,C,true,stage1_overlap,informative_non_extreme,0.25,0.25,4,4,1,0
ERL-1A0B46A93D87F76C,TRN-D875638D8C0F9B24,C,true,stage1_overlap,informative_non_extreme,0.75,0.75,4,4,3,0
ERL-98FF8A00D7427322,TRN-D0EC2F58AA85170C,C,true,stage1_overlap,informative_non_extreme,0.75,0.75,4,4,3,0
ERL-AF29ED797D54568A,TRN-1B79658372BE9B2E,C,true,unseen_probe,informative_non_extreme,0.25,0.25,4,4,1,0
ERL-4BD1F6C22301B205,TRN-928733197C2DC8A4,C,true,stage1_overlap,recoverable_zero,0.0,0.0,4,4,0,0
ERL-2282198F010C1095,TRN-9617FB693FD61B5F,C,true,stage1_overlap,recoverable_zero,0.0,0.0,4,4,0,0
ERL-98DA60C6B5072D85,TRN-42C546BA037361CA,C,true,stage1_overlap,informative_non_extreme,0.75,0.75,4,4,3,0
ERL-87E52F58C17A7FEE,TRN-E9C44A2DA7157236,C,true,stage1_overlap,informative_non_extreme,0.5,0.5,4,4,2,0
ERL-05E706D4EFFEF774,TRN-18EE895DE8A522E0,C,true,stage1_overlap,recoverable_zero,0.0,0.0,4,4,0,0
ERL-B582C0213FFCBA7B,TRN-38816213364B0EAA,C,true,stage1_overlap,informative_non_extreme,0.25,0.25,4,4,1,0
ERL-A8129E164EA3072C,TRN-0E8715DB9CB374C4,C,true,stage1_overlap,recoverable_zero,0.0,0.0,4,4,0,0
ERL-5D06D1C0EAD6F9B7,TRN-13B5838CC6778631,C,true,stage1_overlap,recoverable_zero,0.0,0.0,4,4,0,0
ERL-E12548C4FCCB4108,TRN-5580553DF0EAB200,C,true,stage1_overlap,informative_non_extreme,0.75,0.75,4,4,3,0
ERL-4846E6121011EB90,TRN-3D95FCE35FF62165,C,true,unseen_probe,informative_non_extreme,0.5,0.5,4,4,2,0
ERL-B62650B8D39B4C0B,TRN-C8EC506DA0D6151C,C,true,stage1_overlap,informative_non_extreme,0.5,0.5,4,4,2,0
ERL-90340F4BD811670F,TRN-49C69412D34D51F1,C,true,stage1_overlap,informative_non_extreme,0.75,0.75,4,4,3,0
ERL-F9E84EC8CD55FF67,TRN-8B2087F29670D153,C,true,unseen_probe,informative_non_extreme,0.5,0.5,4,4,2,0
ERL-A732519FDCC0F793,TRN-1EA30C4382EEA151,C,true,stage1_overlap,informative_non_extreme,0.5,0.5,4,4,2,0
ERL-18D27D7339C94ECF,TRN-4E7889764642571C,C,true,stage1_overlap,informative_non_extreme,0.25,0.25,4,4,1,0
ERL-269666A5C30F8347,TRN-414C03CB9F8520D1,C,true,stage1_overlap,recoverable_zero,0.0,0.0,4,4,0,0
ERL-F8B3ED3E486E0FF1,TRN-3E4385868968FDB7,C,true,stage1_overlap,informative_non_extreme,0.5,0.5,4,4,2,0
ERL-86AD4D06CAEFCDB8,TRN-45805A02BC45EAAF,C,true,stage1_overlap,recoverable_zero,0.0,0.0,4,4,0,0
ERL-34B1B4C17E636C44,TRN-C21F6DAA8A86C0B2,C,true,stage1_overlap,informative_non_extreme,0.25,0.25,4,4,1,0
ERL-18CC24883725E2FE,TRN-9127A80E40B6FC3D,C,true,stage1_overlap,informative_non_extreme,0.75,0.75,4,4,3,0
ERL-6B9626FDB09194D4,TRN-B8DD4233BDD6D4F1,C,true,stage1_overlap,informative_non_extreme,0.25,0.25,4,4,1,0
ERL-DF00A192E873D175,TRN-B5BF062E7280CC39,C,true,stage1_overlap,informative_non_extreme,0.25,0.25,4,4,1,0
ERL-B365870A75CE839D,TRN-12E63A7FFAC6D33B,C,true,stage1_overlap,informative_non_extreme,0.5,0.5,4,4,2,0
ERL-88B1F55A235F5F09,TRN-603F0B5802CE1B51,C,true,stage1_overlap,informative_non_extreme,0.75,0.75,4,4,3,0
ERL-F0F0869ACE1CE0C1,TRN-F2DC05D095DF8C62,C,true,stage1_overlap,informative_non_extreme,0.75,0.75,4,4,3,0
ERL-02B22D4B8520878F,TRN-47965EB1A171A322,C,true,stage1_overlap,informative_non_extreme,0.75,0.75,4,4,3,0
ERL-8E7B78E5862FC765,TRN-6930F004ED5FE4EA,C,true,unseen_probe,informative_non_extreme,0.75,0.75,4,4,3,0
ERL-6511B65F376A9FDF,TRN-8152219DBE680ACA,C,true,stage1_overlap,informative_non_extreme,0.25,0.25,4,4,1,0
ERL-12175626CE3DFC3E,TRN-9DC57F70963E8715,C,true,stage1_overlap,informative_non_extreme,0.25,0.25,4,4,1,0
ERL-DB9236009D503A17,TRN-8A5E66352049B7FB,C,true,stage1_overlap,recoverable_zero,0.0,0.0,4,4,0,0
ERL-6FEAB7038153C42D,TRN-A81340919AE2CA0A,C,true,stage1_overlap,informative_non_extreme,0.5,0.5,4,4,2,0
ERL-F2979366A676DB63,TRN-E5CC73B5D9F99524,C,true,stage1_overlap,informative_non_extreme,0.5,0.5,4,4,2,0
ERL-E29B353B4B462D92,TRN-659E8FFC70338B8E,C,true,stage1_overlap,recoverable_zero,0.0,0.0,4,4,0,0
ERL-E4CBA512ADE077D3,TRN-3A15685AAEA152CF,C,true,stage1_overlap,informative_non_extreme,0.5,0.5,4,4,2,0
ERL-4490B3D8C6F5FB8B,TRN-EF09E751F64FBA23,C,true,stage1_overlap,informative_non_extreme,0.5,0.5,4,4,2,0
ERL-E5BF6CF2FCF949AE,TRN-E8C8A5C8B5DE01E6,C,true,unseen_probe,informative_non_extreme,0.25,0.25,4,4,1,0
ERL-4429EA36E00E2BE8,TRN-34BCC2A3C43DE1A4,C,true,unseen_probe,informative_non_extreme,0.75,0.75,4,4,3,0
ERL-BC2538007B4C7174,TRN-432B705558387E2E,C,true,stage1_overlap,informative_non_extreme,0.75,0.75,4,4,3,0
ERL-95A77A7389C2A4E7,TRN-EE222C371173006E,C,true,unseen_probe,informative_non_extreme,0.75,0.75,4,4,3,0
ERL-7197E972B19D43DD,TRN-526C15768767484D,C,true,stage1_overlap,recoverable_zero,0.0,0.0,4,4,0,0
ERL-225187FAEE193F70,TRN-17183D54BCD41B7F,C,true,stage1_overlap,informative_non_extreme,0.75,0.75,4,4,3,0
ERL-68DB9498A60C72BA,TRN-0FA1363721F26E70,C,true,stage1_overlap,informative_non_extreme,0.5,0.5,4,4,2,0
ERL-63C1B09E968567EA,TRN-6CF5CD5B85A729C4,C,true,stage1_overlap,informative_non_extreme,0.75,0.75,4,4,3,0
ERL-4D4A1AF41C2E1F00,TRN-D92528E0FF4D7F8C,C,true,stage1_overlap,informative_non_extreme,0.25,0.25,4,4,1,0
ERL-8745949914ABB4BB,TRN-8B6537A779ABCDB6,C,true,stage1_overlap,recoverable_zero,0.0,0.0,4,4,0,0
ERL-8FD3A1749179B1BC,TRN-0805A45895AA6BC0,C,true,stage1_overlap,informative_non_extreme,0.5,0.5,4,4,2,0
ERL-B52869BE3D33DD63,TRN-A0DE21F9805FCA6D,C,true,stage1_overlap,informative_non_extreme,0.75,0.75,4,4,3,0
ERL-167FE734CD418CE7,TRN-9083A9041AFDD341,C,true,stage1_overlap,informative_non_extreme,0.5,0.5,4,4,2,0
ERL-5F63EF69A5C57C68,TRN-8E27C613DB483F36,C,true,stage1_overlap,informative_non_extreme,0.25,0.25,4,4,1,0
ERL-EC9C060DE0F8A1AC,TRN-014BE08A6B9A0709,C,true,stage1_overlap,informative_non_extreme,0.5,0.5,4,4,2,0
ERL-05D7DF6D98153D90,TRN-184FBF3262F11E46,C,true,stage1_overlap,recoverable_zero,0.0,0.0,4,4,0,0
ERL-11E9AFF1036C0CE1,TRN-509457DB3DC3FE5A,C,true,stage1_overlap,recoverable_zero,0.0,0.0,4,4,0,0
ERL-FDBE838F3418ADC0,TRN-9D2B67E0B24B049B,C,true,stage1_overlap,informative_non_extreme,0.25,0.25,4,4,1,0
ERL-582E8B3AACBDF599,TRN-D878DF547A4C169F,C,true,stage1_overlap,informative_non_extreme,0.75,0.75,4,4,3,0
ERL-003A9213ABA5731D,TRN-BC1832F4F6747A22,C,true,stage1_overlap,informative_non_extreme,0.25,0.25,4,4,1,0
ERL-C559FFF24DFACD7B,TRN-D97212D6BAD22A2D,C,true,unseen_probe,informative_non_extreme,0.25,0.25,4,4,1,0
ERL-ABE426CEBFC26459,TRN-E6BFF85D92BC2490,C,true,stage1_overlap,informative_non_extreme,0.75,0.75,4,4,3,0
ERL-3CF2740595EAC57B,TRN-E379325C4C05699B,C,true,stage1_overlap,recoverable_zero,0.0,0.0,4,4,0,0
ERL-D18C220D1BD6DFDF,TRN-7299F15B3212561C,C,true,stage1_overlap,informative_non_extreme,0.25,0.25,4,4,1,0
ERL-4FDFA95033F6B966,TRN-05D2B2123B4F00F0,C,true,stage1_overlap,informative_non_extreme,0.5,0.5,4,4,2,0
ERL-19C45239B37C42B1,TRN-83A18076C7CA6DE0,C,true,stage1_overlap,informative_non_extreme,0.75,0.75,4,4,3,0
ERL-08B7BC496BC0CCBA,TRN-711B2A5E52FE194B,C,true,unseen_probe,informative_non_extreme,0.75,0.75,4,4,3,0
ERL-65C7D3FC2F70AC7E,TRN-5FAAEC3C689BF790,C,true,unseen_probe,informative_non_extreme,0.75,0.75,4,4,3,0
ERL-A21B3546D9B52E27,TRN-4B9DCC1879851B47,C,true,stage1_overlap,recoverable_zero,0.0,0.0,4,4,0,0
ERL-C812C4B5951DC4BE,TRN-E5BBCAED2FD5E445,C,true,stage1_overlap,informative_non_extreme,0.75,0.75,4,4,3,0
ERL-707BCB6EA636117E,TRN-2D36747443EF0845,C,true,stage1_overlap,informative_non_extreme,0.5,0.5,4,4,2,0
ERL-60B8CB7ADB885412,TRN-42D5AE72A1EF29F8,C,true,stage1_overlap,informative_non_extreme,0.75,0.75,4,4,3,0
ERL-520D3496C553A8B3,TRN-E0C080D7584B3554,C,true,stage1_overlap,informative_non_extreme,0.75,0.75,4,4,3,0
ERL-38EAEA245B1C787B,TRN-63BB419F58B2BE4C,C,true,stage1_overlap,informative_non_extreme,0.5,0.5,4,4,2,0
ERL-5CC5C3010BCB1BEF,TRN-4150C1EAC40BE77A,C,true,stage1_overlap,informative_non_extreme,0.5,0.5,4,4,2,0
ERL-7BBC841BD0AC9B50,TRN-72BC2C166EF1694F,C,true,stage1_overlap,recoverable_zero,0.0,0.0,4,4,0,0
ERL-C01F68D331C5D153,TRN-ECC5A80646398CDA,C,true,stage1_overlap,informative_non_extreme,0.5,0.5,4,4,2,0
ERL-585CDC1430598B7D,TRN-368412DFE9BD0B4A,C,true,stage1_overlap,informative_non_extreme,0.5,0.5,4,4,2,0
ERL-6E86CA872ACF346A,TRN-66E3A8D8FF09C4A5,C,true,stage1_overlap,informative_non_extreme,0.75,0.75,4,4,3,0
ERL-030FC5FE36901AE1,TRN-F8CFA4FA9A231F83,C,true,stage1_overlap,informative_non_extreme,0.75,0.75,4,4,3,0
ERL-5E922B5B9435FED6,TRN-BF89229EC051008D,C,true,stage1_overlap,informative_non_extreme,0.25,0.25,4,4,1,0
ERL-B1D7513BC8397AD1,TRN-D584B4F50ABA8E24,C,true,unseen_probe,informative_non_extreme,0.5,0.5,4,4,2,0
ERL-2817CE7A16CCF915,TRN-10438CAC681CB527,C,true,unseen_probe,informative_non_extreme,0.25,0.25,4,4,1,0
ERL-EC07F1E95A876AC6,TRN-0F0F17499DF0F513,C,true,stage1_overlap,informative_non_extreme,0.75,0.75,4,4,3,0
ERL-D4032CDE5758207C,TRN-61A5E34FB10C9E49,C,true,stage1_overlap,recoverable_zero,0.0,0.0,4,4,0,0
ERL-53F82A4C0041C95C,TRN-7508ACA73BF9E6BA,C,true,unseen_probe,informative_non_extreme,0.75,0.75,4,4,3,0
ERL-F00520610FC260D0,TRN-C2EB112F1002187B,C,true,stage1_overlap,informative_non_extreme,0.75,0.75,4,4,3,0
ERL-1F2FCE8E83BFABD1,TRN-B30A880AEDFD0853,C,true,stage1_overlap,informative_non_extreme,0.75,0.75,4,4,3,0
ERL-B9D7BCD30B6B7A2F,TRN-EDBAC4AA76614E6E,C,true,stage1_overlap,informative_non_extreme,0.75,0.75,4,4,3,0
ERL-21CB2B4F75332AAC,TRN-0C344A77F9439644,C,true,stage1_overlap,informative_non_extreme,0.5,0.5,4,4,2,0
ERL-F76D5EA0E0B884C1,TRN-260E91DE26D3D311,C,true,stage1_overlap,informative_non_extreme,0.75,0.75,4,4,3,0
ERL-16F0A4B8F8F1770A,TRN-E7F123980988C073,C,true,stage1_overlap,informative_non_extreme,0.25,0.25,4,4,1,0
ERL-C64B9B58F68768AE,TRN-80F4EF9476A833F7,C,true,unseen_probe,informative_non_extreme,0.25,0.25,4,4,1,0
ERL-70AA8F529D6AC6ED,TRN-FFA8D747DD6AC03A,C,true,stage1_overlap,informative_non_extreme,0.75,0.75,4,4,3,0
ERL-37A2B74981032238,TRN-CFC669B0DB39C310,C,true,stage1_overlap,informative_non_extreme,0.5,0.5,4,4,2,0
ERL-BF5CF6C2F53FFD55,TRN-A6E8CC36049FE63B,C,true,stage1_overlap,informative_non_extreme,0.25,0.25,4,4,1,0
ERL-57DDBA6105D6D401,TRN-97CDB581201A2397,C,true,unseen_probe,informative_non_extreme,0.75,0.75,4,4,3,0
ERL-3E7AB06E24D2436C,TRN-9C2359987AB441AE,C,true,stage1_overlap,informative_non_extreme,0.5,0.5,4,4,2,0
ERL-2F34777A577EBFB8,TRN-279D842009A262D9,C,true,stage1_overlap,recoverable_zero,0.0,0.0,4,4,0,0
ERL-22B32136E0067289,TRN-B5EB49CC4DFE01B7,C,true,stage1_overlap,informative_non_extreme,0.75,0.75,4,4,3,0
ERL-CDBDF46CDD09BAAA,TRN-B4D72DCFA760809F,C,true,stage1_overlap,informative_non_extreme,0.75,0.75,4,4,3,0
ERL-914C1E535FBEE77E,TRN-21E6DB72D4303939,C,true,unseen_probe,informative_non_extreme,0.5,0.5,4,4,2,0
ERL-703288F409D4463F,TRN-8DF07E19C05A8F28,C,true,stage1_overlap,recoverable_zero,0.0,0.0,4,4,0,0
ERL-6C9AD1AA16FF55FF,TRN-2B3C9E653F8D4102,C,true,stage1_overlap,informative_non_extreme,0.25,0.25,4,4,1,0
ERL-5417305AD2E6BA14,TRN-A20D2FB9D0094796,C,true,stage1_overlap,informative_non_extreme,0.25,0.25,4,4,1,0
ERL-94609CDCF4E9ECD8,TRN-2CB5F70BD5024E7B,C,true,stage1_overlap,informative_non_extreme,0.75,0.75,4,4,3,0
ERL-54D6411E155F2026,TRN-F45D8B5C0FA781BC,C,true,stage1_overlap,informative_non_extreme,0.75,0.75,4,4,3,0
ERL-726E2DCA0E627D62,TRN-60ECBC7F2534A91C,C,true,unseen_probe,informative_non_extreme,0.25,0.3333333333333333,4,3,1,1
ERL-C530B1D4E729ABC9,TRN-1249DF41837AE6CE,C,true,stage1_overlap,recoverable_zero,0.0,0.0,4,4,0,0
ERL-F2DDDEC241CF857E,TRN-CCAF994DD6BF8AEE,C,true,stage1_overlap,informative_non_extreme,0.25,0.25,4,4,1,0
ERL-F44033B91784D78A,TRN-F43591A27610AE57,C,true,stage1_overlap,informative_non_extreme,0.75,0.75,4,4,3,0
ERL-6449969FFB7D6446,TRN-F555A76BAC718E45,C,true,stage1_overlap,recoverable_zero,0.0,0.0,4,4,0,0
ERL-D67CFFE430015C93,TRN-218A9612006BDBE4,C,true,stage1_overlap,informative_non_extreme,0.5,0.5,4,4,2,0
ERL-3BA26AAC7B80BEC6,TRN-5EE7AF859175C774,C,true,stage1_overlap,informative_non_extreme,0.25,0.25,4,4,1,0
ERL-535CE9149BDD0502,TRN-29421BA843847558,C,true,stage1_overlap,informative_non_extreme,0.75,0.75,4,4,3,0
ERL-012D783B4F5CB992,TRN-33662E6CD9D14624,C,true,stage1_overlap,informative_non_extreme,0.5,0.5,4,4,2,0
ERL-25318E8CE8ED95A9,TRN-9989D9AF46AE7536,C,true,stage1_overlap,informative_non_extreme,0.75,0.75,4,4,3,0
ERL-D06A7C4FE9168084,TRN-4E75E7A81E0628A7,C,true,stage1_overlap,recoverable_zero,0.0,0.0,4,4,0,0
ERL-437533532DC69D7D,TRN-D74200D9D11D7127,C,true,unseen_probe,informative_non_extreme,0.5,0.5,4,4,2,0
ERL-1A9705D157E75A31,TRN-2E4A259852E07BB4,C,true,stage1_overlap,informative_non_extreme,0.25,0.25,4,4,1,0
ERL-A5346759FB38F183,TRN-E85CDC7F43AB9F27,C,true,stage1_overlap,recoverable_zero,0.0,0.0,4,4,0,0
ERL-17EDBD8198B47FB5,TRN-7FA79DD43E9D9136,C,true,stage1_overlap,informative_non_extreme,0.75,0.75,4,4,3,0
ERL-C99CBF90EE4EE4DA,TRN-0C31A9BAEF8E9D14,C,true,stage1_overlap,informative_non_extreme,0.75,0.75,4,4,3,0
ERL-4108080780F9DB88,TRN-D12616A9952C7804,C,true,stage1_overlap,informative_non_extreme,0.75,0.75,4,4,3,0
ERL-BCE11748C0E27431,TRN-16314D2BBFBE8CEC,C,true,stage1_overlap,recoverable_zero,0.0,0.0,4,4,0,0
ERL-B6CD807BEA9EC581,TRN-45E6AB0A9E5DFE3A,C,true,stage1_overlap,informative_non_extreme,0.25,0.25,4,4,1,0
ERL-E139590D141561FD,TRN-6EE55B503A642445,C,true,unseen_probe,informative_non_extreme,0.75,0.75,4,4,3,0
ERL-A8454097B0A2FA0B,TRN-F7617521C0546C01,C,true,stage1_overlap,informative_non_extreme,0.5,0.5,4,4,2,0
ERL-A093FFC4EA02453D,TRN-9DE1070487DBF5D3,C,true,stage1_overlap,informative_non_extreme,0.75,0.75,4,4,3,0
ERL-561B646AACEE218F,TRN-4EE0323DD9383A91,C,true,stage1_overlap,informative_non_extreme,0.25,0.25,4,4,1,0
ERL-B9EC84272FC07D83,TRN-7052508BA7494BD8,C,true,stage1_overlap,recoverable_zero,0.0,0.0,4,4,0,0
ERL-BA6DB3A90587B4BF,TRN-BF6A970A5B734864,C,true,unseen_probe,informative_non_extreme,0.75,0.75,4,4,3,0
ERL-467A10CBD2DCAC43,TRN-D1BAC50737A0F4D0,C,true,stage1_overlap,informative_non_extreme,0.25,0.25,4,4,1,0
ERL-2D5C2D3D1AF293C3,TRN-B6F34928832C06EE,C,true,stage1_overlap,informative_non_extreme,0.5,0.5,4,4,2,0
ERL-4B237D6E9CAA9A32,TRN-DF3540CA58F66E72,C,true,stage1_overlap,informative_non_extreme,0.75,0.75,4,4,3,0
ERL-0B8064310F986648,TRN-39E9055F8B3A0060,C,true,stage1_overlap,informative_non_extreme,0.75,0.75,4,4,3,0
ERL-A21CBA677C751172,TRN-5FEC7911F92F0D9F,C,true,stage1_overlap,informative_non_extreme,0.75,0.75,4,4,3,0
ERL-59AF0B609400027C,TRN-8C14ABD94D812043,C,true,stage1_overlap,informative_non_extreme,0.75,0.75,4,4,3,0
ERL-744B72346D969B77,TRN-8ECA9505885B8806,C,true,stage1_overlap,informative_non_extreme,0.75,0.75,4,4,3,0
ERL-CC00DC45043C2667,TRN-E01E9706D02982AC,C,true,stage1_overlap,informative_non_extreme,0.75,0.75,4,4,3,0
ERL-630BF1E0AC2AEE01,TRN-BB7C578DBA792659,C,true,stage1_overlap,informative_non_extreme,0.25,0.25,4,4,1,0
ERL-40E1D0174FA04966,TRN-1856A79B23878148,C,true,stage1_overlap,informative_non_extreme,0.25,0.25,4,4,1,0
ERL-CD489A1CD78FCE11,TRN-88FD0C9F83764CA3,C,true,stage1_overlap,informative_non_extreme,0.75,0.75,4,4,3,0
ERL-000FD3A327FC5F51,TRN-DD3CC134F49288E0,C,true,stage1_overlap,informative_non_extreme,0.75,0.75,4,4,3,0
ERL-174F8A1352C23C09,TRN-50284E679ED29AB0,C,true,stage1_overlap,informative_non_extreme,0.5,0.5,4,4,2,0
ERL-FADC94AE6119C96D,TRN-36170068D0203AF1,C,true,stage1_overlap,recoverable_zero,0.0,0.0,4,4,0,0
ERL-EAA288B184EE8DDF,TRN-DE2F064070F1E579,C,true,stage1_overlap,informative_non_extreme,0.5,0.5,4,4,2,0
ERL-3BEE6FC23211BB3F,TRN-9A074CFEAAA0D128,C,true,stage1_overlap,informative_non_extreme,0.25,0.25,4,4,1,0
ERL-EB3FA7FA835C2E03,TRN-DD8FE7895C70C859,C,true,stage1_overlap,informative_non_extreme,0.75,0.75,4,4,3,0
ERL-A5932047525F9825,TRN-453EBC07D51894BC,C,true,stage1_overlap,informative_non_extreme,0.75,0.75,4,4,3,0
ERL-05A2F55D30372084,TRN-F96D39D86529D361,C,true,stage1_overlap,informative_non_extreme,0.75,0.75,4,4,3,0
ERL-60B0194524AB8259,TRN-A08AFE63D5FD6E73,C,true,stage1_overlap,informative_non_extreme,0.75,0.75,4,4,3,0
ERL-50F3634EDC407885,TRN-0BD641D80A0CF2C0,C,true,unseen_probe,informative_non_extreme,0.25,0.25,4,4,1,0
ERL-CAF32BD5CD007B02,TRN-01B83BE4940B9409,C,true,stage1_overlap,recoverable_zero,0.0,0.0,4,4,0,0
ERL-A6E514F3A834205D,TRN-D2B3C2A69C243B7D,C,true,stage1_overlap,informative_non_extreme,0.75,0.75,4,4,3,0
ERL-CDEEECE0E042C1D3,TRN-0750343EB1F5D44F,C,true,stage1_overlap,informative_non_extreme,0.75,0.75,4,4,3,0
ERL-78AEE41577B3F36C,TRN-D7D6C4DC302CB3CB,C,true,stage1_overlap,informative_non_extreme,0.25,0.25,4,4,1,0
ERL-CCA078B7F62B7740,TRN-E0A8DA6204D25400,C,true,stage1_overlap,informative_non_extreme,0.75,0.75,4,4,3,0
ERL-88EB363782240A1B,TRN-A1CD6869297B06D8,C,true,stage1_overlap,informative_non_extreme,0.5,0.5,4,4,2,0
ERL-6EAF87F8C8B9EFFB,TRN-761425ED02043E1E,C,true,stage1_overlap,recoverable_zero,0.0,0.0,4,4,0,0
ERL-B6BBB20242446E53,TRN-7A008BC17AF4F07C,C,true,unseen_probe,informative_non_extreme,0.25,0.25,4,4,1,0
ERL-484B76615771E1C5,TRN-0D190D2C6F79AA91,C,true,stage1_overlap,informative_non_extreme,0.5,0.5,4,4,2,0
ERL-6ADDE13B6D3B2FD7,TRN-DC0812E3A378E160,C,true,unseen_probe,informative_non_extreme,0.25,0.25,4,4,1,0
ERL-1CCED28DC1414A9B,TRN-90B4AE1A915020DD,C,true,stage1_overlap,informative_non_extreme,0.75,0.75,4,4,3,0
ERL-A37ADC3E6EF76CA5,TRN-AC6608777E759780,C,true,stage1_overlap,informative_non_extreme,0.5,0.5,4,4,2,0
ERL-7C7F27C4AF7D45DD,TRN-C44B75D22F93B30C,C,true,stage1_overlap,informative_non_extreme,0.75,0.75,4,4,3,0
ERL-D5D6213C608EA289,TRN-56837F18579EF4FD,C,true,stage1_overlap,informative_non_extreme,0.75,0.75,4,4,3,0
ERL-2BDC6D743E246CDA,TRN-A17DAACBB15CA00C,C,true,stage1_overlap,informative_non_extreme,0.5,0.5,4,4,2,0
ERL-662F5AF96B9EA010,TRN-D7E47B64DC2AB657,C,true,stage1_overlap,recoverable_zero,0.0,0.0,4,4,0,0
ERL-FD319296EF083B14,TRN-4CD568B85BCAA3C3,C,true,stage1_overlap,informative_non_extreme,0.75,0.75,4,4,3,0
ERL-495363DB83FB8A14,TRN-BBA2AB07E2342BDB,C,true,stage1_overlap,recoverable_zero,0.0,0.0,4,4,0,0
ERL-1D882BF2C810BBBF,TRN-FD9A2FC9BBEED5DC,C,true,stage1_overlap,informative_non_extreme,0.25,0.25,4,4,1,0
ERL-9236BC9C8EC80A3F,TRN-8E5890E6B1196111,C,true,stage1_overlap,informative_non_extreme,0.75,0.75,4,4,3,0
ERL-61EC4FD0CFFBE297,TRN-7B87C5A93379DC3A,C,true,stage1_overlap,informative_non_extreme,0.75,0.75,4,4,3,0
ERL-C9DAC9DA5E078A92,TRN-1EA8275B7F253B5C,C,true,stage1_overlap,recoverable_zero,0.0,0.0,4,4,0,0
ERL-D67D17463934BF05,TRN-2BFB321BCA845E01,C,true,stage1_overlap,informative_non_extreme,0.5,0.5,4,4,2,0
ERL-BE23BEF45645C524,TRN-393D9E09D093D2DD,C,true,stage1_overlap,informative_non_extreme,0.25,0.25,4,4,1,0
ERL-50DAE02F13596B42,TRN-713F38029CB374ED,C,true,stage1_overlap,recoverable_zero,0.0,0.0,4,4,0,0
ERL-48736134C83EDFE9,TRN-893F97694E7542D5,C,true,stage1_overlap,informative_non_extreme,0.5,0.5,4,4,2,0
ERL-3D5142DBE4EDE990,TRN-A0DEC1E52CBDD6D2,C,true,stage1_overlap,informative_non_extreme,0.75,0.75,4,4,3,0
ERL-2B7E50AEEF218903,TRN-E7B06B044F5BD154,C,true,unseen_probe,informative_non_extreme,0.75,0.75,4,4,3,0
ERL-AF919CA986B70AA2,TRN-622841FB337938DA,C,true,stage1_overlap,informative_non_extreme,0.5,0.5,4,4,2,0
ERL-B4105AE8FD36954E,TRN-F12BBF24209C7A38,C,true,stage1_overlap,informative_non_extreme,0.5,0.5,4,4,2,0
ERL-4CDD578D1E6E6103,TRN-F2143BA48BF9A25F,C,true,stage1_overlap,informative_non_extreme,0.75,0.75,4,4,3,0
ERL-6C1FC5530D455D1F,TRN-575A4D1635801A48,C,true,stage1_overlap,informative_non_extreme,0.25,0.25,4,4,1,0
ERL-B477A868D8377544,TRN-992B879D89E2446D,C,true,stage1_overlap,informative_non_extreme,0.75,0.75,4,4,3,0
ERL-112B2C423A509A9C,TRN-674C867398AB29C7,C,true,stage1_overlap,informative_non_extreme,0.75,0.75,4,4,3,0
ERL-C4854D4DEF21CE4B,TRN-4DB53CCF5B4C9579,C,true,stage1_overlap,informative_non_extreme,0.75,0.75,4,4,3,0
ERL-ECE04DDFEF7CD517,TRN-C6B4FC69C1706A2F,C,true,unseen_probe,informative_non_extreme,0.5,0.5,4,4,2,0
ERL-BCA55AB43C991077,TRN-B2EB5468A09AEB54,C,true,stage1_overlap,informative_non_extreme,0.75,0.75,4,4,3,0
ERL-9A9E174299A29C32,TRN-5AB4E2E4C94CBC3F,C,true,unseen_probe,informative_non_extreme,0.25,0.25,4,4,1,0
ERL-B24FE7FDCB0D4B17,TRN-5A28B15AAF8D50A8,C,true,stage1_overlap,informative_non_extreme,0.5,0.5,4,4,2,0
ERL-EAED71A944930B44,TRN-09D2F6A663981D43,C,true,stage1_overlap,informative_non_extreme,0.75,0.75,4,4,3,0
ERL-C704B30804BEF9F9,TRN-915DE6A6C2BBE5D3,C,true,unseen_probe,informative_non_extreme,0.5,0.5,4,4,2,0
ERL-AA1E1BB489697DF4,TRN-125C866CE00525F4,C,true,stage1_overlap,informative_non_extreme,0.75,0.75,4,4,3,0
ERL-272C812A258917C7,TRN-77A31533D6A6FEF3,C,true,stage1_overlap,informative_non_extreme,0.75,0.75,4,4,3,0
ERL-EEF430BC8CB60066,TRN-26280288D8D4CAA9,C,true,stage1_overlap,informative_non_extreme,0.5,0.5,4,4,2,0
ERL-8F24105B027D6B19,TRN-473CD202B544D72D,C,true,unseen_probe,informative_non_extreme,0.25,0.25,4,4,1,0
ERL-F4B996F5E7234DC9,TRN-1C27BBBF62B01363,C,true,stage1_overlap,informative_non_extreme,0.75,0.75,4,4,3,0
ERL-2A48CBF9DDA18552,TRN-24D3B9BE4F1C8160,C,true,stage1_overlap,informative_non_extreme,0.25,0.25,4,4,1,0
ERL-34F39E52B338BEFF,TRN-D00A87629FC12A77,C,true,unseen_probe,informative_non_extreme,0.75,0.75,4,4,3,0
ERL-722846AC0253EB4A,TRN-8FD81F8DF72044AB,C,true,stage1_overlap,informative_non_extreme,0.75,0.75,4,4,3,0
ERL-7296962F6430B946,TRN-2E3DD4D945D3ABD4,C,true,stage1_overlap,informative_non_extreme,0.75,0.75,4,4,3,0
ERL-BB5FE28324668F02,TRN-EE2E0B9F711C0F9C,C,true,stage1_overlap,informative_non_extreme,0.25,0.25,4,4,1,0
ERL-1D0985F9FF4A0C70,TRN-18DF01D17EB789A1,C,true,stage1_overlap,informative_non_extreme,0.25,0.25,4,4,1,0
ERL-121D324F8F27417B,TRN-5DDD6B279462E984,C,true,stage1_overlap,informative_non_extreme,0.5,0.5,4,4,2,0
ERL-B50EE0D3705EE0D2,TRN-8AF6081A7F1F8F81,C,true,stage1_overlap,informative_non_extreme,0.25,0.25,4,4,1,0
ERL-7949F967D3D6AF26,TRN-9BA1E71297A265D4,C,true,unseen_probe,informative_non_extreme,0.75,0.75,4,4,3,0
ERL-8390D7B381706DAD,TRN-ACC6602FF5A83917,C,true,stage1_overlap,recoverable_zero,0.0,0.0,4,4,0,0
ERL-D0F86C9F8AE052E3,TRN-8E209D9C5F28D2F4,C,true,stage1_overlap,informative_non_extreme,0.25,0.25,4,4,1,0
ERL-6D1FD45473ABAC4B,TRN-50DFCFF78F47C4E7,C,true,stage1_overlap,recoverable_zero,0.0,0.0,4,4,0,0
ERL-59DDABD99D978D7E,TRN-070863BCCBBDE47F,C,true,stage1_overlap,informative_non_extreme,0.5,0.5,4,4,2,0
ERL-F0DB928B86AC8EEA,TRN-CC8F21FB4C5C6875,C,true,stage1_overlap,informative_non_extreme,0.25,0.25,4,4,1,0
ERL-C6E43C3EB7478F58,TRN-F9AE5DBF710FC2B2,C,true,stage1_overlap,informative_non_extreme,0.25,0.25,4,4,1,0
ERL-7DB168A842ABA340,TRN-C0FB7C1E5F0DCCD3,C,true,stage1_overlap,recoverable_zero,0.0,0.0,4,4,0,0
ERL-C3358C55D44B6BF5,TRN-6E17E4A24F2FA62D,C,true,stage1_overlap,informative_non_extreme,0.75,0.75,4,4,3,0
ERL-C0C3A324CA359759,TRN-FC77B590F3306CC6,C,true,stage1_overlap,informative_non_extreme,0.5,0.5,4,4,2,0
ERL-B81CFFD484922821,TRN-C576E836C9307ECF,C,true,stage1_overlap,informative_non_extreme,0.75,0.75,4,4,3,0
ERL-5B15B8A5EB6F2EE4,TRN-D8E1F91E3FB91EF4,C,true,unseen_probe,informative_non_extreme,0.5,0.5,4,4,2,0
ERL-DBC6C3AD08E24D23,TRN-B7CE03C33AB36215,C,true,stage1_overlap,informative_non_extreme,0.75,0.75,4,4,3,0
ERL-77F5EC8B3AE823F9,TRN-211A629B067D53AE,C,true,unseen_probe,informative_non_extreme,0.5,0.5,4,4,2,0
ERL-F35BA4B17CFFE349,TRN-3ABF597F529161DE,C,true,stage1_overlap,informative_non_extreme,0.5,0.5,4,4,2,0
ERL-253538A9C0AEDB7A,TRN-B1984C2DA1747917,C,true,stage1_overlap,recoverable_zero,0.0,0.0,4,4,0,0
ERL-BDA0C7E865502D3D,TRN-B5C198086069CD8E,C,true,stage1_overlap,informative_non_extreme,0.5,0.5,4,4,2,0
ERL-3EE72ABD286E964B,TRN-41118EFF99D4B189,C,true,stage1_overlap,informative_non_extreme,0.25,0.25,4,4,1,0
ERL-1D0811FC83DA1A82,TRN-2B576EA30DA1CF98,C,true,unseen_probe,recoverable_zero,0.0,0.0,4,4,0,0
ERL-9855BD1DAF4A530F,TRN-D8C23CCCA0B5496E,C,true,stage1_overlap,informative_non_extreme,0.25,0.25,4,4,1,0
ERL-A6ED95059383463B,TRN-68EA7A801C26D8B3,C,true,stage1_overlap,informative_non_extreme,0.25,0.25,4,4,1,0
ERL-40E61B91B1A7616B,TRN-07051A6AD643C7A8,C,true,stage1_overlap,informative_non_extreme,0.25,0.25,4,4,1,0
ERL-B9C7D98452EC85B2,TRN-B5247A7B71A2A30C,C,true,stage1_overlap,informative_non_extreme,0.75,0.75,4,4,3,0
ERL-D50247FA1DF1A57C,TRN-46F63082D3D21C9A,C,true,stage1_overlap,informative_non_extreme,0.75,0.75,4,4,3,0
ERL-E179A4A4BAE447E0,TRN-825B478F0630EE72,C,true,stage1_overlap,informative_non_extreme,0.5,0.5,4,4,2,0
ERL-3FD50154817EE886,TRN-FAB7B08CE62CB161,C,true,stage1_overlap,informative_non_extreme,0.75,0.75,4,4,3,0
ERL-018FB0EF0755A538,TRN-7809AEEBCF1E0AA3,C,true,stage1_overlap,informative_non_extreme,0.25,0.25,4,4,1,0
ERL-C1F25153CDF45FC0,TRN-3BB6F1122516027B,C,true,stage1_overlap,informative_non_extreme,0.75,0.75,4,4,3,0
ERL-9E02A36323261D13,TRN-D112F99D9F6BCCE1,C,true,stage1_overlap,informative_non_extreme,0.75,0.75,4,4,3,0
ERL-17B042291C76A0BF,TRN-AC2520B9744B77D0,C,true,stage1_overlap,informative_non_extreme,0.25,0.25,4,4,1,0
ERL-42185E3B2A558549,TRN-50D4975770CAA118,C,true,unseen_probe,informative_non_extreme,0.25,0.25,4,4,1,0
ERL-B2C648B3CC2E136F,TRN-119D311037A23643,C,true,stage1_overlap,informative_non_extreme,0.75,0.75,4,4,3,0
ERL-E9B08847A5E69EE6,TRN-0E8A28E5F9905EAC,C,true,unseen_probe,informative_non_extreme,0.5,0.5,4,4,2,0
ERL-EDFBD8ACF584F59E,TRN-02B4F104D975A6CC,C,true,stage1_overlap,informative_non_extreme,0.25,0.25,4,4,1,0
ERL-012D3CC2E86E549F,TRN-652F34D7FF318DC4,C,true,unseen_probe,informative_non_extreme,0.5,0.5,4,4,2,0
ERL-18E159D748385695,TRN-C28C3A6C2D41B0DE,C,true,stage1_overlap,informative_non_extreme,0.25,0.3333333333333333,4,3,1,1
ERL-EBC9481D078BDD46,TRN-FCD959C8FAAC7415,C,true,stage1_overlap,informative_non_extreme,0.75,0.75,4,4,3,0
ERL-23D9CA41301E1415,TRN-ABCCD8947464D0E1,C,true,stage1_overlap,informative_non_extreme,0.5,0.5,4,4,2,0
ERL-A80A3DAFCB59BEE0,TRN-A79476B517C3CF44,C,true,stage1_overlap,informative_non_extreme,0.5,0.5,4,4,2,0
ERL-8217F01572EB9485,TRN-C2B191562990245B,C,true,stage1_overlap,informative_non_extreme,0.5,0.5,4,4,2,0
ERL-B9C5E76E5A5A813E,TRN-F79DD1DFBFF790E4,C,true,stage1_overlap,informative_non_extreme,0.25,0.25,4,4,1,0
ERL-9EF0BDC87941D7AB,TRN-FADA856E233F939F,C,true,stage1_overlap,informative_non_extreme,0.25,0.25,4,4,1,0
ERL-1B6B4E858F84A1D3,TRN-783451FE10FF6156,C,true,stage1_overlap,informative_non_extreme,0.5,0.5,4,4,2,0
ERL-1ED73506FE36DA15,TRN-8F00C9944A9AA93C,C,true,stage1_overlap,recoverable_zero,0.0,0.0,4,4,0,0
ERL-D506690147B1BC81,TRN-7B0A262D917D4310,C,true,stage1_overlap,informative_non_extreme,0.25,0.25,4,4,1,0
ERL-4D25469200DDD355,TRN-09C4B3DB32CA4996,C,true,stage1_overlap,informative_non_extreme,0.75,0.75,4,4,3,0
ERL-B3B5E212E3C10090,TRN-F48B50052FE538E0,C,true,unseen_probe,informative_non_extreme,0.75,0.75,4,4,3,0
ERL-64AB0D9B15F352EA,TRN-FF37361AE00AB574,C,true,unseen_probe,informative_non_extreme,0.25,0.25,4,4,1,0
ERL-9D9330894DD31B9B,TRN-FDC6A3D9DF8A8A47,C,true,stage1_overlap,informative_non_extreme,0.25,0.25,4,4,1,0
ERL-361BE1DF9A108DE9,TRN-C0E1DEBB818B6BBA,C,true,stage1_overlap,recoverable_zero,0.0,0.0,4,2,0,2
ERL-DB32645DE3C4985C,TRN-578402F47517531E,C,true,stage1_overlap,informative_non_extreme,0.75,0.75,4,4,3,0
ERL-4998960F8B309DFF,TRN-B3CAD1565D0682EA,C,true,unseen_probe,informative_non_extreme,0.75,0.75,4,4,3,0
ERL-A28BF5C37F5E8EE5,TRN-6B11ED56C9FA1317,C,true,stage1_overlap,informative_non_extreme,0.75,0.75,4,4,3,0
ERL-01CEA0A0317C2EF4,TRN-2572C6F2C426912F,C,true,stage1_overlap,recoverable_zero,0.0,0.0,4,4,0,0
ERL-F053B3A374B09CD1,TRN-6317CFC3845104C6,C,true,stage1_overlap,recoverable_zero,0.0,0.0,4,4,0,0
ERL-0F6589758DBE3D08,TRN-494CE45BF726AC84,C,true,unseen_probe,informative_non_extreme,0.5,0.5,4,4,2,0
ERL-69CC998A94B05568,TRN-E8F0D97392A3B376,C,true,stage1_overlap,informative_non_extreme,0.5,0.5,4,4,2,0
ERL-0DA4332EA4381576,TRN-BDA8A7AFD5A5FC62,C,true,stage1_overlap,informative_non_extreme,0.5,0.5,4,4,2,0
ERL-8BA8950E9D858D8D,TRN-BA28DCF0E161DC6D,C,true,unseen_probe,informative_non_extreme,0.5,0.5,4,4,2,0
ERL-BB4F3EB067E2189A,TRN-40F1F4D6DE1DC6C6,C,true,unseen_probe,informative_non_extreme,0.75,0.75,4,4,3,0
ERL-6230665447E1B9A6,TRN-302FE3094031970C,C,true,stage1_overlap,informative_non_extreme,0.25,0.25,4,4,1,0
ERL-41E427D1829FAF2F,TRN-447926345693DBD1,C,true,unseen_probe,informative_non_extreme,0.5,0.5,4,4,2,0
ERL-E982136D833E530E,TRN-C75D7B26D29B2347,C,true,stage1_overlap,informative_non_extreme,0.5,0.5,4,4,2,0
ERL-7C190C79AC67B9CC,TRN-133F1F3C1915506D,C,true,stage1_overlap,recoverable_zero,0.0,0.0,4,4,0,0
ERL-DF46467934CAA1F2,TRN-92DDBCE0D27F403F,C,true,stage1_overlap,informative_non_extreme,0.5,0.5,4,4,2,0
ERL-5B7F181A8232C3BF,TRN-50245B170134578E,C,true,stage1_overlap,informative_non_extreme,0.75,0.75,4,4,3,0
ERL-A539F10CF5E16F8D,TRN-D7CE32C4E682B6FC,C,true,unseen_probe,informative_non_extreme,0.75,0.75,4,4,3,0
ERL-EDDCAB0C23789E71,TRN-3DBAA63F01B66CB4,C,true,stage1_overlap,informative_non_extreme,0.5,0.5,4,4,2,0
ERL-02E4606B331E3E02,TRN-53A4151B4F494028,C,true,stage1_overlap,recoverable_zero,0.0,0.0,4,4,0,0
ERL-0C94B44ECA5170C6,TRN-D1142254290CD82A,C,true,stage1_overlap,informative_non_extreme,0.75,0.75,4,4,3,0
ERL-4C7F69D5D8BF5FB8,TRN-5FDE01EAF4D8C274,C,true,unseen_probe,informative_non_extreme,0.25,0.25,4,4,1,0
ERL-8AA9B93074F2FCD8,TRN-3FB641583E1B1F1A,C,true,stage1_overlap,informative_non_extreme,0.5,0.5,4,4,2,0
ERL-0F0B843731D1E9A0,TRN-9B024481D3B60FCC,C,true,stage1_overlap,informative_non_extreme,0.25,0.25,4,4,1,0
ERL-080770E9E3FFA82A,TRN-6F959917CB943C3F,C,true,stage1_overlap,informative_non_extreme,0.75,0.75,4,4,3,0
ERL-CB483A95A0ABDF53,TRN-7BCC25A3B35351D2,C,true,stage1_overlap,informative_non_extreme,0.75,0.75,4,4,3,0
ERL-127A1C61EAACCED3,TRN-DDB3030BB206CF03,C,true,stage1_overlap,informative_non_extreme,0.75,0.75,4,4,3,0
ERL-03F5001191075A90,TRN-4FA2F5B2C65D14DD,C,true,unseen_probe,informative_non_extreme,0.75,0.75,4,4,3,0
ERL-727E7BBDEAC46D72,TRN-6042057F25783928,C,true,stage1_overlap,informative_non_extreme,0.75,0.75,4,4,3,0
ERL-47D924A85B6D3256,TRN-719987B760A259E1,C,true,stage1_overlap,informative_non_extreme,0.75,0.75,4,4,3,0
ERL-7C8F4BAE6A61D189,TRN-E8510667FF28C4D2,C,true,stage1_overlap,recoverable_zero,0.0,0.0,4,4,0,0
ERL-A765255CEA86768D,TRN-8D813CFD9B04FE21,C,true,stage1_overlap,recoverable_zero,0.0,0.0,4,4,0,0
ERL-458ABDE4990BE746,TRN-E5E74C1D817C76C9,C,true,unseen_probe,informative_non_extreme,0.5,0.5,4,4,2,0
ERL-B51A666C19BD5C9E,TRN-EFD47EC93E695E25,C,true,stage1_overlap,recoverable_zero,0.0,0.0,4,4,0,0
ERL-16A57C4EB5337B84,TRN-26D6B89B743F6E80,C,true,stage1_overlap,informative_non_extreme,0.5,0.5,4,4,2,0
ERL-B2A3A38E15451BF6,TRN-B7D562CDD4D5FAF4,C,true,stage1_overlap,informative_non_extreme,0.5,0.5,4,4,2,0
ERL-2CA84578399671C3,TRN-3B251DA82B6B8106,C,true,unseen_probe,informative_non_extreme,0.5,0.5,4,4,2,0
ERL-985C14611EED9BF6,TRN-F2CDF234C2D7AAA3,C,true,stage1_overlap,informative_non_extreme,0.25,0.25,4,4,1,0
ERL-14890A2C0E742944,TRN-21FF51706FC59F52,C,true,stage1_overlap,recoverable_zero,0.0,0.0,4,4,0,0
ERL-06A92D819CEAA528,TRN-0E34D137BB8E2386,C,true,stage1_overlap,recoverable_zero,0.0,0.0,4,4,0,0
ERL-47A82EC07A99323B,TRN-32D76F2B130543A8,C,true,stage1_overlap,informative_non_extreme,0.75,0.75,4,4,3,0
ERL-866F90B0EB8C465E,TRN-D6C6219C8F39C548,C,true,stage1_overlap,informative_non_extreme,0.5,0.5,4,4,2,0
ERL-0E911FCD48121B81,TRN-8A9DC12866DC6CD7,C,true,stage1_overlap,informative_non_extreme,0.75,0.75,4,4,3,0
ERL-B287B4BC1B52D154,TRN-6580F088D8CFCBEA,C,true,stage1_overlap,informative_non_extreme,0.5,0.5,4,4,2,0
ERL-0A16672EB20E252B,TRN-4A150AEC8BEA7BCA,C,true,stage1_overlap,informative_non_extreme,0.25,0.25,4,4,1,0
ERL-1B0C6CAEACF2B779,TRN-8B1A2E535DBA10BF,C,true,unseen_probe,informative_non_extreme,0.75,0.75,4,4,3,0
ERL-EB82AC17C88919B7,TRN-86D06E1236DD6D78,C,true,stage1_overlap,informative_non_extreme,0.25,0.25,4,4,1,0
ERL-6F73E417679AE09B,TRN-55B465BACEDF1729,C,true,stage1_overlap,informative_non_extreme,0.5,0.5,4,4,2,0
ERL-CF0B00F123AD74A7,TRN-BD82CE8783E42105,C,true,stage1_overlap,informative_non_extreme,0.5,0.5,4,4,2,0
ERL-3B2FD3FC51200F61,TRN-729B2F35DF0E29B3,C,true,stage1_overlap,informative_non_extreme,0.5,0.5,4,4,2,0
ERL-51EC1C41808388A0,TRN-26F2A8AAA235B21A,C,true,unseen_probe,informative_non_extreme,0.25,0.25,4,4,1,0
ERL-2398E42C3AB9052F,TRN-8502549423474AEC,C,true,stage1_overlap,informative_non_extreme,0.75,0.75,4,4,3,0
ERL-5BC0EE38D3394995,TRN-0156DF4FFEA84FC5,C,true,stage1_overlap,informative_non_extreme,0.5,0.5,4,4,2,0
ERL-6ED9C36E42A80D99,TRN-6FE6F173382FB10E,C,true,stage1_overlap,informative_non_extreme,0.75,0.75,4,4,3,0
ERL-185136A4B9945335,TRN-11B968B98D5B604C,C,true,stage1_overlap,informative_non_extreme,0.5,0.5,4,4,2,0
ERL-8C26C2A620E8655D,TRN-C073B6E04FC521D5,C,true,stage1_overlap,informative_non_extreme,0.5,0.5,4,4,2,0
ERL-6D178062389395DF,TRN-0E503D26E33C8DD3,C,true,stage1_overlap,recoverable_zero,0.0,0.0,4,4,0,0
ERL-0F069E63E17700B6,TRN-DCB09E97CA19BF42,C,true,unseen_probe,informative_non_extreme,0.75,0.75,4,4,3,0
ERL-9C64B254861C4EF6,TRN-F989DE321C62DE35,C,true,unseen_probe,informative_non_extreme,0.25,0.25,4,4,1,0
ERL-F55A3F78C80A35A3,TRN-AAA19EC41FE0D98F,C,true,stage1_overlap,informative_non_extreme,0.5,0.5,4,4,2,0
ERL-1C79774E0C8F68DE,TRN-068704F56077FFD0,C,true,stage1_overlap,recoverable_zero,0.0,0.0,4,4,0,0
ERL-54475265744D0AF8,TRN-878C9F65AD342A2F,C,true,stage1_overlap,recoverable_zero,0.0,0.0,4,4,0,0
ERL-87C0F52984293E25,TRN-58DD6CC9DFA5EE7A,C,true,stage1_overlap,informative_non_extreme,0.75,0.75,4,4,3,0
ERL-9EFB87D2E5F9718F,TRN-0C1F7EADDC4B2546,C,true,stage1_overlap,informative_non_extreme,0.25,0.25,4,4,1,0
ERL-2801D10EC95017C8,TRN-633A00A9BE26A3ED,C,true,stage1_overlap,informative_non_extreme,0.25,0.25,4,4,1,0
ERL-5B43CF1298BBA491,TRN-B451BC2A6EB511D4,C,true,stage1_overlap,recoverable_zero,0.0,0.0,4,4,0,0
ERL-1DBFA0D72C60140B,TRN-6022292B0A2635A8,C,true,stage1_overlap,informative_non_extreme,0.25,0.25,4,4,1,0
ERL-52B03CB2C2611867,TRN-D0038A39E6ED3609,C,true,stage1_overlap,recoverable_zero,0.0,0.0,4,4,0,0
ERL-CD2B8505C24631CC,TRN-A440A9057FB040A3,C,true,stage1_overlap,informative_non_extreme,0.25,0.25,4,4,1,0
ERL-92AEF8D00A79AB98,TRN-74FB679D680E3F3C,C,true,unseen_probe,informative_non_extreme,0.25,0.25,4,4,1,0
ERL-E30FF5A999DD6943,TRN-D18EE59E3F730271,C,true,stage1_overlap,informative_non_extreme,0.25,0.25,4,4,1,0
ERL-8241B6BD2DD8C270,TRN-9FD71A6EDB6C7EBF,C,true,stage1_overlap,informative_non_extreme,0.25,0.25,4,4,1,0
ERL-CCBA6B5FBB2CA871,TRN-8926D51FB818DF20,C,true,stage1_overlap,informative_non_extreme,0.25,0.25,4,4,1,0
ERL-5A8BC5B9A5B5B014,TRN-FCDB9FB5F136AE0D,C,true,stage1_overlap,informative_non_extreme,0.75,0.75,4,4,3,0
ERL-5CE7E99E9EDC8409,TRN-A9A60F6867BB55B5,C,true,stage1_overlap,informative_non_extreme,0.75,0.75,4,4,3,0
ERL-4E64FC94D02AF4F1,TRN-405371E4F1116A42,C,true,stage1_overlap,recoverable_zero,0.0,0.0,4,4,0,0
ERL-EF95B6D6D568A927,TRN-EE714E6360FA87B0,C,true,stage1_overlap,informative_non_extreme,0.5,0.5,4,4,2,0
ERL-FD1C8577C307835B,TRN-16F51231020ECEF0,C,true,stage1_overlap,informative_non_extreme,0.25,0.3333333333333333,4,3,1,1
ERL-4307B5FBC0CEC586,TRN-47853C989A4A2672,C,true,stage1_overlap,informative_non_extreme,0.75,0.75,4,4,3,0
ERL-6EB972FCB74C9B64,TRN-F2CCCDB41DE51F7F,C,true,stage1_overlap,informative_non_extreme,0.25,0.25,4,4,1,0
ERL-44815414E413884E,TRN-8C1E22CF514356E0,C,true,stage1_overlap,informative_non_extreme,0.75,0.75,4,4,3,0
ERL-65BFA467D07EAB9E,TRN-5A39B58D2065973E,C,true,stage1_overlap,informative_non_extreme,0.5,0.5,4,4,2,0
ERL-5C42D4141EEA7C81,TRN-B7A58406C2699487,C,true,stage1_overlap,recoverable_zero,0.0,0.0,4,4,0,0
ERL-2A8E8E4DC5117440,TRN-29CFCC950564B867,C,true,unseen_probe,recoverable_zero,0.0,0.0,4,4,0,0
ERL-6B6AC748B6EAF46E,TRN-D07F0846C400F739,C,true,stage1_overlap,informative_non_extreme,0.5,0.5,4,4,2,0
ERL-5B13A9A49235A45A,TRN-9BF6B6184B719683,C,true,stage1_overlap,informative_non_extreme,0.25,0.25,4,4,1,0
ERL-695E44827F43E53B,TRN-33BF0D7CED2D275B,C,true,stage1_overlap,informative_non_extreme,0.75,0.75,4,4,3,0
ERL-14226A96B61AD813,TRN-866CC08445D85051,C,true,unseen_probe,informative_non_extreme,0.75,0.75,4,4,3,0
ERL-FEACD451255E1B57,TRN-9218256F691481B2,C,true,stage1_overlap,recoverable_zero,0.0,0.0,4,4,0,0
ERL-9A5D26861E53F20A,TRN-B4365D5C98CCF413,C,true,stage1_overlap,informative_non_extreme,0.25,0.25,4,4,1,0
ERL-24637AC686D841C1,TRN-4AA64EDCFA385B90,C,true,stage1_overlap,informative_non_extreme,0.75,0.75,4,4,3,0
ERL-7D40A91CE766CD4F,TRN-DD58D305B1B1F85B,C,true,stage1_overlap,informative_non_extreme,0.75,0.75,4,4,3,0
ERL-14809241ED9DF9EA,TRN-BAF420FEF9BCF182,C,true,stage1_overlap,informative_non_extreme,0.5,0.5,4,4,2,0
ERL-5D685D15BD090884,TRN-6D706B28A06301C0,C,true,stage1_overlap,informative_non_extreme,0.25,0.25,4,4,1,0
ERL-A423701A051FE5F6,TRN-C173548910A21854,C,true,stage1_overlap,informative_non_extreme,0.5,0.5,4,4,2,0
ERL-7350D9E06AA68CE8,TRN-B24BFA9EFBC6AE32,C,true,stage1_overlap,recoverable_zero,0.0,0.0,4,4,0,0
ERL-B56EEB97A3791797,TRN-BDBACFEE5743A6AF,C,true,stage1_overlap,informative_non_extreme,0.75,0.75,4,4,3,0
ERL-AD4979CE847CDAAA,TRN-468AE4AB3B769291,C,true,stage1_overlap,informative_non_extreme,0.75,0.75,4,4,3,0
ERL-5FFBEFA84A6EC01B,TRN-3674CE4E04FA705D,C,true,stage1_overlap,informative_non_extreme,0.25,0.25,4,4,1,0
ERL-0942A0077837A31D,TRN-C28B4721806C5FA7,C,true,stage1_overlap,informative_non_extreme,0.75,0.75,4,4,3,0
ERL-FA831F060D778557,TRN-7337BA74EE16AB4E,C,true,stage1_overlap,informative_non_extreme,0.5,0.5,4,4,2,0
ERL-2FF347D422A530A8,TRN-353D777080EB3AA9,C,true,unseen_probe,informative_non_extreme,0.75,0.75,4,4,3,0
ERL-7254C2BA2707A364,TRN-51B110DD3813AEAD,C,true,stage1_overlap,informative_non_extreme,0.75,0.75,4,4,3,0
ERL-73E8F357013DD657,TRN-BC608398A499E9A6,C,true,stage1_overlap,informative_non_extreme,0.5,0.5,4,4,2,0
ERL-E241FF4C67E0D3C4,TRN-9D73B73FC5E38D7E,C,true,stage1_overlap,informative_non_extreme,0.75,0.75,4,4,3,0
ERL-6FA45460FC3A9600,TRN-ACA16F4511A398C8,C,true,stage1_overlap,informative_non_extreme,0.5,0.5,4,4,2,0
ERL-0B598D0B15768733,TRN-7A21DBF5553673FE,C,true,stage1_overlap,recoverable_zero,0.0,0.0,4,4,0,0
ERL-4D3AEA028EC13A95,TRN-37DC360E3B9A5990,C,true,stage1_overlap,informative_non_extreme,0.5,0.5,4,4,2,0
ERL-E5DE2F34F8A4B212,TRN-3EFBC2321692E1AC,C,true,stage1_overlap,informative_non_extreme,0.25,0.25,4,4,1,0
ERL-899B37E53C2DBCE3,TRN-678AE6B58DA9D0F1,C,true,stage1_overlap,informative_non_extreme,0.5,0.5,4,4,2,0
ERL-E0500D5BF2A0D717,TRN-61E33DA2389E9004,C,true,stage1_overlap,informative_non_extreme,0.75,0.75,4,4,3,0
ERL-A6F31AD71407A801,TRN-6477C1E28D057150,C,true,stage1_overlap,informative_non_extreme,0.5,0.5,4,4,2,0
ERL-873AA75AEB6C7E70,TRN-D78800914638D0DB,C,true,stage1_overlap,informative_non_extreme,0.5,0.5,4,4,2,0
ERL-5C9D48FC6533ABD1,TRN-F6D7A0BE9E1BA83A,C,true,stage1_overlap,informative_non_extreme,0.25,0.25,4,4,1,0
ERL-0DC226934245CBE9,TRN-583507EE4F30EF32,C,true,stage1_overlap,informative_non_extreme,0.25,0.25,4,4,1,0
ERL-A1F0872754CFBEF5,TRN-D8642F028B2F08BA,C,true,unseen_probe,informative_non_extreme,0.75,0.75,4,4,3,0
ERL-A378F4ED99EC9104,TRN-A104F8663D0765E8,C,true,stage1_overlap,recoverable_zero,0.0,0.0,4,4,0,0
ERL-A4EC05257FF92A5B,TRN-08B5D8CAB6860AAD,C,true,stage1_overlap,informative_non_extreme,0.75,0.75,4,4,3,0
ERL-2B9F51284F587E49,TRN-10D84CC3567722A3,C,true,stage1_overlap,informative_non_extreme,0.5,0.5,4,4,2,0
ERL-81E778422BF29B75,TRN-8A8BFD358D187CC3,C,true,stage1_overlap,informative_non_extreme,0.25,0.25,4,4,1,0
ERL-6710861BF51F3E4F,TRN-30251699B579C1D0,C,true,stage1_overlap,informative_non_extreme,0.25,0.25,4,4,1,0
ERL-7E4814CAD167AF91,TRN-D0B3F682E533362F,C,true,unseen_probe,informative_non_extreme,0.25,0.25,4,4,1,0
ERL-16519DB44730E5AD,TRN-4A2BC27162050F3C,C,true,stage1_overlap,recoverable_zero,0.0,0.0,4,4,0,0
ERL-EC46EC8833B9C15A,TRN-30BCCB28E7F78277,C,true,stage1_overlap,informative_non_extreme,0.5,0.5,4,4,2,0
ERL-8E3CA72276462D0D,TRN-DA265D50E213A65D,C,true,stage1_overlap,informative_non_extreme,0.25,0.25,4,4,1,0
ERL-E65CA9DFF7528D44,TRN-B8519E5582BD316F,C,true,unseen_probe,informative_non_extreme,0.75,0.75,4,4,3,0
ERL-E0D6DBA1827CCCAD,TRN-038D79469F6FBF39,C,true,stage1_overlap,recoverable_zero,0.0,0.0,4,4,0,0
ERL-60553FEA8A77D1C5,TRN-93CF40CC8D7B7E7E,C,true,unseen_probe,informative_non_extreme,0.75,0.75,4,4,3,0
ERL-840B55ED76660F54,TRN-9176A22DA7342B81,C,true,stage1_overlap,informative_non_extreme,0.25,0.25,4,4,1,0
ERL-694C0A7B55703CC7,TRN-6FC2B41A1EFA4F9D,C,true,stage1_overlap,recoverable_zero,0.0,0.0,4,4,0,0
ERL-E135EF40AF19F605,TRN-0F55DEBF99862862,C,true,unseen_probe,informative_non_extreme,0.25,0.25,4,4,1,0
ERL-DC9F0B2BC32454C7,TRN-C2A528595C2CC90D,C,true,stage1_overlap,recoverable_zero,0.0,0.0,4,4,0,0
ERL-C55491BB177D3A86,TRN-3B692A8025951E76,C,true,stage1_overlap,recoverable_zero,0.0,0.0,4,4,0,0
ERL-DC9C5D93A673AB43,TRN-D841A38E4C5C9A20,C,true,stage1_overlap,recoverable_zero,0.0,0.0,4,4,0,0
ERL-5060D75FC4AC62D9,TRN-A3770ACF0890BB7F,C,true,stage1_overlap,informative_non_extreme,0.75,0.75,4,4,3,0
ERL-6D3AD44155735E00,TRN-FE3EABEE8C3A538A,C,true,stage1_overlap,informative_non_extreme,0.25,0.25,4,4,1,0
ERL-1E85CE83E6114AAE,TRN-3C7EEAE02F507614,C,true,unseen_probe,informative_non_extreme,0.75,0.75,4,4,3,0
ERL-752C6F5937A1FA70,TRN-A7CD41C6138949E3,C,true,stage1_overlap,informative_non_extreme,0.25,0.25,4,4,1,0
ERL-CCCD75E193572661,TRN-6FE7D762C68CF411,C,true,stage1_overlap,informative_non_extreme,0.75,0.75,4,4,3,0
ERL-9D6E41BF1E4AADBD,TRN-3BF5B891407C52FB,C,true,stage1_overlap,informative_non_extreme,0.75,0.75,4,4,3,0
ERL-DE831CF297547F57,TRN-ED65646BD1B34BF2,C,true,stage1_overlap,informative_non_extreme,0.5,0.5,4,4,2,0
ERL-A302CDD63BD2809B,TRN-6F82872946752423,C,true,stage1_overlap,informative_non_extreme,0.25,0.25,4,4,1,0
ERL-CE8B3A2AE26850DB,TRN-9B00B51BB35A8239,C,true,stage1_overlap,informative_non_extreme,0.25,0.25,4,4,1,0
ERL-4C663B927377E68C,TRN-57C7F7A5E550C5B4,C,true,stage1_overlap,recoverable_zero,0.0,0.0,4,4,0,0
ERL-B174FD31227D9CFC,TRN-45D64110096836EE,C,true,stage1_overlap,informative_non_extreme,0.75,0.75,4,4,3,0
ERL-389D0FA965FDF6AD,TRN-66A4C9D192517DB8,C,true,stage1_overlap,informative_non_extreme,0.75,0.75,4,4,3,0
ERL-2570FCF08664D8B1,TRN-1B2EAB02B7D4B637,C,true,stage1_overlap,recoverable_zero,0.0,0.0,4,4,0,0
ERL-D29C24C5D3D6B077,TRN-D6E2134103BABDB2,C,true,stage1_overlap,recoverable_zero,0.0,0.0,4,4,0,0
ERL-2E2E17D7A4C0E2DE,TRN-D3A69DCE922F8A4B,C,true,stage1_overlap,informative_non_extreme,0.5,0.5,4,4,2,0
ERL-DAE3331929C2748D,TRN-99588F03F9A38AC0,C,true,stage1_overlap,informative_non_extreme,0.25,0.25,4,4,1,0
ERL-6EF73F59427A7313,TRN-548BD94AE648DB2E,C,true,stage1_overlap,informative_non_extreme,0.5,0.5,4,4,2,0
ERL-F795DD5745EA0D68,TRN-6B6218D32FF78457,C,true,stage1_overlap,informative_non_extreme,0.25,0.25,4,4,1,0
ERL-B44FBE478E1E8885,TRN-EEF9B14ADBA76D53,C,true,stage1_overlap,informative_non_extreme,0.25,0.25,4,4,1,0
ERL-A627525523097EBD,TRN-E8C74442EAA8D5FC,C,true,stage1_overlap,informative_non_extreme,0.25,0.25,4,4,1,0
ERL-5CC20A10CB68E156,TRN-DCC30C7598C4210C,C,true,stage1_overlap,recoverable_zero,0.0,0.0,4,4,0,0
ERL-C140E71BD5793392,TRN-342385B3245E1394,C,true,stage1_overlap,informative_non_extreme,0.5,0.5,4,4,2,0
ERL-EBE45F2943621FA7,TRN-8485A87A8DF8F8CC,C,true,stage1_overlap,informative_non_extreme,0.5,0.5,4,4,2,0
ERL-D30EDF4BF6BC99F5,TRN-7B1A7017FA9618B0,C,true,stage1_overlap,recoverable_zero,0.0,0.0,4,4,0,0
ERL-53D9ADF4BB478808,TRN-BF3DF0AD219C5386,C,true,stage1_overlap,informative_non_extreme,0.75,0.75,4,4,3,0
ERL-16BA75EB8B4FF8A2,TRN-8475C3E52E202D86,C,true,stage1_overlap,recoverable_zero,0.0,0.0,4,4,0,0
ERL-31F2BAFAE0A1A98E,TRN-AD27014273998E48,C,true,stage1_overlap,informative_non_extreme,0.75,0.75,4,4,3,0
ERL-8D53ED72BFC0F177,TRN-902FC55679D0ACC6,C,true,stage1_overlap,recoverable_zero,0.0,0.0,4,4,0,0
ERL-EDB9ACB14188E24C,TRN-45C5810AE3D2FF9E,C,true,stage1_overlap,informative_non_extreme,0.25,0.25,4,4,1,0
ERL-CD3B844D3265D9A2,TRN-746D65631FE72C06,C,true,stage1_overlap,informative_non_extreme,0.5,0.5,4,4,2,0
ERL-79AF2CCBEAC416E3,TRN-61B72CE4377FD8F4,C,true,stage1_overlap,recoverable_zero,0.0,0.0,4,3,0,1
ERL-0CBE3951B3507D26,TRN-0917D1733E2F1F42,C,true,stage1_overlap,informative_non_extreme,0.25,0.25,4,4,1,0
ERL-81BB9B2D7968665E,TRN-05F41A152137175D,C,true,stage1_overlap,informative_non_extreme,0.25,0.25,4,4,1,0
ERL-6E1FF93A67790463,TRN-A66B655EF62A1B21,C,true,stage1_overlap,recoverable_zero,0.0,0.0,4,4,0,0
ERL-3631FF111C6B3006,TRN-23602E3E2F6493B2,C,true,stage1_overlap,recoverable_zero,0.0,0.0,4,4,0,0
ERL-DD2E4C201BA0D0EB,TRN-A5088AFE4CAF7BDF,C,true,stage1_overlap,informative_non_extreme,0.5,0.5,4,4,2,0
ERL-15B68FC53FAE0033,TRN-94C25DC096B92380,C,true,stage1_overlap,informative_non_extreme,0.25,0.25,4,4,1,0
ERL-2CE7F1B8B6131405,TRN-28A8DCA9537258DF,C,true,unseen_probe,informative_non_extreme,0.75,0.75,4,4,3,0
ERL-0551602BE695699A,TRN-E28E464805FA7C88,C,true,stage1_overlap,informative_non_extreme,0.5,0.5,4,4,2,0
ERL-611F30EDA64AEE75,TRN-44196D2C657E606C,C,true,stage1_overlap,informative_non_extreme,0.75,0.75,4,4,3,0
ERL-3307725E40F0AA2C,TRN-E36D57FBA03CF276,C,true,stage1_overlap,informative_non_extreme,0.5,0.5,4,4,2,0
ERL-19D1D2C8BB26384A,TRN-417F9AD27A357E63,C,true,stage1_overlap,informative_non_extreme,0.25,0.25,4,4,1,0
ERL-32CE5896F0CDDB12,TRN-A4D18897BE1CC18A,C,true,stage1_overlap,informative_non_extreme,0.5,0.5,4,4,2,0
ERL-0B03034D4B9194B2,TRN-E8AE01AFD1529168,C,true,stage1_overlap,informative_non_extreme,0.5,0.5,4,4,2,0
ERL-9B4B64531923BDA5,TRN-5660084269995B9A,C,true,stage1_overlap,informative_non_extreme,0.5,0.5,4,4,2,0
ERL-5B4A17A1AB6DDC69,TRN-CAB0FF7B19DE8A85,C,true,stage1_overlap,recoverable_zero,0.0,0.0,4,4,0,0
ERL-5E0F594C930370DB,TRN-87CEFEF94C70E0A1,C,true,stage1_overlap,informative_non_extreme,0.5,0.5,4,4,2,0
ERL-E8E187D989AFB058,TRN-A8CEF623B9BF2675,C,true,stage1_overlap,informative_non_extreme,0.25,0.25,4,4,1,0
ERL-9EBC272C946A8C9C,TRN-FEB716C229CC1C0D,C,true,stage1_overlap,informative_non_extreme,0.5,0.5,4,4,2,0
ERL-F2E562E31122E506,TRN-FCB64197EC20EA9A,C,true,unseen_probe,informative_non_extreme,0.25,0.25,4,4,1,0
ERL-A95ECB43E03A4CFA,TRN-6A85C834D3F033A7,C,true,stage1_overlap,informative_non_extreme,0.5,0.5,4,4,2,0
ERL-0A008A7A96FA3720,TRN-A568CA2237DA5AD9,C,true,stage1_overlap,informative_non_extreme,0.75,0.75,4,4,3,0
ERL-E924122B1D5A46B7,TRN-C2978C01494D94E9,C,true,stage1_overlap,informative_non_extreme,0.5,0.5,4,4,2,0
ERL-FD6606C0277A73FF,TRN-FFC7F9020A63B73F,C,true,unseen_probe,informative_non_extreme,0.75,0.75,4,4,3,0
ERL-A8F5B6611FB18A29,TRN-072AA7E7EDF4EBCC,C,true,stage1_overlap,recoverable_zero,0.0,0.0,4,4,0,0
ERL-90E95B76C287B437,TRN-DFFE3FD6C6ABEF94,C,true,stage1_overlap,informative_non_extreme,0.25,0.25,4,4,1,0
ERL-C256D3FD246839FB,TRN-268FE26505E85AA0,C,true,stage1_overlap,recoverable_zero,0.0,0.0,4,4,0,0
ERL-231E5097F6843DFC,TRN-F7D7FB6B9A0F0F29,C,true,stage1_overlap,informative_non_extreme,0.25,0.25,4,4,1,0
ERL-52525F1BEAC31B00,TRN-6C44576722765FEB,C,true,stage1_overlap,informative_non_extreme,0.25,0.25,4,4,1,0
ERL-C4A6EEA99A2746F4,TRN-16AD3565D424C15D,C,true,stage1_overlap,informative_non_extreme,0.75,0.75,4,4,3,0
ERL-7D17E9D0A2A05432,TRN-44A7F37F07567DBA,C,true,unseen_probe,informative_non_extreme,0.75,0.75,4,4,3,0
ERL-1CDBD8B8336F7375,TRN-3A772F47452A6FAD,C,true,stage1_overlap,informative_non_extreme,0.5,0.5,4,4,2,0
ERL-4403BE5760C0A5F0,TRN-EFD6074EB59924F5,C,true,unseen_probe,informative_non_extreme,0.25,0.25,4,4,1,0
ERL-73BE05AAF43FE9D4,TRN-3B2AE34B2E8AD65C,C,true,stage1_overlap,informative_non_extreme,0.5,0.5,4,4,2,0
ERL-45C0D77043477B0D,TRN-C2529186CD6A029D,C,true,stage1_overlap,informative_non_extreme,0.25,0.25,4,4,1,0
ERL-028CE0E4053FD84F,TRN-2DC62F578FB67AD3,C,true,stage1_overlap,informative_non_extreme,0.75,0.75,4,4,3,0
ERL-8210E0074BEC5A4E,TRN-4127B5B2BE00B680,C,true,stage1_overlap,informative_non_extreme,0.25,0.25,4,4,1,0
ERL-5CDDD7A0458CFA1D,TRN-2AB1E31972BB75FA,C,true,stage1_overlap,informative_non_extreme,0.5,0.5,4,4,2,0
ERL-CAF8C727C2BEC45A,TRN-90DCC25CB15B3D2D,C,true,unseen_probe,informative_non_extreme,0.75,0.75,4,4,3,0
ERL-B2F845E73D518E36,TRN-88A69BE4EAE5176B,C,true,stage1_overlap,informative_non_extreme,0.5,0.5,4,4,2,0
ERL-D60643F57F95EBBB,TRN-8F99C0A7426E9B3D,C,true,stage1_overlap,informative_non_extreme,0.75,0.75,4,4,3,0
ERL-253878FD6DA71E7F,TRN-C1D1C8987D7AEDC7,C,true,stage1_overlap,informative_non_extreme,0.75,0.75,4,4,3,0
ERL-274756C53115CB94,TRN-ACFCDB643EC34E7D,C,true,stage1_overlap,informative_non_extreme,0.75,0.75,4,4,3,0
ERL-06889579CA5C9AA8,TRN-99447BEAF32B6BF7,C,true,unseen_probe,informative_non_extreme,0.75,0.75,4,4,3,0
ERL-FA799A58C73B9E94,TRN-80F3BCDF8C08A510,C,true,stage1_overlap,informative_non_extreme,0.5,0.5,4,4,2,0
ERL-327ACC9B9298EFB5,TRN-CBEFC6DDA2EE86DC,C,true,unseen_probe,informative_non_extreme,0.5,0.5,4,4,2,0
ERL-3EA3AC29695FD54D,TRN-3FC66525F2E45E78,C,true,stage1_overlap,informative_non_extreme,0.75,0.75,4,4,3,0
ERL-558A1966D74A82EE,TRN-68D62F6467571EC5,C,true,stage1_overlap,recoverable_zero,0.0,0.0,4,4,0,0
ERL-BE827671D051CFC3,TRN-5C5344EBCA899440,C,true,stage1_overlap,informative_non_extreme,0.75,0.75,4,4,3,0
ERL-2C726E74DDF90943,TRN-BCB57CD4D254B2B3,C,true,unseen_probe,informative_non_extreme,0.5,0.5,4,4,2,0
ERL-2D42D3B7CDFD2260,TRN-C29DAD3E897ED275,C,true,stage1_overlap,informative_non_extreme,0.75,0.75,4,4,3,0
ERL-0988A1A6CD5C2CA5,TRN-4D08EC403CA1F4DC,C,true,stage1_overlap,informative_non_extreme,0.25,0.25,4,4,1,0
ERL-B021262C5060A43F,TRN-09FDD668C9ACF73C,C,true,unseen_probe,informative_non_extreme,0.75,0.75,4,4,3,0
ERL-76A3BEADBCBC1917,TRN-3FFBF4BED7991A6C,C,true,stage1_overlap,informative_non_extreme,0.25,0.25,4,4,1,0
ERL-5C28104820988162,TRN-7F90DAE727711CFA,C,true,stage1_overlap,recoverable_zero,0.0,0.0,4,4,0,0
ERL-C7180DFD676745AB,TRN-5DD8BEDC5F0F98F5,C,true,stage1_overlap,recoverable_zero,0.0,0.0,4,4,0,0
ERL-3E9A9660B7AC2DF8,TRN-5DDA197CA515F40D,C,true,stage1_overlap,informative_non_extreme,0.5,0.5,4,4,2,0
ERL-C1DFA77B4B148473,TRN-1EBC833515C4D042,C,true,unseen_probe,informative_non_extreme,0.25,0.25,4,4,1,0
ERL-1ADEC9558D4FDDF9,TRN-F997660794CEF6C4,C,true,stage1_overlap,informative_non_extreme,0.75,0.75,4,4,3,0
ERL-987A2A7F274AFCF9,TRN-F9CFE81799DE71CB,C,true,stage1_overlap,recoverable_zero,0.0,0.0,4,4,0,0
ERL-35A3AB24DDCABCD6,TRN-1839BB9CF31B9435,C,true,stage1_overlap,informative_non_extreme,0.5,0.5,4,4,2,0
ERL-9E691A043FA7C018,TRN-D1C06EABFBB7ACDC,C,true,stage1_overlap,recoverable_zero,0.0,0.0,4,4,0,0
ERL-C035D8D1C91D1464,TRN-528B7EE0575CB1BB,C,true,unseen_probe,informative_non_extreme,0.75,0.75,4,4,3,0
ERL-187C45BD5CE865C0,TRN-3C733FE5DBDF1849,C,true,stage1_overlap,informative_non_extreme,0.5,0.5,4,4,2,0
ERL-5DE9AF510F0D98C8,TRN-D5C92E1BBC76E41B,C,true,stage1_overlap,recoverable_zero,0.0,0.0,4,4,0,0
ERL-4BBA9C829AE40DAA,TRN-36FFFAA3D9FDFC7D,C,true,stage1_overlap,informative_non_extreme,0.5,0.5,4,4,2,0
ERL-ACE810DA482765AA,TRN-B6974FF9FE6756F4,C,true,stage1_overlap,recoverable_zero,0.0,0.0,4,4,0,0
ERL-BCF36B433ED306F4,TRN-178E68CBB972D903,C,true,stage1_overlap,informative_non_extreme,0.75,0.75,4,4,3,0
ERL-7AEB847DAA1FFE42,TRN-3C181CFD6F086D1C,C,true,unseen_probe,informative_non_extreme,0.25,0.25,4,4,1,0
ERL-A9CD6F8B43402B80,TRN-E6FF93F69ECD46AC,C,true,stage1_overlap,informative_non_extreme,0.5,0.5,4,4,2,0
ERL-670D5C75D0B9FB49,TRN-77B9EC11B7751252,C,true,stage1_overlap,informative_non_extreme,0.5,0.5,4,4,2,0
ERL-281089668DFDA7BF,TRN-C64FC445BC6A0C12,C,true,unseen_probe,informative_non_extreme,0.25,0.25,4,4,1,0
ERL-00E7F1733AC29152,TRN-F50C3B2788432DB9,C,true,stage1_overlap,recoverable_zero,0.0,0.0,4,4,0,0
ERL-87238A2560FCDE4F,TRN-1832F6344E6909C8,C,true,stage1_overlap,informative_non_extreme,0.25,0.25,4,4,1,0
ERL-5CC21BFD55149440,TRN-4D56B5972084E635,C,true,stage1_overlap,recoverable_zero,0.0,0.0,4,4,0,0
ERL-6DE68B7C7A0BECCC,TRN-8D46B580026E2502,C,true,stage1_overlap,informative_non_extreme,0.75,0.75,4,4,3,0
ERL-D1502C250B6637F1,TRN-78048878B82562B7,C,true,stage1_overlap,informative_non_extreme,0.5,0.5,4,4,2,0
ERL-1856C9F75D5D01AA,TRN-0851A8C7250267EF,C,true,stage1_overlap,informative_non_extreme,0.5,0.5,4,4,2,0
ERL-B0C00ACD15149F31,TRN-9900A6177ECF7A0C,C,true,stage1_overlap,informative_non_extreme,0.5,0.5,4,4,2,0
ERL-19536698B560F554,TRN-4CD80D6EC14C65D4,C,true,stage1_overlap,informative_non_extreme,0.75,0.75,4,4,3,0
ERL-34E75B15E50465EF,TRN-C5669B077F4048E9,C,true,stage1_overlap,recoverable_zero,0.0,0.0,4,4,0,0
ERL-48B63C4395F16F3A,TRN-E7686A9C760FB355,C,true,stage1_overlap,informative_non_extreme,0.25,0.25,4,4,1,0
ERL-6C850EC20A4F6CE1,TRN-1FF37F8A2E8CDB6F,C,true,stage1_overlap,informative_non_extreme,0.75,0.75,4,4,3,0
ERL-968E189EDD6ECB7F,TRN-159369C8989C4ACE,C,true,stage1_overlap,informative_non_extreme,0.5,0.5,4,4,2,0
ERL-C03FF7CDE56CE73C,TRN-D74C5B62FCB7AA91,C,true,stage1_overlap,informative_non_extreme,0.75,0.75,4,4,3,0
ERL-997B026DDC008560,TRN-DCBDE013BAE4F602,C,true,unseen_probe,informative_non_extreme,0.25,0.25,4,4,1,0
ERL-C86F3097FF7C190B,TRN-E43B8C4B702661A2,C,true,stage1_overlap,recoverable_zero,0.0,0.0,4,4,0,0
ERL-A27628EE89BE1CC7,TRN-37A6E0BACEC22531,C,true,stage1_overlap,recoverable_zero,0.0,0.0,4,4,0,0
ERL-14A150D89C84D204,TRN-310D5A7819B06FFE,C,true,stage1_overlap,informative_non_extreme,0.5,0.5,4,4,2,0
ERL-81CC800F1C59F25C,TRN-8F12F5FA8F9BABEC,C,true,stage1_overlap,informative_non_extreme,0.5,0.5,4,4,2,0
ERL-C7038C9FA901C721,TRN-94FE2A7968D57BDC,C,true,stage1_overlap,recoverable_zero,0.0,0.0,4,4,0,0
ERL-7EF1E8CC15A43B7F,TRN-155E76DFA395F72C,C,true,stage1_overlap,informative_non_extreme,0.25,0.25,4,4,1,0
ERL-371A0038335B8F6E,TRN-9EF7B54C72074B22,C,true,stage1_overlap,recoverable_zero,0.0,0.0,4,4,0,0
ERL-3430C2C7BDF75953,TRN-BA18BCAFD79C5D99,C,true,stage1_overlap,informative_non_extreme,0.25,0.25,4,4,1,0
ERL-7944482CF2CFFEF4,TRN-7BAFEA5DEC2FFD54,C,true,stage1_overlap,informative_non_extreme,0.25,0.25,4,4,1,0
ERL-7F7D4D4D46ED06DE,TRN-364A39E5EE831009,C,true,unseen_probe,informative_non_extreme,0.75,0.75,4,4,3,0
ERL-EFF570E1229FBDEF,TRN-63FE7F30BB171711,C,true,stage1_overlap,informative_non_extreme,0.5,0.5,4,4,2,0
ERL-456C444F60D14FEA,TRN-CD753B18A906E545,C,true,stage1_overlap,informative_non_extreme,0.25,0.25,4,4,1,0
ERL-A8E0604C81FE7141,TRN-42DC71B3FF4E34A2,C,true,stage1_overlap,recoverable_zero,0.0,0.0,4,4,0,0
ERL-4CDA5FCFF2D67067,TRN-3C493E37721B5EE5,C,true,stage1_overlap,recoverable_zero,0.0,0.0,4,4,0,0
ERL-D638713739B71019,TRN-4FBEB67B89E1C3C2,C,true,unseen_probe,informative_non_extreme,0.25,0.25,4,4,1,0
ERL-7F31FD5CCB1FA8D7,TRN-73652BD66DB3653D,C,true,stage1_overlap,informative_non_extreme,0.25,0.25,4,4,1,0
ERL-CEA92BFE9382956C,TRN-30C3C7913036A1A8,C,true,stage1_overlap,recoverable_zero,0.0,0.0,4,4,0,0
ERL-A049C1679FA1E0FD,TRN-63DABD1568D76364,C,true,stage1_overlap,informative_non_extreme,0.5,0.5,4,4,2,0
ERL-A70C76CDEFB1796E,TRN-44ACD1726688D041,C,true,unseen_probe,informative_non_extreme,0.25,0.25,4,4,1,0
ERL-A6BCCFBDC39A99E2,TRN-1DF47BDF644E8D3A,C,true,stage1_overlap,informative_non_extreme,0.25,0.25,4,4,1,0
ERL-C12C434C536CA28B,TRN-6F4CD0BBF4E0A1B5,C,true,stage1_overlap,informative_non_extreme,0.75,0.75,4,4,3,0
ERL-95D314291730A82B,TRN-11A94204CE1010F7,C,true,unseen_probe,informative_non_extreme,0.25,0.25,4,4,1,0
ERL-E60CE506F86924C1,TRN-3232DF694F94DC5C,C,true,stage1_overlap,informative_non_extreme,0.5,0.5,4,4,2,0
ERL-BF8B673343AA4F5D,TRN-549881F46D3BECED,C,true,stage1_overlap,informative_non_extreme,0.25,0.25,4,4,1,0
ERL-A9823B80DE2A5739,TRN-B9A92DA46CF8ABDF,C,true,stage1_overlap,recoverable_zero,0.0,0.0,4,4,0,0
ERL-4D8DE342A82A3DA8,TRN-7C8F11E4D539076D,C,true,stage1_overlap,recoverable_zero,0.0,0.0,4,4,0,0
ERL-B0722A1E0CC33A8D,TRN-555D91AF86F11013,C,true,stage1_overlap,recoverable_zero,0.0,0.0,4,4,0,0
ERL-3BF4863B8E1DC62B,TRN-7BA89A851AEDA780,C,true,stage1_overlap,recoverable_zero,0.0,0.0,4,4,0,0
ERL-CC8AFE6971ACE94F,TRN-4C406CEA37A4EFB3,C,true,stage1_overlap,informative_non_extreme,0.75,0.75,4,4,3,0
ERL-C20E4EE889F96B5E,TRN-44119F6D82C573A1,C,true,unseen_probe,recoverable_zero,0.0,0.0,4,4,0,0
ERL-9E4402592E333DAB,TRN-8B533E6CE50EF032,C,true,stage1_overlap,recoverable_zero,0.0,0.0,4,4,0,0
ERL-4407CCB4669E50E2,TRN-CA848355569EDC70,C,true,unseen_probe,recoverable_zero,0.0,0.0,4,4,0,0
ERL-994FBA8FEA1EE84A,TRN-5C0861529237DF3E,C,true,stage1_overlap,informative_non_extreme,0.25,0.25,4,4,1,0
ERL-A13B039E82894A97,TRN-060C3C7491D6F43E,C,true,stage1_overlap,informative_non_extreme,0.75,0.75,4,4,3,0
ERL-1B9D9BE75A4A8DF0,TRN-B01636449D216381,C,true,stage1_overlap,recoverable_zero,0.0,0.0,4,4,0,0
ERL-168F4BDBEB44CA75,TRN-8C8B795AD04EEE30,C,true,stage1_overlap,informative_non_extreme,0.5,0.5,4,4,2,0
ERL-7D662635C0C939A7,TRN-E1CE4A5C8C2EC405,C,true,stage1_overlap,recoverable_zero,0.0,0.0,4,4,0,0
ERL-AD30D10FB6DEBEE3,TRN-EDD70B0F27246A86,C,true,stage1_overlap,informative_non_extreme,0.25,0.25,4,4,1,0
ERL-9065F745FDBB7F0B,TRN-3E42A207B8CEA640,C,true,stage1_overlap,informative_non_extreme,0.5,0.5,4,4,2,0
ERL-07CB6B2158FC6537,TRN-3E7F707AB2CF8590,C,true,unseen_probe,informative_non_extreme,0.75,0.75,4,4,3,0
ERL-5A5C9B5E979A7B64,TRN-195B88BF4CF8EED9,C,true,stage1_overlap,informative_non_extreme,0.75,0.75,4,4,3,0
ERL-4A9AD3169045C9DA,TRN-46A197B52805BAF2,C,true,stage1_overlap,recoverable_zero,0.0,0.0,4,4,0,0
ERL-C0437E1C9622EEFB,TRN-9468C90DEC1B3A79,C,true,stage1_overlap,informative_non_extreme,0.5,0.5,4,4,2,0
ERL-BAB8407ADA603E2A,TRN-9FF0B59B967A7532,C,true,stage1_overlap,informative_non_extreme,0.75,0.75,4,4,3,0
ERL-E86B2D60180CDE4D,TRN-4B4D1D8A55CE530B,C,true,stage1_overlap,informative_non_extreme,0.25,0.25,4,4,1,0
ERL-5D6AE54B638DAC29,TRN-D54C9F92884C1D91,C,true,stage1_overlap,informative_non_extreme,0.25,0.25,4,4,1,0
ERL-B179E0CA64D507DB,TRN-7AACC85ABD00CC40,C,true,unseen_probe,informative_non_extreme,0.5,0.5,4,4,2,0
ERL-68296C635CDC07FB,TRN-8B78AF116D4C17C0,C,true,stage1_overlap,informative_non_extreme,0.25,0.25,4,4,1,0
ERL-022CA1AE96BCC146,TRN-ACA0ACF850346685,C,true,unseen_probe,informative_non_extreme,0.25,0.25,4,4,1,0
ERL-464B3242D0E4B7CE,TRN-D76AE57B96F3FCBA,C,true,stage1_overlap,informative_non_extreme,0.75,0.75,4,4,3,0
ERL-6EB0A60C33962E1D,TRN-7A79619B5190D57C,C,true,stage1_overlap,informative_non_extreme,0.75,0.75,4,4,3,0
ERL-CE058311E387894C,TRN-0C67434751A84FE3,C,true,stage1_overlap,informative_non_extreme,0.25,0.25,4,4,1,0
ERL-8D769AC026094688,TRN-5D388181B7F30B3B,C,true,unseen_probe,informative_non_extreme,0.5,0.5,4,4,2,0
ERL-7BA1DC7B036FAACB,TRN-10860A3C056D4F26,C,true,stage1_overlap,informative_non_extreme,0.5,0.5,4,4,2,0
ERL-276DE9176FE67B44,TRN-EDB9F6D41A2C7941,C,true,stage1_overlap,informative_non_extreme,0.75,0.75,4,4,3,0
ERL-AAEEB72AC59470BA,TRN-AD9DD7C050F0C1A1,C,true,unseen_probe,informative_non_extreme,0.25,0.25,4,4,1,0
ERL-72487410E462986A,TRN-8E9F723CF5E86570,C,true,stage1_overlap,informative_non_extreme,0.25,0.25,4,4,1,0
ERL-6F3FD0A46FCB773E,TRN-35998C8B627C10B1,C,true,stage1_overlap,recoverable_zero,0.0,0.0,4,4,0,0
ERL-FA8692A4744D0BB1,TRN-637B95CB22E2DEE9,C,true,stage1_overlap,informative_non_extreme,0.5,0.5,4,4,2,0
ERL-5A97C39CC0872E35,TRN-1E4F1BE45155B8A8,C,true,stage1_overlap,informative_non_extreme,0.25,0.25,4,4,1,0
ERL-F1EA259F8C88EAAF,TRN-2031B8ADA3954970,C,true,stage1_overlap,informative_non_extreme,0.75,0.75,4,4,3,0
ERL-C2E4B9CB06172F00,TRN-6E936E958CE308DB,C,true,stage1_overlap,informative_non_extreme,0.25,0.25,4,4,1,0
ERL-463068F08630D886,TRN-7189370A7664BFD8,C,true,stage1_overlap,informative_non_extreme,0.25,0.25,4,4,1,0
ERL-70E1AD61C21A69FB,TRN-C1682F288DFD5B5D,C,true,stage1_overlap,recoverable_zero,0.0,0.0,4,4,0,0
ERL-928AF1E3245A95ED,TRN-AE6011613D0E3C99,C,true,stage1_overlap,informative_non_extreme,0.25,0.25,4,4,1,0
ERL-6A19D7BC873D34A3,TRN-EE925236863045B4,C,true,stage1_overlap,informative_non_extreme,0.75,0.75,4,4,3,0
ERL-FE3C54DAE78390F7,TRN-D4601328E9E348C7,C,true,stage1_overlap,informative_non_extreme,0.25,0.25,4,4,1,0
ERL-51F66B9FE3D8AD7D,TRN-9EFD50BDBC96E01E,C,true,unseen_probe,informative_non_extreme,0.75,0.75,4,4,3,0
ERL-E086D75AA6A9FF61,TRN-AB63379F7A64F4D0,C,true,unseen_probe,informative_non_extreme,0.5,0.5,4,4,2,0
ERL-4075A357269BAA69,TRN-4F413769E9AC2C2F,C,true,stage1_overlap,informative_non_extreme,0.75,0.75,4,4,3,0
ERL-C647B474AEA1CBDD,TRN-6E3964E9F99381A8,C,true,stage1_overlap,recoverable_zero,0.0,0.0,4,4,0,0
ERL-4907C0111781A92D,TRN-6B9B1CBC13D77312,C,true,stage1_overlap,informative_non_extreme,0.5,0.5,4,4,2,0
ERL-4CBBDF50C27AAD69,TRN-8E5230ADA844A4FF,C,true,stage1_overlap,informative_non_extreme,0.75,0.75,4,4,3,0
ERL-01455E3CF5D42D55,TRN-43910A01B497A9C9,C,true,stage1_overlap,informative_non_extreme,0.25,0.25,4,4,1,0
ERL-F585BD21D0750D1C,TRN-3831829205A7E1AB,C,true,stage1_overlap,informative_non_extreme,0.75,0.75,4,4,3,0
ERL-6F6F45DB9F33362C,TRN-1E8FA20195040964,C,true,stage1_overlap,informative_non_extreme,0.75,0.75,4,4,3,0
ERL-F337147CD58F74A0,TRN-4D3DD25E8E38BC8C,C,true,stage1_overlap,recoverable_zero,0.0,0.0,4,4,0,0
ERL-D35CADC1837B3E53,TRN-78A80299F86DCD2A,C,true,stage1_overlap,informative_non_extreme,0.5,0.5,4,4,2,0
ERL-649049D9A40F6DBC,TRN-0BBB9660D3F03F02,C,true,unseen_probe,informative_non_extreme,0.5,0.5,4,4,2,0
ERL-A88B9120684DF9BC,TRN-7B0B2873B62434B8,C,true,stage1_overlap,recoverable_zero,0.0,0.0,4,4,0,0
ERL-C3B762BCF2A6EE43,TRN-2B4614762B80CA0E,C,true,stage1_overlap,recoverable_zero,0.0,0.0,4,4,0,0
ERL-377D4E2E5338D647,TRN-ABE588569E7F7C0A,C,true,unseen_probe,informative_non_extreme,0.5,0.5,4,4,2,0
ERL-DCBC4C6843294507,TRN-870F68D0140147F0,C,true,unseen_probe,informative_non_extreme,0.5,0.5,4,4,2,0
ERL-00C671209BE43A5E,TRN-783644D951E8DA91,C,true,stage1_overlap,informative_non_extreme,0.5,0.5,4,4,2,0
ERL-80473B75E0951FFE,TRN-B68D5E6A5F416650,C,true,stage1_overlap,informative_non_extreme,0.5,0.5,4,4,2,0
ERL-C7CD7099F213F6BF,TRN-56A56BFF5C53DE59,C,true,stage1_overlap,informative_non_extreme,0.5,0.5,4,4,2,0
ERL-A04C08530CB5462A,TRN-A404227044A094A7,C,true,stage1_overlap,informative_non_extreme,0.75,0.75,4,4,3,0
ERL-0B1214E03659BAC4,TRN-D02ABA69E6D7C28F,C,true,stage1_overlap,informative_non_extreme,0.5,0.5,4,4,2,0
ERL-D12D2631A7C6455E,TRN-CBA37779F907FF30,C,true,stage1_overlap,recoverable_zero,0.0,0.0,4,4,0,0
ERL-B836160FD108B60B,TRN-AD0298D418A48D43,C,true,stage1_overlap,informative_non_extreme,0.5,0.6666666666666666,4,3,2,1
ERL-EE46636F73EB9F05,TRN-9EA8A495A0F22540,C,true,stage1_overlap,recoverable_zero,0.0,0.0,4,4,0,0
ERL-10D48939C7A67DEE,TRN-E4C6B1795B6FF1CE,C,true,stage1_overlap,recoverable_zero,0.0,0.0,4,4,0,0
ERL-01AA98F737B2995F,TRN-6E2E33F1F9C45D26,C,true,stage1_overlap,recoverable_zero,0.0,0.0,4,4,0,0
ERL-5EC027071EAEBC27,TRN-FB55116F4C299D95,C,true,stage1_overlap,informative_non_extreme,0.75,0.75,4,4,3,0
ERL-12136F933DD751D7,TRN-A880CC5478B77C50,C,true,stage1_overlap,informative_non_extreme,0.25,0.25,4,4,1,0
ERL-3EF0F86FC4E55A48,TRN-53DAADA337576F8A,C,true,stage1_overlap,informative_non_extreme,0.5,0.5,4,4,2,0
ERL-1B73C0089965FC69,TRN-67E915519BAAA8BB,C,true,stage1_overlap,informative_non_extreme,0.5,0.5,4,4,2,0
ERL-1A27AFC2D62CAFE7,TRN-EBEB5D559B9AA5A5,C,true,stage1_overlap,recoverable_zero,0.0,0.0,4,4,0,0
ERL-1989A3734E919829,TRN-D4396F48CB4BABC9,C,true,stage1_overlap,informative_non_extreme,0.25,0.25,4,4,1,0
ERL-D303665132D06D2C,TRN-275E15B41BF210B0,C,true,stage1_overlap,informative_non_extreme,0.75,0.75,4,4,3,0
ERL-1597D1107F7A6E3C,TRN-91D27DD4F5ABFCA2,C,true,stage1_overlap,informative_non_extreme,0.75,0.75,4,4,3,0
ERL-DFBD9AC2C6B59355,TRN-3A1B54CB4307FC83,C,true,stage1_overlap,informative_non_extreme,0.75,0.75,4,4,3,0
ERL-C05FCA45ACCE7340,TRN-B468984B027C0F4F,C,true,stage1_overlap,recoverable_zero,0.0,0.0,4,4,0,0
ERL-9750CDFB1458823C,TRN-B9A13F2B4FFCF9F3,C,true,stage1_overlap,recoverable_zero,0.0,0.0,4,4,0,0
ERL-2F8BF9BE3711D511,TRN-1916B31E442EFDDD,C,true,stage1_overlap,recoverable_zero,0.0,0.0,4,4,0,0
ERL-B908D1CF29ABEC19,TRN-FDCD042979AF6E13,C,true,stage1_overlap,recoverable_zero,0.0,0.0,4,4,0,0
ERL-1D5C3EE05E6258B2,TRN-14D0320F8946D4D0,C,true,stage1_overlap,informative_non_extreme,0.25,0.25,4,4,1,0
ERL-62E9F9D40DBEB01D,TRN-216651349F274002,C,true,stage1_overlap,recoverable_zero,0.0,0.0,4,4,0,0
ERL-8B89FA63BAAB2C21,TRN-B45A4D74A1CB501C,C,true,stage1_overlap,informative_non_extreme,0.5,0.5,4,4,2,0
ERL-116CEADFA26221F4,TRN-33B66E9F49555DA4,C,true,stage1_overlap,informative_non_extreme,0.25,0.25,4,4,1,0
ERL-3E2A5B85B0DFF0E0,TRN-528A4D6D39E54A00,C,true,stage1_overlap,informative_non_extreme,0.75,0.75,4,4,3,0
ERL-18B4468DCCA76D8D,TRN-051B77C8B920CFBB,C,true,stage1_overlap,informative_non_extreme,0.75,0.75,4,4,3,0
ERL-E0BFF87A0ACD684D,TRN-61576D67857E3FFD,C,true,stage1_overlap,informative_non_extreme,0.5,0.5,4,4,2,0
ERL-101AA25971E7CEC2,TRN-A86A24CA603FD100,C,true,stage1_overlap,informative_non_extreme,0.75,0.75,4,4,3,0
ERL-3A765EAFEF17B177,TRN-7836847B8F9F3599,C,true,stage1_overlap,informative_non_extreme,0.25,0.25,4,4,1,0
ERL-3383220464FDCBC0,TRN-AD5C89980D17A174,C,true,stage1_overlap,informative_non_extreme,0.75,0.75,4,4,3,0
ERL-020E4D4BB87B2B44,TRN-FB8950E98373222A,C,true,stage1_overlap,informative_non_extreme,0.5,0.5,4,4,2,0
ERL-5304F718411D4551,TRN-AF63911B4475F8FE,C,true,stage1_overlap,informative_non_extreme,0.5,0.5,4,4,2,0
ERL-8132F4C7CD0D92FA,TRN-29E87D508A470842,C,true,stage1_overlap,informative_non_extreme,0.25,0.25,4,4,1,0
ERL-87B802A90CC75F75,TRN-1BDFEE838E4F2DA9,C,true,stage1_overlap,informative_non_extreme,0.5,0.5,4,4,2,0
ERL-A99030419F25A956,TRN-71F7906758EE6DCA,C,true,stage1_overlap,informative_non_extreme,0.5,0.5,4,4,2,0
ERL-29745958AB1788E3,TRN-C70DC68EF6D50403,C,true,stage1_overlap,informative_non_extreme,0.5,0.5,4,4,2,0
ERL-305AEAB5D2418E1B,TRN-05D7CF6F2328079C,C,true,unseen_probe,informative_non_extreme,0.5,0.5,4,4,2,0
ERL-B81A627828CD2138,TRN-A960F11794E52B3B,C,true,stage1_overlap,informative_non_extreme,0.25,0.25,4,4,1,0
ERL-FB6C0F9F3C5CFEE9,TRN-ACAEF9146825296B,C,true,stage1_overlap,informative_non_extreme,0.25,0.25,4,4,1,0
ERL-B88E76F7BCB6A865,TRN-53038F69DF0E4A53,C,true,stage1_overlap,informative_non_extreme,0.75,0.75,4,4,3,0
ERL-9DA697CC7274F6E8,TRN-27D125019698B4AA,C,true,stage1_overlap,informative_non_extreme,0.75,0.75,4,4,3,0
ERL-BD393A5F7FB7411F,TRN-03A40B134B795BB5,C,true,stage1_overlap,informative_non_extreme,0.25,0.25,4,4,1,0
ERL-0C40D933059033B0,TRN-8760A7BE6B809CC4,C,true,stage1_overlap,informative_non_extreme,0.5,0.5,4,4,2,0
ERL-CB960D801ADABE40,TRN-3233AE284686843A,C,true,stage1_overlap,recoverable_zero,0.0,0.0,4,4,0,0
ERL-AA1DB357905BAE85,TRN-FD4CD26B88AE6463,C,true,unseen_probe,informative_non_extreme,0.75,0.75,4,4,3,0
ERL-E3FB38A9E5DF6D17,TRN-D171F5FEFD0A1ED1,C,true,unseen_probe,informative_non_extreme,0.75,0.75,4,4,3,0
ERL-4A92CCF8AA1A390D,TRN-3969BA7C0C3110C4,C,true,stage1_overlap,recoverable_zero,0.0,0.0,4,4,0,0
ERL-3FCF8F4055CFE482,TRN-E74A0609F493B491,C,true,stage1_overlap,informative_non_extreme,0.75,0.75,4,4,3,0
ERL-435B4B840BDE6F6D,TRN-E979ACC89206B6DA,C,true,stage1_overlap,informative_non_extreme,0.5,0.5,4,4,2,0
ERL-FEF2917DFFDF2F73,TRN-0D59940EC8DC3EDD,C,true,stage1_overlap,informative_non_extreme,0.75,0.75,4,4,3,0
ERL-E4F83E599357EC40,TRN-2A918F2EF474B33F,C,true,unseen_probe,informative_non_extreme,0.75,0.75,4,4,3,0
ERL-A7838854A1A032D5,TRN-47638725E89CEC2F,C,true,stage1_overlap,informative_non_extreme,0.25,0.25,4,4,1,0
ERL-75187BAF1F2F5CEF,TRN-60DEAFE0C1A0F8AD,C,true,stage1_overlap,informative_non_extreme,0.25,0.25,4,4,1,0
ERL-2FD7AF048B349AD4,TRN-39DF9875526C28AF,C,true,stage1_overlap,recoverable_zero,0.0,0.0,4,4,0,0
ERL-8A30CBF60D84436F,TRN-0BBC87CA753D8244,C,true,stage1_overlap,recoverable_zero,0.0,0.0,4,4,0,0
ERL-3953CA1359433659,TRN-C0B72496EAA6F928,C,true,stage1_overlap,informative_non_extreme,0.75,0.75,4,4,3,0
ERL-ECA86FE50C11DF0F,TRN-9F225FFFA5440443,C,true,stage1_overlap,informative_non_extreme,0.75,0.75,4,4,3,0
ERL-F7ECEA4400BF5BFC,TRN-99D6708683DC46AF,C,true,stage1_overlap,informative_non_extreme,0.25,0.25,4,4,1,0
ERL-B636B988E174B716,TRN-6138B7DA2508AF33,C,true,stage1_overlap,informative_non_extreme,0.5,0.5,4,4,2,0
ERL-63EBDC262ABFAA75,TRN-4FA665CD78EAC93E,C,true,stage1_overlap,informative_non_extreme,0.75,0.75,4,4,3,0
ERL-5CB44E73AD7AECE6,TRN-3BD94B266D78B7D8,C,true,stage1_overlap,informative_non_extreme,0.75,0.75,4,4,3,0
ERL-B31B294D51D02A4B,TRN-B004296BA231EFE4,C,true,stage1_overlap,informative_non_extreme,0.75,0.75,4,4,3,0
ERL-240688B14A201B60,TRN-749B53798EEB32CB,C,true,unseen_probe,informative_non_extreme,0.25,0.25,4,4,1,0
ERL-CC537C1C3F2DA5A9,TRN-00609AE00BF09232,C,true,stage1_overlap,informative_non_extreme,0.5,0.5,4,4,2,0
ERL-26F037C10A44B087,TRN-98E48C0793EB614F,C,true,unseen_probe,informative_non_extreme,0.25,0.25,4,4,1,0
ERL-57288F5EBA183F28,TRN-6E473343F60FC68D,C,true,stage1_overlap,recoverable_zero,0.0,0.0,4,4,0,0
ERL-A65B329036F6D5C5,TRN-8F4D7F8F0CF2E2FE,C,true,stage1_overlap,informative_non_extreme,0.25,0.25,4,4,1,0
ERL-815EED87C1416C85,TRN-47024C71B9D6C765,C,true,stage1_overlap,informative_non_extreme,0.25,0.25,4,4,1,0
ERL-E7F8EFA065DB14D2,TRN-9F3A6938C3B71246,C,true,stage1_overlap,informative_non_extreme,0.25,0.25,4,4,1,0
ERL-7E259D207CC2E3CA,TRN-B1EAE1CB85886097,C,true,stage1_overlap,informative_non_extreme,0.5,0.5,4,4,2,0
ERL-E7FD7A9DDC17EA96,TRN-10309C8F15C4C9B6,C,true,stage1_overlap,informative_non_extreme,0.75,0.75,4,4,3,0
ERL-980C911E79C63804,TRN-08F816FAD6E65749,C,true,unseen_probe,informative_non_extreme,0.25,0.25,4,4,1,0
ERL-9AC52316B8D23A39,TRN-D50986189E944B6E,C,true,stage1_overlap,informative_non_extreme,0.25,0.25,4,4,1,0
ERL-E506D554AFBBCBF5,TRN-6B534639581CF0E2,C,true,stage1_overlap,informative_non_extreme,0.25,0.25,4,4,1,0
ERL-D509C1AD76019B67,TRN-E5A7C0ED8C61430A,C,true,stage1_overlap,informative_non_extreme,0.75,0.75,4,4,3,0
ERL-5361F1324B7C0DD6,TRN-906A3E48C6355675,C,true,stage1_overlap,informative_non_extreme,0.75,0.75,4,4,3,0
ERL-BC8AD9B12CB21636,TRN-E7A7EBF2D8F14850,C,true,stage1_overlap,informative_non_extreme,0.75,0.75,4,4,3,0
ERL-7638CB8492232D17,TRN-8D4F3395B2E9C499,C,true,stage1_overlap,informative_non_extreme,0.75,0.75,4,4,3,0
ERL-FC824BA06B656485,TRN-4B9500176BDCE72A,C,true,stage1_overlap,informative_non_extreme,0.5,0.5,4,4,2,0
ERL-DB735F10FE1E4FC2,TRN-5010047612266453,C,true,stage1_overlap,informative_non_extreme,0.75,0.75,4,4,3,0
ERL-B8BEE3DC0EEC4E61,TRN-1B2B86CA31A64E97,C,true,stage1_overlap,informative_non_extreme,0.75,0.75,4,4,3,0
ERL-A70F4873D352CB02,TRN-EAEC85A136EA13FF,C,true,stage1_overlap,recoverable_zero,0.0,0.0,4,4,0,0
ERL-EB050698F06D1F16,TRN-149D67A698E4C2F8,C,true,unseen_probe,informative_non_extreme,0.5,0.5,4,4,2,0
ERL-74387703348C20F0,TRN-EFC20B0CE9EB733F,C,true,stage1_overlap,informative_non_extreme,0.75,0.75,4,4,3,0
ERL-E54980B5507E4BC1,TRN-A4E8A9408B3FFBEC,C,true,stage1_overlap,informative_non_extreme,0.75,0.75,4,4,3,0
ERL-2FD29270033747E6,TRN-6380F41E2AB8582C,C,true,stage1_overlap,informative_non_extreme,0.25,0.25,4,4,1,0
ERL-D758D93EB07BFE10,TRN-1E8D635B3C4DC62C,C,true,stage1_overlap,informative_non_extreme,0.5,0.5,4,4,2,0
ERL-A184D5747276C169,TRN-DC051760549482EA,C,true,stage1_overlap,recoverable_zero,0.0,0.0,4,4,0,0
ERL-298EE745766E6C79,TRN-D45EFA20598E60C2,C,true,stage1_overlap,informative_non_extreme,0.75,0.75,4,4,3,0
ERL-12E3A3B840DFA9D2,TRN-8E099ED7609BE9BB,C,true,stage1_overlap,informative_non_extreme,0.25,0.25,4,4,1,0
ERL-B06BDF06909CA947,TRN-0F8595F9C6E83B93,C,true,unseen_probe,informative_non_extreme,0.75,0.75,4,4,3,0
